id,acdc_rs1501299,ace_id,actn3_r577x,actn3_rs540874,actn3_rs1815739,actn3_1671064,ardb1_1801253,adrb2_1042713,adrb2_1042714,adrb2_rs1042718,adrb3_4994,agrp_5030980,akt1_t22932c,akt1_g15129a,akt1_g14803t,akt1_c10744t_c12886t,akt1_t10726c_t12868c,akt1_t10598a_t12740a,akt1_c9756a_c11898t,akt1_t8407g,akt1_a7699g,akt1_c6148t_c8290t,akt1_c6024t_c8166t,akt1_c5854t_c7996t,akt1_c832g_c3359g,akt1_g288c,akt1_g1780a_g363a,akt1_g2347t_g205t,akt1_g2375a_g233a,akt1_g4362c,akt1_c15676t,akt1_a15756t,akt1_g20703a,akt1_g22187a,akt1_a22889g,akt1_g23477a,akt2_7254617,akt2_rs892118,akt2_2304186,akt2_969531,ampd1_c34t,ankrd6_a550t,ankrd6_q122e,ankrd6_m485l,ankrd6_p636l,ankrd6_t233m,ankrd6_i128l,ankrd6_g197805a,ankrd6_a545t,ankrd6_k710x,apoe_c472t,b2b,bcl6_4686467,bcl6_3774298,bcl6_17797517,bcl6_1056932,bmp2_rs15705,bmp2_235768,c8orf68_rs6983944,carp_exon3_snp1,carp_exon3_snp2,carp.exon3_snp3,carp_exon5_snp1,carp_exon5_snp2,carp_exon6_ag,carp_exon8_ct,carp_3utr,carp_a8470g,carp_c105t,cast_rs754615,cast_rs7724759,cav2_q130e,cntf_g6a,cox5b_11904110,cox5b_17022045,ctsf_572846,ddit_rs1053227,esr1_rs1801132,esr1_rs1042717,esr1_rs2228480,esr1_rs2077647,esr1_rs9340799,esr1_rs2234693,esr2_1256112,esr2_3020450,fatso,fbox32_rs6690663,fbox32_rs3739287,fbox32_rs4871385,fbox32_rs2891770,fbox32_rs6983944,fst_722910,fst_1423560,fstl1_rs9631455,galntl1_rs8005903,gapd_7307229,gapd_7971637,gdf8_t55a,gdf8_1225t,gdf8_p198a,gdf8_e164k,gdf8_k153r,gdf8_rs1805086,gdf8_rs1805085,gnb3_rs5443,gs_s287nga,hsd11b1_rs4844880,hsd11b1_rs846910,hsd11b1_rs846907,hsd11b1_rs860185,hsd11b1_rs846911,hsd11b1_rs3753519,hsd11b1_rs846909,igf1_pro,igf1_2288377,igf1_t1245c,igf2_rs680,igf2_2230949,igf2_3213221,igf2_3213220,igf2_3213216,igfbp3_6670,igfbp3_2132570,il6_g572c,il6_c174g,il15ra_3136618,il15ra_2228059,il15_1057972,il15_1589241,il15_rs2296135,insig2_rs7566605,irs1_g972r,kchj11_rs5219,lep_2167270,lepr_1137100,lepr_1137101,lepr_8179183,lepr_1805096,lrp5_snp2,lrp5_snp3,lrp5_snp4,mgst3_4147542,mgst3_7549530,mlck_c49t,mlck_c37885a,mlck_g91689t,mulk_3757470,mylk_c37885a,mylk_g91689t,myod1_rs2249104,nnmt_g5082t,nos3_rs1799983,nr3c1_rs10482616,nr3c1_rs10482614,nr3c1_rs4634384,nr3c1_rs4582314,nr3c1_rs6195,opg_2073618,opg_3102735,p2rx2_6560891,p2rx2_7966242,p2ry2_2511241,p2ry2_rs1783596,pai1_4g5g,pcr13_snp1,pcr15_snp1,pcr15_snp2,pcr15_snp3,pcr15_snp4,pcr5_snp1,pcr5_snp2,pcr8_snp1,pgc1_g76039a,pgm1_2284998,pik3cg_4727666,pik3_rs3173908,ppara_1800206,ppara_135539,ppara_4252778,ppar_gp12a,pparg_c1a_rs8192678,prdx6_4382766,pygm_620006,rankl_17458177,rankl_17536280,rankl_17639305,rankl_4531631,resistin_c30t,resistin_c398t,resistin_g540a,resistin_c980g,resistin_c180g,resistin_a537c,rnf28_c16242t,rs302964,rs11630261,rs849409,runx_12526462,slc35f1_rs12110370,slc35f1_rs10484290,syngr2_c886t,tcfl72_12255372,tcfl72_7903146,tcfl72_rs12255372,tcfl72_rs7903146,tnfa_g308a,tnni1_2799672,tnni1_3738287,tpd52l1_3778458,tpd52l1_514096,tpd52l1_4896782,tdp52l1_9321028,tpd52l1_3799736,ucp2_ct,vdr_taq1,vdr_fok1,vdr_bsm1,vdr_rs731236,vim_6602186,visfatin_2041681,visfatin_6947766,visfatin_3801272,visfatin_10487820,visfatin_929604,visfatin_10953502,Status,Center,Term,Gender,Age,Race,Pre_NDRM_Max,Post_NDRM_Max,NDRM_DIFF,NDRM.CH,Pre_DRM_Max,Post_DRM_Max,DRM_DIFF,DRM.CH,Pre.weight,Pre.height,pre.BMI,SBP,DBP,Pre.HR,Pre_RBi_Avg,Pre_RTri_Avg,Pre_LBi_Avg,Pre_LTri_Avg,Dom.Arm,Post.weight,Post.Height,Calc.post.BMI,Post_RBi_Avg,PC1,PC2
FA-1801,CA,DD,CC,GG,CC,AA,,GA,CG,CC,TT,GG,TT,GG,GG,CC,TC,TT,CT,GT,AG,CT,CT,CT,CG,CG,GG,GT,GG,GA,TC,AT,GG,GA,AG,GA,GA,CT,GT,GA,,GG,CC,AA,CC,CC,GG,GA,GG,AA,,"-9, +9",AG,TT,TT,CT,AA,TA,TC,,,,,,,,,AG,CC,CG,AA,CC,GG,TT,CC,CC,TC,CG,GG,GG,GG,GG,CC,AA,GA,AT,CT,AA,GG,GG,AA,AT,GG,TT,CT,CC,CT,GG,,,,,AA,GG,CT,GG,AA,GG,AA,AA,CC,GG,GG,CC,TT,CC,CC,CC,CC,TT,GA,AA,CA,,,AG,,TA,CT,AA,GC,GG,CC,GA,,,GG,CC,GG,GG,AA,AA,CC,TT,,,CC,AA,GG,CC,GG,GG,GG,AA,CC,CC,AA,GG,TC,GG,AA,TT,TT,4G5G,AA,GG,CC,AA,GA,CC,GG,CC,,CC,AG,CC,CC,,,CC,GA,TT,GA,CT,CT,TC,GA,CC,CC,GG,GG,CC,AA,CC,,CC,TT,CC,TT,GG,CC,GT,CC,GT,CC,GG,CC,GA,CC,TT,CC,TT,AA,,CT,GG,GA,TC,TT,,,,,,,0.0,FA,02-1,Female,27.0,Caucasian,12.5,17.5,5.0,40.0,12.5,17.5,5.0,40.0,199.0,65.0,33.112,126.0,82.0,72.0,6.33,23.33,7.33,24.0,R,204.0,66.0,32.923,6.67,0.5050977096492809,-1.5581481285135435
FA-1802,CA,ID,CT,GA,TC,GA,,GA,CC,CA,TT,GG,TT,AA,TT,CC,CC,AA,CC,TT,GG,CC,CC,TT,CC,CG,GG,GG,GG,GG,CC,AT,GG,GA,AG,GA,GA,CT,GG,GA,,GG,CC,AA,CC,CC,GG,GA,GG,AA,,"-9, +9",AG,CT,TT,CT,AA,TT,CC,,,,,,,,,AG,CC,CG,AG,CC,GA,TT,CC,CT,TC,CG,GA,GA,AA,AA,TT,CC,GG,AT,CC,AG,CG,GG,AA,AT,GG,TT,CC,CC,CC,,,,,,AA,GG,CC,GG,AA,GG,AA,AA,CC,GG,GG,CC,TT,CC,TT,CC,GG,TT,GG,AA,CC,,,AG,CC,TA,CT,CA,GC,GG,CT,GA,,,GC,TC,GG,GA,AG,AA,CC,CC,,,TT,GG,GG,CC,GT,GT,GG,GG,TC,AC,AA,GC,TT,GG,AA,TT,CC,4G5G,AA,GG,CC,AA,GA,CC,GG,CC,,CC,AA,CC,CC,,,CC,GG,TT,GA,CT,CT,TT,GG,CC,TT,AA,CG,GG,AA,TT,,CT,TT,CT,GG,AG,CC,GT,TT,GT,TT,GG,CC,GG,AA,GG,CC,TT,AA,CC,CT,GG,GA,TC,TT,,,,,,,0.0,FA,02-1,Male,36.0,Caucasian,30.0,37.5,7.5,25.0,37.5,37.5,0.0,0.0,189.0,71.7,25.845,122.0,80.0,60.0,2.0,8.0,2.33,8.17,R,187.0,71.7,25.572,3.0,-2.230370070179832,0.15681190040012852
FA-1803,CA,ID,CT,GA,TC,GA,,GA,CG,CC,,GG,TT,AA,TT,CC,CC,AA,CC,TT,GG,CC,CC,TT,CC,GG,GG,GG,GG,GG,CC,TT,GG,GG,AA,GG,GG,CC,GT,GA,,GG,CC,AA,CC,CC,GG,GA,GG,AA,,"-9, +9",AG,TT,TT,TT,AC,TT,TT,,,,,,,,,AG,CT,GG,GG,CG,GA,TT,CC,CT,TT,CG,GG,GG,AG,AG,TC,AA,,AA,,AA,GG,GG,AA,AT,GG,TT,CC,CC,CC,,,,,,AA,GG,CT,GG,AA,GG,AA,AA,CC,GG,GG,CT,TT,TC,CT,CC,CG,TT,GA,AT,CC,,,AA,CC,AA,CC,CA,GC,GC,CT,GG,,,GG,TC,GG,GG,AA,GA,CC,CC,,,,GG,GG,CC,GT,GG,GA,GG,TT,AA,AA,GG,TT,AG,AA,TT,TT,4G4G,AA,GG,CC,AA,GA,CC,GG,CC,,CC,AA,CT,CC,,,CC,GA,TT,AA,CC,CC,TC,,CC,CC,GG,CG,CC,AA,CC,,CC,TT,CC,GG,AA,CC,GG,CC,GG,CC,GG,CC,GA,AA,GT,CC,TT,AA,TT,CT,GA,GA,TC,TT,,,,,,,0.0,FA,02-1,Female,24.0,Caucasian,12.5,17.5,5.0,40.0,15.0,15.0,0.0,0.0,134.0,65.0,22.296,118.0,78.0,72.0,4.17,15.0,5.0,16.0,R,132.0,65.0,21.964,4.33,-1.8551514770567967,-1.5731173331170047
FA-1804,CC,DD,CT,GA,TC,GA,,AA,CC,CC,TT,GG,TT,AG,GT,CC,TC,TA,CC,GT,AG,CT,CC,TT,CG,GG,GG,GG,GG,GA,CC,TT,GA,GG,AA,GG,GG,CC,TT,GG,,GG,CC,AA,CC,CC,GG,GG,GG,AA,CC,"-9, +9",AG,TT,TC,CT,AA,,TT,GG,CC,GG,TT,CC,AA,CC,GA,AG,CT,CG,GG,CC,GG,TC,CG,CT,TC,CC,GG,GA,AG,AA,TC,AC,GA,,CT,AG,CG,GG,AA,TT,GG,TT,CC,CC,CT,GG,TT,CC,GG,AA,AA,GG,CT,GG,AA,GG,AA,AA,CC,GG,GG,CT,TT,TC,CT,CC,CG,TT,GA,AA,CA,GG,GG,GG,AA,TA,CT,AA,CC,GG,CC,GG,,,GC,TT,GG,GG,AA,GG,CG,CT,CC,GG,CT,AG,GG,CC,GG,GT,GG,GG,TT,AA,AA,GC,TT,AA,GG,TT,TC,5G5G,AA,GG,CC,AA,GG,CC,GG,CC,GG,CC,AG,CC,CC,,,CG,GG,TT,AA,TT,TT,TT,GG,CC,CC,GA,CG,CG,AA,CC,,TT,TT,CT,GG,AA,CC,GG,CC,GG,CC,GA,CC,AA,AC,GT,CC,TT,AA,CT,TT,AA,GG,TT,TT,,,,,,,0.0,FA,02-1,Female,40.0,Caucasian,10.0,22.5,12.5,125.0,12.5,12.5,0.0,0.0,171.0,68.0,25.998,126.0,80.0,84.0,4.67,14.67,7.67,18.0,R,159.0,68.0,24.173,4.0,0.19606298520287685,-5.184950891159562
FA-1805,CA,ID,CC,GG,CC,AA,,GA,CG,CC,TT,GA,TT,AG,GT,CC,TC,TA,CC,TT,AG,CT,CC,TT,CG,CG,GG,GG,GG,GA,CC,AT,GA,GA,AG,GA,GG,CC,GT,GA,,GG,CC,AA,CC,CT,GG,GG,GG,AA,,"-9, -9",AG,TT,TT,TT,AA,TA,TC,,,,,,,,,AG,CT,CG,AG,CC,GG,TT,CC,CC,CC,CG,GG,GG,AA,AA,TT,CC,GG,AA,CT,AA,CG,GG,AA,AA,GG,TT,CC,CC,CT,,,,,,AA,GG,TT,GG,AA,GG,AA,AA,CC,,GG,CC,TT,CC,CT,CC,CG,TT,GG,AA,CA,,,AG,AC,TT,CC,CA,GG,GG,CC,GG,,,GG,CC,GG,GG,AA,GA,CC,CC,,,CT,GG,GG,CC,GT,GG,GA,GG,TC,AC,AA,GG,CC,AG,AG,TC,TT,4G5G,AA,GG,CC,AA,GG,CC,GG,CT,,CC,AA,CT,GG,,,CC,GG,TT,AA,CT,CT,TT,GG,CT,CC,GG,CC,CC,AA,TT,,CC,TT,CC,GG,AA,CC,GT,TC,GT,CT,GA,,,AA,GT,CC,GT,AG,TT,CT,GG,GA,TC,TT,,,,,,,0.0,FA,02-1,Female,32.0,Caucasian,12.5,17.5,5.0,40.0,12.5,15.0,2.5,20.0,118.0,61.0,22.293,130.0,88.0,66.0,4.0,19.17,3.0,19.0,R,120.0,61.5,22.304,6.0,0.8108072959770002,-3.5281336166085264
FA-1806,CC,ID,CT,GA,TC,GA,,GA,CG,CC,TC,GG,TT,AG,,CC,CC,TA,CT,TT,GG,,CT,,,,,GT,GA,GG,,,,GA,,,GG,CC,GT,GA,,GG,CC,AA,CC,CC,GG,GA,GG,AA,CC,"-9, +9",GG,TT,TC,CT,AC,,TT,GG,CC,GG,TT,CC,AA,CC,GG,AG,CT,CG,GG,CC,GG,TT,,CT,TC,CC,GG,GG,GG,AG,TC,AC,GG,,CT,AA,CG,GG,AA,TT,GG,CC,,CC,CT,GG,TT,CC,GG,AA,AA,GG,CT,GG,AA,GG,,AA,CC,GG,GG,TT,TA,TT,CC,CC,CC,TT,GA,AT,CA,GG,CC,AG,,,CC,CA,GC,GG,CC,GG,,,GC,TT,GG,GG,AA,,CC,CT,CA,GG,CT,AG,GT,CC,GG,GG,GA,AA,TC,AC,AA,GG,CC,AG,AG,TT,CC,5G5G,AA,GG,CC,AA,GA,CC,GG,CC,AA,CT,AG,CT,CC,,,CC,AA,CC,AA,CT,CT,TT,GG,CC,CC,GG,CG,CC,AA,CT,,CC,TT,CC,,,TT,GT,TT,GT,TT,GG,,,AA,GT,CC,TT,AA,TT,CT,AA,GA,TC,TT,,,,,,,0.0,FA,02-1,Female,24.0,Hispanic,10.0,17.5,7.5,75.0,12.5,12.5,0.0,0.0,120.0,62.2,21.805,118.0,80.0,74.0,3.0,12.67,4.0,12.67,R,119.0,63.0,21.078,2.0,-3.182810480065911,1.714304271272974
FA-1807,CC,II,TT,AA,TT,GG,,GA,CG,CC,TT,GG,TT,GG,GG,CC,CC,TT,CT,TT,GG,CC,TT,CT,CC,CG,GG,TT,GG,GG,TC,AT,GG,GA,AG,GA,,CT,GG,GG,,GG,CC,AA,CT,CC,AG,GG,GG,AA,,"-9, -9",AG,CT,TC,TT,AA,TT,TT,,,,,,,,,GG,CC,GG,GG,CC,GG,TT,CC,TT,TT,CC,GG,GG,AA,AA,TT,AC,GG,AT,CT,AA,GG,GA,AT,AA,GG,TC,CC,CC,CC,,,,,,AA,GG,CT,GG,TA,GG,AA,AA,CC,GG,GG,CC,TT,CC,CC,CC,CG,TC,,AA,AA,,,AG,AC,TA,CT,CA,GG,GG,CT,GG,,,GG,CC,GG,GA,AG,GA,CG,CC,,,TT,AG,GG,CT,TT,GT,GG,AA,CC,CC,AA,GC,TC,AA,GG,TT,TC,4G5G,AA,GG,CT,AA,GG,CC,AG,CC,,CT,AG,TT,CC,,,CG,GA,TC,AA,CC,CC,TC,GA,CC,CC,GG,CC,CG,AC,TT,,CC,TT,TT,GG,AA,CC,GT,TC,GT,CT,GG,CC,AA,AC,GT,CC,TT,AA,CC,CT,GG,GA,TC,TT,,,,,,,0.0,FA,02-1,Female,30.0,Caucasian,10.0,20.0,10.0,100.0,12.5,12.5,0.0,0.0,134.0,65.0,22.296,102.0,62.0,60.0,4.83,10.67,4.0,12.0,R,133.0,65.5,21.793,4.0,-0.6056017290780984,3.6401534874847044
FA-1808,CC,ID,CT,GA,TC,GA,,GA,CG,CC,,GG,TC,GG,,CC,TC,TT,CT,GT,AG,,CT,,,,,GT,GG,GA,,,,GA,,,GA,CT,GG,GA,,GG,CC,AA,CT,CC,AG,GG,GG,AA,,"+9, +9",AA,TT,TT,TT,AA,TT,TC,,,,,,,,,AA,CC,CG,GG,CG,GG,TC,CG,CT,TC,CG,GG,GG,,AA,TT,AC,GG,,TT,AA,GG,GG,AA,,GG,TT,,CC,CC,,,,,,AG,,CT,GG,AA,GG,AA,AA,CC,GG,GG,CC,TT,CC,CT,CC,CG,TT,GG,AT,CA,,,GG,AA,TT,CC,AA,CC,GG,TT,GG,,,GG,CC,GG,GA,AG,GA,CG,CC,,,CC,GG,GG,CC,GT,GT,GG,GG,TT,AA,AA,GG,TC,GG,AA,TT,TC,5G5G,AA,GG,CT,AA,GG,CC,AG,CC,,CT,AA,TT,CC,,,CC,GA,CC,AA,CC,CC,TT,GG,CC,CT,GA,CG,CG,AA,TT,,CC,TT,CC,,,CC,GT,TC,GT,CT,GG,CC,AA,AA,GT,CC,GT,AG,CT,CT,GA,GA,,TT,,,,,,,,,,,,,,,,,,,,,,,,,,,,,,,,,,,,1.223030053544098,0.30250499763713895
FA-1809,CC,ID,CT,GA,TC,GA,,GG,GG,CC,TT,GG,TT,AG,GT,CC,CC,AA,CC,TT,GG,CC,CC,TT,CC,GG,GG,GG,GG,GG,CC,TT,GG,GG,AA,GG,GG,CC,GT,GA,,GG,CC,AA,CC,CC,GG,GA,GG,AA,,"-9, +9",AG,CT,TC,CT,AA,TT,TT,,,,,,,,,AG,CT,CG,AG,CG,GG,TT,CC,CT,CC,CG,GG,GG,AA,AA,TT,AA,GG,AT,CT,AA,GG,GA,AT,AT,GG,TC,TT,CC,CC,,,,,,AA,GG,CC,GG,AA,GG,AA,AA,CC,GG,GG,CC,TT,CC,CC,CC,CG,TT,AA,AT,CC,,,AG,,AA,CC,CA,GG,GG,CT,GA,,,GC,TC,GG,GG,GG,GG,CC,CT,,,CT,AG,GG,CC,GT,GG,AA,GG,TT,AA,AA,GC,TC,AA,AA,TC,TT,5G5G,AA,GG,CC,AA,GA,CC,GG,CC,,CC,AA,TT,CC,,,CG,GA,CC,GA,CC,CC,TC,GA,CC,CC,GG,GG,CC,AA,CT,,CT,TT,CT,GT,AG,CC,GG,CC,GG,CC,GG,CC,AA,AA,GG,CC,TT,AA,TT,TT,GG,GG,TT,TT,,,,,,,0.0,FA,02-1,Female,28.0,Caucasian,17.5,27.5,10.0,57.1,17.5,15.0,-2.5,-14.3,162.0,68.0,24.629,118.0,80.0,66.0,5.0,16.0,6.0,19.17,R,167.0,68.5,25.02,4.0,-1.686898954152678,-1.5400513470755706
FA-1810,CC,ID,CC,GG,CC,AA,,GG,GG,CC,TT,GG,TT,AA,,CT,CC,TA,CC,TT,GG,,CC,,,,,GG,GG,AA,,,,GG,,,GG,CC,GG,AA,,GG,CC,AA,CC,CC,GG,GG,GG,AA,,"-9, +9",AG,TT,TT,TT,AA,TT,TC,,,,,,,,,AA,TT,CC,AG,CC,GG,TT,CC,CC,TC,CC,GG,GA,AA,AA,TT,CC,GG,,CC,AA,GG,GG,AA,AT,GG,CC,,CC,CC,,,,,,AA,GG,CC,GA,AA,GG,AA,AA,CC,GG,GG,CC,TT,CC,CC,CT,CC,TT,GA,AA,CC,,,AA,CC,TA,CC,CC,GC,GG,CT,GA,,,GG,CC,GG,GA,GG,GA,CC,CC,,,CC,GG,GG,CC,GT,GG,GA,GG,TT,AA,AA,GG,TT,AA,GG,TT,TT,4G4G,AA,GG,CC,AA,GG,CC,GG,CC,,CC,AG,CC,CC,,,CC,,TT,GA,CT,CT,TT,GG,CC,CC,GG,CC,CC,AA,CT,,CC,TT,CC,,,CC,GG,CC,GG,CC,GG,CC,AA,AA,GG,CC,TT,AA,CT,CT,GA,GA,CC,TT,,,,,,,0.0,FA,02-1,Male,27.0,Hispanic,30.0,40.0,10.0,33.3,37.5,37.5,0.0,0.0,189.0,68.2,28.566,126.0,82.0,66.0,3.0,17.67,4.5,17.33,R,182.0,69.0,26.874,2.67,-0.2477696744888432,-1.2716751135400357
FA-1811,CC,ID,CC,GG,CC,AA,,GG,CG,CC,TT,GG,TT,AA,,CC,CC,AA,CC,TT,GG,,CC,,,,,GG,GG,GG,,,,GA,,,GG,CC,TT,GG,,GG,CC,AA,CC,CT,GG,GG,GG,AA,,"+9, +9",AG,TT,TT,TT,AC,TA,TT,,,,,,,,,AG,CT,CG,AG,CG,GA,TT,CC,CC,TC,CC,GG,GG,AG,AG,TC,AA,GA,,CT,AA,CG,GG,AA,TT,GG,CC,,CC,CT,,,,,,AA,GG,CC,GG,AA,GG,AA,AA,CC,GG,GG,CC,TT,CC,CC,CC,CC,TT,GA,AA,CC,,,AG,AC,AA,CC,CA,GC,GG,CC,GG,,,GC,TC,GA,GG,AG,AA,CC,CC,,,CT,GG,GG,CC,GT,GT,GA,GG,TC,AA,AA,GG,CC,AG,AG,TT,TT,4G4G,AA,GG,CC,AA,GG,CC,GG,CT,,CT,AA,CT,CC,,,CG,GG,TT,AA,TT,TT,TT,GG,CC,CT,GA,CG,CG,,TT,,CC,TT,CC,,,CT,GT,TC,GT,CT,GG,CC,AA,AC,TT,CC,TT,AA,CC,CT,GA,GA,TC,TT,,,,,,,,,,,,,,,,,,,,,,,,,,,,,,,,,,,,-1.9612510653809685,-0.8143998624639954
FA-1812,CA,ID,CT,GA,TC,GA,,GA,CG,CC,TT,GG,TT,AA,TT,CC,CC,AA,CC,TT,GG,CC,CC,TT,CG,GG,GG,GG,GG,GG,CC,TT,GA,GG,AA,GG,,CC,GG,AA,,GG,CC,AA,CC,CC,GG,GA,GG,AA,,"-9, -9",AA,CT,TC,CT,AA,TT,TC,,,,,,,,,GG,CC,GG,GG,CC,GG,TT,CC,CT,TT,CC,GG,GA,AA,AA,TT,AA,GA,,CC,AA,CC,GG,AA,AA,GG,TT,CC,CC,CC,,,,,,,,TT,GG,AA,GG,AA,AA,CC,GG,GG,CC,TT,CC,CC,CC,CG,TT,GA,AA,CC,,,GG,AA,TA,CC,AA,GC,GG,CC,GG,,,GC,TC,GG,GG,AG,GG,CG,CC,,,CT,GG,GG,CC,GG,GT,GG,GG,CC,CC,AA,GG,TC,AG,AA,TT,TT,5G5G,AA,GG,CC,AA,GA,CC,GG,CC,,CT,AA,CT,CC,,,CG,GA,TT,AA,CT,CT,TT,GG,CC,CT,GA,CC,CG,AA,CT,,CT,TT,CC,GT,AA,TT,GG,CC,GG,CC,GG,CC,GA,AA,GG,CC,TT,AA,CT,CC,GG,AA,CC,TT,,,,,,,0.0,FA,02-1,Female,30.0,Caucasian,12.5,15.0,2.5,20.0,12.5,12.5,0.0,0.0,120.0,62.2,21.805,128.0,80.0,78.0,3.0,12.17,4.5,11.5,R,119.0,62.0,21.763,5.0,-1.8081384298574557,-2.3857991316625498
FA-1813,CC,ID,CT,GA,TC,GA,,GA,CG,CC,TT,GG,TC,AG,GT,CC,CC,TA,CT,TT,GG,CC,CT,TT,CC,CG,GG,GT,GA,GG,CC,AT,GG,GA,GG,GG,GG,CC,TT,GG,,GG,CC,AA,CC,CC,GG,GG,GG,AA,,"-9, +9",GG,TT,TT,TT,AA,TT,TT,,,,,,,,,AG,TT,CC,AA,CC,GG,TT,CC,CT,TC,CG,GG,GG,AG,AG,TC,AC,GA,TT,CC,AA,CG,GG,AA,TT,GG,TC,CC,CC,CT,GG,,,,,AA,,CC,GG,TA,GG,AA,AA,CC,GG,GG,CC,TT,CC,CT,CC,CG,TT,GG,AA,CA,,,AG,AC,TA,CC,CA,GG,GG,CT,GG,,,GG,CC,GG,GG,AA,AA,CC,CC,,,CC,GG,GG,CC,GG,GG,GG,GG,TT,AA,AA,GG,TC,GG,AA,TT,TC,4G5G,AA,GG,CC,AA,GG,CC,GG,CC,,CC,AA,CT,CG,,,CG,AA,TT,AA,TT,TT,TT,GG,CC,CT,GA,CG,CG,AA,CT,,CC,TT,CC,TT,GG,CT,TT,TC,TT,CT,GG,CC,GA,AC,GT,CC,TT,AA,CC,CT,AA,GA,TC,TT,,,,,,,0.0,FA,02-1,Female,20.0,Caucasian,10.0,12.5,2.5,25.0,10.0,12.5,2.5,25.0,131.0,69.0,19.343,120.0,80.0,68.0,3.67,10.0,3.67,11.0,L,132.0,69.5,19.211,3.0,-3.6551123183043672,0.27482547175571165
FA-1814,AA,ID,CT,GA,TC,GA,,GA,,CC,TT,GG,TT,AG,,CC,TC,TT,CC,GT,AG,,CC,,,,,GG,GG,AA,,,,GG,,,GG,CC,GG,GG,,GG,CC,AA,CC,CT,AG,GG,GG,AA,,"+9, +9",AG,TT,TT,CC,AC,TT,TT,,,,,,,,,GG,CC,CG,GG,CC,GG,TT,CC,CT,CC,CC,GG,GG,GG,GG,CC,AA,GA,,CC,AA,CG,GG,AA,AA,GT,TT,,CC,CC,GG,,,,,AA,GA,TT,AA,AA,GG,AA,AA,CC,GG,GG,CT,TT,TC,CC,CC,CG,CC,GG,AA,CC,,,AA,CC,TT,CT,CC,GG,GG,CC,GG,,,GG,TC,GA,GG,GG,GG,CG,CC,,,CC,GG,GG,CC,GT,GG,GG,GG,CC,CC,AA,GC,TT,AG,AG,TC,TC,5G5G,AA,GG,CC,AA,GG,CC,AG,CT,,CT,AG,CC,CC,,,CC,GG,TC,GA,CT,CT,TC,GA,CC,CC,GA,CC,CC,AA,CT,,CC,,CC,,,CT,TT,TC,TT,CT,GG,CT,GG,AA,TT,CC,GT,AG,CT,CT,GG,GA,TC,TG,,,,,,,0.0,FA,02-1,Female,23.0,African Am,10.0,20.0,10.0,100.0,10.0,12.5,2.5,25.0,108.0,62.0,19.751,122.0,78.0,72.0,5.0,12.0,5.0,11.33,L,110.0,63.0,19.483,5.67,5.87830070805298,4.225417557971566
FA-1815,,,,,,,,,,,,,TT,AG,,CC,CC,TA,CT,TT,GG,,CT,,,,,GT,GG,GG,,,,GA,,,,,,,,,,,,,,,,,,,,,,,,,,,,,,,,,,,,,,,,,,,,,,,,,,,,,,,,,,,,,,,,,,,,,,,,,,,,,,,,,,,,,,,,,,,,,,,,,,,,,,,,,,,,,,,,,,,,,,,,,,,,,,,,,,,,,,,,,,,,,,,,,,,,,,,,,,,,,,,,,,,,,,,,,,,,,,,,,,,,,,,,,,,,,,,,,,,,,,,,,,,,,,,,,,,,,,,,,,,,,-1.0378614282128622,0.7961276655105182
FA-1816,CA,DD,TT,GA,TC,GA,,GA,CC,CA,TC,GG,TT,AA,TT,CC,CC,AA,CC,TT,GG,CC,CC,TT,CC,GG,GG,GG,GG,GG,CC,TT,GA,GG,AA,GG,GG,CC,GT,GA,,GG,CC,AA,TT,CC,AA,GG,GG,AA,,"+9, +9",AG,TT,TT,CT,AA,TA,TC,,,,,,,,,AA,CT,CG,AG,CC,GA,TT,CC,CT,TT,CG,GA,GA,AA,AA,TC,AC,GA,TT,CT,AA,GG,GA,AT,AA,GG,TT,CC,CC,CC,,,,,,AA,GG,CC,GA,TA,GG,AA,AA,CC,GC,GG,CC,TT,CC,CC,CT,CC,TT,GA,TT,CC,,,AG,AC,TA,CT,CA,GG,GG,CT,GG,,,GC,TT,GG,GG,AA,AA,CC,CC,,,CT,GG,GG,CC,GT,GT,GG,GG,TC,AC,AA,GC,CC,AG,AG,TT,TC,5G5G,AA,GG,TT,AA,GG,CC,AA,CC,,CC,AA,CC,CC,,,CC,GG,TT,AA,CC,CC,TC,GA,CC,TT,AA,CG,GG,AA,CT,,CC,TT,CT,GT,AG,CT,GG,TC,GG,CT,GA,CC,GG,AA,GT,CC,GT,AG,TT,TT,GG,GG,TT,TT,,,,,,,0.0,FA,02-1,Female,24.0,Caucasian,17.5,22.5,5.0,28.6,20.0,22.5,2.5,12.5,158.0,67.2,24.597,122.0,80.0,66.0,5.0,17.83,5.0,17.5,R,161.0,67.7,24.695,6.33,0.10297008013598263,0.44802670326788413
FA-1817,CC,ID,CT,GA,TC,GA,,GA,CG,CC,TT,GG,TT,AG,,CC,TC,TA,CC,TT,GG,,CC,,,,,GG,GG,GA,,,,GA,,,GA,CT,GG,GA,,GG,CC,AA,CC,CC,GG,GG,GG,AA,,"+9, +9",GG,CC,TT,CC,AA,TT,CC,,,,,,,,,AA,CT,CG,AG,CC,GG,TT,CC,CT,TT,CC,GG,GG,GG,GG,CC,AA,GA,,CT,AA,CG,GG,AA,AT,GG,TT,,CC,CC,,,,,,AA,GG,CC,GG,TA,GA,AA,AA,CC,GC,GG,CC,TT,CC,CC,CT,CG,TT,GA,AT,CA,,,AG,AC,TT,CC,CC,GG,GG,CC,GA,,,GG,CC,GG,GG,AA,GA,CC,CC,,,CC,GG,GG,CC,GG,GT,GA,GG,TT,AA,AA,GC,TT,AG,AA,TC,TC,5G5G,AA,GG,CC,AA,GG,CC,GG,CC,,CC,AA,CC,CC,,,CC,GG,TC,AA,TT,TT,TT,GG,CC,CT,GA,CG,CG,AA,CT,,TT,TT,CT,,,CC,GG,CC,GG,CC,GG,CC,AA,AA,TT,CC,TT,AA,CC,TT,GG,GG,TT,TT,,,,,,,,,,,,,,,,,,,,,,,,,,,,,,,,,,,,1.2882724919433306,-0.3050880904412447
FA-1818,AA,DD,CT,GA,TC,GA,,GG,GG,CC,TT,GG,TT,GG,,CC,TT,TT,CC,TT,GG,,CC,,,,,GG,GG,AA,,,,GG,,,GG,CC,GT,GA,,GG,CC,AA,CC,CT,GG,GG,GG,AA,,"-9, -9",AG,TT,TC,TT,AA,TT,TC,,,,,,,,,GG,CC,GG,GG,CG,GG,CC,GG,CT,CC,CG,GG,GG,AA,AA,TC,AC,GA,,TT,AG,GG,GG,AA,AA,GG,TC,,CC,CC,,,,,,AA,GG,CT,GG,AA,GG,AA,AA,CC,GG,GG,CC,TT,CC,CC,CT,CG,TT,GA,TT,CA,,,GG,AA,TT,CC,CA,CC,GG,CT,GA,,,GC,TC,GG,GG,AG,GG,CG,CC,,,CT,GG,GG,CC,GG,GT,GA,GG,TT,AA,AA,GG,TC,AA,GG,TT,TC,4G4G,AA,GG,CC,AA,GG,CC,GG,CT,,CC,AA,CC,CC,,,CC,GG,CC,AA,CC,CC,TT,GG,CC,CT,GA,CG,CG,AA,CC,,CC,TT,CC,,,CC,GG,TC,GG,CT,GG,CC,AA,AA,GG,CC,TT,AA,,TT,AA,GG,TT,TT,,,,,,,,,,,,,,,,,,,,,,,,,,,,,,,,,,,,1.780527645524996,-1.0859145363929703
FA-1819,CA,ID,CT,GG,CC,AA,,GA,CG,CA,TT,GG,TT,AG,GT,CC,CC,TA,CT,TT,GG,CC,CT,TT,CC,CG,GG,GT,GA,GG,CC,AT,GG,GG,AG,GA,GG,CC,,GG,,GG,CC,AA,CC,CC,AG,GA,GG,AA,,"-9, +9",GG,TT,TC,TT,AC,TA,TT,,,,,,,,,AG,CT,GG,GG,CC,GG,TT,CC,CC,TC,CG,GA,GG,AA,AA,TT,AA,GA,TT,CT,AA,CC,GG,AA,AA,GG,CC,CT,CC,TT,,,,,,AA,,CC,GG,AA,GG,AA,AA,CC,GG,GG,CC,TT,CC,CC,CC,CG,TT,GA,AA,CA,,,AA,CC,TT,CC,CC,GC,GG,CC,GA,,,,CC,GG,GG,AA,GA,CC,CC,,,CT,AG,GT,CC,GG,GT,GG,AA,TC,AC,AA,GC,TT,AG,AG,TT,TC,5G5G,AA,GG,,AA,GA,CC,AG,CC,,CT,AG,CC,,,,CC,GG,TT,AA,CT,CT,TT,GG,CC,CC,GG,CG,CC,AA,CT,,CC,TT,CC,GT,AG,CT,GT,TC,GT,CT,GG,CC,GA,AC,GT,CC,TT,AA,,CT,GG,GA,TC,TT,,,,,,,0.0,FA,02-3,Male,34.0,Caucasian,35.0,37.5,2.5,7.1,35.0,32.5,-2.5,-7.1,233.0,73.0,30.737,120.0,80.0,70.0,7.67,25.33,6.67,28.67,R,241.0,73.0,31.793,8.33,-3.530148454437969,0.9061530366649265
FA-1820,CA,DD,CC,GA,TC,GA,,GA,CG,CC,TT,GG,TT,AG,GT,CC,CC,TA,CT,TT,GG,CC,CT,TT,CG,CG,GG,GT,GG,GG,CC,AT,GA,GG,AG,GG,GA,CT,GT,GG,,GG,CC,AA,CC,CC,GG,GA,GG,AA,CC,"-9, +9",AG,TT,TT,TT,AA,AA,TT,GG,CC,GG,TT,CC,AA,CC,GG,GG,CC,GG,GG,CG,GG,TT,CC,CT,TC,CG,GG,GG,AA,AA,TT,AA,GA,TT,CC,AG,CG,GG,AA,AT,GG,CC,CT,CC,CC,GG,TT,CC,GG,AA,AA,GG,CC,AA,TA,GG,AA,AA,CC,GC,GG,CC,TT,CC,CC,CC,CC,TT,GA,AA,CC,GG,GG,AG,,AA,TT,CC,GG,GG,CT,GA,,,CC,TT,GG,GG,AA,GA,CC,CT,CA,GG,CT,AA,GT,,GG,GG,GG,,CC,CC,AA,GG,TT,GG,AA,TT,TT,5G5G,AA,GG,CC,AA,GA,CC,GG,CC,GG,CC,AG,CC,CC,,,CG,GA,CC,GG,CT,CT,TT,GG,CC,CC,GG,CC,GG,AA,TT,,CC,TT,CT,GG,AA,TT,GT,CC,GT,CT,GG,CC,GA,AA,TT,CC,GT,AG,,TT,GG,GG,TT,TT,,,,,,,0.0,FA,02-3,Female,31.0,Caucasian,10.0,17.5,7.5,75.0,12.5,15.0,2.5,20.0,141.0,67.5,21.755,120.0,80.0,70.0,4.67,7.0,4.0,7.0,R,143.0,67.5,22.064,4.0,-0.009815465847816666,2.8420091440734145
FA-1821,CC,ID,CT,GG,CC,AA,,GG,CG,CC,TT,GG,TT,AA,TT,CC,CC,AA,CC,TT,GG,CC,CC,TT,CC,GG,GG,GG,GG,GG,CC,TT,GG,GG,AA,GG,GG,CC,GT,GA,,GG,CC,AA,CC,CC,GG,GG,GG,AA,,"-9, +9",AG,CT,TT,CT,AC,TT,CC,,,,,,,,,AG,CT,GG,,CC,GG,TT,,CC,TC,CC,GA,GG,AG,AG,TC,,,AT,CT,AG,GG,GG,AA,AA,GG,TT,CT,CC,CC,,,,,,,GG,CT,GG,AA,GG,AA,AA,CC,GG,GG,CC,,CC,CC,CC,CC,TT,GA,TT,CC,,,GG,AC,TT,CC,CA,GC,GG,CT,,,,GG,TC,GA,GG,AG,GG,CC,TT,,,CT,GG,GG,CC,GG,GT,GG,GG,TC,AC,AA,GG,TC,,,TT,TC,4G5G,AA,GG,,AA,GG,CC,GG,CC,,CC,AA,CC,CC,,,CG,GA,CC,AA,CC,CC,,,CC,CT,GA,CG,CC,AA,TT,,CC,TT,,GT,AG,CT,TT,TT,TT,TT,GG,,,AC,GT,CC,TT,AA,,,GA,GA,TC,,,,,,,,0.0,FA,02-3,Male,38.0,Caucasian,20.0,22.5,2.5,12.5,20.0,20.0,0.0,0.0,155.0,70.0,22.238,120.0,80.0,70.0,3.33,16.67,4.0,21.33,R,155.0,70.0,22.238,7.33,-3.4308025947652245,-0.339595468474245
FA-1822,CC,ID,CC,GG,CC,AA,,GA,CG,CC,TT,GG,TT,AG,,CC,CC,TT,CT,TT,GG,,CC,,,,,GG,GG,AA,,,,GA,,,GA,CT,GG,GG,,GG,CG,AA,CC,CC,AG,GA,GG,AA,,"+9, +9",AG,CT,TC,CC,AA,TT,TT,,,,,,,,,AA,CT,GG,,CC,GG,TC,CC,CC,TC,CG,GA,GG,AG,AG,TC,AA,GA,,CT,AG,CG,GG,AA,AT,GG,TC,,CG,CC,,,,,,,,TT,GG,TT,GG,AT,NN,CA,CC,GC,CT,TT,CC,CC,CT,CG,TT,GG,AA,CC,,,AG,AC,TT,CC,CC,GC,GC,CC,,,,GG,CC,GG,GG,GG,GG,CC,CC,,,CC,GG,GG,CT,GT,,GG,AA,TC,AC,AA,GG,TT,,,TT,TT,5G5G,AA,GG,CC,AA,GA,CG,AG,CC,,TT,AA,CC,CC,,,CC,GG,CC,GA,TT,TT,TT,GG,CC,CC,GA,CG,CG,AA,CC,,CT,TT,CT,,,CT,GT,TC,GT,CT,GG,CC,GG,AA,TT,CT,GG,GG,,TT,GG,GA,TT,GG,,,,,,,0.0,FA,02-3,Female,39.0,African Am,12.5,20.0,7.5,60.0,12.5,12.5,0.0,0.0,178.0,68.0,27.062,120.0,80.0,70.0,9.33,23.33,9.0,26.33,R,184.0,68.0,27.974,8.67,14.029017387103437,13.013445187841524
FA-1823,CC,ID,CC,GA,TC,GA,,GA,CC,CA,TC,GG,TT,GG,,CC,TC,TT,CT,GT,AG,,CT,,,,,GT,GG,GA,,,,GG,,,GA,CT,GG,GA,,GG,CG,AC,CC,CC,AA,GG,GG,AA,,"+9, +9",AA,CT,TT,CC,AA,TT,CC,,,,,,,,,AA,CT,GG,GG,CC,GG,TT,CC,CT,TT,CC,GA,GG,AG,AA,TC,AA,GA,,TT,AA,GG,GA,AT,AA,GG,TT,,CG,CC,,,,,,AG,GG,TT,GA,TT,GG,AA,AA,CC,GC,GG,CT,TT,TC,CC,CC,CG,TT,,,CC,,,AG,,TT,CC,CC,GC,GG,CC,GG,,,GG,TC,GA,GG,AG,GA,CC,CC,,,CT,GG,GT,CT,GT,GG,GG,GG,TT,AA,AA,GG,TT,AA,AG,TT,TT,5G5G,AC,GG,CC,AA,GG,CG,AA,CC,,CC,AG,CC,CC,,,CC,GG,TC,GA,TT,CT,TT,GG,CC,CT,AA,CC,CG,AA,CT,,CC,TT,CC,,,CT,GT,CC,GT,CC,GG,CC,GG,AA,GT,CC,GT,AG,,TT,GG,GG,TT,TT,,,,,,,0.0,FA,02-3,Female,26.0,African Am,12.5,17.5,5.0,40.0,15.0,20.0,5.0,33.3,103.0,61.0,19.46,110.0,80.0,96.0,2.17,16.0,2.83,16.0,R,103.0,61.0,19.46,2.0,7.737351513574548,6.9995468104268665
FA-1824,CC,ID,TT,AA,TT,GG,,GA,CG,CC,CC,GG,TC,AA,TT,CC,CC,AA,CC,TT,GG,CC,CC,TT,CC,CG,GG,GG,GG,GG,TC,AT,GG,GG,AA,GG,GG,CC,GG,AA,,GG,CC,AA,CT,CC,AG,GG,GG,AA,,"+9, +9",AG,CT,TC,CT,AA,TA,TC,,,,,,,,,AG,CC,CC,AA,CG,GG,TT,CC,TT,TC,CG,GG,GG,AG,AA,TT,AA,GG,AT,CT,AA,GG,GA,AT,AT,GG,TT,CT,CC,CT,,,,,,AA,GG,TT,GA,TA,GA,AA,AA,CC,GC,GG,CC,TT,CC,CT,CC,CG,,GG,AA,CC,,,GG,AA,AA,CC,AA,GG,GG,CC,GG,,,GG,CC,GG,GG,GG,GA,CC,CC,,,CT,GG,GG,CC,GT,GT,GA,GG,TT,AA,AA,GG,TC,GG,AA,TT,TC,5G5G,AA,GG,CT,AA,GG,CC,AG,CC,,CC,AA,CC,CC,,,CC,GA,TC,GA,CT,CT,TT,GG,CC,CC,GG,CG,CG,AC,TT,,CC,TT,CC,GT,AG,CC,GG,CC,GG,CC,GG,CT,GG,AA,TT,CC,TT,AA,,TT,GG,GG,TT,TT,,,,,,,0.0,FA,02-3,Female,30.0,Caucasian,12.5,15.0,2.5,20.0,17.5,17.5,0.0,0.0,193.0,69.0,28.498,118.0,82.0,72.0,8.83,20.5,8.83,24.67,R,185.0,69.0,27.317,8.67,2.571887220729709,-0.70003515641433
FA-1825,CA,II,TT,AA,TT,GG,,GG,CG,CA,TT,GG,TT,GG,GG,CC,CC,TT,TT,TT,GG,CC,TT,TT,CC,CC,GG,TT,GA,GG,TT,AA,GG,AA,GG,AA,GA,CT,GT,GG,,GG,CC,AA,CC,CC,GG,GG,GG,AA,,"-9, +9",AA,CT,TT,CT,AC,TA,TC,,,,,,,,,AG,CT,CG,AG,CG,GG,TT,CC,TT,TC,CG,GA,GG,GG,GG,CC,AC,GG,AT,CC,AG,GG,GG,AA,AA,GG,CC,CT,CC,CC,,,,,,AA,GG,CC,GG,TA,GG,AA,AA,CC,GG,GG,CC,TT,CC,CT,CC,CG,TT,GG,AA,CA,,,AG,AC,TA,CT,CA,GG,GG,CT,GG,,,GG,CC,GA,GG,AG,AA,CC,CT,,,CC,AG,GT,CT,GG,GG,GG,GG,CC,CC,AA,GG,TC,AG,AG,TT,TC,5G5G,AA,GG,CC,AA,GG,CC,GG,CC,,CT,AA,CC,CC,,,CC,GG,TT,AA,CC,CC,TT,GG,CC,CT,GA,CG,CG,AA,CT,,CC,TT,CC,GT,AG,CC,GT,TC,GT,CT,GG,CC,AA,AA,GT,CC,TT,AA,,CT,GA,GA,TC,TT,,,,,,,0.0,FA,02-3,Male,35.0,Caucasian,30.0,37.5,7.5,25.0,37.5,32.5,-5.0,-13.3,147.0,68.5,22.024,120.0,80.0,78.0,2.0,8.0,2.0,8.0,R,146.0,68.5,21.874,2.0,-2.4257347691491202,3.073492687546073
FA-1826,CA,ID,CT,GA,TC,GA,,GG,CG,CA,TT,GG,TC,GG,,CC,CC,TT,TT,TT,GG,,TT,,,,,TT,GA,GG,,,,GA,,,GG,CC,TT,GG,,GG,CC,AA,CC,CC,GG,GG,GG,AA,,"-9, +9",GG,TT,TT,CC,AC,TT,TT,,,,,,,,,AG,CT,GG,GG,CC,GG,TT,CC,CT,TC,CC,GA,GG,AG,AG,TC,AA,AA,,CC,AA,GG,GG,AA,AA,GG,TC,,CC,CC,,,,,,,GG,CT,GG,AA,GG,AA,AA,CC,GG,GG,CT,TT,TC,CC,CC,CC,TT,GA,AT,CC,,,GG,AA,AA,CT,CA,GC,GG,TT,GA,,,GC,TC,GG,GA,AG,GA,CC,CC,,,CT,GG,GG,CC,GG,GG,GA,GG,TT,AA,AA,GG,TT,AG,AG,TT,TT,5G5G,AA,GG,CC,AA,GG,CC,GG,CC,,CT,AG,CC,CC,,,CC,GG,CC,AA,CC,CC,TT,GG,CC,TT,AA,CC,GG,AA,CT,,CC,TT,CC,,,CC,TT,TT,TT,TT,GG,CC,GG,AC,GT,CC,TT,AA,,CT,GA,AA,TC,TT,,,,,,,,,,,,,,,,,,,,,,,,,,,,,,,,,,,,-3.0926251083891416,4.049965492579859
FA-1827,CC,,,GA,TC,GA,,GA,CG,CC,TT,GG,TT,AA,TT,CC,CC,AA,CC,TT,GG,CC,CC,TT,CC,GG,GG,GG,GG,GG,TC,TT,AA,GG,AA,GG,GA,CT,GG,GA,,GG,CC,AA,CC,CC,GG,GG,GG,AA,,"+9, +9",AG,TT,TT,TT,AC,TT,TC,,,,,,,,,AG,CC,CG,AG,CC,GG,TT,CC,TT,CC,CC,GG,GG,AG,AG,TC,AC,GA,TT,,AA,GG,GG,AA,AT,GG,TT,CC,CC,CC,,,,,,AA,GG,CC,,TA,GG,AT,AT,CA,GG,GG,CC,TT,,TT,CC,GG,TT,GG,AT,CC,,,AG,AC,AA,TT,CA,GG,GG,CT,GG,,,GG,TC,GG,GG,AG,GG,CG,,,,CT,GG,GG,CC,,GG,GG,AA,TC,CC,AA,GG,TT,GG,AA,TT,TC,,AA,GG,CC,AA,GG,CC,GG,CC,,CT,AG,CT,CC,,,CG,GG,TC,GA,CT,CT,TT,,,,,,,AA,CC,,CT,TT,CC,TT,GG,,GG,CC,GG,CC,,CC,GG,AC,GT,CC,TT,AA,,CC,GA,GA,CC,TT,,,,,,,0.0,FA,02-3,Male,20.0,Caucasian,25.0,37.5,12.5,50.0,25.0,27.5,2.5,10.0,186.0,72.5,24.877,118.0,76.0,78.0,3.0,13.0,3.67,14.33,R,186.0,72.5,24.877,5.0,1.2586795837974927,2.1646241114129556
FA-1828,CA,ID,CT,GA,TC,GA,,GA,CC,CA,TT,GG,TC,GG,,CC,TC,TT,CT,GT,AG,,CT,,,,,GT,GA,GA,,,,AA,,,AA,CT,GG,GG,,GG,CC,AA,CC,CC,GG,AA,GG,AA,,"-9, -9",GG,TT,TC,TT,AC,TT,TT,,,,,,,,,AA,CT,GG,GG,CC,GG,TT,CC,CT,TC,CG,GA,GG,AG,AA,TC,AC,GG,,CT,AG,GG,GG,AA,AA,,TT,,CC,CC,,,,,,,GG,CT,GG,TA,GG,AA,AA,CC,GC,GG,CT,TA,TC,TT,CC,GG,TT,GG,AA,CC,,,AA,CC,TA,CT,CC,GG,GG,CC,GG,,,GG,TT,GG,GG,AG,AA,CC,CC,,,TT,GG,GG,CC,GT,GG,GA,GG,TT,AA,AA,GC,TC,AA,AG,TT,TT,4G5G,AA,GG,CC,AA,AA,CC,GG,CC,,CT,GG,CC,CC,,,CG,GA,TC,GG,CC,CC,TT,GG,CC,CC,GG,CG,GG,AC,TT,,CC,TT,CC,,,CC,GG,CC,GG,CC,GG,CC,GA,AC,GT,CT,TT,AA,,TT,AA,GG,TT,TT,,,,,,,0.0,FA,02-3,Male,33.0,Asian,20.0,27.5,7.5,37.5,25.0,22.5,-2.5,-10.0,145.0,66.5,23.05,122.0,82.0,54.0,3.0,12.0,2.17,15.5,R,145.0,66.5,23.05,2.67,5.589408261332083,0.34296611124541626
FA-1829,CA,ID,CC,GG,CC,AA,,GG,CC,CA,TT,GG,TT,AG,GT,CC,CC,TA,CT,TT,GG,CT,CT,TT,CC,CG,GG,GT,GA,GG,TC,AT,GG,GA,GG,GA,GG,CC,GT,GA,,GG,CC,AA,CC,CC,GG,GA,GG,AA,CC,"+9, +9",GG,CT,TT,CT,CC,TT,TT,GG,CC,GG,TT,CC,AG,CC,GG,AG,CC,CG,AG,GG,GG,TT,CC,CC,TT,CC,AA,GG,GG,,CC,AC,GA,AT,CC,AG,GG,GG,AA,AT,GG,TT,CT,CC,CC,GG,TT,CC,GG,AA,AA,GG,CT,GA,AA,GG,AA,AA,CC,GG,GG,CT,TT,TC,CT,CT,CG,TT,GG,AA,AA,GG,CG,AG,AC,TA,CC,CA,GC,GG,CT,GA,,,GG,CC,GG,GA,AG,GG,CC,CC,CC,GG,CT,GG,GG,CC,GT,GT,GA,GG,TC,AC,AA,GG,TT,AG,AA,TT,TT,4G5G,AA,GG,CC,AA,GA,CC,GG,CC,AA,CT,GG,CC,CC,,,CC,AA,TC,AA,CT,CT,TT,GG,CC,CC,GG,CG,CC,AA,TT,,CC,TT,CC,GT,AG,CT,GT,TC,GT,CT,GG,CC,GA,AA,GG,CC,TT,AA,,CT,GA,GA,TC,TT,,,,,,,0.0,FA,02-3,Female,40.0,Caucasian,12.5,12.5,0.0,0.0,1.5,12.5,11.0,,167.0,62.0,30.541,108.0,78.0,78.0,14.0,26.0,14.0,25.0,R,169.0,62.0,30.907,11.0,-2.2326497902024283,0.8488023767240707
FA-1830,AA,DD,CT,GA,TC,GA,,AA,CC,CC,TT,GA,TT,AG,,CC,CC,TA,CT,TT,GG,,TT,,,,,GT,GG,GG,,,,GG,,,,CC,TT,GG,,GG,CC,AA,CT,CC,AG,GA,GG,AA,,"-9, +9",GG,TT,CC,CT,AC,,TC,,,,,,,,,AG,CT,CG,GG,CC,GG,TT,CC,CT,TT,CC,GG,GG,AG,,TT,AC,GG,,CC,AA,GG,GA,AT,,GG,CC,,CC,CC,,,,,,AA,GG,CT,GG,AA,GG,AA,AA,CC,GG,GG,CT,TA,TC,CC,,CC,TT,GA,,AA,,,AG,CC,TT,CC,CC,GG,GC,CT,GG,,,GC,TC,GG,GG,AA,GA,CC,CC,,,CT,GG,GG,CC,GT,GG,GA,,TC,AA,AA,GG,CC,AG,AG,TT,TT,4G4G,AA,GG,CT,AA,GA,CC,AG,CC,,CC,AG,CC,CC,,,CC,GA,CC,AA,TT,,TT,GG,CC,CC,GG,CG,CC,AA,CT,,CC,TT,CC,,,CC,TT,TT,TT,TT,GG,CC,GA,AA,GT,CC,TT,AA,,CC,GA,AA,CC,TT,,,,,,,,,,,,,,,,,,,,,,,,,,,,,,,,,,,,-2.625397716414697,2.0260991221044997
FA-1831,CC,II,CT,GA,TC,GA,,AA,CC,CC,TT,GG,TT,AA,TT,CC,CC,AA,CC,TT,GG,CC,CC,TT,CC,GG,GG,GG,GG,GG,CC,TT,GG,GG,AA,GG,GA,CT,GG,GA,,GG,CC,AA,CC,CT,GG,GG,GG,AA,CT,"-9, +9",AG,CT,TT,CT,AA,TA,TC,GG,CC,GG,TT,CC,AA,CC,GG,GG,CC,GG,GG,CC,GG,TC,CG,CT,TC,CC,GG,GG,AG,AA,TC,AC,GG,TT,CC,AA,CG,GG,AA,TT,GG,TC,CC,CC,CC,GG,TT,CC,GG,AA,AA,GG,CT,GG,TA,GA,AA,AA,CC,GC,GG,CC,TT,CC,CC,CC,CG,TT,GA,AA,CC,GG,GG,AA,CC,TA,CT,CC,GG,GG,TT,GA,,,GG,CC,GA,GG,AG,GA,CC,CT,CA,GG,TT,AG,GT,CC,GG,GG,GA,GG,TC,AC,AA,GG,CC,GG,AA,TC,TT,4G4G,AA,GG,CC,AA,GG,CC,GG,CT,GG,CC,AA,CT,CC,,,CC,GG,TC,AA,CT,CT,TT,GG,CC,CC,GG,CG,CC,AA,TT,,CT,TT,CC,GG,AA,CC,GG,CC,GG,CC,GA,CC,GG,AA,GG,CC,TT,AA,,CT,GG,GA,TC,TT,,,,,,,0.0,FA,02-3,Female,23.0,Caucasian,12.5,12.5,0.0,0.0,10.0,10.0,0.0,0.0,148.0,67.5,22.835,116.0,72.0,66.0,2.67,13.67,2.33,20.67,R,146.0,67.5,22.527,2.5,0.5873159676587443,0.9853848901953508
FA-1832,CC,ID,CC,GG,CC,AA,,AA,CC,CC,TC,GG,TT,AA,,CC,CC,AA,CC,TT,GG,,CC,,,,,GG,GG,GG,,,,GG,,,,CC,TT,GG,,GG,CG,AA,CC,CC,AG,GG,GG,AA,CC,"-9, +9",AG,CT,TC,CT,AC,TA,TT,,,,,CC,,CC,,GG,CC,CG,AG,CC,GG,TT,CC,CT,TT,CG,GG,AA,AA,GG,CC,AA,GG,,TT,AA,CG,GG,AA,AT,GG,TT,,CC,CT,GG,TT,CC,GG,AA,,,CC,GA,TA,GA,AA,AA,CC,GC,GG,CC,TT,TC,CC,CC,CC,TT,GA,AT,CA,CC,GG,AA,,TT,CC,CA,GC,GG,CT,GG,,,CC,TT,,GG,GG,GG,CC,CC,CC,TT,CC,GG,GG,CT,GG,GG,GG,GG,TT,AA,AA,GG,TT,AA,GG,TT,CC,5G5G,AA,GG,,AA,GG,CG,AG,,GG,CC,AA,CT,CC,,,CC,GG,TT,GA,CC,CC,TT,GG,CC,CC,GA,GG,CC,AA,CT,,CC,TT,CC,,,CC,GG,CC,GG,CC,GG,CC,GG,CC,TT,CC,TT,AA,,TT,AA,GG,TT,TT,,,,,,,0.0,FA,02-3,Female,22.0,Other,12.5,12.5,0.0,0.0,10.0,12.5,2.5,25.0,114.0,63.0,20.192,108.0,78.0,84.0,5.0,13.0,4.0,14.33,R,111.0,63.0,19.661,3.33,4.034312758731146,-0.816183237271592
FA-1833,CC,ID,CC,GA,CC,GA,,GG,CC,AA,TT,GG,TT,GG,,CC,CC,TT,TT,TT,GG,,TT,,,,,TT,AA,GG,,,,GA,,,GA,CT,GG,GG,,GG,CC,AA,CC,CT,AG,GG,GG,AA,,"+9, +9",GG,TT,TT,CC,AC,TT,CC,,,,,,,,,AA,CT,CG,GG,CC,GG,TT,CG,CC,TT,CC,AA,GG,GG,AA,TC,AA,GA,,CT,AA,GG,GA,AT,AA,GG,CC,,GG,CC,,,,,,AA,GG,TT,GA,TT,GG,AT,AT,CA,GC,,CT,TT,TC,CC,CC,CC,TT,GA,,CC,,,AA,CC,TA,CT,CC,GG,GG,CC,GG,,,GG,TT,GG,GG,GG,AA,CC,CC,,,CC,GG,TT,CT,GT,GG,,,TC,,AA,GC,TT,AA,AG,CC,TT,5G5G,AA,GG,CC,AA,GG,CC,AG,CT,,CC,AG,CC,CC,,,CC,GG,CC,GG,CT,CC,TC,GA,CC,CC,GA,CC,CG,AC,CT,,CC,TT,CC,,,CC,GG,CC,GG,CC,GG,CC,GG,AA,GT,CT,GT,AG,,TT,GG,GG,TT,TG,,,,,,,0.0,FA,02-3,Female,25.0,African Am,12.5,17.5,5.0,40.0,12.5,15.0,2.5,20.0,133.0,68.5,19.926,122.0,90.0,84.0,5.67,13.0,5.0,13.0,R,128.0,68.5,19.177,6.33,8.53037664205034,10.644384957483725
FA-1834,AA,II,CC,GG,CC,AA,,GA,CG,CC,TC,GG,TT,AA,,CC,CC,AA,CC,TT,GG,,CC,,,,,GG,GG,GG,,,,AA,,,GG,CC,GT,GA,,GG,CC,AA,CC,CC,GG,GG,GG,AA,,"+9, +9",AA,CT,TT,CT,AA,TT,TC,,,,,,,,,GG,CC,CC,AG,CC,GG,TT,CC,CC,TT,CC,GG,GA,AA,AA,TT,AC,GA,,CC,AA,CC,GG,AA,AT,GG,TT,,CC,CT,,,,,,,GG,TT,GA,AA,GG,AA,AA,CC,GG,GG,CC,TT,CC,CT,CC,CG,TT,GG,AA,CC,,,GG,AA,AA,TT,AA,GC,GG,CC,GA,,,GG,TC,GG,GG,AA,GA,CC,CT,,,CC,AG,GG,CC,GT,GG,GG,GG,TC,AC,AA,GC,TC,AA,GG,TT,TC,5G5G,AA,GG,CC,AA,GG,CC,GG,CC,,CC,AG,CC,CC,,,CC,GG,TC,AA,CC,CC,TT,GG,CC,CT,GA,CC,GG,AC,TT,,CT,TT,CC,,,CT,TT,TT,TT,TT,GA,CC,GG,AA,GG,CC,TT,AA,,TT,GA,GG,TT,TT,,,,,,,,,,,,,,,,,,,,,,,,,,,,,,,,,,,,-1.6208646021575426,0.816770338749323
FA-1835,AA,ID,CC,GG,CC,AA,,GG,CG,CA,TT,GG,TT,AG,GT,CC,TC,TA,CC,GT,AG,CT,CC,TT,CG,GG,GG,GG,GG,GA,CC,TT,GG,GA,AG,GA,GG,CC,GT,GA,,GG,CC,AA,CC,CT,GG,GG,GG,AA,CT,"-9, +9",AG,TT,TT,TT,AA,TT,TT,GG,CC,GG,TT,CC,,CC,,GG,CC,GG,,CG,GG,TT,CC,CC,TC,CC,GA,GA,AA,AA,TC,AC,GA,,,AA,GG,GG,AA,TT,GG,TC,CC,CC,CC,GG,TT,CC,GG,AA,,,CT,GG,AA,GG,AA,AA,CC,GG,GG,CC,TT,CC,CT,CC,CG,TT,GG,AT,CC,GC,CG,AG,AC,TT,CC,CA,GG,GG,CT,AA,,,GG,TT,GG,GG,GG,GA,CC,CC,CC,GG,TT,GG,GG,CT,GG,GT,GG,AA,CC,CC,AA,,CC,,AA,TT,TT,5G5G,AA,GG,CC,AA,GG,CC,GG,CT,GA,CC,AA,CC,CC,,,CG,GA,CC,AA,CT,CC,TT,,CC,CC,GG,GG,CC,AA,CT,,TT,TT,CC,GT,AG,CT,GG,CC,GG,CC,GG,CC,GA,AC,GT,CC,TT,AA,,TT,GA,GG,TT,TT,,,,,,,0.0,FA,02-3,Female,20.0,Caucasian,7.5,17.5,10.0,133.3,7.5,7.5,0.0,0.0,111.0,64.0,19.051,120.0,80.0,70.0,3.0,10.67,3.67,16.0,R,108.0,64.0,18.536,3.0,1.504957057514093,-3.5554186289787144
FA-1836,CC,ID,CT,GA,TC,GA,,GA,CC,CA,TT,GG,TT,AG,,CC,CC,TA,CT,TT,GG,,CT,,,,,GT,GG,GG,,,,GA,,,GG,CC,GG,GA,,GG,CC,AA,CT,CC,AG,GG,GG,AA,,"-9, +9",GG,CT,TT,CT,AA,TT,TC,,,,,,,,,AA,TT,CG,AA,CG,GG,TC,CG,CT,TC,CC,GA,GA,AG,AG,TC,AA,GA,,CC,AA,GG,GA,AT,AA,GG,TC,,CC,CC,,,,,,AA,GG,CT,GG,AA,GG,AA,AA,CC,GG,GG,CC,TT,CC,TT,CC,GG,TT,GG,AA,CC,,,AG,AC,TT,CC,CC,GG,GG,CT,GA,,,GG,CC,GG,GG,AA,GA,CC,CT,,,CT,AG,GG,CC,GG,GT,GA,GG,TC,AC,AA,GG,TT,AA,AG,TT,TT,4G4G,AA,GG,CT,AA,GG,CC,AG,CC,,CC,AG,CT,CG,,,CC,AA,TC,GA,TT,TT,TT,GG,CC,CC,GG,CG,CC,AA,CT,,CC,TT,CC,,,CC,GT,TC,GT,CT,GA,CC,GA,AA,GT,CC,TT,AA,,TT,GA,GG,TT,TT,,,,,,,0.0,FA,02-3,Female,25.0,Hispanic,10.0,12.5,2.5,25.0,15.0,15.0,0.0,0.0,107.0,60.5,20.551,110.0,76.0,84.0,7.0,16.33,6.0,18.33,R,105.0,60.5,20.167,5.33,-2.600209108409009,0.9099041606977747
FA-1837,,,,,,,,,,,,,TC,GG,,CC,TC,TT,CT,GT,AG,,CT,,,,,GT,GG,GA,,,,AA,,,,,,,,,,,,,,,,,,,,,,,,,,,,,,,,,,,,,,,,,,,,,,,,,,,,,,,,,,,,,,,,,,,,,,,,,,,,,,,,,,,,,,,,,,,,,,,,,,,,,,,,,,,,,,,,,,,,,,,,,,,,,,,,,,,,,,,,,,,,,,,,,,,,,,,,,,,,,,,,,,,,,,,,,,,,,,,,,,,,,,,,,,,,,,,,,,,,,,,,,,,,,,,,,,,,,,,,,,,,,1.8525735775522778,-0.6599138316552736
FA-1838,CA,,,GA,TC,GA,,GA,CG,CA,,,TT,GG,,CC,TT,TT,CC,GT,AA,,TT,,,,,GG,GG,AA,,,,GA,,,,CC,TT,GG,,,CC,AA,CT,CC,GG,,,AA,,"-9, +9",AG,CT,TT,CT,AC,,TT,,,,,,,,,AA,CC,CG,,CG,GG,,,CT,TC,CG,GA,GG,AA,AG,TC,,,,TT,AA,GG,,,,,TT,,,,,,,,,,,TT,,TA,GA,AA,AA,CC,GC,GG,CT,,,CC,,,,,,,,,,,,,CA,CC,GG,CT,,,,,,,,,,,,,,,GG,GG,CC,,,GA,GG,,,,,,,,,TC,,,,,,,,,,,,,CC,CC,,,,GG,,,,,,,,,,,,,,,CC,,,,,,GT,TT,GT,TT,,,,AA,GT,CC,GT,AG,,,,,TC,,,,,,,,0.0,FA,02-3,Female,23.0,Hispanic,10.0,20.0,10.0,100.0,10.0,15.0,5.0,50.0,146.0,65.0,24.293,118.0,86.0,84.0,11.0,20.67,8.33,22.67,R,150.0,65.0,24.959,10.67,3.8496922589550002,-0.5567538215023913
FA-1839,CC,ID,CC,GG,CC,AA,,AA,CC,CC,TT,GG,TC,AG,GT,CC,CC,TA,CT,TT,GG,CC,CT,TT,CC,GG,GG,GT,GA,GG,CC,TT,AA,GG,AA,GG,GG,CC,GT,GA,,GG,CC,AA,CC,CC,GG,AA,GG,AA,,"-9, +9",AG,CT,TT,CT,AA,AA,TT,,,,,,,,,AG,CT,CG,AG,GG,GA,TT,CC,CC,TC,CG,GG,GG,AA,AA,TT,AC,GA,AT,CC,AG,CG,GG,AA,AT,GG,TT,CT,CC,CC,,,,,,AA,GG,CT,GG,TT,GG,AA,AA,CC,GC,GG,CC,TT,CC,CC,CC,CC,TT,GA,AT,CC,,,AG,,TA,CC,CA,GC,GG,CT,GG,,,GC,TT,GG,GG,AA,AA,CC,CC,,,CT,AG,GG,CC,GG,GG,GA,GG,TT,AA,AA,GG,TC,AG,AA,TT,CC,5G5G,AA,GG,CC,AA,AA,CC,GG,CC,,CC,AA,CT,CC,,,CC,GA,CC,GG,CC,CC,TC,GA,CC,CC,GG,CG,CC,AA,CT,,CC,TT,CC,GT,AG,CC,GT,TC,GT,CT,GG,TT,,AA,GT,CC,TT,AA,,TT,GG,GG,TT,TT,,,,,,,0.0,FA,02-3,Female,24.0,Caucasian,15.0,20.0,5.0,33.3,15.0,12.5,-2.5,-16.7,142.0,67.5,21.91,116.0,78.0,72.0,4.0,13.33,5.67,16.0,R,137.0,67.5,21.138,3.0,0.0629635376951379,0.6899922151820582
FA-1840,CA,,,GG,CC,AA,CG,AA,GG,CC,TC,GG,TT,AG,,CC,TC,TT,CC,GT,GG,,CC,,,,,GG,GG,AA,,,,GG,,,GA,CT,GG,GA,,GG,CC,AA,CC,CT,GG,GA,GG,AT,,"+9, +9",AG,CC,TT,CC,AC,TT,TT,,,,,,,,,AA,TT,GG,GG,CC,GG,TC,CG,CC,TC,CC,GG,GG,GG,AG,TC,AA,AA,,CC,AA,CG,GG,AA,AT,GT,CC,,CG,CC,,,,,,AA,GG,TT,,TT,GG,AT,AA,CC,AA,GG,CT,TT,,CC,,GG,,GA,AA,CC,,,GG,AC,AA,TT,CA,GG,GG,CC,GG,AG,AG,GG,CC,GG,GA,AG,GG,CC,,,,CC,AG,GT,CT,,GG,GA,GG,TC,AC,AA,GG,TT,AA,GG,TT,TC,,AA,GG,CC,AT,GA,CC,GG,CT,,CT,AG,CC,CC,,,CC,GG,CC,GA,CT,CT,TT,GG,,,,,,AA,CT,,CC,,CC,,,,GT,CC,GT,CC,,,GG,AA,TT,CT,GT,AG,,CC,GA,GA,CC,TT,,,,,,,,,,,,,,,,,,,,,,,,,,,,,,,,,,,,7.16101664549701,2.270372212387278
FA-1841,CA,ID,CT,GA,TC,GA,CG,GG,CG,CA,TT,GG,TT,AG,,CC,TC,TA,CC,GT,AG,,CC,,,,,GG,GG,GA,,,,GG,,,GG,CC,GT,GA,,GG,CC,AA,CC,CC,GG,GG,GG,AA,,"-9, +9",AG,CC,TC,CC,AA,TT,TC,,,,,,,,,AG,CT,CG,AG,CC,GA,TC,CG,CT,CC,CC,GA,GG,AG,AG,TC,AC,GG,,TT,,GG,GG,AA,TT,GG,TT,,CC,CC,,,,,,AA,GG,CC,GA,AA,GG,AA,AA,CC,GG,GG,TT,TT,TT,CT,,GG,TT,GA,AT,CA,,,AG,AC,TT,CC,CA,GG,GG,TT,GG,AG,AG,GG,TC,GG,GG,AG,AA,CC,CC,,,CT,AG,GG,CC,GG,GT,GG,GG,TC,AC,AA,GC,TT,AG,AA,TT,CC,4G5G,AA,GG,CC,AA,GG,CC,GG,CC,,CC,AA,CC,CC,,,CC,GG,TT,AA,CT,CT,TC,GA,CC,CC,GA,CG,CG,AA,CT,,CT,,CC,,,CC,GG,CC,GG,CC,GG,,AA,AC,TT,CT,GT,AG,,TT,GG,GG,TT,TT,,,,,,,0.0,FA,03-1,Male,26.0,Other,25.0,35.0,10.0,40.0,30.0,30.0,0.0,0.0,194.0,67.5,29.933,120.0,80.0,70.0,5.33,21.67,6.67,20.33,R,202.0,67.5,31.167,7.67,1.4424222997022838,-2.6336084145450402
FA-1842,CA,ID,TT,GG,CC,AA,GG,AG,GG,CA,TT,GA,TT,AA,,CC,CC,TA,CC,TT,GG,,CC,,,,,GG,GG,GA,,,,GA,,,GG,CC,GG,GG,,GG,CC,AA,CC,CC,GG,GA,GG,AT,,"-9, +9",GG,CT,TT,CC,AA,TT,TC,,,,,,,,,AA,CT,GG,GG,CG,GG,TT,CC,CC,TT,CC,GA,GG,AG,AA,TC,AA,AA,,CC,AA,GG,GG,AA,AT,GG,CC,,CC,CT,,,,,,AA,GG,TT,GG,TT,GG,AT,AT,CA,AA,GA,TT,TT,TT,CC,,CC,TT,GA,AT,CC,,,AG,CC,TT,CC,CC,GG,GG,CC,GG,AA,GG,GC,TT,GG,GG,GG,GG,CG,CC,,,CC,GG,GG,TT,TT,GG,GG,GA,TC,AC,AA,GG,TT,AA,AA,TC,TT,,AA,GG,CC,AT,GA,CC,GG,CC,,CC,AA,CT,CC,,,CG,GG,CT,GG,TT,CT,TT,GG,CC,CC,GG,GG,CC,AA,CT,,CC,,CC,,,CC,GT,CC,GT,CC,GG,,GG,AA,GT,CT,TT,AA,,TT,GG,GG,TT,TG,,,,,,,,,,,,,,,,,,,,,,,,,,,,,,,,,,,,7.759681132951158,5.873425526488003
FA-1843,AA,DD,TT,AA,TT,GG,CC,GG,CC,CC,TT,GG,TT,GG,,CC,CC,TT,TT,TT,GG,,TT,,,,,TT,GA,GG,,,,GG,,,AA,TT,GG,GG,,GG,CC,AA,CC,CC,AG,GA,GG,AT,,"+9, +9",GG,CC,TT,CC,AA,TT,TC,,,,,,,,,AA,CT,CG,GG,CC,GA,TC,CG,TT,CC,CG,GG,GA,AG,AG,CC,AA,GA,,CC,AA,GG,GG,AA,AA,GG,CC,,CC,CC,,,,,,,GG,CT,GA,TA,GG,AT,AT,CA,GA,GA,CC,TT,CC,CC,,GG,TT,GG,TT,CC,,,AG,AC,TT,CC,CA,GG,GG,CC,GA,AA,AG,GG,TC,GG,GG,AG,GG,CG,CT,,,TT,AG,TT,CC,GT,GG,GG,GA,CC,CC,AA,GG,TC,AG,AA,TT,TC,4G5G,AA,GG,CC,AT,GA,CC,AG,CC,,CC,GG,CT,CC,,,CC,GG,CC,GA,CT,CT,TC,GA,CT,CC,GA,CC,CC,AA,CT,,CC,,CT,,,CC,TT,CC,TT,CC,GG,,GG,AA,GT,CC,TT,AA,,CT,GG,GA,TC,TT,,,,,,,0.0,FA,03-1,Female,38.0,African Am,15.0,20.0,5.0,33.3,15.0,17.5,2.5,16.7,192.0,65.5,31.461,120.0,80.0,70.0,15.33,27.0,15.33,28.67,R,192.0,65.5,31.461,20.0,3.9191610519028957,9.754644464949644
FA-1844,CC,ID,CT,GA,TC,GA,CC,GG,CG,CA,TT,GG,TT,AA,,CC,CC,AA,CC,TT,GG,,CC,,,,,GG,GG,GG,,,,GG,,,GG,CC,TT,GG,,GG,CC,AA,CC,CC,GG,GG,GG,AA,,"-9, -9",GG,CT,TT,CC,AC,TT,CC,,,,,,,,,AA,TT,CG,AG,GG,GG,TC,CG,CT,TC,CG,GA,GG,AA,AA,TT,AC,GG,,CT,AA,CG,GG,AA,AA,GG,TC,,CC,CT,,,,,,AA,GG,CC,GG,TA,GA,AA,AA,CC,GA,GG,CC,TT,CC,CC,,CC,TT,AA,TT,CC,,,GG,AA,AA,TT,AA,GC,GG,CC,GG,AA,AA,GC,TC,GG,GG,AG,GA,CC,TT,,,TT,AA,GG,CT,GT,GG,GA,GG,TT,AA,AA,GC,TT,AG,AA,TC,TT,4G5G,AA,GG,CC,AA,GG,CC,GG,CC,,TT,AA,CT,CC,,,CC,GA,CT,AA,CT,CC,TC,GA,CC,CC,GG,CG,CC,AA,CT,,TT,,CC,,,TT,GG,CC,GG,CC,GG,,GA,AA,GG,CC,TT,AA,,TT,GG,GG,TT,TT,,,,,,,,,,,,,,,,,,,,,,,,,,,,,,,,,,,,-1.8840975926681456,-1.296044922980889
FA-1845,CC,DD,TT,AA,TT,GG,CC,GG,CC,CC,TC,GG,TT,AA,TT,CC,CC,AA,CC,TT,GG,CC,CC,TT,CC,GG,GG,GG,GG,GG,CC,TT,GG,GG,AA,GG,GG,CC,GT,GA,,GG,CC,AA,CC,CC,GG,GG,GG,AA,,"+9, +9",GG,CT,CC,CT,AA,TT,TC,,,,,,,,,GG,CC,GG,AG,CG,GG,TT,CC,TT,CC,CC,GG,GG,AG,AG,TC,AA,AA,AT,CC,AA,GG,GG,AA,AA,GG,TT,CT,CC,CC,,,,,,AA,GG,CT,GG,AA,GG,AA,AA,CC,GG,GG,CC,TT,CC,CC,,CC,TT,GA,AT,CC,,,AG,AC,TT,CC,CA,GC,GC,CT,GG,AG,AA,GG,TT,GG,GA,AG,GA,CC,CT,,,CT,AG,GG,CC,GT,GG,GG,GG,CC,CC,AA,GG,TT,AG,AA,TT,CC,4G5G,AA,GG,CC,AA,GG,CC,GG,CC,,CC,AA,CC,CC,,,CC,GA,CC,GA,CT,CT,TC,GA,CC,CT,GA,CC,CG,AA,CT,,CC,,CC,GT,AG,CT,GG,CC,GG,CC,GG,,AA,AA,GG,CC,TT,AA,,TT,GA,GG,TT,TT,,,,,,,0.0,FA,03-1,Female,31.0,Caucasian,15.0,20.0,5.0,33.3,15.0,12.5,-2.5,-16.7,202.0,69.0,29.827,120.0,80.0,70.0,9.0,22.0,13.0,23.67,R,192.0,69.0,28.35,14.67,-1.198510832600689,-1.45776890964042
FA-1846,CC,ID,CT,GG,CC,AA,CG,GG,CG,CA,TT,,TT,AA,,CC,CC,AA,CC,TT,GG,,CC,,,,,GG,GG,GG,,,,GA,,,GG,CC,GT,GG,,GG,CC,AA,CC,CT,GG,GG,GG,AA,,xx,AA,CC,TT,CC,AA,TT,CC,,,,,,,,,AA,TT,CG,AG,CC,GG,TT,CC,CC,TT,CG,GA,GG,AG,AG,TC,AA,GA,,CC,AA,GG,GG,AA,AT,GG,TC,,CC,CC,,,,,,AA,GA,CC,GG,AA,GG,AA,AA,CC,GG,GG,CC,TT,TC,CC,,CG,TT,GA,AA,CC,,,GG,AC,TA,CT,CC,GG,GG,CC,GG,AA,AA,GG,TC,GG,GA,AG,GA,CC,CC,,,CT,GG,GG,CC,GT,TT,GG,GG,TT,AA,AA,GC,,AG,AA,TT,CC,4G5G,AA,GG,CC,AA,GG,CC,GG,CT,,CC,AA,CC,CG,,,CC,GA,CT,AA,CC,CC,TT,GG,CC,CC,GA,CC,CG,AA,TT,,CC,,CC,,,CC,TT,TC,TT,CT,GG,,GA,AA,TT,CC,GT,AG,,TT,GA,GG,TT,TG,,,,,,,,,,,,,,,,,,,,,,,,,,,,,,,,,,,,0.1700482255547882,1.6043772028745722
FA-1847,AA,ID,TT,AA,TT,GG,CG,AA,GG,CC,TT,GG,TC,AA,,CT,CC,TA,CC,TT,GG,,CC,,,,,GG,GG,GA,,,,GG,,,GG,CC,GT,GG,,GG,CC,AA,CC,CT,GG,GA,GG,AT,,"-9, -9",GG,CC,TT,CT,CC,TT,TT,,,,,,,,,AG,CC,CG,AG,CC,GG,TT,CC,TT,CC,CC,GG,GG,AG,AG,TC,AC,GA,,CC,AA,CG,GA,AT,AA,GG,TT,,CC,CC,,,,,,AA,GG,TT,GG,TT,AA,AA,AA,CC,AA,GG,CT,TA,TC,CT,,CG,TT,GA,AA,CC,,,AA,CC,TT,CC,CC,GG,GG,CT,GG,AA,GG,GG,TC,GG,GG,AG,GG,CC,CT,,,TT,AG,GG,CC,GT,GT,GG,GA,TC,AC,AA,GC,TT,AG,AA,TT,TT,5G5G,AA,GG,CC,AT,GA,CC,GG,CT,,CT,AA,TT,CG,,,CG,GG,TT,GG,CC,CC,TC,GA,CC,CC,GG,CG,CC,AA,TT,,CC,,CT,,,CC,GT,TC,GT,CT,GG,,GA,AC,GT,CC,TT,AA,,TT,AA,GG,TT,TT,,,,,,,0.0,FA,03-1,Female,22.0,Hispanic,12.5,17.5,5.0,40.0,12.5,10.0,-2.5,-20.0,160.0,66.0,25.822,120.0,80.0,70.0,9.67,18.67,11.0,18.67,R,150.0,66.0,24.208,7.0,3.7118813256258476,-1.185331504519408
FA-1848,CA,,,GG,CC,AA,CG,GG,CG,CC,TT,GG,TC,AG,,CC,CC,TA,CT,TT,GG,,CT,,,,,GT,GA,GG,,,,GG,,,GG,CC,GT,GG,,GG,CC,AA,CC,CC,GG,GG,GG,AA,,"-9, -9",AG,CC,TT,CT,AA,TT,TT,,,,,,,,,AA,CC,CC,AG,CC,GG,TT,CC,CC,TC,CC,GA,GG,AG,AG,TC,AC,GA,,CC,AA,GG,GG,AA,AT,GG,CC,,CC,CT,,,,,,AA,GG,CT,,TA,GG,AA,AA,CC,GG,GG,CC,TT,,CC,,CC,TT,GA,AA,CA,,,AA,CC,TT,CC,CC,GG,GC,CT,GG,AG,AG,GG,TC,GG,GA,AG,GG,GG,,,,CC,AG,GG,CC,,GT,GA,GG,TC,AC,AA,CC,TT,AG,AA,TT,TC,,AA,GG,CC,AA,GG,CC,GG,CC,,CC,AA,CT,CC,,,CC,GG,CT,AA,CT,CT,TC,GA,,,,,,AA,CT,,CC,,CC,,,,GT,TC,GT,CT,,,AA,AC,TT,CT,GT,AG,,CT,GG,GA,TC,TT,,,,,,,,,,,,,,,,,,,,,,,,,,,,,,,,,,,,-1.5168900904878289,0.6951416340358973
FA-1849,CC,DD,TT,GA,TC,GA,CC,GG,GG,AA,TT,GG,TT,AG,,CC,CC,TA,CT,TT,GG,,CT,,,,,GT,GA,GG,,,,GG,,,GA,CT,GT,GG,,GG,CC,AA,CT,CC,AG,GA,GG,AT,,"-9, +9",GG,TT,TT,CT,CC,TT,TC,,,,,,,,,AA,CC,GG,GG,GG,GG,TT,CC,CT,TC,CG,AA,GG,AA,AA,TC,AC,GG,,CT,AA,GG,GG,AA,AT,GT,TC,,CC,CC,,,,,,AA,GA,TT,GA,TA,GG,AA,AA,CC,GG,GG,CC,TT,TC,CC,,GG,TT,GA,AA,CC,,,AG,AC,TT,CC,CA,GC,GG,CC,AA,AA,AG,GG,TC,GA,GG,AG,GG,GG,CC,,,CC,AG,GG,CC,GG,TT,GA,GG,TC,AC,AA,GG,TT,AG,AA,TT,TC,4G5G,AA,GG,CT,AT,GA,CC,AG,CC,,CT,AG,CC,CC,,,CC,GG,CT,AA,TT,CT,TT,GG,CC,CT,GA,CC,CG,AA,TT,,CC,,CC,,,CC,GG,CC,GG,CC,GG,,GA,AA,TT,CT,TT,AA,,TT,GA,GG,TT,TT,,,,,,,,,,,,,,,,,,,,,,,,,,,,,,,,,,,,-0.4132249665156563,1.8521358240061705
FA-1850,CC,DD,TT,GA,TC,GA,GG,AG,GG,CC,TT,GG,TT,AA,TT,CC,CC,AA,CC,TT,GG,CC,CC,TT,CC,GG,GG,GG,GG,GG,CC,TT,GG,GG,AA,GG,GG,CC,GT,GG,,GG,CC,AA,CT,CC,AG,GG,GG,AA,,"+9, +9",AG,CT,TT,TT,AC,TT,TC,,,,,,,,,AG,CT,CG,GG,CC,GG,TT,CC,CT,TT,GG,GA,GG,AA,AA,TT,AA,AA,TT,TT,AA,GG,GG,AA,AT,GG,TT,CC,CC,CC,,,,,,AA,GG,CT,GG,AA,GG,AA,AA,CC,GG,GG,CT,TT,TC,TT,,GG,TT,GG,AT,CC,,,AG,AC,AA,TT,CA,CC,GG,CT,GG,AG,AG,GC,TT,GG,GG,AA,GA,CG,CC,,,CT,GG,GG,CC,GG,TT,GA,GG,TT,AA,AA,GC,TC,GG,AA,TT,TC,5G5G,AA,GG,CT,AA,GG,CC,AG,CC,,CC,AA,CC,CC,,,CC,GG,TT,AA,TT,TT,TT,GG,CC,CC,GG,CG,CC,AA,TT,,CC,,CT,GG,AA,CC,GG,CC,GG,CC,GG,,GA,AC,GT,CC,TT,AA,,TT,GA,GG,TT,TT,,,,,,,0.0,FA,03-1,Female,22.0,Caucasian,7.5,15.0,7.5,100.0,10.0,10.0,0.0,0.0,139.0,62.5,25.016,120.0,80.0,70.0,6.0,24.33,6.0,22.0,R,139.0,62.5,25.016,8.0,-0.7632089338582801,-2.1722192021201265
FA-1851,CC,II,TT,GA,TC,GA,CC,AA,GG,CC,TT,GG,TT,GG,,CC,CC,TT,TT,TT,GG,,TT,,,,,TT,GA,GG,,,,GA,,,GG,CC,GT,GA,,GG,CC,AA,CT,CC,AG,GA,GG,AT,,"-9, +9",AA,CT,TT,CT,AA,TA,CC,,,,,,,,,AG,CC,GG,GG,CG,GG,TT,CC,CT,TC,GG,GA,GG,GG,AG,TC,CC,GG,,,AA,GG,GG,AA,AA,GT,TT,,CC,CT,,,,,,AA,GG,CT,GG,TT,GG,AA,AA,CC,GA,GG,CT,TT,CC,CC,,CC,TT,GA,AA,CA,,,AG,AC,TT,CC,CA,GC,GG,CT,GG,AA,AA,GG,CC,GG,GG,AA,AA,CC,TT,,,CT,AA,GG,CC,GT,GG,GG,GG,CC,CC,AA,CC,TC,AG,AG,TT,CC,4G5G,AA,GG,CT,AT,GA,CC,AG,CC,,CT,AA,CC,CC,,,CC,GA,TT,GG,CT,CT,TT,GG,,CC,AA,CC,GG,AA,CC,,CC,,CT,,,CC,GG,CC,GG,CC,GG,,GA,AA,GT,CT,GT,AG,,CT,GA,GA,TC,TT,,,,,,,0.0,FA,03-1,Female,26.0,Asian,10.0,17.5,7.5,75.0,12.5,15.0,2.5,20.0,164.0,65.0,27.288,120.0,80.0,70.0,14.33,23.67,14.33,24.0,R,161.0,65.0,26.789,19.0,0.9833000634115678,2.852593569767216
FA-1852,CA,ID,TT,GA,TC,GA,CG,AA,GG,CC,TT,GG,TT,GG,,CC,TC,TT,CC,GT,GG,,CT,,,,,GT,GG,GA,,,,GG,,,AA,TT,GG,GG,,GG,CC,AA,CC,CT,AG,GG,GG,AA,,"-9, +9",AA,CT,TT,CT,AC,TT,CC,,,,,,,,,AG,CT,GG,GG,GG,GG,TT,CC,CT,TT,CC,GG,GA,AA,AG,CC,,,,CC,AA,GG,AA,TT,AA,GG,CC,,CC,CC,,,,,,AG,GG,CT,GG,TA,GG,AA,AA,CC,GA,GG,CT,TT,TC,CT,,CG,TT,GG,AT,CC,,,AG,AC,TT,CT,CC,GC,GG,CC,GG,AA,AA,GG,CC,GA,GG,AG,AA,CC,CC,,,CC,GG,GT,CT,TT,GG,AA,GG,TT,,AA,GG,TC,AA,GG,TT,TC,5G5G,AA,GG,CC,AA,GG,CC,AG,CT,,CT,GG,CC,,,,CC,GG,CT,GG,TT,CC,TT,GG,CC,CT,AA,CC,GG,AA,CT,,CC,,CC,,,CT,GG,CC,GG,CC,GG,,GG,AA,GT,CT,TT,AA,,TT,GG,GG,TT,TG,,,,,,,0.0,FA,03-1,Male,27.0,African Am,22.5,27.5,5.0,22.2,25.0,20.0,-5.0,-20.0,141.0,73.5,18.348,120.0,80.0,70.0,2.33,3.5,2.0,4.0,R,140.0,73.5,18.218,2.0,5.4993065495340945,4.228362998385516
FA-1853,CA,DD,TT,GA,TC,GA,CG,AG,CG,CC,TT,GG,TT,AG,GT,CC,CC,TA,CT,TT,GG,CC,CT,CT,CC,CG,GG,GT,GG,GG,TC,AT,GG,GA,AG,GA,GG,CC,GG,AA,,GG,CC,AA,CC,CC,GG,AA,GG,TT,,"-9, +9",AG,TT,TT,TT,AA,TA,TC,,,,,,,,,AG,CC,CG,AG,CG,GG,TT,CC,CT,TC,CC,GG,GG,AA,AA,TT,AA,AA,AT,CT,AG,GG,GG,AA,AA,GG,TC,CT,CC,CC,,,,,,AA,GG,CC,AA,AA,GG,AA,AA,CC,GG,GG,CC,TT,CC,CT,,CG,TT,GA,AA,CC,,,AG,AC,AA,CT,CA,GC,GC,CT,AA,AA,AG,GG,CC,GG,GG,AA,GG,CG,CT,,,CC,GG,GG,CT,GG,GG,GA,GG,TT,AA,AA,GC,TT,AG,AG,TT,TT,5G5G,,GG,CC,TT,AA,CC,GG,CC,,CC,AA,CT,CC,,,CC,AA,CT,AA,CT,CT,TT,GG,CC,CC,GG,CG,CC,AA,TT,,CT,,CC,GT,AG,CC,GT,TC,GT,CT,GG,,AA,AA,GT,CC,TT,AA,,CT,GG,GA,TC,TT,,,,,,,0.0,FA,03-1,Female,31.0,Caucasian,10.0,20.0,10.0,100.0,10.0,12.5,2.5,25.0,128.0,65.0,21.298,120.0,80.0,70.0,3.67,16.67,5.33,16.33,R,129.0,65.0,21.464,3.33,-3.3037836581281423,1.7241015720240245
FA-1854,CA,,CC,GG,CC,AA,CC,AG,CC,CA,TT,GG,TC,AG,,CC,TC,TA,CC,GT,AG,,CT,,,,,GG,GG,GA,,,,GA,,,,CC,TT,GG,,GG,CC,AA,CC,CT,GG,GG,GG,AA,,"-9, -9",AA,TT,TT,TT,AC,TA,TC,,,,,,,,,AA,CT,GG,GG,CC,GG,TT,CC,CC,TT,GG,GA,GG,AA,AA,TT,AA,GG,,CC,AG,GG,GG,AA,TT,GG,TT,,CC,CC,,,,,,AA,GG,CC,GG,TA,GA,AA,AA,CC,GA,GG,CT,TA,TC,TT,,GG,TT,GG,AA,CC,,,GG,AA,TA,CC,AA,GC,GG,CC,GG,AG,AA,GG,CC,GG,GA,AG,AA,CC,CC,,,CT,GG,GT,CC,GT,GG,GG,GG,TT,AC,AA,GG,TT,AA,GG,TC,TT,5G5G,AA,GG,CC,AA,GG,CC,GG,CT,,CC,AG,CC,CC,,,CG,GG,CT,GA,TT,TT,TT,GG,CC,CT,GA,CC,CG,AA,CT,,CC,,CT,,,CC,GG,CC,GG,CC,GG,,GG,AA,GT,CC,TT,AA,,TT,GA,GG,TT,TT,,,,,,,0.0,FA,03-1,Female,31.0,Asian,12.5,15.0,2.5,20.0,12.5,12.5,0.0,0.0,112.0,64.5,18.926,120.0,80.0,70.0,2.0,14.33,3.0,13.33,R,113.0,64.5,19.095,2.0,4.862408943495667,-2.8763262784667725
FA-1856,CA,,CC,GA,TC,GA,CG,AA,CC,CC,TT,GG,TC,GG,,CC,TT,TT,CC,GT,AA,,CC,,,,,GG,GG,AA,,,,AA,,,,CC,GT,GA,,GG,CC,AA,CC,CC,GG,AA,GG,AA,,"-9, -9",GG,CC,TT,CC,CC,TT,TC,,,,,,,,,AG,CC,GG,GG,CC,GG,TT,CC,CT,TC,GG,GG,GA,AA,AA,TT,AA,GG,,CC,GG,GG,GG,AA,AT,GG,CC,,CC,CT,,,,,,AA,GG,CT,GG,TA,GA,AA,AA,CC,GA,GG,CT,TA,TT,CC,,CC,TT,GG,AA,CC,,,GG,AA,TT,CC,AA,GC,GG,CC,GA,GG,GG,GG,TT,GG,GG,AG,AA,CC,CC,,,CT,GG,GG,CC,GT,GG,GG,GG,TT,AA,AA,GG,TT,AA,AG,TT,CC,5G5G,AA,GG,CC,AA,AA,CC,GG,CC,,CC,AA,CT,CC,,,CG,GG,CT,GA,CT,CT,TC,GA,CC,CT,GA,CC,CC,AA,CC,,CC,,CC,,,CC,GG,CC,GG,CC,GG,,GG,CC,TT,CC,TT,AA,,TT,AA,GG,TT,TT,,,,,,,0.0,FA,03-1,Female,35.0,Asian,15.0,20.0,5.0,33.3,17.5,17.5,0.0,0.0,140.0,65.0,23.295,120.0,80.0,70.0,6.0,20.0,5.0,20.0,R,134.0,65.0,22.296,4.33,7.302799860541283,-4.5143196762724385
FA-1857,CC,,CT,GA,TC,GA,CG,GA,CG,CC,TC,GG,TT,AA,TT,CC,CC,AA,CC,TT,GG,CC,CC,TT,CC,GG,GG,GG,GG,GG,CC,TT,GA,GG,AA,GG,GG,CC,GT,GA,,GG,CC,AA,CT,CC,AG,GG,GG,AA,,"-9, +9",AG,CT,TT,CT,AA,TA,TT,,,,,,,,,GG,CC,GG,GG,CC,GG,TT,CC,CT,TC,GG,GG,GG,AG,AG,TC,AA,GG,AT,CT,AA,CG,GA,AT,AA,GG,TT,CT,CC,CC,,,,,,AA,GG,CC,AA,AA,GG,AA,AA,CC,GG,GG,CC,TT,CC,CC,,CC,TT,GA,AA,CA,,,AA,CC,TA,CT,CC,CC,GG,CC,GG,AA,AA,GG,CC,GG,GG,AA,AA,CC,CT,,,CC,AG,GG,CC,GG,GG,GG,GG,TC,AC,AA,GG,TT,AA,,TT,TT,4G5G,AA,GG,CT,AA,GG,CC,AG,CC,,CC,AG,CC,CC,,,CC,GA,TT,AA,CT,CT,TT,GG,CC,CT,GA,CC,CG,AA,TT,,CC,,CC,GG,AA,CC,GG,CC,GG,CC,GG,CC,GG,CC,TT,CC,TT,AA,CC,TT,GA,GG,TT,TT,,,,,,,0.0,FA,03-2,Male,29.0,Caucasian,,27.5,,,,32.5,,,238.0,74.0,30.554,124.0,88.0,72.0,12.33,25.33,14.0,28.0,R,237.0,74.0,30.426,14.0,-1.9380987944078323,-1.1262829346694279
FA-1858,CC,,CT,GA,TC,GA,CC,GA,CC,CA,TT,GG,TT,AG,GT,CC,CC,TA,CT,TT,GG,CC,CT,TT,CC,GG,GG,GT,GA,GG,CC,TT,GG,GG,AA,GG,GG,CC,GT,GA,,GG,CC,AA,CT,CC,AG,GG,GG,AA,,"-9, +9",AG,TT,TT,TT,AA,TA,TT,,,,,,,,,GG,CT,CG,AG,CC,GG,TT,CC,CT,TC,CC,GA,GA,AG,AA,TT,AC,GG,TT,CT,AA,GG,GA,AT,TT,GG,TT,CC,CC,CT,,,,,,AA,GG,CT,GG,AA,GG,AA,AA,CC,GG,GG,CT,TT,TC,CC,,CC,TT,GG,AT,CA,,,AA,CC,TA,CT,CC,GG,GG,TT,GA,AA,AA,GG,CC,GG,GG,AA,GG,CC,CC,,,CC,GG,GG,CC,GG,GT,GA,GG,TT,AA,AA,GC,TT,AG,AA,TT,TC,4G5G,AA,GG,CT,AA,GG,CC,AG,CC,,CC,AG,CC,CG,,,CC,AA,CT,AA,CT,CT,TC,GA,CC,CT,AA,CC,GG,AA,CT,,CT,,CT,GT,AG,CT,GG,CC,GG,CC,GA,CC,GA,AC,GT,CC,TT,AA,CC,TT,GA,GG,TT,TT,,,,,,,0.0,FA,03-2,Male,33.0,Caucasian,27.5,35.0,7.5,27.3,30.0,35.0,5.0,16.7,261.0,74.5,33.059,122.0,80.0,78.0,29.33,37.67,24.33,32.0,R,270.0,74.5,34.198,23.33,-2.7364706614308267,0.47801409473883744
FA-1859,AA,II,CC,GG,CC,AA,CG,GG,CG,CA,,GG,TT,AG,GT,CC,CC,TA,CT,TT,GG,CC,CT,TT,CC,CC,GG,GT,GG,GG,CC,AA,GG,AA,GG,AA,GG,CC,TT,GG,,GG,CC,AA,CT,CC,AG,GG,GG,AA,,"+9, +9",AA,CT,TT,CT,AA,TA,CC,,,,,,,,,AA,TT,CG,AG,CC,GG,TC,CG,CC,CC,CG,GA,GG,AG,AG,TC,AC,GG,AT,CC,AG,GG,GG,AA,AT,GG,CC,CC,CC,CC,,,,,,AA,GG,CT,GG,TA,GG,AA,AA,CC,GA,GG,CC,TT,CC,CT,,CG,TT,GG,AT,CC,,,GG,AA,AA,TT,AA,GC,GG,CC,GA,,AG,GG,CC,GG,GG,AA,GA,CC,CC,,,CT,GG,GG,CC,GT,GT,GA,GG,TT,AA,AA,GC,TT,AA,AG,TT,TC,4G5G,AA,GG,CT,AA,GG,CC,AG,CC,,CT,AG,CT,CC,,,CC,AA,CC,AA,CC,CC,TT,GG,CC,CC,GG,GG,CC,AA,TT,,TT,,CC,GT,AG,CT,GG,CC,GG,CC,GA,CC,AA,AC,GT,CC,TT,AA,CC,TT,AA,GG,TT,TT,,,,,,,0.0,FA,03-2,Female,21.0,Caucasian,12.5,15.0,2.5,20.0,12.5,15.0,2.5,20.0,124.0,62.0,22.677,118.0,78.0,78.0,6.33,19.33,9.0,18.67,R,128.0,62.0,23.409,9.0,-0.8467554701874935,0.41219501398065017
FA-1860,CC,II,TT,AA,TT,GG,CG,GG,CC,CA,TT,GG,TT,AA,,CT,CC,TA,CC,TT,GG,,CC,,,,,GG,GG,GA,,,,GA,,,GG,CC,TT,GG,,GG,CG,AA,CT,CC,AA,GG,GG,AA,,"-9, +9",AA,TT,TT,TT,AC,TA,TC,,,,,,,,,AG,CT,GG,GG,CC,GA,TT,CC,TT,TT,GG,GG,GA,GG,AG,TC,AC,GA,,CT,AA,GG,GG,AA,AA,GT,TC,,CC,CC,,,,,,AA,GG,CT,GG,TA,GG,AA,AT,CA,GA,GA,CC,TT,CC,CT,,CG,TT,GA,AT,CC,,,AA,CC,TA,CT,CC,CC,GC,TT,GG,AA,AA,GG,CC,GG,GG,AA,AA,CC,CC,,,CC,GG,GG,CT,GT,GG,GG,GG,TC,AC,AA,GG,TT,AG,AG,TT,CC,4G5G,AA,GG,CT,AA,GG,CG,AA,CC,,CC,AA,CC,CC,,,CC,GA,TT,AA,CC,CC,TT,GG,CC,CC,GG,CG,CC,AA,CT,,CC,,CC,,,CC,GT,TC,GT,CT,GG,CT,GG,CC,TT,CC,TT,AA,CC,TT,GA,GA,TT,TT,,,,,,,0.0,FA,03-2,Female,23.0,Other,,,,,,,,,113.0,65.0,18.802,110.0,80.0,72.0,9.0,18.67,8.33,23.0,R,121.0,65.0,20.133,12.33,3.9710974561035686,1.7029089804633022
FA-1861,,,,,,,,,,,,,,,,,,,,,,,,,,,,,,,,,,,,,,,,,,,,,,,,,,,,,,,,,,,,,,,,,,,,,,,,,,,,,,,,,,,,,,,,,,,,,,,,,,,,,,,,,,,,,,,,,,,,,,,,,,,,,,,,,,,,,,,,,,,,,,,,,,,,,,,,,,,,,,,,,,,,,,,,,,,,,,,,,,,,,,,,,,,,,,,,,,,,,,,,,,,,,,,,,,,,,,,,,,,,,,,,,,0.0,FA,03-2,Female,21.0,Hispanic,,,,,,,,,117.0,62.0,21.397,118.0,78.0,66.0,13.33,20.0,10.33,23.0,R,117.0,62.0,21.397,13.67,4.144103703791282e-17,-1.0900765763055393e-17
FA-1862,CC,,CC,GG,CC,AA,CC,AA,CC,CC,TT,GG,TT,AG,,CC,CC,TA,CT,TT,GG,,CT,,,,,TT,AA,GG,,,,GG,,,GG,CC,TT,GG,,GG,CC,AA,CC,CC,GG,GG,GG,AA,,"+9, +9",AG,CT,TC,CC,AA,AA,TC,,,,,,,,,AA,CT,CG,AG,GG,GG,TT,CC,CC,CC,CC,GG,GA,AG,AG,TC,AA,AA,,CC,AG,GG,GG,AA,TT,GG,CC,,CC,CC,,,,,,AA,GG,CT,GG,AA,GG,AA,AA,CC,GG,GG,CC,TT,CC,CC,,CC,TT,GG,AT,CC,,,GG,AA,TA,CC,AA,GC,GG,CT,GA,AA,AA,GG,CC,GG,GG,AA,GA,CC,TT,,,CT,AA,GG,CC,GG,GT,GG,GA,TC,AC,AA,GG,TT,AG,AG,TT,TT,5G5G,AA,GG,CC,AA,GG,CC,GG,CC,,CC,AA,TT,CC,,,CC,GG,TT,AA,TT,TT,TT,GG,CC,CC,GG,CC,CC,AA,CC,,CT,,CC,,,CC,GT,TC,GT,CT,GG,CC,GA,AA,GG,CC,TT,AA,CC,CT,GG,GA,TC,TT,,,,,,,,,,,,,,,,,,,,,,,,,,,,,,,,,,,,-3.9780356324545383,1.513142785773279
FA-1870,CA,ID,TT,AA,TT,GG,CG,GA,CG,CC,TC,GG,TT,AG,,CC,TC,TA,CC,GT,AG,,CC,,,,,GG,GG,GA,,,,GA,,,GG,CC,TT,GG,,GG,CG,AA,CC,CC,AG,GA,GG,AA,,"-9, +9",AA,TT,TT,TT,AA,TA,TT,,,,,,,,,AG,CC,CG,GG,CC,AA,TT,CC,TT,TT,CC,GG,GG,AG,AG,TC,AC,GG,,CT,AA,GG,GG,AA,AT,GG,TC,,CG,CC,,,,,,AA,GG,CT,GG,AA,GG,AA,AA,CC,GG,GG,CC,TT,CC,TT,,GG,TT,GG,AT,CC,,,AG,AC,TT,CC,CA,GG,GC,CT,GA,AG,GA,GG,CC,GG,GG,AG,AA,CC,CC,,,CC,GG,GG,CC,GG,TT,GA,GG,TT,AA,AA,GC,TT,AG,AG,TT,TC,4G5G,AA,GG,CC,AA,GA,CG,,CC,,CC,AA,CC,CG,,,CC,GG,CC,AA,CT,CT,TT,GG,CC,CC,GA,CG,CG,AA,TT,,CT,,CT,,,CC,GT,TC,GT,CT,GG,CC,GA,AA,TT,CC,TT,AA,CC,CT,GA,,TC,TT,,,,,,,0.0,FA,03-3,Female,40.0,Hispanic,20.0,21.25,1.3,6.3,15.0,17.5,2.5,16.7,132.0,69.5,19.211,108.0,80.0,66.0,3.67,12.33,3.67,14.33,R,133.0,69.5,19.357,3.0,1.2539146001443195,-2.02020911667652
FA-1871,AA,II,TT,AA,TT,GG,CG,GA,,CC,TC,GG,TT,AG,,CC,CC,TA,CT,TT,GG,,CT,,,,,GT,GG,GG,,,,GA,,,GG,CC,GT,GA,,GG,CC,AA,CC,CC,GG,GG,GG,AA,,"-9, +9",AG,CC,TT,TT,AA,TT,TC,,,,,,,,,AG,CC,GG,GG,CC,GA,TT,CC,TT,CC,CC,GG,GG,AG,AG,TC,AA,GG,,CC,AA,CG,GG,AA,AT,GG,TC,,CG,CT,,,,,,AA,GG,CT,GG,AA,GG,AA,AA,CC,GG,GG,CC,TT,CC,CC,,CG,TT,GG,AA,CA,,,AA,CC,TT,CC,CC,GC,GG,CT,,AA,AA,GC,TC,GG,GG,AA,GA,CG,CC,,,CC,GG,GG,CC,TT,GT,GA,GG,TC,AC,AA,GG,TC,AG,AA,TT,CC,5G5G,AA,GG,CC,AA,GG,CC,GG,CC,,CT,AA,CC,CC,,,CC,GA,CT,AA,CT,CT,TC,GA,CC,CT,GA,CG,CG,AA,CT,,CC,,,,,CC,GG,CC,GG,CC,GG,CC,AA,AC,GT,CC,TT,AA,CC,CT,AA,GG,TC,TT,,,,,,,0.0,FA,03-3,Female,23.0,Hispanic,12.5,16.25,3.8,30.0,12.5,12.5,0.0,0.0,129.0,63.2,22.704,122.0,86.0,72.0,16.0,22.33,16.67,22.67,R,129.0,63.0,22.849,17.67,-1.1391074458428796,0.27214253132767213
FA-1872,CC,ID,CC,GG,CC,AA,CC,GG,CC,AA,TT,GG,TT,AG,,CC,CC,TT,CT,TT,GG,,CT,,,,,GT,GA,GA,,,,GA,,,,TT,GG,GG,,GG,CC,AA,CC,CC,AG,GG,GG,AA,,"+9, +9",AA,CC,TT,CT,AA,AA,TT,,,,,,,,,AG,CC,CG,AG,CC,GG,TT,CC,CC,TC,CC,AA,GG,AG,AA,TC,AA,GG,,CT,AA,CG,GG,AA,AT,GG,CC,,CG,CT,,,,,,AG,GG,CT,GG,TA,GG,AA,AT,CA,GA,AA,CT,TT,TC,CC,,CC,TC,GG,AA,,,,AG,AC,TT,CC,CC,GG,GC,CC,AA,AG,GA,GG,TC,GG,GG,GG,GG,CC,CC,,,CT,GG,GT,TT,TT,GG,GG,GG,TT,AA,AA,CC,TT,AG,AA,TT,TC,4G5G,AA,GG,CC,AA,GG,CC,AG,CC,,CC,AG,CC,CC,,,CC,GG,CT,GA,CT,CT,TT,GG,CC,CC,AA,CC,CG,AC,CC,,CC,,CC,,,CC,GT,CC,GT,CC,GG,CC,GG,AA,TT,CT,TT,AA,CC,CT,AA,GA,TC,TT,,,,,,,0.0,FA,03-3,Female,32.0,African Am,15.0,16.25,1.3,8.3,10.0,15.0,5.0,50.0,187.0,66.0,30.179,134.0,80.0,66.0,9.67,27.33,14.0,31.67,R,193.0,66.0,31.148,18.0,7.501230147085324,9.783814774436312
FA-1873,CA,II,CT,GA,TC,GA,CG,GG,CC,CA,TT,GG,TT,AA,TT,CC,CC,AA,CC,TT,GG,CC,CC,TT,CC,CG,GG,GG,GG,GG,CC,AT,GG,GA,AG,GA,GA,CT,GG,GA,,GG,CC,AA,CC,CC,GG,GG,GG,AA,,"+9, +9",AA,CT,TT,CC,AA,AA,CC,,,,,,,,,AA,CT,CG,AG,CG,GG,TT,CC,CT,CC,GG,AA,,AG,AA,TT,CC,GA,AA,CT,AA,GG,GG,AA,AT,GG,TC,CC,CG,CT,,,,,,AA,GG,CT,GA,TA,GG,AA,AA,CC,GG,GG,CT,TT,TC,CC,,CC,TT,GA,AA,CA,,,AG,,TT,CC,CA,GG,GG,CC,GA,AG,GA,GG,CC,GG,GG,GG,GG,CC,CT,,,TT,AG,GG,CC,GG,GG,GG,GG,CC,CC,AA,CC,TC,AA,AG,TT,TC,4G5G,AA,GG,CC,AA,GG,CC,GG,CC,,TT,AA,CT,CC,,,CC,GG,TT,AA,CC,CC,TT,GG,CC,CC,GG,CG,CC,AA,CT,,CC,,CT,GG,AA,CT,GT,TC,GT,CT,GG,CC,GG,AC,TT,CC,GT,AG,CC,CT,GA,GA,TC,TT,,,,,,,0.0,FA,03-3,Male,35.0,Caucasian,25.0,27.5,2.5,10.0,25.0,21.25,-3.8,-15.0,186.0,70.0,26.685,126.0,84.0,66.0,5.33,23.67,6.33,24.67,R,187.0,70.0,26.829,8.67,-0.7056002669253115,0.42519456728921773
FA-1874,CC,ID,CC,GG,CC,AA,CC,GG,CG,CA,TC,GG,TT,GG,GG,CC,TC,TT,CT,GT,AG,CT,CT,TT,CG,CG,GG,GT,GA,GA,CC,AT,GG,GA,GG,GA,GA,CT,GT,GG,,GG,CC,AA,CT,CC,AG,GG,GG,AA,,"+9, +9",AG,CT,TT,CT,AA,TA,CC,,,,,,,,,GG,CC,CC,AA,CC,GG,TT,CC,CC,TC,CG,GA,GA,AA,AA,TT,AA,AA,TT,CC,AG,CG,GG,AA,AA,GG,TT,CC,CG,TT,,,,,,AA,GG,TT,GG,AA,GG,AA,AA,CC,GG,GG,CC,TT,CC,CC,,CC,TT,GA,AA,CC,,,AA,CC,AA,CT,CA,GG,GG,CT,GA,AG,GG,GG,TC,GG,GG,AA,GA,CC,CT,,,CT,AG,GG,CT,GT,GT,GG,GA,TC,AC,AG,GC,TC,AG,AG,TT,TC,5G5G,AA,GG,CT,AA,GG,CC,AG,CC,,CC,,CC,CC,,,CG,GG,TT,AA,CT,CT,TT,GG,CC,CT,GA,CG,CG,AA,TT,,CT,,CT,GG,AA,CC,GT,TT,GT,TT,GG,CC,AA,AA,GG,CC,TT,AA,CC,TT,GA,,TT,TT,,,,,,,0.0,FA,03-3,Female,37.0,Caucasian,15.0,18.75,3.8,25.0,15.0,16.25,1.3,8.3,147.0,66.3,23.51,100.0,74.0,60.0,4.67,17.33,4.67,18.67,R,150.0,66.3,23.989,5.0,0.5953386670119081,-0.48812787079292863
FA-1875,CC,ID,TT,AA,TT,GG,CC,GA,CG,CC,TT,GG,TT,GG,GG,CC,CC,TT,TT,TT,GG,CC,TT,CT,CC,CG,GG,TT,GA,GG,TC,AT,GG,GA,GG,GA,GG,CC,GT,GA,,GG,CC,AA,CT,CC,AG,GG,GG,AA,,"-9, -9",AG,TT,TT,TT,AC,TT,TT,,,,,,,,,AG,CT,CC,AG,GG,GA,TT,CC,TT,TT,CC,GG,GG,AG,AG,TC,CC,GG,TT,CT,AA,CG,GG,AA,AA,GG,TC,CT,CG,CC,,,,,,AA,GG,CT,GG,AA,GG,AA,AA,CC,GG,GG,CC,TT,CC,CC,,CC,TT,AA,AA,CA,,,AG,AC,AA,CC,CA,GG,GG,CT,GG,AG,GA,GG,TC,GG,GG,AG,GG,GG,CC,,,TT,GG,GG,CC,GG,GG,GG,GG,TC,AC,AA,GG,TC,AG,AG,TT,TT,4G5G,AA,GG,CT,AA,GG,CC,AG,CC,,CC,,CT,CC,,,CC,GG,CC,AA,CT,CT,TC,GA,CC,CT,GA,CG,CG,AA,CT,,CC,,CC,GG,AA,CC,GT,TC,GT,CT,GA,CC,GA,AC,GT,CC,TT,AA,CC,CT,GA,,TC,TT,,,,,,,0.0,FA,03-3,Female,20.0,Caucasian,10.0,16.25,6.3,62.5,10.0,10.0,0.0,0.0,138.0,67.0,21.611,110.0,66.0,66.0,8.33,20.33,10.0,19.33,R,138.0,67.0,21.611,9.33,-3.16518055184421,2.341268814750793
FA-1876,CA,DD,TT,AA,TT,GG,CC,GG,CG,CA,TT,GG,TT,AG,GT,CC,TC,TA,CC,GT,AG,CT,CC,TT,CC,CG,GG,GT,GA,GG,CC,AT,GG,GG,GG,GA,GA,CT,GT,GG,,GG,CC,AA,CT,CC,AG,GG,GG,AA,,"-9, +9",AG,CC,TT,CC,AC,TA,TC,,,,,,,,,AG,CT,GG,GG,CC,GG,TT,CC,TT,TT,CG,GA,GG,AG,AG,TC,AA,GA,AT,CT,AG,GG,GA,AT,AT,GG,TT,CC,CG,CT,,,,,,AG,GG,CC,GG,AA,GG,AA,AA,CC,GG,GG,CC,TT,CC,CT,,CG,TT,GA,AA,CC,,,AG,AC,TA,CC,CA,GG,GG,CT,,AA,GA,GG,CC,GG,GA,AG,GG,CC,CC,,,CC,GG,GG,CT,GG,GG,GG,GG,TC,AC,AA,GC,TT,AA,AG,TT,TT,5G5G,AA,GG,CT,AA,GG,CC,AG,CC,,CT,GG,CC,CC,,,CC,GA,TT,GG,CC,CC,CC,AA,CC,CT,GA,CG,CG,AA,CT,,CC,,CC,TT,GG,CC,GG,CC,GG,CC,GG,CC,AA,AA,GT,CC,GT,AG,CC,TT,GA,,TT,TT,,,,,,,0.0,FA,03-3,Male,27.0,Caucasian,22.5,27.5,5.0,22.2,22.5,25.0,2.5,11.1,138.0,64.5,23.319,114.0,80.0,72.0,7.67,27.0,8.33,22.33,R,140.0,64.5,23.657,6.33,2.1873394225916316,-0.7853115329801688
FA-1877,AA,ID,CC,GG,CC,AA,CC,GA,CG,CC,TT,GG,TT,AG,,CC,TC,TT,CT,TT,AG,,CT,,,,,GG,GG,GA,,,,GG,,,GA,CT,GT,GG,,GG,CC,AA,CC,CC,AA,GG,GG,AA,,"-9, +9",AG,CT,TT,CC,AA,TA,TC,,,,,,,,,AA,CC,GG,GG,CC,GG,TT,CC,CC,TT,CC,GG,GA,AG,AA,TC,AC,GA,,CT,AG,GG,GG,AA,AT,GG,CC,,GG,CC,,,,,,AA,GG,TT,GA,TT,GG,AA,TT,AA,AA,GA,CT,TT,TC,CC,,GG,TC,AA,AA,CC,,,AA,CC,TA,CC,CC,GC,GG,CC,GA,AA,GA,GG,TC,GG,GG,GG,AA,CC,CC,,,CC,GG,GT,CC,GT,GG,GG,GG,TC,AC,AA,GC,TT,GG,AA,TT,CC,4G4G,AA,GG,CC,AA,GG,CC,AA,CC,,CT,AG,CC,CC,,,CC,GG,CT,GA,CC,CC,TC,GA,CC,CC,AA,CC,CG,AC,CT,,CC,,CC,,,CC,GG,TC,GG,CT,GG,CT,GG,AA,TT,CT,GT,AG,CC,CT,AA,,TC,TT,,,,,,,0.0,FA,03-3,Male,33.0,Other,30.0,35.0,5.0,16.7,32.5,32.5,0.0,0.0,134.0,67.0,20.985,120.0,70.0,60.0,3.0,8.33,3.33,10.67,R,131.0,67.0,20.515,3.0,10.696235724271933,8.985928249418052
FA-1878,CC,DD,TT,AA,TT,GG,CC,GG,GG,CC,TT,GG,TT,AG,GT,CC,TC,TA,CC,GT,AG,CT,CC,TT,CC,CG,GG,GT,GA,GG,TC,AT,GA,GG,AG,GA,GA,CT,GT,GG,,GG,CC,AA,TT,CC,AG,GG,GG,AA,,"-9, +9",AG,CT,TT,CT,AC,AA,TC,,,,,,,,,AG,CC,CG,AG,CC,GG,TT,CC,TT,CC,CG,GG,GG,AG,AG,TC,AA,GA,AT,CC,AA,CG,GG,AA,TT,GG,TT,CC,CG,CC,,,,,,AA,GG,CT,GG,TA,GG,AA,AA,CC,GG,GG,CC,TT,CC,CC,,CC,TT,AA,AA,CA,,,AA,CC,TA,CC,CC,GG,GG,CT,GA,AG,GA,GG,CC,GG,GG,AA,AA,CC,CC,,,CT,GG,GG,CC,GT,TT,GG,GG,TC,AC,AA,CC,TT,AG,AA,TT,TT,4G5G,AA,GG,TT,AA,GG,CC,AG,CC,,CC,AA,CT,CC,,,CC,GA,CT,AA,CC,CC,TT,GG,CC,TT,AA,CC,GG,AA,CT,,CC,,CC,GT,AG,CC,GG,CC,GG,CC,GA,CC,GA,AA,GT,CC,TT,AA,CC,CT,GA,,TC,TT,,,,,,,0.0,FA,03-3,Female,27.0,Caucasian,7.5,10.0,2.5,33.3,10.0,10.0,0.0,0.0,125.0,64.3,21.254,114.0,80.0,72.0,16.0,20.67,18.67,23.0,R,122.0,64.5,20.616,9.33,0.07517683785735883,-1.718244347218835
FA-1879,CA,ID,TT,AA,TT,GG,CC,AA,CC,CC,CC,GG,TT,AG,,CT,TC,TT,CC,GT,AG,,CT,,,,,GG,GG,AA,,,,GG,,,GA,CT,GT,GG,,GG,CC,AA,CT,CT,GG,GG,GG,AA,,"-9, +9",AG,CT,TT,CC,AA,TA,TT,,,,,,,,,AG,CC,GG,GG,CG,GG,TT,CC,TT,TC,CG,GG,GG,GG,GG,CC,AC,GA,,CT,AA,CG,GG,AA,TT,GG,TC,,CG,CC,,,,,,AA,GG,CT,GG,AA,GG,AA,AA,CC,GG,GG,CT,TT,TC,CT,,GG,TT,GG,AT,CC,,,AG,AC,TA,CT,CA,GG,GG,CC,GG,AA,AA,GC,TT,GG,GG,AG,GA,CG,CC,,,TT,GG,GT,CC,GT,GG,GG,GG,TT,AA,AA,GC,TC,AG,AA,TT,TC,5G5G,AA,GG,CT,AA,GG,CC,GG,CT,,CC,AG,CC,CG,,,CC,GG,CT,AA,CC,CC,TC,GA,CC,CC,GG,CC,CG,AC,CT,,CC,,CT,,,CT,GG,CC,GG,CC,GG,CC,GA,AA,GG,CC,TT,AA,CC,TT,GG,GG,TT,TT,,,,,,,0.0,FA,03-3,Female,22.0,Hispanic,15.0,15.0,0.0,0.0,17.5,15.0,-2.5,-14.3,126.0,61.0,23.805,96.0,56.0,66.0,4.67,23.33,6.0,24.0,R,123.0,61.0,23.238,5.0,3.374552253392813,-1.3139742540914923
FA-1880,CC,DD,CC,GG,CC,AA,CC,GG,CG,CA,TC,GG,TT,GG,GG,CC,TC,TT,CT,GT,AG,CT,CT,CT,CG,CC,GG,GT,GG,GA,TC,AA,GG,GA,GG,AA,GG,CC,GT,GA,,GG,CC,AA,CT,CC,AG,GG,GG,AA,,"-9, -9",GG,CT,TT,CT,AA,TA,TT,,,,,,,,,AG,CT,GG,GG,CC,GA,CC,CG,CC,CC,CC,GA,GG,AG,AG,TC,AA,GG,AT,CT,AA,GG,GG,AA,AT,GG,TT,TT,CG,CC,,,,,,AA,GG,CT,GG,TA,GA,AA,AA,CC,GA,GG,CC,TT,CC,CT,,CG,,GA,AA,CC,,,GG,AA,TA,CC,AA,GC,GG,CC,AA,GG,,GG,TT,GG,GG,AA,AA,CC,CT,,,CC,GG,GG,CC,GG,GT,GA,GG,TT,AA,AA,GC,TC,AA,AG,TT,TT,4G5G,AA,GG,CT,AA,GG,CC,AG,CC,,CT,AG,CT,CC,,,CC,GA,TT,AA,TT,TT,TT,GG,CC,CC,GG,GG,CC,AA,TT,,CT,,CC,GT,AG,CC,GG,CC,GG,CC,GG,CC,AA,AC,GT,CC,TT,AA,CC,TT,GG,,TT,TT,,,,,,,0.0,FA,03-3,Female,39.0,Caucasian,15.0,15.0,0.0,0.0,15.0,15.0,0.0,0.0,136.0,66.7,21.49,120.0,70.0,66.0,6.0,12.67,7.0,16.0,L,137.0,66.7,21.648,12.0,3.1161625529390804,-1.6460234544147403
FA-1881,CA,DD,CC,GG,CC,AA,CC,GG,CC,CA,TT,GG,TC,AG,GT,CC,CC,AA,CC,TT,GG,CC,CC,TT,CC,GG,GG,GG,GG,GG,CC,TT,GG,GG,AA,GG,GA,CT,GT,GG,,GG,CC,AA,CC,CC,GG,GG,GG,AA,,"-9, +9",GG,TT,CC,TT,AA,TA,CC,,,,,,,,,GG,CC,GG,GG,CC,GG,TT,CC,CC,CC,CC,GA,GA,GG,GG,CC,AC,GG,AA,CC,AA,CG,GG,AA,AA,GG,TT,CT,CG,CT,,,,,,AA,GG,CC,GG,AA,GG,AA,AA,CC,GG,GG,CC,TT,CC,CT,,CG,TT,GA,AA,AA,,,AA,CC,TT,CC,CC,GG,GG,CT,,GG,GG,GG,TT,GG,GG,AA,AA,CC,CC,,,CT,GG,GG,CC,GG,GG,GA,GA,TC,AC,AA,GC,TT,GG,AA,TT,TC,5G5G,AA,GG,CC,AA,GG,CC,GG,CC,,CC,AA,TT,CC,,,CC,GA,CT,AA,CT,CT,TC,GA,CC,CT,AA,CC,GG,AA,CT,,CC,,,GG,AA,CC,GG,CC,GG,CC,GG,CC,GG,AC,GT,CC,TT,AA,CC,CT,GG,GA,TC,TT,,,,,,,0.0,FA,03-3,Female,20.0,Caucasian,7.5,12.5,5.0,66.7,7.5,8.75,1.3,16.7,115.0,66.5,18.281,104.0,70.0,66.0,5.0,13.33,6.67,16.0,R,111.0,66.5,17.646,5.0,-0.44876612786066655,-1.5728579723865102
FA-1882,CC,ID,CC,GG,CC,AA,GG,GG,,CA,TT,GG,TT,AG,GT,CC,CC,TA,CT,GT,GG,CC,CT,CT,CC,CG,GG,GT,GG,GG,TC,AT,GG,GA,AG,GA,AA,TT,GG,GG,,GG,CC,AA,CT,CC,AG,GG,GG,AA,,"-9, +9",GG,CT,TT,TT,CC,TT,TT,,,,,,,,,AA,CT,CG,AG,CG,GA,TT,CC,CC,CC,CC,GA,GG,AA,AG,CC,AA,AA,AT,CT,AA,GG,GG,AA,AT,GG,TC,TT,CG,CC,,,,,,AA,GG,CT,GG,TA,GA,AA,AA,CC,GA,GG,CC,TT,CC,CC,,CC,TT,GA,AA,CA,,,AG,AC,TA,CC,CA,GG,GC,CT,GG,AG,GA,GC,TT,GG,GG,AA,GG,CC,CC,,,CC,GG,GG,,GG,TT,GG,GG,CC,CC,AA,GG,TT,AA,GG,TT,TC,4G4G,AA,GG,CT,AA,GG,CC,AG,CC,,CC,AG,CT,CC,,,CC,GA,CT,GA,CT,CT,TT,,CC,CC,GG,CC,CC,AA,CT,,CC,,CC,TT,GG,TT,GT,CC,GT,CC,GG,CC,GA,AC,GG,CC,TT,AA,CC,TT,GA,,TT,TG,,,,,,,0.0,FA,03-3,Female,35.0,Caucasian,12.5,18.75,6.3,50.0,15.0,15.0,0.0,0.0,130.0,64.7,21.832,116.0,66.0,64.0,4.67,19.33,6.33,20.33,L,126.0,64.7,21.16,5.67,0.016023546165021094,1.9263986166656584
FA-1883,CC,DD,,GA,TC,GA,CG,AG,CG,CC,TT,GA,TT,AA,TT,CC,CC,AA,CC,TT,GG,CC,CC,TT,CC,GG,GG,GG,GG,GG,CC,TT,GG,GG,AA,GG,GG,CC,TT,GG,,GG,CC,AA,CC,CC,GG,GG,GG,AA,,"-9, +9",AA,CT,TC,CT,AA,AA,TT,,,,,,,,,AG,CT,GG,GG,CC,GG,TT,CC,CT,CC,CG,,GG,AA,AA,TT,CC,GG,TT,CC,AA,GG,GG,AA,AA,GG,TC,CT,CG,CC,,,,,,AA,GG,CC,GG,AA,GG,AA,AA,CC,GG,GG,CT,TT,TC,CC,,CC,TT,GG,AA,CC,,,GG,AA,AA,CC,AA,GG,GG,CC,GG,,GA,GG,TC,GG,GG,AA,GA,CG,CC,,,CC,GG,GG,CC,GG,GG,GG,GG,TT,AA,AA,CC,TC,GG,AA,TT,CC,4G5G,AA,GG,CC,AA,GG,CC,GG,CC,,CT,AA,CT,CG,,,CC,GA,TT,GA,CT,CT,TT,GG,CT,CT,GA,CC,CG,AA,TT,,CT,,CT,GG,AA,,GT,CC,GT,CC,GG,CC,GA,AA,GG,CC,TT,AA,CC,CT,GG,,TC,TT,,,,,,,0.0,FA,03-3,Female,22.0,Caucasian,12.5,13.75,1.3,10.0,12.5,13.75,1.3,10.0,164.0,66.0,26.467,,,72.0,17.67,29.0,17.67,29.0,R,166.0,66.0,26.79,20.33,-1.3792629859542382,-0.1466899603126639
FA-1884,CA,DD,CT,GA,TC,GA,CC,GG,CG,CA,TC,GG,TC,AA,,CT,CC,TA,CC,TT,GG,,CC,,,,,GG,GG,GA,,,,GG,,,GG,CC,GT,GA,,GG,CC,AC,CC,CT,AG,GG,GG,AA,,"-9, +9",GG,CT,TC,CC,AA,TT,CC,,,,,,,,,AA,CC,CG,GG,CG,GG,TT,CC,CT,TT,CC,GA,GA,AA,AA,TT,AA,GA,,CT,AG,GG,GG,AA,AA,GG,CC,,,CC,,,,,,AA,GG,TT,GA,TA,GG,AA,AA,CA,GA,GG,CT,TT,TC,CT,,GG,TT,GA,AA,CC,,,AA,AC,TT,CC,CC,CC,GG,CC,GG,AA,GG,GG,TC,GG,GG,GG,GG,CC,CC,,,CC,GG,GT,CC,TT,GG,GG,GG,TC,AC,AA,GG,TC,AG,AA,TT,TT,5G5G,AC,GG,CC,AA,GG,CC,AG,CT,,CC,AA,CC,CC,,,CC,GG,CT,GA,CT,CC,TT,GG,CC,CC,GA,CG,CC,AA,CT,,CT,,CT,,,CC,GT,CC,GT,CC,GG,CC,GG,AA,GT,CC,GT,AG,CC,CT,GG,GG,TT,TT,,,,,,,0.0,FA,03-3,Female,22.0,Other,12.5,18.75,6.3,50.0,17.5,20.0,2.5,14.3,156.0,72.0,21.155,116.0,58.0,60.0,5.0,15.0,6.0,15.0,R,157.0,72.0,21.291,4.67,6.2281882274732565,5.309684989516169
FA-1885,CC,DD,CC,GG,CC,AA,CG,GA,CG,CC,TC,GG,TT,AG,,CC,CC,TA,CT,TT,GG,,CC,,,,,GG,GG,GA,,,,GG,,,GG,CC,GT,GA,,GG,CC,AA,CC,CT,AG,GA,GG,AA,,"+9, +9",GG,CT,TT,CT,AC,TA,TC,,,,,,,,,AG,CC,GG,GG,CC,GG,TT,CC,CC,TC,CC,GG,GG,AA,AA,CC,CC,GG,,CT,AA,GG,GG,AA,AT,GG,CC,,CG,CC,,,,,,AA,GG,TT,GA,TA,GG,AA,AA,CC,GG,GG,CC,TT,CC,CC,,CG,TC,GG,AA,CC,,,GG,AA,TA,CT,AA,CC,GG,CC,GG,AG,GA,GG,TC,GG,GG,AG,GA,CC,CC,,,CC,GG,GG,CC,GT,GG,GG,GG,CC,CC,AA,GC,TC,AA,AG,TT,TC,4G5G,AA,GG,CC,AA,GA,CC,AG,CT,,CT,AA,CC,CC,,,CC,AA,CT,GA,CC,CC,TT,GG,CC,CT,AA,CC,GG,AA,CT,,TT,,CC,,,CC,TT,TC,TT,CT,GG,CC,GA,AA,TT,CC,TT,AA,CC,TT,GG,,TT,TT,,,,,,,0.0,FA,03-3,Female,33.0,Hispanic,10.0,16.25,6.3,62.5,12.5,13.75,1.3,10.0,119.0,65.7,19.381,116.0,60.0,72.0,3.0,13.0,3.0,14.0,R,122.0,65.7,19.869,3.0,1.319780368823309,2.4063614961612183
FA-1886,CA,ID,CC,GG,CC,AA,CC,GA,CG,CC,TT,GG,TT,AG,GT,CC,CC,TA,CT,TT,GG,CC,CT,TT,CC,GG,GG,GT,GA,GG,CC,TT,GG,GG,AG,GG,GG,CC,GT,GA,,GG,CC,AA,CC,CC,GG,GG,GG,AA,,"-9, -9",AG,TT,TC,TT,AC,TA,TT,,,,,,,,,AG,CT,GG,GG,CG,GG,CC,CG,CC,TC,CC,GG,GA,AA,AA,TC,AC,GA,AT,CT,AG,GG,GA,AT,AT,GG,TT,TT,CG,CC,,,,,,AA,GG,CC,GG,TA,GG,AA,AA,CC,GG,GG,CC,TT,CC,CT,,CG,TT,GA,TT,,,,AG,AC,AA,CT,CA,GC,GG,CC,GG,GG,GG,GG,TC,GG,GG,AA,GA,CC,CT,,,CT,AG,GG,CC,GT,GG,GA,GG,TC,AC,AA,GC,TT,AG,AA,TT,TC,5G5G,AA,GG,CC,AA,GG,CC,GG,CC,,CC,AA,CC,CC,,,CG,GA,TT,GA,CT,CT,,GG,CC,CC,GG,GG,CC,AA,TT,,CT,,CC,GG,AA,CT,GG,CC,GG,CC,GG,CC,GG,AC,TT,CC,TT,AA,CC,CT,GG,GG,TC,TT,,,,,,,0.0,FA,03-3,Female,30.0,Caucasian,7.5,12.5,5.0,66.7,10.0,10.0,0.0,0.0,146.0,66.0,23.562,124.0,78.0,66.0,9.33,19.67,7.33,19.0,R,148.0,66.0,23.885,10.67,-1.955676383133474,-0.32078181641125714
FA-1887,CA,ID,,GG,CC,AA,,,,CC,,,TT,GG,GG,CC,TC,TT,CT,GT,AG,CT,CT,CT,CG,CC,GG,GT,GG,GA,TT,AA,GG,AA,GG,AA,,CT,GG,GA,,,CC,AA,CC,CC,GG,,,AA,,"-9, +9",AG,TT,TC,TT,AA,,TT,,,,,,,,,AA,CT,CG,AG,CC,GG,,,CC,TC,CC,GG,GG,AA,AA,TT,,,AT,CT,AA,GG,GA,AT,,,CC,CT,,,,,,,,AA,GG,CC,GG,AA,GG,AA,AA,CC,GG,GG,CC,,,CT,,,,,,,,,AA,CC,TA,CT,CC,GC,GG,CT,,,,,,,,,,,,,,,GG,GG,CC,,TT,GA,GG,TC,AC,AA,,,,,,TC,,,,,,,,,,,,,CT,CC,,,CG,GA,,,,,,,,,,,,,,,CT,,,GT,AG,,GG,CC,GG,CC,,,,AC,GT,CC,TT,AA,CT,CT,GG,GA,TC,,,,,,,,0.0,FA,03-3,Female,22.0,Caucasian,10.0,21.25,11.3,112.5,10.0,10.0,0.0,0.0,191.0,61.3,35.733,134.0,94.0,78.0,28.33,40.33,28.67,43.33,R,181.0,61.3,33.862,26.33,1.2976736959261737,-0.9526123373890718
FA-1888,CC,ID,CT,GA,TC,GA,CC,GA,,CC,TC,GG,TT,AA,,CC,CC,AA,CC,TT,GG,,CC,,,,,GG,GG,GG,,,,GG,,,GA,CT,GT,GG,,GG,CC,AA,CT,CC,AG,GG,GG,AA,,,AA,CT,TT,CT,AA,TA,TC,,,,,,,,,AA,CT,GG,AG,CG,GG,TT,CC,CT,TC,CG,GG,GG,AG,AG,TC,AC,GG,,CT,AA,GG,GA,AT,AT,GG,TC,,CG,CC,,,,,,AA,GG,CC,GG,TA,GG,AA,AA,CC,GG,GG,CC,TT,CC,TT,,GG,TT,GG,AA,CA,,,AG,AC,TT,CC,CC,GG,GG,CT,GA,AA,,GC,TC,GG,GG,AA,AA,CC,CT,,,CT,AG,GG,CC,GT,GT,GA,GG,TT,AA,AA,GC,TC,AA,GG,TT,CC,4G5G,AA,GG,CT,AA,GG,CC,AG,CC,,CC,AA,CC,CG,,,CC,GG,TT,AA,CT,CT,TC,GA,CC,CC,GG,CG,CC,AA,CC,,CT,,TT,,,CT,TT,TT,TT,TT,GG,CC,GA,AC,GT,CC,TT,AA,CC,TT,GG,GG,TT,TT,,,,,,,,,,,,,,,,,,,,,,,,,,,,,,,,,,,,-2.1467236339125564,0.03797195941848863
FA-1889,,,,,,,,,,,,,,,,,,,,,,,,,,,,,,,,,,,,,,,,,,,,,,,,,,,,,,,,,,,,,,,,,,,,,,,,,,,,,,,,,,,,,,,,,,,,,,,,,,,,,,,,,,,,,,,,,,,,,,,,,,,,,,,,,,,,,,,,,,,,,,,,,,,,,,,,,,,,,,,,,,,,,,,,,,,,,,,,,,,,,,,,,,,,,,,,,,,,,,,,,,,,,,,,,,,,,,,,,,,,,,,,,,,,,,,,,,,,,,,,,,,,,,,,,,,,,,,4.144103703791282e-17,-1.0900765763055393e-17
FA-1890,CC,ID,,AA,TT,GG,,,,CC,,,TC,AG,,CC,TC,TA,CC,TT,GG,,CC,,,,,GG,GG,GA,,,,GG,,,,CC,TT,GG,,,CC,AA,CC,CT,GG,,,AA,,"+9, +9",GG,CC,CC,TT,AC,,CC,,,,,,,,,AG,CT,GG,GG,CC,GG,,,TT,TC,CG,GG,GG,GG,AA,TT,,,,CT,AA,GG,GG,AA,,,TT,,,,,,,,,AA,GG,CC,GG,AA,GG,AA,AA,CC,GG,GG,CT,,,CC,,,,,,,,,AG,AC,AA,CC,CA,GG,GG,CT,,,,,,,,,,,,,,,GG,GG,CC,,GG,AA,GG,TT,AA,AA,,,,,,TT,,,,,,,,,,,,,CC,CC,,,CG,GA,,,,,,,,,,,,,,,CC,,,,,,GG,CC,GG,CC,,,,CC,TT,CC,TT,AA,CC,TT,AA,GG,TT,,,,,,,,,,,,,,,,,,,,,,,,,,,,,,,,,,,,,0.9390254391925609,-2.730398095143811
FA-1891,AA,,,GA,TC,GA,,,,CA,,,TT,AG,,CT,CC,TT,CT,TT,GG,,CT,,,,,GT,GG,GA,,,,GA,,,,CC,,GA,,,CC,AA,CC,CC,GG,,,AA,,"-9, +9",GG,CT,TC,CT,AA,,TT,,,,,,,,,AA,CC,CG,GG,CC,GA,,,CT,TT,CC,GA,GG,AG,AG,TC,,,,CT,AA,CG,GG,AA,,,TT,,,,,,,,,AG,GG,CT,,TA,GA,AA,AA,CC,GA,GG,CC,,,CC,,,,,,,,,AG,AC,TT,CC,CA,GG,GG,CC,,,,,,,,,,,,,,,AG,GT,CC,,GT,GA,GG,TC,AC,AA,,,,,,TT,,,,,,,,,,,,,CC,CC,,,CG,AA,,,,,,,,,,,,,,,CC,,,,,,GT,TC,GT,CT,,,,AC,TT,CT,GT,AG,,TT,,GG,TT,,,,,,,,,,,,,,,,,,,,,,,,,,,,,,,,,,,,,1.1276205393195617,2.100790313416821
FA-1892,CC,,,GG,CC,AA,,,,CA,,,TT,GG,GG,CC,TC,TT,CT,GT,AG,CT,CT,CT,CG,CC,GG,GT,GG,GA,TC,AA,GG,AA,GG,AA,,CC,TT,GG,,,CC,AA,CC,CC,GG,,,AA,,"-9, -9",AG,TT,TC,TT,AC,,TC,,,,,,,,,AG,CT,CG,AG,,GG,,,CC,CC,CC,GA,GG,AG,,,,,TT,CC,AA,CG,,,,,TT,CC,,,,,,,,,,CC,,,,,,,,,CT,,,TT,,,,,,,,,,,,,AA,GC,GC,CC,,,,,,,,,,,,,,,GG,GG,CC,,GT,,,,,,,,,,,CC,,,,,,,,,,,,,CT,,,,,GG,,,,,,,,,,,,,,,CT,,,GG,AA,,GT,TC,GT,CT,,,,AC,TT,CC,GT,AG,,,,,TT,,,,,,,,0.0,FA,04-1,Male,29.0,Caucasian,26.25,30.0,3.8,14.3,28.75,25.0,-3.8,-13.0,146.0,69.0,21.558,126.0,76.0,66.0,3.0,7.33,3.0,8.0,R,146.0,68.5,21.874,2.0,2.274383756721206,-0.5621003468740926
FA-1893,CA,,,GG,CC,AA,,,,CA,,,TT,AG,,CT,CC,TT,CT,TT,GG,,CT,,,,,GT,GA,GA,,,,GG,,,,CC,GG,AA,,,CC,AA,CC,CC,AG,,,AA,,"-9, +9",GG,CT,TT,CC,AA,,TC,,,,,,,,,AA,CT,CC,AG,CC,GG,,,CC,,CC,GA,GG,AG,AA,TT,,,,TT,AA,GG,GG,AA,,,CC,,,,,,,,,AG,GG,CT,,TA,GG,AA,AA,CC,GA,GG,CT,,,CC,,,,,,,,,AA,CC,TA,CC,CC,GC,GG,CC,,,,,,,,,,,,,,,GG,GT,CC,,GG,GG,GG,TT,AA,AA,,,,,,TC,,,,,,,,,,,,,CC,CC,,,CC,GG,,,,,,,,,,,,,,,CC,,,,,,GG,CC,GG,CC,,,,AA,TT,CC,GT,AG,,TT,GA,GG,,,,,,,,,,,,,,,,,,,,,,,,,,,,,,,,,,,,,,1.7034101491661489,2.3543173847900554
FA-1894,CC,,,GA,TC,GA,,,,CC,,,TT,AA,TT,CC,CC,AA,CC,TT,GG,CC,CC,TT,CC,GG,GG,GG,GG,GG,CC,TT,GA,GG,AA,GG,,CC,GT,GA,,,CC,AA,CC,CC,GG,,,AA,,"-9, -9",AG,TT,TT,TT,AC,,TT,,,,,,,,,GG,CC,GG,AG,CG,GG,,,CT,TT,CC,GA,GG,AG,AA,TT,,,TT,CT,AA,GG,GG,AA,,,TT,CC,,,,,,,,AA,GG,CT,,AA,GG,AA,AA,CC,GG,GG,CC,,,TT,,,,,,,,,GG,AA,TT,CC,AA,GG,GG,CT,,,,,,,,,,,,,,,GG,GG,CC,,GT,GG,GG,TT,AA,AA,,,,,,TT,,,,,,,,,,,,,CT,CC,,,CC,GA,,,,,,,,,,,,,,,CT,,,GT,AG,,GG,CC,GG,CC,,,,AA,GT,CT,GT,AG,,TT,,GG,TT,,,,,,,,0.0,FA,04-1,Female,21.0,Caucasian,7.5,12.5,5.0,66.7,7.5,10.0,2.5,33.3,120.0,66.0,19.366,112.0,64.0,78.0,6.33,11.33,5.67,11.67,R,122.0,65.2,20.175,7.0,-0.31607899553046664,-1.2921740261088095
FA-1895,CA,,,GG,CC,AA,,,,CA,,,TT,AG,,CC,TC,TA,CC,GT,AG,,CC,,,,,GT,GG,GG,,,,GG,,,,CT,GG,GG,,,CC,AA,CC,CC,GG,,,AA,,"-9, +9",GG,CT,TT,CT,AA,,TC,,,,,,,,,AG,CC,CG,AG,CC,GG,,,CC,CC,CC,GA,GG,GG,GG,CC,,,,TT,AA,GG,GA,AT,,,TC,,,,,,,,,AG,GG,CT,,TA,GG,AA,AA,CC,GA,GG,CC,,,CC,,,,,,,,,AG,AC,AA,CC,CA,GC,GC,CC,,,,,,,,,,,,,,,GG,GT,CT,,GG,GG,GG,TT,AA,AA,,,,,,TT,,,,,,,,,,,,,CC,CC,,,CG,GG,,,,,,,,,,,,,,,CC,,,,,,GG,CC,GG,CC,,,,AA,TT,CT,TT,AA,,CT,GG,GG,TC,,,,,,,,0.0,FA,04-1,Female,25.0,Other,8.75,12.5,3.8,42.9,11.25,10.0,-1.3,-11.1,131.0,62.5,23.576,110.0,60.0,78.0,7.33,21.67,8.0,21.67,R,126.0,61.5,23.419,8.67,2.1807018021303364,0.11325721098419285
FA-1896,CC,,,GG,CC,AA,,,,CC,,,TT,AG,,CT,TC,TT,CT,TT,GG,,CT,,,,,GT,GA,GA,,,,GG,,,,CC,GT,GA,,,CC,AA,CC,CT,GG,,,AA,,"-9, +9",AG,CC,TT,CC,AA,,TT,,,,,,,,,AA,TT,GG,GG,CG,GG,,,CC,TC,CC,GG,GG,GG,AG,TC,,,,CC,AA,GG,GA,AT,,,CC,,,,,,,,,AA,GA,TT,,AA,GG,AA,AA,CC,GG,GG,CC,,,CC,,,,,,,,,,CC,TA,CC,CC,GG,GC,CT,,,,,,,,,,,,,,,GG,GT,CC,,GG,GA,GG,TT,AA,AA,,,,,,TT,,,,,,,,,,,,,CC,CC,,,CC,GA,,,,,,,,,,,,,,,CC,,,,,,GG,CC,GG,CC,,,,AA,TT,CT,TT,AA,,TT,GG,GG,TT,,,,,,,,,,,,,,,,,,,,,,,,,,,,,,,,,,,,,1.72578942413953,1.6529404963936618
FA-1897,CC,,,AA,TT,GG,,,,CC,,,TT,AA,,CT,TC,TA,CC,TT,GG,,CC,,,,,GG,GG,GA,,,,GA,,,,CT,GG,GA,,,CC,AA,CT,CC,AG,,,AA,,"-9, +9",GG,CT,TT,CT,AC,,CC,,,,,,,,,AG,CC,CG,GG,CG,GG,,,TT,TC,GG,GG,GG,AA,AA,TT,,,,CT,AA,GG,GA,AT,,,TT,,,,,,,,,AA,GG,CC,,TA,GG,AA,AT,CA,GA,GG,CT,,,CC,,,,,,,,,AG,AC,TT,CC,CA,GG,GC,CT,,,,,,,,,,,,,,,AG,GG,CC,,GT,GG,GG,TT,AA,AA,,,,,,TC,,,,,,,,,,,,,TT,CC,,,CC,GG,,,,,,,,,,,,,,,CC,,,,,,GT,TC,GT,CT,,,,CC,TT,CC,TT,AA,,TT,GG,GG,TT,,,,,,,,0.0,FA,04-1,Male,38.0,Hispanic,25.0,27.5,2.5,10.0,25.0,22.5,-2.5,-10.0,180.0,66.7,28.443,128.0,40.0,60.0,6.0,16.0,6.0,16.0,R,180.0,66.5,28.614,8.0,2.7203449260841404,0.7086678234996111
FA-1898,CA,,,GA,TC,AA,,,,CC,,,TT,AA,TT,CC,CC,AA,CC,TT,GG,CC,CC,TT,CC,GG,GG,GG,GG,GG,CC,TT,GG,GG,AA,GG,,CT,GT,GG,,,CC,AA,CC,CT,GG,,,AA,,"+9, +9",AA,TT,TC,CT,AC,,CC,,,,,,,,,AG,CC,CG,AG,CC,GG,,,TT,TT,CC,GG,GG,GG,AG,CC,,,AA,CT,AG,GG,GG,AA,,,TC,CT,,,,,,,,AA,GG,CT,,AA,GG,AA,AA,CC,GG,GG,CC,,,CT,,,,,,,,,AG,AC,TT,,CA,GC,GG,CC,,,,,,,,,,,,,,,GG,GG,CC,,GT,GG,GG,TC,AC,AA,,,,,,TC,,,,,,,,,,,,,CT,CC,,,CC,GG,,,,,,,,,,,,,,,CC,,,GG,AA,,TT,TT,TT,TT,,,,AC,TT,CC,TT,AA,,TT,,GG,TT,,,,,,,,0.0,FA,04-1,Female,33.0,Caucasian,7.5,12.5,5.0,66.7,10.0,10.0,0.0,0.0,159.0,62.0,29.078,,,,12.67,31.67,14.33,31.33,R,161.0,62.0,29.444,14.67,-1.2527046044566028,0.18089936209521965
FA-1899,CC,,,GG,CC,AA,,,,CA,,,TT,AA,,CC,CC,AA,CC,TT,GG,,CC,,,,,GG,GG,GG,,,,GG,,,,CC,TT,GG,,,CC,AA,CT,CC,AG,,,AA,,"-9, -9",GG,CT,TT,TT,AA,,TC,,,,,,,,,AG,CT,GG,GG,CC,GG,,,CC,TT,CG,GA,GG,AG,GG,CC,,,,TT,AA,GG,GG,AA,,,TC,,,,,,,,,AA,GG,CT,,AA,GG,AA,AA,CC,GG,GG,CC,,,CT,,,,,,,,,AA,CC,TA,CT,CC,CC,GG,CC,,,,,,,,,,,,,,,GG,GG,CC,,GG,GG,GA,CC,CC,AA,,,,,,TT,,,,,,,,,,,,,CT,CC,,,CC,GA,,,,,,,,,,,,,,,CC,,,,,,GT,CC,GT,CC,,,,AA,GT,CC,GT,AG,,CT,,GA,TC,,,,,,,,0.0,FA,04-1,Female,26.0,Other,17.5,18.75,1.3,7.1,18.75,12.5,-6.3,-33.3,147.0,66.5,23.368,,,,6.0,13.33,4.0,15.33,R,142.0,66.5,22.574,5.0,-0.3389144905158957,-0.4700219143346189
FA-1900,CC,,,GG,CC,AA,,,,AA,,,TT,AA,,CT,CC,TA,CC,TT,GG,,CC,,,,,GG,GG,GA,,,,GA,,,,TT,GG,GG,,,CC,AA,CC,CC,AG,,,AA,,"-9, +9",GG,TT,TT,CC,AC,,TC,,,,,,,,,AA,CT,GG,GG,CC,GG,,,CC,CC,CC,GA,GG,AG,AA,TC,,,,CC,GG,CG,GG,AA,,,TC,,,,,,,,,AA,GG,CT,,AA,GG,AA,AA,CC,GG,GG,CC,,,CC,,,,,,,,,GG,AA,TT,CC,CA,GC,GG,CC,,,,,,,,,,,,,,,AG,TT,CC,,GG,GA,GG,TT,AA,AA,,,,,,TC,,,,,,,,,,,,,CC,CC,,,CC,GG,,,,,,,,,,,,,,,CC,,,,,,GG,CC,GG,CC,,,,AA,GG,CC,TT,AA,,CT,GA,GA,TC,,,,,,,,,,,,,,,,,,,,,,,,,,,,,,,,,,,,,0.8557336209052242,-0.06762102035344203
FA-1901,CA,,,AA,TT,GG,,,,CC,,,TT,AG,TT,CC,TC,TA,CC,GT,AG,CT,CC,TT,CC,CC,GG,GG,GG,GA,TC,AA,GG,GA,GG,AA,,CT,GT,GG,,,CC,AA,TT,CC,AA,,,AA,,"-9, +9",GG,TT,TT,CT,AC,,TC,,,,,,,,,AG,CC,CG,AG,CC,GA,,,TT,TC,CC,GA,GA,AG,AG,TC,,,AA,CC,AA,GG,GG,AA,,,TC,CT,,,,,,,,AA,GG,CC,,AA,GG,AA,AA,CC,GG,GG,CC,,,CC,,,,,,,,,GG,AA,TA,CT,AA,GG,GG,CC,,,,,,,,,,,,,,,GG,GT,CT,,GG,GA,GG,TT,AA,AA,,,,,,TC,,,,,,,,,,,,,CT,CC,,,CC,GA,,,,,,,,,,,,,,,,,,GG,AA,,GG,CC,GG,CC,,,,AC,GT,CC,TT,AA,,CT,GG,GA,TC,,,,,,,,0.0,FA,04-1,Male,32.0,Caucasian,25.0,30.0,5.0,20.0,25.0,26.25,1.3,5.0,194.0,71.0,27.055,130.0,74.0,60.0,10.67,16.67,9.33,19.33,R,193.0,71.0,26.915,9.0,1.2665284668772525,-2.5196510054760353
FA-1902,CC,,,GG,CC,AA,,,,CA,,,TT,AG,GT,CC,TC,TA,CC,GT,AG,CC,CC,TT,CG,CG,GG,GG,GG,GA,TC,AT,GG,GA,GG,GA,,CT,GT,GG,,,CC,AA,CC,CT,GG,,,AA,,"+9, +9",AA,TT,TT,TT,AA,,TT,,,,,,,,,AG,CT,CG,GG,CC,GA,,,CC,TC,CG,GA,GG,AA,AA,TT,,,AA,CT,AA,CG,GG,AA,,,TC,CT,,,,,,,,AA,GG,TT,,AA,GG,AA,AA,CC,GG,GG,CC,,,CT,,,,,,,,,AG,AC,TT,CC,CA,GC,GG,CT,,,,,,,,,,,,,,,AG,GG,CC,,GG,GA,GG,CC,CC,AA,,,,,,TC,,,,,,,,,,,,,CT,CC,,,CC,GA,,,,,,,,,,,,,,,CC,,,GT,AG,,GT,TC,GT,CT,,,,AC,GT,CC,TT,AA,,TT,GA,GG,TT,,,,,,,,0.0,FA,04-1,Female,23.0,Caucasian,12.5,18.25,5.8,46.0,12.5,11.25,-1.3,-10.0,118.0,64.2,20.126,,,,5.67,14.33,6.67,15.0,R,125.0,64.0,21.454,8.0,1.3968681170211632,-2.1795248896650596
FA-1903,CC,,,AA,TT,GG,,,,CC,,,TT,AA,,CC,CC,AA,CC,TT,GG,,CC,,,,,GG,GG,GG,,,,GG,,,,CC,GT,GA,,,CC,AA,CC,CT,GG,,,AA,,"-9, +9",GG,CT,CC,CT,AC,,TC,,,,,,,,,GG,CC,CC,AG,CC,GA,,,TT,TT,CC,GA,GG,AA,AA,TT,,,,CC,AA,GG,GG,AA,,,TC,,,,,,,,,AA,GG,CT,,AA,GG,AA,AA,CC,GG,GG,CC,,,CT,,,,,,,,,AG,AC,TA,CC,CC,GG,CC,CC,,,,,,,,,,,,,,,GG,GG,CC,,GT,GA,GG,TC,AC,AA,,,,,,TC,,,,,,,,,,,,,CC,CC,,,CC,GG,,,,,,,,,,,,,,,CC,,,,,,GT,TC,GT,CT,,,,AA,GG,CC,TT,AA,,TT,GG,GG,TT,,,,,,,,,,,,,,,,,,,,,,,,,,,,,,,,,,,,,-0.8842120367329809,-0.6490733985350029
FA-1904,CC,,,GA,TC,GA,,,,CC,,,TT,AG,,CC,CC,TA,CT,TT,GG,,CC,,,,,GT,GG,GG,,,,GA,,,,CC,GT,GA,,,CC,AA,CC,CC,AG,,,AA,,"+9, +9",AG,CT,TC,CT,AA,,CC,,,,,,,,,AA,CT,CG,AG,CG,GG,,,CT,TC,CG,GA,GG,AA,AA,TT,,,,CT,AG,GG,GA,AT,,,TC,,,,,,,,,AA,GG,CT,,AA,GG,AA,AA,CC,GG,GG,TT,,,CC,,,,,,,,,GG,AA,AA,CC,AA,GG,GG,CT,,,,,,,,,,,,,,,GG,GG,CC,,GT,GG,GG,CC,CC,AA,,,,,,TT,,,,,,,,,,,,,CT,CC,,,CC,GG,,,,,,,,,,,,,,,CC,,,,,,GG,CC,GG,CC,,,,CC,TT,CC,TT,AA,,CT,GG,GA,TC,,,,,,,,0.0,FA,04-1,Female,27.0,Hispanic,10.0,15.0,5.0,50.0,11.25,12.5,1.3,11.1,113.0,60.7,21.56,104.0,54.0,72.0,10.67,20.0,15.0,23.33,L,112.0,60.5,21.511,9.33,-0.9287372412850019,-0.49011467567811395
FA-1905,,,,,,,,,,,,,,,,,,,,,,,,,,,,,,,,,,,,,,,,,,,,,,,,,,,,,,,,,,,,,,,,,,,,,,,,,,,,,,,,,,,,,,,,,,,,,,,,,,,,,,,,,,,,,,,,,,,,,,,,,,,,,,,,,,,,,,,,,,,,,,,,,,,,,,,,,,,,,,,,,,,,,,,,,,,,,,,,,,,,,,,,,,,,,,,,,,,,,,,,,,,,,,,,,,,,,,,,,,,,,,,,,,,,,,,,,,,,,,,,,,,,,,,,,,,,,,,4.144103703791282e-17,-1.0900765763055393e-17
FA-1906,CA,,,GA,TC,GA,,,,CA,,,TT,GG,,CC,TT,TT,CC,GT,AA,,CC,,,,,GG,GG,AA,,,,GA,,,,CT,GT,GG,,,CC,AA,CC,CT,GG,,,AA,,"-9, +9",AG,CT,TT,TT,AA,,TC,,,,,,,,,AG,TT,CG,AG,CG,GG,,,CT,CC,CC,GA,GA,AG,AG,TC,,,,CC,AA,GG,GG,AA,,,TT,,,,,,,,,AA,GG,CC,,AA,GG,AA,AA,CC,GG,GG,TT,,,TT,,,,,,,,,AA,CC,TA,CC,CC,GG,GG,CC,,,,,,,,,,,,,,,GG,GT,CT,,GG,GG,GG,CC,CC,AA,,,,,,TT,,,,,,,,,,,,,CT,CC,,,CC,GG,,,,,,,,,,,,,,,CT,,,,,,GG,CC,GG,CC,,,,CC,TT,CC,TT,AA,,CT,GA,GA,TC,,,,,,,,,,,,,,,,,,,,,,,,,,,,,,,,,,,,,3.3376638050703913,-2.777169320743282
FA-1907,CC,,,GA,TC,GA,,,,CC,,,TT,AA,,CC,CC,AA,CC,TT,GG,,CC,,,,,GG,GG,GG,,,,GG,,,,CC,GG,GA,,,CC,AA,CC,CC,GG,,,AA,,"+9, +9",GG,CT,TC,CT,AC,,TC,,,,,,,,,AG,CT,CG,AG,CC,GG,,,CT,CC,CG,GG,GG,AA,AA,TT,,,,CC,AA,CG,GG,AA,,,TT,,,,,,,,,AA,GG,CC,,AA,GG,AA,AA,CC,GG,GG,CC,,,CC,,,,,,,,,AA,CC,TA,CT,CA,GC,GG,CC,,,,,,,,,,,,,,,AG,GG,CC,,GT,GG,GA,TC,AC,AA,,,,,,TC,,,,,,,,,,,,,CT,CC,,,CC,GA,,,,,,,,,,,,,,,TT,,,,,,GG,CC,GG,CC,,,,AA,GG,CC,TT,AA,,TT,GA,GG,TT,,,,,,,,,,,,,,,,,,,,,,,,,,,,,,,,,,,,,-1.6884037613443064,-1.3653613960144186
FA-1908,,,,,,,,,,,,,,,,,,,,,,,,,,,,,,,,,,,,,,,,,,,,,,,,,,,,,,,,,,,,,,,,,,,,,,,,,,,,,,,,,,,,,,,,,,,,,,,,,,,,,,,,,,,,,,,,,,,,,,,,,,,,,,,,,,,,,,,,,,,,,,,,,,,,,,,,,,,,,,,,,,,,,,,,,,,,,,,,,,,,,,,,,,,,,,,,,,,,,,,,,,,,,,,,,,,,,,,,,,,,,,,,,,,,,,,,,,,,,,,,,,,,,,,,,,,,,,,4.144103703791282e-17,-1.0900765763055393e-17
FA-1909,CA,,,GA,TC,GA,,,,CA,,,TT,AG,,CC,CC,TT,CT,GT,GG,,CT,,,,,GG,GG,GA,,,,GG,,,,,,,,,CC,AC,CC,CC,AG,GG,,AA,,"-9, -9",AG,CT,TT,CC,AA,,CC,,,,,,,,,AG,CC,CC,GG,,GA,,,CT,TT,CC,GA,GG,AA,,,,,,CT,AA,GG,,,,,TC,,,,,,,,,,,CT,,,,,,,,,TT,,,CC,,,,,,,,,AG,CC,TT,CC,CA,GC,GG,CC,,,,,,,,,,,,,,,GG,GG,CT,,GG,,,,,,,,,,,TT,,,,,,,,,,,,,CT,CC,,,CC,GG,,,,,,,,,,,,,,TT,,,,,,,GG,TC,GG,CT,,,,AA,GT,CC,TT,AA,,,,,TC,,,,,,,,0.0,FA,04-3,Female,22.0,Other,13.75,22.5,8.8,63.6,15.0,16.25,1.3,8.3,137.0,59.0,27.668,116.0,70.0,60.0,11.0,21.33,11.0,23.67,R,141.0,59.8,27.719,15.0,1.7170829237897085,2.1090075651368716
FA-1910,CC,,,GA,TC,GA,,,,CC,,,TT,AG,GT,CC,CC,TA,CT,TT,GG,CC,CT,CT,CC,CG,GG,GT,GG,GG,TC,AT,GG,AA,GG,AA,,CT,GG,GA,,,CC,AA,CT,CC,AG,GG,GG,AA,,"-9, +9",GG,CT,TT,CT,AC,,TC,,,,,,,,,AA,TT,CC,AA,,GG,,,CT,TT,CC,GG,GA,AG,,,,,AT,,AA,CG,,,,,TT,CT,,,,,,,,,,CT,,,,,,,,,CC,,,CT,,,,,,,,,AG,AC,TA,CT,CA,GC,GG,CC,,,,,,,,,,,,,,,AG,GG,CC,,TT,,,,,,,,,,,TC,,,,,,,,,,,,,CC,CC,,,CC,GG,,,,,,,,,,,,,,CC,,,,TT,GG,,GG,CC,GG,CC,,,,AA,GT,CC,TT,AA,,,,,CC,,,,,,,,0.0,FA,04-3,Male,29.0,Caucasian,28.75,33.75,5.0,17.4,28.75,30.0,1.3,4.3,260.0,68.0,39.529,136.0,86.0,88.0,33.33,44.0,32.0,49.0,R,259.0,68.0,39.377,33.67,-2.0298923273991734,0.5816254989563255
FA-1911,CA,,,GA,TC,GA,,,,CC,,,TT,AG,,CT,TC,TT,CC,GT,AG,,CC,,,,,GT,GG,GA,,,,GG,,,,CC,GG,GG,,,CG,AA,CC,CT,AG,GG,GG,AA,,"-9, -9",GG,CT,TT,CC,AA,,TC,,,,,,,,,AG,CC,CG,GG,,GG,,,CT,CC,CC,GG,GG,GG,,,,,,TT,AA,GG,,,,,CC,,,,,,,,,,,TT,,,,,,,,,CT,,,CC,,,,,,,,,GG,AC,TT,CC,CA,GG,GG,CC,,,,,,,,,,,,,,,GG,GT,CC,,GG,,,,,,,,,,,CC,,,,,,,,,,,,,CC,CC,,,CC,GG,,,,,,,,,,,,,,CT,CC,,,,,,GT,TC,GT,CT,,,,AA,GG,CC,TT,AA,,,,,TC,,,,,,,,0.0,FA,04-3,Female,21.0,Other,11.25,20.0,8.8,77.8,10.0,8.75,-1.3,-12.5,147.0,66.0,23.724,110.0,74.0,80.0,15.33,27.67,14.33,31.33,R,152.0,66.0,24.531,15.0,2.8537847987756204,0.7047978898039833
FA-1912,CA,,,AA,TT,GG,,,,CA,,,TC,AG,,CC,TC,TA,CC,GT,AG,,CC,,,,,GG,GG,GA,,,,GA,,,,CC,TT,GG,,,CC,AA,CC,CT,GG,GG,GG,AA,,"-9, +9",GG,TT,TT,CC,AA,,TC,,,,,,,,,AG,CC,CG,AG,,GG,,,TT,TT,CG,GA,GG,AA,,,,,,TT,AA,GG,,,,,TC,,,,,,,,,,,CT,,,,,,,,,CC,,,CC,,,,,,,,,AA,AC,TA,CC,CA,GG,GG,CC,,,,,,,,,,,,,,,GG,GG,CC,,TT,,,,,,,,,,,TT,,,,,,,,,,,,,CT,CC,,,CC,GA,,,,,,,,,,,,,,CC,,,,,,,GT,TC,GT,CT,,,,AA,GG,CC,TT,AA,,,,,TT,,,,,,,,0.0,FA,04-3,Male,26.0,Hispanic,21.25,27.5,6.3,29.4,26.25,26.25,0.0,0.0,173.0,67.8,26.457,120.0,78.0,68.0,10.0,23.0,13.0,24.0,R,179.0,67.3,27.783,12.0,1.7944930444269906,-1.7836851268662415
FA-1913,CA,,,GA,TC,GA,,,,CC,,,TT,AG,,CC,CC,TA,CT,TT,GG,,CT,,,,,GT,GG,GG,,,,AA,,,,CT,GT,GG,,,CC,AA,CC,CC,GG,GG,GG,AA,,"-9, -9",AG,CT,TC,TT,AA,,TC,,,,,,,,,AG,CT,GG,GG,,AA,,,CT,CC,CC,GG,GG,AG,,,,,,CT,AG,GG,,,,,TC,,,,,,,,,,,CT,,,,,,,,,CC,,,CT,,,,,,,,,GG,AC,TT,CC,AA,GC,GC,CT,,,,,,,,,,,,,,,GG,GG,CC,,GT,,,,,,,,,,,TC,,,,,,,,,,,,,CT,CC,,,CC,GG,,,,,,,,,,,,,,TT,TT,,,,,,GG,CC,GG,CC,,,,AA,GT,CC,GT,AG,,,,,TC,,,,,,,,,,,,,,,,,,,,,,,,,,,,,,,,,,,,,-0.48084102730769024,0.8263852188427213
FA-1914,CC,,,GG,CC,AA,,,,CC,,,TT,AG,GT,CC,CC,TT,CT,TT,GG,CC,CT,TT,CC,CC,GG,GT,GA,GA,TC,AA,GG,GG,AA,GG,,CT,GG,GA,,,CC,AA,CC,CT,GG,GG,GG,AA,,"-9, -9",AG,CC,TT,CC,AA,,TC,,,,,,,,,AA,CC,CG,GG,,GG,,,CC,TT,CC,GG,GG,AG,,,,,AA,CC,AA,GG,,,,,TC,CT,,,,,,,,,,TT,,,,,,,,,CC,,,CC,,,,,,,,,AA,CC,TT,CC,CC,GC,GG,CC,,,,,,,,,,,,,,,AG,GT,CC,,GG,,,,,,,,,,,TT,,,,,,,,,,,,,CC,CC,,,CC,GG,,,,,,,,,,,,,,CT,CT,,,TT,GG,,GG,CC,GG,CC,,,,AA,GG,CC,TT,AA,,,,,TT,,,,,,,,0.0,FA,04-3,Female,20.0,Caucasian,12.5,17.5,5.0,40.0,12.5,13.75,1.3,10.0,136.0,68.5,20.376,114.0,64.0,78.0,10.67,14.33,9.33,16.33,R,136.0,67.8,20.799,8.67,0.9305619083466447,1.9601313197092227
FA-1915,CA,,,GG,CC,AA,,,,CC,,,TC,AG,,CC,CC,TA,CT,TT,GG,,CT,,,,,GT,GA,GA,,,,GG,,,,CC,GT,GA,,,CC,AA,CC,CT,GG,GA,GG,AA,,"-9, +9",AG,TT,TC,CT,AA,,TC,,,,,,,,,AA,CC,GG,AG,,GA,,,CC,TC,CG,GG,GA,AG,,,,,,CT,AG,CG,,,,,TC,,,,,,,,,,,TT,,,,,,,,,CC,,,CT,,,,,,,,,GG,AA,TT,CC,AA,GG,GG,CT,,,,,,,,,,,,,,,AG,GG,CC,,GG,,,,,,,,,,,TC,,,,,,,,,,,,,CC,CC,,,CC,GA,,,,,,,,,,,,,,CT,CC,,,,,,GG,TT,GG,TT,,,,AC,TT,CC,TT,AA,,,,,TT,,,,,,,,0.0,FA,04-3,Female,28.0,Other,7.5,12.5,5.0,66.7,7.5,8.75,1.3,16.7,114.0,66.0,18.398,90.0,45.0,68.0,11.67,19.33,14.0,21.67,R,116.0,65.5,19.008,11.67,-0.38019445021559295,0.5706926940512438
FA-1916,CA,,,GG,CC,AA,,,,CC,,,TT,AA,,CC,CC,AA,CC,TT,GG,,CC,,,,,GG,GG,GG,,,,GA,,,,CC,GG,AA,,,CC,AA,CC,CC,AA,GA,GG,AA,,"-9, +9",AG,CT,TC,CC,AA,,TT,,,,,,,,,AA,CT,GG,GG,,GG,,,CC,TC,CC,GG,GG,AA,,,,,,CT,AA,GG,,,,,TC,,,,,,,,,,,CT,,,,,,,,,CT,,,CT,,,,,,,,,AA,CC,TA,CT,CC,GG,GG,CC,,,,,,,,,,,,,,,GG,GG,CT,,GT,,,,,,,,,,,TT,,,,,,,,,,,,,CC,CG,,,CC,GG,,,,,,,,,,,,,,CT,CC,,,,,,GT,TC,GT,CT,,,,AC,GT,CC,TT,AA,,,,,TT,,,,,,,,0.0,FA,04-3,Male,20.0,Hispanic,22.5,32.5,10.0,44.4,26.25,30.0,3.8,14.3,165.0,70.5,23.338,104.0,70.0,80.0,5.33,11.0,5.0,12.0,R,169.0,70.5,23.904,5.0,-0.42667482329010614,0.3462201181435977
FA-1917,CC,,,GG,CC,AA,,,,CC,,,TT,GG,,CC,CC,TT,TT,TT,GG,,CT,,,,,TT,GA,GG,,,,GA,,,,CC,TT,GG,,,CC,AA,CT,CC,AG,GG,GG,AA,,"-9, -9",AA,CT,TT,CT,AC,,TC,,,,,,,,,AG,CT,CC,AA,,GA,,,CC,CC,CC,GG,GA,AA,,,,,,CT,AA,GG,,,,,TT,,,,,,,,,,,TT,,,,,,,,,CC,,,CT,,,,,,,,,AA,CC,TT,CC,CC,GC,GG,CT,,,,,,,,,,,,,,,GG,GG,TT,,GG,,,,,,,,,,,TC,,,,,,,,,,,,,CT,CC,,,CC,GA,,,,,,,,,,,,,,CC,,,,,,,GT,TC,GT,CT,,,,AA,GG,CC,TT,AA,,,,,TC,,,,,,,,,,,,,,,,,,,,,,,,,,,,,,,,,,,,,-1.2329055601642402,2.2464515467269166
FA-1918,CC,,,GA,TC,GA,,,,CC,,,TT,AG,GT,CC,CC,TA,CT,TT,GG,CC,CT,TT,CC,CG,GG,GT,GG,GG,TC,AT,GG,GA,AG,GA,,CT,GG,GG,,,CC,AA,CT,CC,AG,GG,GG,AA,,"-9, -9",AA,CC,TT,CC,AA,,TT,,,,,,,,,AG,CT,CG,AG,,GG,,,CT,TT,CG,GA,GG,AG,,,,,TT,CT,AA,GG,,,,,TT,CC,,,,,,,,,,CT,,,,,,,,,CC,,,CC,,,,,,,,,AG,AC,TA,CC,CA,GC,GG,CC,,,,,,,,,,,,,,,GG,GG,CC,,GT,,,,,,,,,,,TT,,,,,,,,,,,,,CT,CC,,,CC,GG,,,,,,,,,,,,,,CC,CC,,,GT,AG,,GT,CC,GT,CC,,,,AA,GG,CC,TT,AA,,,,,TT,,,,,,,,0.0,FA,04-3,Female,22.0,Caucasian,11.25,11.25,0.0,0.0,11.25,11.25,0.0,0.0,141.0,66.7,22.28,100.0,70.0,54.0,14.0,27.0,19.0,27.33,R,144.0,66.2,23.099,17.67,-1.3980957132471057,1.0537425195735013
FA-1919,AA,,,AA,TT,GG,,,,CC,,,TT,AA,TT,CC,CC,AA,CC,TT,GG,CC,CC,TT,CC,GG,GG,GG,GG,GG,CC,TT,GG,GG,AA,GG,,CC,GT,GA,,,CC,AA,CC,CC,GG,GG,GG,AA,,"-9, -9",GG,TT,TT,CT,AA,,TC,,,,,,,,,AA,CT,CG,AG,,GG,,,TT,TC,CG,GG,GA,AA,,,,,AT,CT,AA,CG,,,,,TC,CT,,,,,,,,,,CC,,,,,,,,,CT,,,CC,,,,,,,,,GG,AA,AA,CT,AA,GC,GG,CC,,,,,,,,,,,,,,,GG,GG,CC,,GG,,,,,,,,,,,TC,,,,,,,,,,,,,CC,CC,,,CC,GA,,,,,,,,,,,,,,TT,CT,,,GT,AG,,GG,CC,GG,CC,,,,AA,GT,CC,GT,AG,,,,,TC,,,,,,,,0.0,FA,04-3,Female,19.0,Caucasian,8.75,13.75,5.0,57.1,10.0,11.25,1.3,12.5,113.0,63.8,19.516,104.0,58.0,68.0,10.33,21.33,14.0,22.67,R,117.0,64.0,20.081,12.0,-0.23087287205302834,-0.6424854595003476
FA-1920,CA,,,GG,CC,AA,,,,CA,,,TT,AG,,CC,CC,TA,CT,TT,GG,,CT,,,,,GT,GA,GG,,,,GG,,,,,,GG,,,CC,AA,CC,TT,GG,GG,GG,AA,,"+9, +9",GG,CC,TT,CC,AA,,TC,,,,,,,,,AG,CC,GG,GG,,GG,,,CC,CC,CC,GA,AA,AG,,,,,,CT,AA,GG,,,,,TT,,,,,,,,,,,TT,,,,,,,,,CC,,,CC,,,,,,,,,AA,AC,TT,CC,CC,GG,GG,CT,,,,,,,,,,,,,,,GG,GG,CC,,,,,,,,,,,,,TT,,,,,,,,,,,,,CC,,,,,GG,,,,,,,,,,,,,,TT,CC,,,,,,GT,TC,GG,CC,,,,AA,GT,CC,GT,AG,,,,,TC,,,,,,,,0.0,FA,04-3,Female,24.0,Other,16.25,20.0,3.8,23.1,16.25,17.5,1.3,7.7,200.0,66.0,32.277,116.0,70.0,60.0,17.33,33.33,15.67,33.33,R,198.0,66.7,31.287,17.33,0.12817014539722515,2.15183694561136
FA-1921,CC,,,GA,TC,GA,,,,CC,,,TT,GG,,CC,TT,TT,CC,GG,AG,,CC,,,,,GG,GG,GA,,,,GG,,,,CT,GG,GG,,,CC,AA,CC,CT,AG,GG,GG,AA,,"-9, +9",GG,TT,TC,CC,AA,,TC,,,,,,,,,AA,TT,GG,GG,,GG,,,CT,TT,CC,GG,GG,GG,,,,,,CC,AA,CG,,,,,CC,,,,,,,,,,,TT,,,,,,,,,CT,,,,,,,,,,,,AA,AC,AA,CT,CC,CC,GG,CC,,,,,,,,,,,,,,,GG,GT,CC,,GG,,,,,,,,,,,TC,,,,,,,,,,,,,CT,CC,,,CC,GG,,,,,,,,,,,,,,TT,,,,,,,GT,TC,GT,CT,,,,AA,GT,CC,GT,GG,,,,,TT,,,,,,,,0.0,FA,04-3,Female,20.0,Other,11.25,15.0,3.8,33.3,10.0,12.5,2.5,25.0,161.0,67.0,25.213,118.0,78.0,68.0,13.0,25.67,16.67,23.33,R,164.0,67.0,25.683,23.33,3.7765080445500354,-0.43026509309420286
FA-1922,,,,,,,,,,,,,TT,AG,GT,CC,CC,TA,CT,TT,GG,CC,CT,CT,CC,CG,GG,GT,GG,GG,CC,AT,GG,GG,AG,GG,,,,,,,,,,,,,,,,,,,,,,,,,,,,,,,,,,,,,,,,,,,,,,,,,,,,,,,,,,,,,,,,,,,,,,,,,,,,,,,,,,,,,,,,,,,,,,,,,,,,,,,,,,,,,,,,,,,,,,,,,,,,,,,,,,,,,,,,,,,,,,,,,,,,,,,,,,,,,,,,,,,,,,,,,,,,,,,,,,,,,,,,,,,,,,0.0,FA,05-1,Female,20.0,Caucasian,12.5,20.0,7.5,60.0,11.25,15.0,3.8,33.3,124.0,64.0,21.282,112.0,60.0,60.0,6.0,17.67,7.0,19.0,R,123.0,64.5,20.785,5.33,-1.5096611212045552,1.0108240095535135
FA-1923,,,,,,,,,,,,,TT,GG,GG,CC,TC,TT,CT,GT,AG,CT,CT,TT,CG,CG,GG,GT,GA,GA,TC,AT,GG,GA,AG,GA,,,,,,,,,,,,,,,,,,,,,,,,,,,,,,,,,,,,,,,,,,,,,,,,,,,,,,,,,,,,,,,,,,,,,,,,,,,,,,,,,,,,,,,,,,,,,,,,,,,,,,,,,,,,,,,,,,,,,,,,,,,,,,,,,,,,,,,,,,,,,,,,,,,,,,,,,,,,,,,,,,,,,,,,,,,,,,,,,,,,,,,,,,,,,,0.0,FA,05-1,Female,22.0,Caucasian,10.0,21.25,11.3,112.5,11.25,12.5,1.3,11.1,112.0,65.0,18.636,118.0,78.0,62.0,4.0,12.33,5.0,13.33,R,115.0,65.0,19.135,3.67,2.0200258529352753,-0.624944922748422
FA-1924,CC,,,GA,TC,GA,,,,CA,,,TT,AG,GT,CC,CC,TA,CT,TT,GG,CC,CT,TT,CC,GG,GG,GT,GA,GG,CC,TT,GG,GG,AG,GG,,CT,TT,GG,,,CC,AA,CT,CT,GG,GA,GG,AA,,"+9, +9",AG,CT,TC,TT,AC,,TT,,,,,,,,,GG,CC,GG,GG,,GA,,,CT,TC,CG,GA,GG,AG,,,,,AT,CC,AA,CG,,,,,TC,CC,,,,,,,,,,CC,,,,,,,,,CC,,,CC,,,,,,,,,GG,AC,TT,CC,AA,CC,GG,CT,,,,,,,,,,,,,,,AG,GG,CC,,GT,,,,,,,,,,,TC,,,,,,,,,,,,,CT,CC,,,CC,,,,,,,,,,,,,,,CT,CC,,,GG,AA,,GG,CC,GG,CC,,,,AA,GG,CT,TT,AA,,,,,,,,,,,,,0.0,FA,05-1,Female,21.0,Caucasian,10.0,11.25,1.3,12.5,11.25,11.25,0.0,0.0,132.0,56.0,29.591,120.0,58.0,74.0,5.0,18.0,8.0,19.0,R,127.0,56.0,28.47,4.33,-0.7752925400407032,0.8685905177321486
FA-1925,,,,,,,,,,,,,TT,AG,,CC,CC,TA,CT,TT,GG,,CT,,,,,GT,GG,GG,,,,GA,,,,,,,,,,,,,,,,,,,,,,,,,,,,,,,,,,,,,,,,,,,,,,,,,,,,,,,,,,,,,,,,,,,,,,,,,,,,,,,,,,,,,,,,,,,,,,,,,,,,,,,,,,,,,,,,,,,,,,,,,,,,,,,,,,,,,,,,,,,,,,,,,,,,,,,,,,,,,,,,,,,,,,,,,,,,,,,,,,,,,,,,,,,,,,,,,,,,,,,,,,,,,,,,,,,,,,,,,,,,,-1.0378614282128622,0.7961276655105182
FA-1926,CA,,,GG,CC,AA,,,,CC,,,TT,AG,,CC,CC,TA,CT,TT,GG,,CT,,,,,GT,GA,GG,,,,GG,,,,,GT,GG,,,CC,AA,CC,CC,GG,GG,GG,AA,,"+9, +9",AA,TT,TT,CC,AA,,CC,,,,,,,,,AG,CC,GG,GG,,GG,,,CC,TC,CC,GG,,AA,,,,,,TT,AA,GG,,,,,TC,,,,,,,,,,,CT,,,,,,,,,CC,,,CC,,,,,,,,,GG,AA,TA,CC,AA,GG,,CC,,,,,,,,,,,,,,,GG,GG,CC,,GG,,,,,,,,,,,CC,,,,,,,,,,,,,CC,,,,,GG,,,,,,,,,,,,,,TT,CC,,,,,,GT,TC,GT,CT,,,,AC,TT,CC,GT,AG,,,,,TC,,,,,,,,0.0,FA,05-1,Male,30.0,Other,26.25,31.25,5.0,19.0,31.25,30.0,-1.3,-4.0,162.0,68.7,24.13,112.0,58.0,72.0,10.0,14.67,10.67,13.33,R,171.0,69.0,25.25,7.67,-1.1854334770956239,1.999515459507908
FA-1927,CA,,,GG,CC,AA,,,,CA,,,TT,AA,,CC,CC,TA,CC,TT,GG,,CC,,,,,GG,GG,GA,,,,GG,,,,CC,GT,GG,,,CC,AA,CC,CC,AA,GA,GG,AA,,"-9, +9",AG,CT,TC,CC,AA,,TC,,,,,,,,,AG,CC,CG,AG,,GG,,,CC,TC,CC,GA,GG,AA,,,,,,TT,AA,GG,,,,,TT,,,,,,,,,,,TT,,,,,,,,,CT,,,CC,,,,,,,,,AA,CC,TA,CT,CC,GG,GG,CC,,,,,,,,,,,,,,,AG,GT,CT,,GT,,,,,,,,,,,TT,,,,,,,,,,,,,CT,CG,,,CC,GA,,,,,,,,,,,,,,TT,,,,,,,GG,TC,GG,CC,,,,AC,GT,CC,TT,AA,,,,,TT,,,,,,,,0.0,FA,05-1,Female,24.0,Hispanic,7.5,12.5,5.0,66.7,8.75,10.0,1.3,14.3,160.0,65.8,26.019,108.0,62.0,68.0,15.33,23.33,16.0,25.33,R,154.0,66.4,24.555,10.0,0.23699270738996014,-0.1607927691387619
FA-1928,,,,,,,,,,,,,TT,AG,,CT,TC,TT,CC,GT,AG,,CC,,,,,GG,GG,AA,,,,GG,,,,,,,,,,,,,,,,,,,,,,,,,,,,,,,,,,,,,,,,,,,,,,,,,,,,,,,,,,,,,,,,,,,,,,,,,,,,,,,,,,,,,,,,,,,,,,,,,,,,,,,,,,,,,,,,,,,,,,,,,,,,,,,,,,,,,,,,,,,,,,,,,,,,,,,,,,,,,,,,,,,,,,,,,,,,,,,,,,,,,,,,,,,,,,,,0.0,FA,05-1,,19.0,African Am,13.75,26.25,12.5,90.9,13.75,15.0,1.3,9.1,192.0,66.0,30.986,108.0,54.0,80.0,21.33,32.67,23.67,33.0,R,202.0,65.7,32.898,24.33,2.316018119554712,-1.66678058218143
FA-1929,CA,,,GA,TC,GA,,,,CA,,,TC,GG,,CC,TT,TT,CC,GT,AA,,CC,,,,,GG,GG,AA,,,,GA,,,,CC,GT,GA,,,CC,AA,CT,CT,AG,GG,GG,AA,,"-9, +9",AG,TT,TC,TT,AC,,TC,,,,,,,,,AA,CC,GG,GG,,GG,,,CT,TC,CG,GA,GG,AG,,,,,,CC,AA,GG,,,,,TC,,,,,,,,,,,CC,,,,,,,,,CT,,,CT,,,,,,,,,AG,AC,TA,CC,CA,GC,GG,TT,,,,,,,,,,,,,,,GG,GG,CC,,GT,,,,,,,,,,,TC,,,,,,,,,,,,,TT,CC,,,CC,GA,,,,,,,,,,,,,,TT,CC,,,,,,GG,CC,GG,CC,,,,AA,TT,CT,GG,GG,,,,,TT,,,,,,,,2.0,FA,05-1,Female,21.0,Asian,11.25,,,,15.0,,,,116.0,62.4,20.943,114.0,80.0,66.0,10.67,18.33,10.67,19.0,L,,,,,5.339198615885354,-3.0983261684066377
FA-1930,CC,,,AA,TC,GG,,,,AA,,,TT,AG,,CC,CC,TT,CT,TT,GG,,CT,,,,,GT,GG,GA,,,,GG,,,,CT,GT,GG,,,CC,AA,CT,CC,AG,GG,GG,AA,,"-9, -9",AG,CC,TT,CC,AA,,TT,,,,,,,,,AA,CT,CG,AG,,GG,,,CT,TC,CC,AA,GG,AG,,,,,,TT,AA,GG,,,,,TT,,,,,,,,,,,CT,,,,,,,,,CC,,,CC,,,,,,,,,AG,AC,TA,CT,AA,GC,GG,CT,,,,,,,,,,,,,,,AG,GT,CT,,GG,,,,,,,,,,,TC,,,,,,,,,,,,,CC,CC,,,CC,GG,,,,,,,,,,,,,,TT,CC,,,,,,GT,TT,GT,CT,,,,AA,GG,CC,TT,AA,,,,,TC,,,,,,,,0.0,FA,05-1,Female,21.0,African Am,11.25,12.5,1.3,11.1,11.25,16.25,5.0,44.4,167.0,66.0,26.952,132.0,76.0,64.0,12.67,23.0,11.0,23.0,R,166.0,66.0,26.79,10.0,-0.4107344654788743,1.9629507291799817
FA-1931,CA,,,GG,CC,AA,,,,CA,,,TT,AG,,CC,CC,TA,CT,TT,GG,,CT,,,,,GT,GA,GG,,,,GG,,,,CT,GG,GA,,,CC,AA,CC,CC,AG,GG,,AA,,"-9, +9",GG,CT,TT,CC,AA,,TC,,,,,,,,,AA,CT,CG,AG,,GG,,,CC,TC,CC,GA,GG,AA,,,,,,CT,AA,GG,,,,,TC,,,,,,,,,,,TT,,,,,,,,,CT,,,CC,,,,,,,,,GG,AA,TA,CT,CA,CC,GG,CC,,,,,,,,,,,,,,,GG,GT,CC,,GT,,,,,,,,,,,TC,,,,,,,,,,,,,CT,CC,,,CC,GA,,,,,,,,,,,,,,CT,CC,,,,,,GT,TC,GT,CT,,,,AC,TT,CC,GT,AG,,,,,TT,,,,,,,,0.0,FA,05-1,Female,20.0,Other,7.5,11.25,3.8,50.0,8.75,8.75,0.0,0.0,126.0,64.0,21.625,112.0,70.0,82.0,7.0,23.0,8.0,22.67,R,127.0,64.2,21.662,6.0,-0.7392305490307267,2.166038225252829
FA-1932,CA,,,GG,CC,AA,,,,CC,,,TT,AG,,CC,CC,TA,CC,TT,GG,,CC,,,,,GG,GG,GG,,,,GA,,,,TT,GG,GG,,,CC,AA,CC,TT,GG,GG,GG,AA,,"-9, +9",GG,TT,TT,CC,AA,,TT,,,,,,,,,AA,TT,CG,AG,,GG,,,CC,TC,CG,GG,AA,GG,,,,,,TT,AA,GG,,,,,TC,,,,,,,,,,,CC,,,,,,,,,CC,,,CT,,,,,,,,,AG,AC,TA,CT,CA,GG,GG,CC,,,,,,,,,,,,,,,GG,GG,CC,,GG,,,,,,,,,,,CC,,,,,,,,,,,,,CC,CC,,,CC,GG,,,,,,,,,,,,,,TT,CC,,,,,,GG,CC,GG,CC,,,,AA,GT,CC,TT,AA,,,,,TC,,,,,,,,0.0,FA,05-1,Female,22.0,Other,8.75,12.5,3.8,42.9,11.25,10.0,-1.3,-11.1,116.0,64.5,19.602,100.0,62.0,88.0,4.0,10.33,3.0,11.0,R,114.0,64.2,19.444,3.0,0.01124985402556281,-0.008722327685787273
FA-1933,CC,,,GG,CC,AA,,,,CC,,,TT,GG,,CC,CC,TT,CT,TT,GG,,CT,,,,,GT,GA,GG,,,,GG,,,,TT,GG,GG,,,CC,AA,CC,TT,GG,GG,GG,AA,,"-9, +9",GG,CT,TC,CC,AA,,CC,,,,,,,,,AA,CT,CG,AG,,GG,,,CC,TT,CC,GG,GG,AG,,,,,,CC,AA,GG,,,,,TC,,,,,,,,,,,CT,,,,,,,,,CT,,,CC,,,,,,,,,AA,CC,TA,CC,CC,GG,GG,CC,,,,,,,,,,,,,,,GG,GG,CC,,GG,,,,,,,,,,,TT,,,,,,,,,,,,,CC,CC,,,CC,GG,,,,,,,,,,,,,,CT,CC,,,,,,GG,CC,GG,CC,,,,AA,GT,CC,TT,AA,,,,,TT,,,,,,,,0.0,FA,05-1,Female,19.0,Other,8.75,11.25,2.5,28.6,11.25,8.75,-2.5,-22.2,138.0,65.0,22.962,100.0,58.0,62.0,10.0,24.0,9.67,24.0,R,134.0,65.0,22.296,8.0,0.45174029450671443,2.121931371920811
FA-1934,CC,,,AA,TT,GG,,,,CC,,,TT,AG,GT,CC,CC,AA,CC,TT,GG,CC,CC,TT,CC,GG,GG,GG,GG,GG,CC,TT,GA,GG,AA,GG,,CT,GT,GG,,,CC,AA,CT,CC,AG,GG,GG,AA,,"-9, -9",AA,TT,TT,TT,AC,,TC,,,,,,,,,AA,CT,CG,AG,,GG,,,TT,CC,CG,GG,GG,GG,,,,,AT,CC,AG,CG,,,,,TT,CC,,,,,,,,,,CC,,,,,,,,,CT,,,CC,,,,,,,,,AG,AC,AA,CC,CA,GG,GG,CT,,,,,,,,,,,,,,,GG,GG,CC,,GT,,,,,,,,,,,TC,,,,,,,,,,,,,CC,CC,,,CC,GA,,,,,,,,,,,,,,CT,CC,,,GG,AA,,GG,CC,GG,CC,,,,AA,GG,CC,TT,AA,,,,,TT,,,,,,,,0.0,FA,05-1,Female,20.0,Caucasian,11.25,20.0,8.8,77.8,12.5,12.5,0.0,0.0,178.0,66.5,28.296,115.0,82.0,72.0,16.0,30.33,15.0,31.33,R,176.0,66.5,27.979,13.67,-0.4380236718883988,-1.230486514589634
FL-1502,,,,,,,,,,,,,,,,,,,,,,,,,,,,,,,,,,,,,,,,,,,,,,,,,,,,,,,,,,,,,,,,,,,,,,,,,,,,,,,,,,,,,,,,,,,,,,,,,,,,,,,,,,,,,,,,,,,,,,,,,,,,,,,,,,,,,,,,,,,,,,,,,,,,,,,,,,,,,,,,,,,,,,,,,,,,,,,,,,,,,,,,,,,,,,,,,,,,,,,,,,,,,,,,,,,,,,,,,,,,,,,,,,,,,,,,,,,,,,,,,,,,,,,,,,,,,,,4.144103703791282e-17,-1.0900765763055393e-17
FL-1503,,,,,,,,,,,,,,,,,,,,,,,,,,,,,,,,,,,,,,,,,,,,,,,,,,,,,,,,,,,,,,,,,,,,,,,,,,,,,,,,,,,,,,,,,,,,,,,,,,,,,,,,,,,,,,,,,,,,,,,,,,,,,,,,,,,,,,,,,,,,,,,,,,,,,,,,,,,,,,,,,,,,,,,,,,,,,,,,,,,,,,,,,,,,,,,,,,,,,,,,,,,,,,,,,,,,,,,,,,,,,,,,,,,,,,,,,,,,,,,,,,,,,,,,,,,,,,,4.144103703791282e-17,-1.0900765763055393e-17
FL-1504,CC,ID,TT,AA,TT,GG,,,,CC,,,TT,GG,GG,CC,CC,TT,TT,TT,GG,CC,TT,CT,CC,GG,GG,TT,GA,GG,CC,TT,GG,GG,AA,GG,GA,CT,GG,GA,,GG,CC,AA,CC,CC,GG,GG,GG,AA,CC,"-9, +9",AG,TT,TT,CT,AC,TT,TT,GG,CC,GG,TT,CC,AA,CC,GG,GG,CC,CG,GG,,GA,TC,CG,TT,CC,CC,GG,GG,AG,,,AA,GA,AT,CT,AA,GG,GA,,AA,GG,TC,CT,CC,CC,GG,TT,CC,GG,AA,AA,GG,CC,GG,,,,,,,,CC,TT,CC,CC,,CC,TT,GA,AA,CA,GG,CC,AG,AC,AA,CT,CA,GG,GC,CT,GA,,,,,GG,GG,AA,GA,CC,CT,CC,GG,CC,AG,GG,CC,GG,GG,,,,,,CC,TC,AG,AA,TC,TC,4G5G,AA,GG,CC,,GG,CC,GG,CC,GG,TT,,CC,,,,CG,GA,TT,GA,CT,CT,TT,GG,CC,CC,GG,CG,CC,AA,TT,CT,CC,TT,CT,TT,GG,CT,TT,TT,TT,TT,GG,,GA,AA,GG,CC,TT,AA,TT,CT,AA,GA,TC,TT,,,,,,TC,0.0,FL,02-1,Male,20.0,Caucasian,20.0,35.0,15.0,75.0,22.5,27.5,5.0,22.2,129.0,69.0,19.048,126.0,80.0,72.0,4.0,6.33,4.0,6.33,R,135.0,69.0,19.934,4.0,-3.617473030612164,3.790083292052004
FL-1505,CC,ID,CC,GG,CC,AA,CG,GA,CC,CC,TT,GG,TT,AA,TT,TT,CC,TT,CC,TT,GG,CT,CC,TT,CC,CG,GA,GG,GG,AA,CC,AT,GG,GG,AG,GG,GG,CC,TT,GG,CC,GG,CC,AA,CC,CT,GG,GG,GG,AA,,"-9, +9",AA,TT,TC,TT,AA,TT,TT,,,,,,,,,AG,CT,CC,AG,CC,GG,TT,CC,CC,CC,CC,GA,GG,AG,AG,TC,AC,GA,AA,CC,AA,GG,GG,AA,AT,GG,TC,CT,CC,CC,,,,,,,GG,CT,GG,AA,GG,AA,AA,CC,GG,GG,CC,TT,CC,CT,,CG,TT,GA,AT,CA,,,GG,AA,AA,CT,AA,GC,GG,CT,AA,AA,AA,GG,CC,GG,GA,AG,GA,CG,CT,,,TT,AG,GG,CC,GG,GT,GG,GA,CC,CC,AA,GG,TT,GG,AA,TC,CC,4G4G,AA,GG,CC,AA,GG,CC,GG,CT,,TC,AG,CT,CC,,,CG,GA,TT,AA,TT,TT,TT,GG,CC,CT,GG,CC,GG,AC,CT,CT,CT,TT,CC,TT,GG,CC,GG,CC,GG,CC,GA,,AA,AA,GG,CC,TT,AA,TT,CC,GA,AA,CC,TT,TC,CT,GA,TC,TT,TC,0.0,FL,02-1,Male,19.0,Caucasian,27.5,35.0,7.5,27.3,32.5,32.5,0.0,0.0,208.0,68.0,31.623,122.0,84.0,63.0,14.67,17.33,16.33,16.33,R,202.0,68.0,30.711,13.5,0.09188445775484559,-1.5129641395211428
FL-1506,CA,II,TT,AA,TT,GG,CG,GG,CG,CC,TT,GG,TT,AG,GT,CC,TC,TA,CT,TT,GG,CC,CT,CT,CC,GG,GG,TT,GG,GG,CC,TT,GG,GG,AG,GG,GG,CC,GG,AA,CC,GG,CG,AA,CC,CC,AG,GG,GG,AA,,"-9, -9",AG,TT,TT,TT,AA,TA,CC,,,,,,,,,AG,CT,CC,AG,CG,GA,TT,CC,TT,CC,CC,GG,GG,AA,AA,TT,AA,GA,TT,CT,AA,CG,GG,AA,AA,GG,TT,CC,CC,CT,,,,,,AA,GG,CT,GG,TA,GA,AA,AA,CC,GA,GG,CT,TT,TC,CC,,CC,TT,GG,AA,CC,,,AG,AC,TT,CC,CA,CC,GG,CT,GG,AA,GA,GC,TT,GG,GG,AG,GG,CC,CC,,,TC,GG,GG,CC,GG,GT,GG,GA,TC,AC,AA,CC,TT,GG,AA,TC,TC,4G5G,AA,GG,CC,AA,GG,CG,,CC,,TC,AA,CC,CC,,,CC,GA,TT,AA,CT,CT,TC,GA,CC,CT,GA,CG,GG,AC,CC,CC,TT,TT,CC,GG,AA,CC,GG,CC,GG,CC,GA,,GG,AC,TT,CC,TT,AA,TT,CC,GG,AA,CC,TT,TC,CT,GA,TC,TT,TC,0.0,FL,02-1,Male,26.0,Caucasian,22.5,32.5,10.0,44.4,25.0,25.0,0.0,0.0,135.0,65.5,22.121,110.0,64.0,51.0,4.0,12.5,4.5,12.17,R,133.0,65.5,21.793,5.0,0.0961124122775734,-0.14463359277183438
FL-1507,CC,ID,CC,GA,CC,GA,CC,GA,CG,CC,TT,GG,TT,GG,,CC,TC,TT,CT,GT,GG,,CT,,,,,GG,GA,GA,,,,GG,,,GA,CT,GG,GA,CT,GG,CG,AA,CC,CC,AG,GG,GG,AA,CC,"+9, +9",AG,TT,TT,CT,CC,TT,TT,GG,CC,GG,TT,CC,AA,CC,GG,AA,TT,CG,GG,CC,GG,TT,CC,CC,TC,CG,GA,GA,AA,AA,TC,AA,GA,,CC,AG,GG,GG,AA,AA,GG,CC,,CC,CC,GG,TT,CC,GG,GG,AG,GG,CT,GA,,GG,AA,AA,CC,,GG,CT,TT,TC,CT,,GG,TT,GG,AA,CC,GC,GG,AA,CC,TA,CC,CC,GC,GG,CC,GG,AG,GA,GG,TC,GA,GG,AG,AA,CG,CC,CC,GT,TC,GG,GT,CC,GG,GG,GG,GA,TC,AC,AA,GG,TT,AG,AG,TC,TC,4G5G,AA,GG,CC,AA,GG,CG,AG,CC,GG,TT,AG,CC,CC,,,CC,GG,CC,GA,CC,CC,TT,GG,CC,CT,AA,CG,GG,AC,TT,TT,CC,TT,CT,,,CC,GG,TC,GG,CT,GA,,GA,AA,GG,CC,TT,AA,TT,CT,GA,GG,TC,,TC,CC,GA,TC,TT,TC,0.0,FL,02-1,Female,20.0,African Am,20.0,27.5,7.5,37.5,20.0,25.0,5.0,25.0,183.0,63.0,32.413,126.0,84.0,75.0,17.33,18.0,15.0,17.67,R,180.0,63.5,31.382,21.5,4.621064668797868,3.6770817742545825
FL-1508,CA,ID,CC,GG,CC,AA,CG,AA,CC,CC,TT,GG,TT,AA,TT,CT,CC,TA,CC,TT,GG,CC,CC,TT,CC,CG,GA,GG,GG,GA,CC,AT,GG,GG,AG,GG,GG,CC,GT,GG,CC,GG,CC,AA,CC,CT,GG,GG,GG,AA,,"-9, +9",GG,TT,TC,TT,AA,TA,TT,,,,,,,,,AG,CT,CG,GG,CC,GA,TT,CC,CC,TC,CG,AA,GG,AG,AA,TT,AC,GA,TT,CC,AA,CG,GG,AA,AT,GG,TT,CT,CC,CC,,,,,,AA,GG,CT,GG,TA,GG,AT,AT,CA,GA,GA,CC,TT,CC,CT,,CG,TT,GG,AA,CC,,,AG,AC,TA,CT,CA,GG,GG,CC,GG,AG,GA,GG,TC,GG,GG,AA,GG,CC,CC,,,TC,GG,GG,CC,GT,GG,GG,GG,TT,AA,AA,GC,TT,AG,AA,CC,TC,5G5G,AA,GG,CC,AA,GG,CC,GG,CT,,TT,AG,CC,CC,,,CC,GA,CC,AA,CT,CT,TT,GG,CC,CT,GA,CG,CG,AA,CT,CC,CC,TT,CC,GT,AG,CT,GG,TC,GG,CT,GG,,GG,AA,GG,CC,TT,AA,CC,CT,GA,GA,TC,TT,CC,CC,AA,CC,TT,CC,0.0,FL,02-1,Male,20.0,Caucasian,22.5,32.5,10.0,44.4,25.0,27.5,2.5,10.0,177.0,69.0,26.135,102.0,70.0,72.0,7.0,15.0,7.5,14.5,R,176.0,69.0,25.988,7.5,4.9027460028908605,3.031829545382124
FL-1509,CA,,CC,GG,CC,AA,CG,GG,CC,CC,TT,GG,TT,AG,,CC,CC,AA,CC,TT,GG,,CC,,,,,GG,GG,GG,,,,GG,,,GG,CC,GT,GA,TT,GG,CC,AA,CC,CC,GG,GG,GG,AA,,"-9, +9",GG,TT,TT,CT,AC,TA,TT,,,,,,,,,GG,CC,CC,AA,CG,GA,TT,CC,CC,CC,CC,AA,GA,GG,GG,CC,AC,GA,,CC,AA,CG,GG,AA,AA,GG,TT,,CC,CC,,,,,,AA,GG,CC,GA,TA,GG,AA,AA,CC,GG,GG,CT,TT,TC,CC,,CC,TT,GA,AA,CA,,,GG,AA,TA,CC,CA,GC,GG,CC,GG,AG,GA,GG,TC,GG,GG,AG,GG,CC,CC,,,TC,GG,GG,CC,GG,GT,GA,GG,TC,AC,AA,CC,TC,AA,AG,TC,TC,5G5G,AA,GG,CC,AA,GG,CC,GG,CC,,TT,AG,CT,CC,,,CC,GG,CT,GA,CC,CC,TC,GA,CC,CC,GA,CG,CC,AA,CT,CC,CT,TT,CC,,,CT,GT,TC,GT,CT,GA,,GG,AA,GT,CC,TT,AA,,TT,GG,GG,TT,TT,TC,CC,GA,TC,TT,TC,,,,,,,,,,,,,,,,,,,,,,,,,,,,,,-2.6376953168527013,-0.6619864141138893
FL-1510,,II,,,,,,,,CC,,,,,,CT,,,CC,,,,CC,,,,,GG,Und,,,,,,,,,,,,,,,,,,,,,,CC,,,CT,,,AA,,,,,,,CC,,CC,,,,GG,,,,TT,CC,,,,GA,,AA,,,,,,,AG,,,,,,,,,,GG,TT,CC,GG,AA,,,,GA,,,,,,,,CC,,,CC,,,,,,CC,GG,CC,,,,,,,,,,,,,,,,AG,AA,,CC,CC,GG,,,,,,,,,,,,,,,,CC,TC,4G5G,,,,,,,,,GG,,,,,,,CC,,,,,,,,,CC,,CC,CC,,,,,,,,,CC,,,,,GG,,GA,,,CT,,,TT,,,,,,,,,,,,0.0,FL,02-1,Male,27.0,Caucasian,32.5,40.0,7.5,23.1,32.5,32.5,0.0,0.0,189.0,73.0,24.933,110.0,70.0,68.0,4.0,9.5,4.0,9.5,R,182.0,73.0,24.009,2.5,0.29640897408815187,-0.150124567748862
FL-1511,CA,II,CT,GA,TC,GA,GG,GG,GG,CC,TT,GG,TT,AG,GT,CC,CC,TA,CT,TT,GG,CC,CT,TT,CC,GG,GG,GG,GA,GG,CC,TT,GA,GG,AG,GG,GG,CC,TT,GG,CC,GG,CC,AA,CC,CC,GG,GG,GG,AA,,"-9, +9",AG,CT,TT,CT,AA,TA,TT,,,,,,,,,AA,CC,CG,AG,CC,GA,TT,CC,CT,,CC,GG,GA,AG,AA,TT,AC,GG,AT,CC,AA,CG,GG,AA,AT,GG,TC,CT,CC,CC,,,,,,AA,GG,CT,GG,AA,GG,AA,AA,CC,GG,GG,CT,TT,TC,CC,,CC,TT,GA,AT,CC,,,AG,AC,TA,CC,CA,GG,GC,CC,AA,AA,GA,GG,TC,GG,GG,AA,GA,CG,CT,,,TC,AG,GG,CC,GT,GT,GG,GG,CC,CC,AA,CC,TT,AA,,TC,CC,4G5G,AA,GG,CC,AA,GG,CC,GG,CC,,TT,AA,CT,CC,,,CC,GA,TT,AA,CC,CC,TT,GG,CC,CC,GA,CC,CG,AA,TT,TT,TT,TT,CC,GG,AA,CC,GG,TC,GG,CC,GA,,GA,CC,TT,CC,GT,AG,TT,CT,GG,GA,,TT,CC,CC,AA,CC,TT,CC,0.0,FL,02-1,Male,19.0,Caucasian,25.0,32.5,7.5,30.0,27.5,27.5,0.0,0.0,159.0,70.0,22.812,118.0,76.0,64.0,9.5,20.5,8.5,19.0,R,160.0,70.0,22.955,4.5,-2.67138257713357,0.1625951309467216
FL-1512,CC,ID,CT,GA,TC,GA,CG,GA,CC,CC,TT,GG,TT,AG,,CC,TC,TA,CC,GG,AG,,CC,,,,,GG,GG,GA,,,,GG,,,GG,CC,TT,GG,CC,GG,CC,AA,CT,CC,GG,GG,GG,AA,,"-9, +9",AA,TT,TT,TT,AA,,TT,,,,,,,,,GG,CC,GG,GG,CC,GG,TT,CC,CT,TC,GG,GG,GG,AG,AG,TC,AA,GG,,CC,AA,GG,GA,AT,AT,GG,TC,,CC,CT,,,,,,AA,GG,CT,GG,AA,GG,AA,AA,CC,GG,GG,CT,TT,TC,TT,,GG,TT,GG,AA,CC,,,AA,CC,AA,CT,CC,GC,GG,CT,GG,AA,GA,GC,CC,GA,GG,AG,GA,CC,CC,,,TT,GG,GT,CC,GT,GG,GG,GG,TT,AA,AA,,TT,AA,AG,TC,TC,4G5G,AA,GG,CT,AA,GG,CC,GG,CC,,TT,AG,CC,CC,,,CC,GG,TT,AA,CT,,TT,GG,CC,CT,GA,CC,CG,AA,CT,TT,CC,TT,CC,,,CC,GG,CC,GG,CC,GG,,GA,AA,GT,CC,TT,AA,TT,CT,GG,GA,TC,TT,CC,CC,GG,CC,TT,TC,0.0,FL,02-1,Female,18.0,Other,12.5,17.5,5.0,40.0,12.5,12.5,0.0,0.0,128.0,68.0,19.46,102.0,60.0,92.0,15.5,19.0,13.5,19.5,R,129.0,68.0,19.612,8.5,1.6329920499115602,-2.7827274592829716
FL-1513,CA,ID,CT,GA,TC,GA,CC,AA,CC,CC,TT,GG,TT,GG,,CC,TC,TT,CT,GT,AG,,CT,,,,,TT,AA,GG,,,,GG,,,GG,CC,TT,GG,CC,GG,CC,AA,CC,CC,AG,GG,GG,AA,CT,"-9, -9",AG,CT,TT,CT,AA,TA,TC,GG,CC,GG,TT,CC,AA,,GG,AG,CC,GG,GG,CG,AA,TT,CC,CT,CC,GG,GG,GG,AA,AA,TT,AC,GG,,TT,AA,CG,GG,AA,AA,GG,TC,,CC,CC,GG,TT,CC,GG,AA,AA,GG,CC,GG,TA,GA,AA,AA,CC,GA,GG,CC,TT,CC,CT,,CG,TT,GG,AA,CA,GG,GG,AA,CC,TA,CC,CC,GG,GG,CT,GG,AA,,GG,CC,GA,GG,AG,GA,CC,CC,CC,GG,TC,GG,GG,CC,GG,GG,GG,GG,TT,AA,AA,CC,TT,AG,AG,TC,TC,4G5G,AA,GG,CC,AA,GG,CC,AG,CC,GA,TC,,CC,CC,,,CC,AA,TT,AA,CC,CC,TT,GG,CC,CT,GA,CG,GG,AA,,CT,CT,TT,CC,,,CC,GT,CC,GT,CT,GA,,GA,AA,TT,CC,TT,AA,CC,CT,GG,GA,CC,TT,TC,CT,GA,TC,TT,TC,0.0,FL,02-1,Female,19.0,Asian,15.0,20.0,5.0,33.3,15.0,17.5,2.5,16.7,126.0,65.0,20.965,110.0,70.0,72.0,9.0,18.5,8.33,19.5,R,126.0,65.0,20.965,4.5,-0.8738210095833191,0.6430604750191244
FL-1514,CA,II,CC,GG,CC,AA,CG,GA,CC,CC,TC,GG,TT,GG,,CC,CC,TT,TT,TT,GG,,TT,,,,,TT,GA,GG,,,,GG,,,,TT,GG,GG,CC,GG,CG,AA,CC,CT,AA,GG,GG,AA,,"-9, -9",GG,CC,TC,CT,AC,TA,TC,,,,,,,,,AA,CT,CC,GG,CC,GG,TT,CC,CC,TC,CG,GA,GA,GG,AG,TC,AA,GA,,TT,AA,GG,GA,AT,AT,GG,TC,,CC,CT,,,,,,AA,GG,CC,GG,TA,GG,AA,AA,CC,GA,GG,CT,TT,TC,CT,,GG,TC,GA,AA,CC,,,AG,AC,TT,CC,CA,GC,GG,CT,GA,AG,GA,GC,CC,GG,GG,AG,GG,CG,CC,,,TC,GG,GT,CC,GT,GG,GG,GA,TC,AC,AA,GG,TC,AA,AG,TC,TT,5G5G,AA,GG,CC,AA,GG,CG,AA,CT,,TC,GG,CC,CC,,,CC,GG,CT,GA,CT,CT,TT,GG,CC,CT,AA,CC,GG,AC,CT,CT,CC,TT,CT,,,CC,GT,CC,GT,CC,GA,,GG,AA,GT,CC,TT,AA,CC,TT,GG,GG,TT,TT,TC,CC,GA,TC,TT,TC,,,,,,,,,,,,,,,,,,,,,,,,,,,,,,3.277071684015144,6.521584703013075
FL-1515,CA,DD,CC,GG,CC,AA,CG,GG,GG,CC,TT,GG,TT,AG,,CC,CC,TA,CT,TT,GG,,CT,,,,,GT,GA,GG,,,,GA,,,GG,CC,,GA,CC,GG,CC,AA,CC,CC,GG,GA,GG,AA,,"+9, +9",GG,TT,TC,TT,AA,TA,TC,,,,,,,,,AA,CC,CG,AG,CC,GG,TC,CG,CC,TC,CC,GG,GA,AG,AG,TC,AA,GA,,CC,AA,GG,GG,AA,AT,GG,TT,,CC,CT,,,,,,AA,GG,CC,GG,AA,GG,AA,AA,CC,GG,GG,CC,TT,CC,CT,,CG,TT,GA,AT,CC,,,GG,AC,AA,CT,AA,GG,GG,CT,GG,AG,GA,GC,TC,AA,GG,GG,AA,CC,CT,,,TC,AG,GG,CC,GG,GT,GG,GA,CC,CC,AA,CC,TC,AG,AA,TC,TC,4G5G,AA,GG,CC,AA,GA,CC,GG,CC,,TT,AA,CT,CC,,,CC,AA,CT,AA,CC,CC,CC,AA,CC,CC,GG,CG,CG,AC,CT,CT,TT,TT,CC,,,CC,TT,TT,TT,TT,GG,,AA,AA,GG,CC,TT,AA,TT,TT,GA,GG,TT,TT,TT,CC,GG,TT,TT,TT,,,,,,,,,,,,,,,,,,,,,,,,,,,,,,-3.1919388859296296,0.6515295116085412
FL-1516,AA,II,CT,GA,TC,GA,CG,GA,CC,CC,TT,GG,TT,AG,,CC,TC,TA,CC,TT,AG,,CC,,,,,GG,GG,GA,,,,GG,,,GG,CC,GG,AA,CC,GG,CG,AA,CC,CC,AG,GA,GG,AA,,"+9, +9",AG,CT,TT,CT,AA,TA,TC,,,,,,,,,AG,CC,GG,GG,CG,GG,TT,CC,CT,TT,CG,GA,GA,AA,AA,TT,AC,GG,,CC,AA,GG,GG,AA,AT,GG,TT,,CC,CC,,,,,,AA,GG,CC,GG,AA,GG,AA,AA,CC,GG,GG,CC,TT,CC,CC,,CC,TT,GA,AA,CC,,,AA,CC,TT,CC,CC,GC,GG,CC,GG,AG,GA,GG,CC,GG,GG,AG,GG,CC,CC,,,TC,GG,GT,CC,GG,GG,GG,GG,TT,AA,AA,GC,TC,AG,AA,TC,TT,5G5G,AA,GG,CC,AA,GA,CG,AG,CC,,TT,AA,CT,CC,,,CC,AA,CT,AA,CT,CT,TT,GG,CC,CT,GA,CC,CG,AA,CC,CT,CC,TT,CT,,,CC,GT,TC,GT,CT,GA,,GG,AA,GG,CC,TT,AA,TT,TT,GA,GG,TT,TT,TC,CT,GA,TC,TT,TC,,,,,,,,,,,,,,,,,,,,,,,,,,,,,,0.390651426554024,-1.3025969320494593
FL-1517,CC,ID,CC,GG,CC,AA,CG,GG,CG,CC,TC,GG,TT,AG,,CC,TC,TA,CC,GT,AG,,CC,,,,,GG,GG,GA,,,,GG,,,GG,CC,GT,GA,CT,GG,CG,AA,CT,CC,AG,GA,GG,AA,CC,"-9, +9",AA,TT,TC,TT,AA,TA,TC,GG,CC,GG,TT,CC,AA,CC,GG,AG,CT,CG,AG,CC,GG,TT,CC,CC,TC,CG,GA,GG,AG,AA,TC,AC,GG,,CT,AG,GG,GG,AA,AA,GG,TC,,CC,CT,GG,TT,CC,GG,AA,AA,GG,CT,GG,AA,GG,AA,AA,CC,GG,GG,CC,TT,CC,CT,,CG,TT,GG,AA,CC,GG,GG,AG,AC,TT,CC,CA,GC,GG,CC,GG,AA,AA,GG,CC,GG,GG,AA,GG,CC,CC,CC,GG,CC,GG,GG,CC,GG,TT,GG,GG,CC,CC,AA,GG,TT,GG,AA,TC,TC,4G5G,AA,GG,CT,AA,GA,CG,AG,CC,GG,TC,AA,CC,CC,,,CC,GG,CT,AA,CT,CT,TT,GG,CC,CC,GG,CG,CC,AA,TT,CC,CC,TT,CT,,,CC,GT,TC,GT,CT,GG,,AA,AA,TT,CC,GT,AG,CT,CT,GG,GA,TC,TT,TC,CT,GA,TC,TT,TC,,,,,,,,,,,,,,,,,,,,,,,,,,,,,,0.38113530477612506,-2.8424761833528804
FL-1518,CC,II,TT,AA,TT,GG,CC,AA,CC,CC,TC,GG,CC,AG,,CC,TC,TA,CC,GT,AG,,CC,,,,,GG,GG,GA,,,,AA,,,GG,CC,GT,GA,CC,GG,CC,AA,CC,CT,GG,GG,GG,AA,,"-9, -9",GG,CC,CC,TT,AA,TT,TC,,,,,,,,,AG,CT,GG,GG,CC,GA,TT,CC,TT,TT,GG,GG,GA,AG,AA,TT,AC,GA,,TT,GG,GG,GA,AT,AT,GG,TC,,CC,CC,,,,,,AA,GG,CT,GG,TA,GG,AA,AA,CC,GG,GG,CC,TT,CC,CT,,CG,TT,GA,AA,AA,,,AA,CC,TA,CT,CC,GG,GG,CC,GG,AA,GA,GC,TT,GG,GG,AA,GG,CG,CC,,,CC,GG,GG,CC,GT,GG,GG,GG,TC,AC,AA,CC,TT,GG,AA,TC,TT,4G5G,AA,GG,CC,AA,GG,CC,GG,CT,,TC,,TT,CC,,,CC,AA,TT,GG,CT,CT,TC,GA,CC,CC,GG,CC,CC,AA,TT,TT,CC,TT,CT,,,CT,GG,CC,GG,CC,GG,,GA,AC,TT,CC,TT,AA,CC,TT,AA,GG,TT,TT,TT,CT,GG,TT,TT,TT,,,,,,,,,,,,,,,,,,,,,,,,,,,,,,4.846697802979542,-3.869838528262028
FL-1519,CC,ID,CC,GG,CC,AA,CC,GG,CG,CC,,GG,TT,AG,GT,CC,TC,TA,CC,GT,AG,CT,CC,TT,CG,CG,GG,GG,GG,GA,CC,AT,GG,GA,AG,GA,GA,CT,GG,,CT,GG,CC,AA,CC,CC,GG,GG,GG,AA,,"-9, +9",AA,TT,TT,TT,AA,TA,CC,,,,,,,,,GG,CC,GG,GG,CC,GG,TC,CG,CC,TT,CG,GA,GG,AA,AA,TT,AC,GG,TT,TT,AA,GG,GG,AA,AT,GG,TT,CC,CC,CC,,,,,,AA,GG,CT,GG,AA,GG,AA,AA,CC,GG,GG,CC,TT,CC,CT,,CG,TT,GG,AA,CC,,,AG,AC,TA,CT,CA,GC,GG,CC,GG,AA,GA,GG,CC,GG,GG,AG,AA,CG,CT,,,TT,AG,GG,CC,GG,GT,GG,GG,TT,AA,AA,GG,TT,AA,GG,TC,TC,4G5G,AA,GG,CC,AA,GG,CC,,CC,,TT,,CC,CC,,,CC,GA,TT,GG,CT,CT,TT,GG,CC,CT,GA,CG,CG,AA,CC,,CT,TT,CC,GT,AG,CC,GG,CC,GG,CC,GA,,GA,AC,GT,CC,TT,AA,CC,CT,GA,GA,TC,TT,TT,CC,GG,TT,TT,TT,0.0,FL,02-1,Male,20.0,Caucasian,27.5,35.0,7.5,27.3,30.0,35.0,5.0,16.7,225.0,67.0,35.236,130.0,82.0,74.0,14.5,26.0,15.0,25.0,R,230.0,67.0,36.019,10.0,1.3535685034057723,-3.4900080973518666
FL-1520,CC,II,CC,GA,TC,GA,CG,GG,CG,CC,TT,GG,TT,AA,,CC,TC,AA,CC,TT,GG,,CC,,,,,GG,GG,GG,,,,GG,,,GG,CC,TT,GG,CC,GG,CC,AA,CT,CC,AG,GG,GG,AA,,"-9, +9",GG,TT,TC,TT,AC,TA,TC,,,,,,,,,GG,CC,CG,AG,CG,GG,TT,CC,CT,CC,CC,GA,GG,AG,AA,TT,AC,GG,,CT,AA,GG,GG,AA,,GG,TC,,CC,CC,,,,,,AA,GG,CC,GG,AA,GG,AA,AA,CC,GG,GG,CC,TT,CC,CC,,CC,TT,AA,TT,CC,,,AG,AC,TT,CC,CA,GG,GG,TT,GA,AG,GA,GG,TC,GA,GG,AG,GA,CG,CC,,,TC,GG,GG,CC,GG,GT,GG,GG,TC,AC,AA,GC,TT,AA,AA,TC,CC,4G5G,AA,GG,,AA,GG,CC,AG,CC,,TT,AA,CT,CC,,,CC,GA,TT,AA,CT,CT,TT,GG,CC,CT,AA,CG,CG,AA,TT,CT,CC,TT,CC,,,CC,GT,TC,GT,CT,GA,,GA,AA,GG,CC,TT,AA,TT,CC,GA,AA,CC,TT,TC,CC,GA,TC,TT,TC,,,,,,,,,,,,,,,,,,,,,,,,,,,,,,-2.5212231705352313,-0.752957496667625
FL-1521,CA,DD,CT,GA,TC,GA,CG,GG,CG,CC,TT,GA,TT,AA,,CC,CC,AA,CC,TT,GG,,CC,,,,,GG,GG,GA,,,,GA,,,GG,CC,GT,GA,CT,GG,CC,AA,CC,CC,GG,GG,GG,AA,,"-9, +9",GG,CT,TT,CT,AC,TT,TT,,,,,,,,,AG,CT,CG,GG,CC,GG,TT,CC,CT,TC,CG,GA,GG,AG,AG,TC,AC,GG,,CC,AA,GG,GA,AT,AT,GG,TT,,CC,CC,,,,,,AA,GG,CT,GG,AA,GG,AA,AA,CC,GG,GG,TT,TT,TT,CC,,CC,TT,GA,AT,CC,,,AG,AC,TA,CT,CA,GG,GG,CC,GG,AA,GA,GC,TC,GG,GG,AA,GA,CC,CC,,,TC,GG,GG,CT,GG,GG,GG,GG,CC,CC,AA,CC,TC,AG,AA,CC,TT,4G5G,AA,GG,CC,AA,GG,CC,GG,CC,,TT,AA,CC,CC,,,CC,,TT,AA,CT,CC,TT,GG,CC,CT,GA,CG,CG,AA,CC,CC,CC,TT,CC,,,CC,GG,CC,GG,CC,GA,,AA,CC,TT,CC,TT,AA,CC,CT,GA,GA,,TT,TT,,GG,TT,TT,,,,,,,,,,,,,,,,,,,,,,,,,,,,,,,-0.9728119313572776,-1.534294748547317
FL-1522,CA,DD,TT,AA,TT,GG,CC,AA,CC,CC,TT,GA,TC,AG,,CC,CC,AA,CC,TT,GG,,CC,,,,,GG,GG,GG,,,,GG,,,GG,CC,TT,GG,CC,GG,CC,AA,CT,CC,AG,GG,GG,AA,,"-9, +9",AG,CT,TT,CT,AA,TA,TT,,,,,,,,,AG,CT,GG,GG,CC,GA,TT,CC,TT,TT,CC,GA,GA,AA,AG,CC,AC,GG,,CT,AG,GG,GG,AA,AT,GT,CC,,CC,CC,,,,,,AA,GG,CT,GG,TA,GG,AA,AA,CC,GG,GG,CC,TT,CC,TT,,GG,TT,GG,AA,CA,,,AG,,TA,CT,CA,GG,GG,CT,AA,AA,AA,GC,TC,GG,GG,AA,AA,CG,CC,,,TT,GG,GT,CC,GT,GT,GG,GG,TC,AC,AA,CC,TT,AG,AG,TC,TT,5G5G,AA,GG,CT,AA,GG,CC,AG,CC,,TC,AA,CC,CG,,,CC,AA,CT,GA,CC,CC,TC,GA,CC,CC,GG,CG,CC,AA,CC,CT,CT,TT,CC,,,CC,GG,CC,GG,CC,GA,,GA,CC,TT,CC,TT,AA,CC,CT,GA,GA,TC,TT,TC,CC,GA,TC,TT,TC,,,,,,,,,,,,,,,,,,,,,,,,,,,,,,-0.2073592796646272,-1.4699093549521816
FL-1523,CC,ID,CC,GG,CC,AA,CG,AA,,CC,TC,GG,TT,AG,GT,CC,TC,TA,CC,GT,AG,CT,CC,TT,CC,CG,GG,GT,GA,GG,CC,AT,GA,GG,AG,GA,GA,CT,GG,GA,CC,GG,CC,AA,CC,CC,GG,GA,GG,AA,,"+9, +9",AA,TT,TT,TT,AA,TA,TC,,,,,,,,,GG,CC,CG,AG,CC,GG,TC,CG,CC,TC,CG,GG,GG,AG,AG,TC,AC,GA,AT,CT,AG,GG,AA,TT,AT,GG,TT,CC,CC,CC,,,,,,AA,GG,CC,GG,AA,GG,AA,AA,CC,GG,GG,CT,TT,TC,CT,,CG,TT,GG,AT,CA,,,AA,CC,TA,CT,CC,GC,GG,CC,AA,AG,GG,GG,TC,GG,GG,AG,GG,CC,CT,,,TT,AG,GG,CC,GG,GG,GG,GG,TT,AA,AA,CC,TC,GG,AA,CC,TT,5G5G,AA,GG,CC,AA,GA,CC,GG,CC,,TT,AA,CC,CC,,,CC,GA,TT,AA,CC,CC,TT,GG,CC,CT,GG,CG,CG,AA,TT,CC,CC,TT,CC,GG,AA,CT,GG,CC,GG,CC,GA,,GA,AA,GG,CC,TT,AA,TT,CT,AA,GA,TC,TT,TC,CT,GA,TC,TT,TC,0.0,FL,02-1,Male,19.0,Caucasian,27.5,35.0,7.5,27.3,27.5,27.5,0.0,0.0,156.0,66.0,25.176,104.0,62.0,54.0,10.0,15.5,12.0,16.5,R,155.0,66.0,25.015,5.5,-0.6562605136393019,-2.131617656262842
FL-1524,CC,II,TT,AA,TT,GG,CC,GA,CC,CC,TT,GG,TC,AG,,CC,CC,TA,CT,TT,GG,,CT,,,,,GT,GA,GG,,,,GG,,,GG,CC,TT,GG,CC,GG,CC,AA,CC,CC,GG,GG,GG,AA,,"-9, +9",GG,CT,TT,CT,CC,TT,TC,,,,,,,,,AA,TT,CC,AG,CC,GG,TT,CC,TT,TC,CC,GG,GA,AG,GG,CC,AC,GA,,CC,AA,GG,GG,AA,AA,GG,TT,,CC,CC,,,,,,AA,GG,CC,GA,AA,GG,AA,AA,CC,GG,GG,CC,TT,CC,CC,,CC,,GA,AT,CC,,,AG,AC,AA,TT,CA,GC,GC,CC,GA,AA,GA,GG,CC,GG,GG,AA,AA,CC,CC,,,TT,GG,GG,CC,GG,GT,GG,GG,TT,AA,AA,,TC,AG,AA,TC,TC,4G4G,AA,GG,CC,AA,GG,CC,GG,CC,,TT,AA,CC,CC,,,CG,AA,CT,AA,CC,CC,TT,GG,CC,CT,GA,CG,CG,AA,CT,CT,CT,TT,CC,,,CT,GT,TT,GT,TT,GA,,GG,AA,GG,CC,TT,AA,CC,CT,GG,GA,TC,TT,TC,CC,GA,TC,TT,TC,,,,,,,,,,,,,,,,,,,,,,,,,,,,,,-3.649333289987149,0.8990425121452521
FL-1525,CC,II,CC,GG,CC,AA,GG,GG,GG,CC,TC,GG,TT,AG,,CC,CC,TA,CT,TT,GG,,CT,,,,,GT,GG,GG,,,,GG,,,GG,CC,GG,GA,CC,GG,CC,AA,CC,CC,AG,GG,GG,AA,,"-9, +9",AG,CC,TT,CC,AC,TT,TC,,,,,,,,,AG,CT,CG,AG,CC,GG,TT,,CC,TT,CG,GA,GG,AG,AG,TC,AA,GG,,CT,AA,GG,GG,AA,AA,GG,TT,,CC,CC,,,,,,AA,GG,CC,GG,AA,GG,AA,AA,CC,GG,GG,CC,TT,CC,CC,,CC,TT,GA,AT,CC,,,GG,AA,TA,CC,AA,GG,GG,TT,GG,GG,GG,GG,TC,GG,GG,AA,GG,CC,CC,,,CC,GG,GG,CT,TT,GT,GG,GG,TC,AC,AA,GG,TT,AG,AG,TC,TC,4G5G,AA,GG,CC,AA,GG,CC,AG,CC,,TC,AA,CT,CC,,,CC,GA,TT,AA,TT,TT,TT,GG,CC,CC,GG,CG,CC,AA,TT,CT,TT,TT,CC,,,CT,GT,TC,GT,CT,GA,,,AA,GG,CC,TT,AA,CT,TT,GG,GG,TT,TT,CC,CT,GA,CC,TT,CC,,,,,,,,,,,,,,,,,,,,,,,,,,,,,,-1.9089573775187239,0.061004450330854935
FL-1526,CC,DD,CC,GG,CC,AA,CC,GA,CG,CC,TT,GG,TT,AG,,CT,CC,TT,CT,TT,GG,,CT,,,,,GT,GA,GA,,,,GG,,,GA,CT,GG,GA,CC,GG,CC,AA,CC,CT,GG,GA,GG,AA,,"+9, +9",GG,CT,TC,CC,AA,TT,TC,,,,,,,,,AA,CT,GG,GG,GG,GG,TT,CC,CC,TT,CC,GA,GG,GG,AG,TC,AA,GA,,CT,AG,CG,GG,AA,AA,GG,CC,,CC,CC,,,,,,AA,GG,CT,GG,AA,GG,AA,AA,CC,GG,GG,CC,TT,CC,CC,,CC,TC,GG,AA,CC,,,AG,AC,TT,CC,CA,GG,GG,CC,GG,AG,GA,GG,TC,GG,GG,GG,GA,CG,CC,,,TT,GG,GG,CT,GG,GG,GG,GA,CC,CC,AA,,TT,AG,,TC,TC,5G5G,AA,GG,CC,AA,GA,CC,GG,CT,,TC,AG,CC,CC,,,CC,GG,CT,GG,TT,CT,TT,GG,CC,CC,AA,CG,GG,AA,CT,TT,CC,,TT,,,TT,TT,CC,TT,CC,GA,,GA,AA,GT,CC,TT,AA,TT,CT,GA,GG,TC,,TT,CT,GG,TT,TT,TT,,,,,,,,,,,,,,,,,,,,,,,,,,,,,,1.3255441537465966,4.425204490706613
FL-1527,CA,DD,CC,GG,CC,AA,CC,GA,CG,CC,TT,GG,TT,AG,GT,CC,CC,TA,CT,TT,GG,CC,CT,CT,CC,CG,GG,GT,GG,GG,TC,AT,GA,GA,AG,GA,GG,CC,GG,GA,CT,GG,CC,AA,CC,CC,GG,GG,GG,AA,CC,"-9, +9",GG,CT,TT,TT,AA,AA,TC,GG,CC,GG,TT,CC,AA,CC,GG,AA,CT,GG,GG,CG,GA,TT,CC,CC,TC,CC,GG,GA,GG,GG,CC,AA,AA,AA,CT,AG,CG,GG,AA,AA,GG,TC,CT,CC,CC,GG,TT,CC,GG,AA,AA,GG,CC,GG,AA,GG,AA,AA,CC,GG,GG,CT,TT,TC,CC,,CC,TT,GA,AT,CC,GG,GG,AG,AC,TA,CC,CA,GG,GG,CT,GG,AG,GA,GG,TC,GG,GG,AA,GG,CC,CC,CA,GG,TC,GG,GT,CC,GG,GG,GG,GA,TC,AC,AA,GC,TT,AG,AA,TC,TT,4G5G,AA,GG,CC,AA,GG,CC,GG,CC,GA,CC,AA,CT,CC,,,CG,GA,TT,GA,CT,CT,TT,GG,CC,CT,GA,CG,CG,AA,TT,CC,TT,TT,CC,GT,AG,CT,GT,CC,GT,CC,GA,,GA,AA,TT,CC,GT,AG,CC,CT,GA,GA,TC,TT,TC,CC,GA,TC,TT,TC,0.0,FL,02-1,Female,19.0,Caucasian,17.5,20.0,2.5,14.3,15.0,17.5,2.5,16.7,147.0,66.5,23.368,108.0,72.0,75.0,11.0,19.0,12.0,17.5,R,151.0,66.5,24.004,11.0,-2.7505709606894038,1.5877540054884483
FL-1528,CC,ID,TT,AA,TT,GG,CC,AA,CC,CC,TT,GG,TT,AA,,CT,TC,TA,CC,GT,GG,,CC,,,,,GG,GG,GA,,,,GA,,,GG,CC,GT,GG,CT,GG,CC,AA,CC,CC,GG,GG,GG,AA,,"-9, -9",AA,CT,TT,CT,AA,TA,TC,,,,,,,,,GG,CC,CC,AA,GG,GG,TT,CC,TT,CC,CC,GG,GA,AA,AA,TT,AA,AA,,CC,AA,GG,GG,AA,AA,GG,TC,,CG,CC,,,,,,AA,GG,TT,GG,AA,GG,AA,AA,CC,GG,GG,CT,TT,TC,CC,,CC,TT,GG,AT,CC,,,AG,AC,AA,CT,AA,GG,GC,CT,AA,AG,GA,GC,TT,GG,GG,AG,GA,CC,CC,,,TT,GG,GG,CC,GG,GG,GG,GG,CC,CC,AA,GC,TT,AA,AA,TC,TT,4G5G,AA,GG,CC,AA,GG,CC,GG,CC,,TT,,CC,CC,,,CC,GA,TT,AA,CT,CT,TC,GA,CC,CT,GA,CG,CG,AA,CT,CT,CT,TT,CC,,,CC,GG,CC,GG,CC,GG,,GG,AC,TT,CC,TT,AA,CC,CC,GA,AA,CC,TT,TT,CC,GG,TT,TT,TT,,,,,,,,,,,,,,,,,,,,,,,,,,,,,,0.9854343015047741,-2.8548414592866878
FL-1529,CA,II,CT,GA,TC,GA,CC,GA,CC,CC,TT,GG,TT,AG,GT,CC,CC,TA,CT,TT,GG,CC,CT,CT,CC,CG,GG,GT,GA,GG,TC,AT,GG,GG,GG,GA,GG,CC,TT,GG,CC,GG,CC,AA,CC,CC,GG,GG,GG,AA,CT,"+9, +9",GG,TT,TC,CT,AC,TT,TT,GG,CC,GG,TT,CC,AA,CC,,AG,CC,CG,GG,CC,GG,,CC,CT,CC,CC,GG,GG,AG,AA,TT,AA,GA,AT,CT,AA,GG,GG,AA,AT,GG,TC,CT,CC,CT,GG,TT,CC,GG,AA,AA,GG,CC,GG,TA,GG,AA,AA,CC,GG,GG,CC,TT,CC,CC,,CG,TT,GA,AA,CA,GG,GG,AG,AC,TT,CC,CC,GG,GG,CT,GA,GG,GG,GG,TT,GG,GG,AA,GG,CC,CT,CA,GG,TT,AG,GT,CC,GT,GG,GA,GG,TC,AC,AA,GG,TT,AA,AA,TC,CC,4G5G,AA,GG,CC,AA,GG,CC,GG,CC,GA,TT,AA,CC,CG,,,CC,GA,CT,GG,CT,CT,TT,GG,CT,CT,GA,GG,CG,AA,TT,CT,CC,TT,CT,GT,AG,CT,GG,CC,GG,CC,GG,,GG,AC,TT,CC,GT,AG,TT,TT,GG,GG,TT,TT,CC,CC,AA,CC,TT,CC,0.0,FL,02-1,Female,19.0,Caucasian,12.5,20.0,7.5,60.0,12.5,12.5,0.0,0.0,117.0,64.5,19.771,106.0,62.0,68.0,11.0,14.5,10.0,15.5,R,114.0,64.5,19.264,10.5,-0.5659034413675135,1.3774503496590462
FL-1530,CA,II,TT,AA,TT,GG,CG,AA,CC,CC,TT,GG,TT,AA,,CT,CC,TA,CC,TT,GG,,CC,,,,,GG,GG,GA,,,,GG,,,GA,CT,GT,GG,CC,GG,CC,AA,CT,CC,AG,GG,GG,AA,,"-9, -9",AG,CT,TT,TT,AA,AA,TC,,,,,,,,,AA,CT,GG,GG,CC,GA,TT,CC,TT,TC,GG,AA,GG,GG,AG,CC,AC,GA,,CC,AA,CG,GG,AA,AT,GG,TC,,CC,CC,,,,,,AA,GG,CT,GG,AA,GG,AA,AA,CC,GG,GG,CC,TT,CC,CT,,CG,TT,GA,AA,CA,,,AG,AC,TA,CC,CC,GC,GG,CT,GG,AA,AA,GG,CC,GG,GA,GG,GG,CC,CC,,,TC,GG,GG,CT,GT,GT,GA,GG,TT,AA,AA,GC,CC,AG,AG,TC,CC,4G5G,AA,GG,CT,AA,GG,CC,AG,CC,,TT,AA,CT,CG,,,CC,GG,TT,AA,CC,CC,TT,GG,CC,CC,GA,CG,CG,AA,CT,CT,CC,TT,CT,,,CT,GT,TC,GT,CT,GA,,GA,AA,GG,CC,TT,AA,CC,TT,GG,GA,TT,TT,TC,CT,GA,TC,TT,TC,,,,,,,,,,,,,,,,,,,,,,,,,,,,,,-0.8316990169273764,-0.46866634441782257
FL-1531,CC,DD,TT,AA,TT,GG,CC,GG,CG,CC,TT,GG,TT,AG,,CC,CC,TA,CT,TT,GG,,CT,,,,,GT,GG,GG,,,,GG,,,GA,CT,GT,GG,CC,GG,CC,AA,CC,CC,GG,GG,GG,AA,,"+9, +9",AG,CT,TT,CT,AC,TT,TT,,,,,,,,,AA,CT,GG,GG,CC,GG,TT,CC,TT,TC,CG,GA,GG,AG,AA,TT,AA,AA,,TT,AA,CG,GG,AA,AA,GG,TT,,CC,CC,,,,,,,GG,CC,GG,AA,GG,AA,AA,CC,GG,GG,CT,TA,TC,CT,,CG,TT,GG,AT,CA,,,AG,AC,TT,CC,CA,GG,GC,CC,GA,AG,GA,GG,CC,GG,GA,AG,GG,CC,CC,,,CC,GG,GT,CC,GG,GT,GG,GA,CC,CC,AA,GC,TT,AA,AG,TT,TC,5G5G,AA,GG,CC,AA,GG,CC,GG,CC,,TT,AG,CC,CC,,,CC,GA,TT,AA,CT,CT,TT,GG,CC,CC,GA,CG,CG,AA,CT,TT,CC,TT,CC,,,CT,GG,CC,GG,CC,GA,,GG,AC,GT,CC,TT,AA,CC,CT,AA,GA,TC,TT,TC,CC,GA,TC,TT,TC,,,,,,,,,,,,,,,,,,,,,,,,,,,,,,-1.8414591108153022,0.06564738823375744
FL-1532,CC,II,CC,GG,CC,AA,CG,GA,CC,CC,TT,GG,CC,GG,,CC,TT,TT,CC,GG,AA,,CC,,,,,GG,GG,GA,,,,GA,,,GG,CC,GG,AA,CC,GG,CC,AA,CC,CC,GG,GA,GG,AA,CC,"-9, -9",GG,CT,CC,CT,AA,TT,TC,GG,CC,GG,TT,CC,AG,CC,GG,AA,CT,GG,GG,GG,GG,TT,CC,CC,TT,CC,GA,GG,AA,AA,TT,AA,GA,,TT,AG,GG,GA,AT,AT,GG,TT,,CC,CC,GG,TT,CC,GG,AA,AA,GG,CC,GG,,GG,AA,AA,CC,GG,GG,CT,TT,TC,TT,,GG,TT,GG,AA,CC,GC,GG,AG,AC,TT,CC,CA,GG,GG,CC,GG,AG,GA,GC,TC,GG,GG,AG,GA,CC,CC,CC,GT,CC,GG,GG,CC,GG,GT,AA,GG,TT,AA,AA,GG,TT,AA,GG,TC,TT,4G4G,AA,GG,CC,AA,GA,CC,GG,CC,GA,TT,AA,TT,CC,,,CC,GA,CC,AA,TT,TT,TT,GG,CC,CC,GA,CC,CG,AA,CT,CC,CC,TT,CT,,,CC,GG,CC,GG,CC,GA,,GG,AA,GG,CC,TT,AA,TT,TT,AA,GG,TT,TT,CC,CC,AA,CC,TT,CC,0.0,FL,02-1,Female,34.0,Asian,15.0,20.0,5.0,33.3,12.5,12.5,0.0,0.0,130.0,62.5,23.396,108.0,91.0,80.0,16.5,16.0,17.0,17.0,R,130.0,62.5,23.396,11.5,6.118273508698591,-5.840349889675365
FL-1533,CC,,CT,GA,TC,GA,CG,GG,CC,CC,TT,GG,TT,AG,GT,CC,CC,TA,CT,TT,GG,CC,CT,CT,CC,GG,GG,GT,GG,GG,CC,TT,GG,GG,AG,GG,GG,CC,GT,GA,CC,GG,CC,AA,CC,CC,GG,GG,GG,AA,,"-9, +9",AG,CT,TT,TT,AA,TA,TC,,,,,,,,,AA,CT,CG,AG,CG,GA,TT,CC,CT,TC,CG,AA,GG,GG,AG,TC,AC,GA,AT,CC,AA,GG,GG,AA,AA,GG,TT,CC,CC,CT,,,,,,AA,GG,CC,GA,AA,GG,AA,AA,CC,GG,GG,CC,TT,CC,CC,,CC,TT,AA,AA,CA,,,GG,AA,TA,CT,AA,CC,GG,CT,AA,AG,GG,GG,TC,GG,GG,AA,GA,GG,CC,,,CC,GG,GG,CC,GG,GT,GG,GG,TC,AC,AA,GC,TT,AA,AG,TC,TC,5G5G,AA,GG,CC,AA,GG,CC,GG,CC,,TT,AG,CT,CC,,,CC,GA,TT,GA,CT,CC,TT,GG,CC,CC,GG,GG,CC,AA,CT,CT,CT,TT,CC,GG,AA,CC,TT,TT,TT,TT,GG,,GA,AA,GG,CC,TT,AA,,TT,GG,GG,TT,TT,TC,CT,GA,TC,TT,TC,0.0,FL,02-2,Female,20.0,Caucasian,12.5,20.0,7.5,60.0,12.5,15.0,2.5,20.0,164.0,67.0,25.683,90.0,70.0,64.0,11.0,32.5,16.0,32.0,R,172.0,67.0,26.936,15.5,-4.726904361087467,1.4963844441934688
FL-1534,CA,,CC,GG,CC,AA,CG,GA,CC,CC,TT,GG,TT,AA,TT,CC,CC,AA,CC,TT,GG,CC,CC,CT,CC,CG,GG,GG,GG,GG,CC,AT,GG,GA,AG,GA,GG,CC,GT,GG,CC,GG,CC,AA,CC,CC,GG,GG,GG,AA,CC,"-9, -9",GG,TT,TT,CT,AA,TA,TC,GG,CC,GG,TT,CC,,CC,GG,AG,CC,GG,GG,CG,GG,TT,CC,CC,TC,CC,GA,GG,AG,AG,TC,AA,AA,AT,CC,AA,CG,GG,AA,AT,GG,TT,CT,CC,CC,GG,TT,CC,GG,AA,,GG,CT,GA,AA,GG,AA,AA,CC,GG,GG,CC,TT,CC,CC,,CG,TT,GA,AA,CA,GG,GG,AG,AC,AA,TT,CA,GC,GG,CT,GA,AA,AA,GG,CC,GA,GA,GG,GA,CC,CC,CC,GG,TC,GG,GG,CC,GT,GT,GG,GA,TC,AC,AA,CC,TT,AG,AA,TC,TT,4G5G,AA,GG,CC,AA,GG,CC,GG,CC,GA,TT,AA,CC,CC,,,CC,GA,TT,AA,CC,CC,TC,GA,CC,CC,GG,GG,GG,AA,CT,CT,CC,TT,CT,GT,AG,CC,GG,TC,GG,CT,GA,,GA,AA,GG,CC,TT,AA,,CT,GG,GA,,TT,TC,CC,GA,TC,TT,TC,2.0,FL,02-2,Male,26.0,Caucasian,,32.5,,,20.0,27.5,7.5,37.5,153.0,70.0,21.951,90.0,70.0,52.0,3.0,12.5,5.0,8.5,R,156.0,70.0,22.381,6.0,-2.673235699831342,-0.37879926603842745
FL-1535,CA,,CT,GA,TC,GA,CG,GG,CG,CC,TT,GA,TT,AG,GT,CC,TC,TA,CT,TT,GG,CC,CT,CT,CC,CG,GG,GT,GG,GG,CC,AT,GG,GA,AG,GA,GG,CC,TT,GG,CT,GG,CC,AA,CC,CT,GG,GG,GG,AA,,"+9, +9",GG,CT,TT,CT,AC,TT,CC,,,,,,,,,GG,CC,CC,AA,GG,GA,TT,CC,CT,TT,CG,GG,GG,GG,AA,TT,AC,GA,TT,CT,AA,GG,GA,AT,TT,GG,TT,CC,CC,CC,,,,,,AA,GG,CC,GG,TA,GG,AA,AA,CC,GG,GG,CC,TT,CC,CC,,CC,TT,GA,AT,CC,,,AG,AC,AA,CC,CC,GC,GG,CC,GG,AA,AA,GG,CC,GG,GG,AG,GA,CC,CC,,,TT,GG,GG,CC,GG,GG,GG,GG,TC,AC,AA,GC,TT,GG,AA,TC,TC,5G5G,AA,GG,CC,AA,GG,CC,GG,CT,,TC,AA,CT,CC,,,CG,GG,TT,AA,TT,TT,TT,GG,CC,CT,GA,GG,CG,AA,TT,CT,CC,TT,CC,TT,GG,TT,TT,TT,TT,TT,GA,,GA,AA,GT,CC,TT,AA,,CT,GA,GA,TC,TT,CC,CC,AA,CC,TT,CC,0.0,FL,02-2,Female,21.0,Caucasian,17.5,27.5,10.0,57.1,15.0,17.5,2.5,16.7,149.0,68.0,22.653,,,,6.5,15.83,5.0,14.0,R,147.0,68.0,22.349,6.33,-2.478446976811361,0.7141775552150311
FL-1536,CC,,TT,AA,TT,GG,CC,AA,CC,CC,TT,GG,TC,AA,TT,CC,CC,AA,CC,TT,GG,CC,CC,TT,CC,GG,GG,GG,GG,GG,CC,TT,GA,GG,AA,GG,GA,,GT,GG,CC,GG,CC,AA,CC,CT,GG,GA,GG,AA,CC,"-9, -9",GG,CT,TC,CT,AA,AA,TC,GG,CC,GG,TT,CC,AA,CC,GG,AA,CT,GG,GG,CC,GA,,CC,TT,TT,CC,GG,GG,AG,AG,TC,AA,GA,TT,CT,AG,GG,GG,AA,TT,GG,TT,CT,CC,CT,GG,TT,CC,GG,AA,AA,GG,CT,GG,AA,GG,AA,AA,CC,GG,GG,CC,TT,CC,CC,,CG,TT,AA,AA,CA,GC,GG,AA,CC,TA,CC,CC,GC,GG,CC,GA,AA,GA,GG,CC,GG,GG,AA,,CC,CC,CC,GG,TC,GG,GG,CC,TT,GG,GG,GG,CC,CC,AA,GC,TT,AG,AG,TC,TC,4G4G,AA,GG,CC,AA,GA,CC,GG,CT,GA,TT,AA,CT,CG,,,CC,GA,CT,AA,CT,CT,TC,GA,CC,CC,GG,GG,CG,AC,TT,CT,CC,TT,CT,GG,AA,CC,GG,CC,GG,CC,GG,,GG,AA,GG,CT,TT,AA,,TT,GA,GG,TT,TT,TC,CC,GA,TC,TC,TC,0.0,FL,02-2,Male,25.0,Caucasian,22.5,32.5,10.0,44.4,27.5,27.5,0.0,0.0,164.0,70.0,23.529,110.0,56.0,78.0,6.0,12.5,8.0,13.0,R,177.0,70.0,25.394,6.5,1.8331476550730381,-2.3331475873832117
FL-1537,CA,,CT,GA,TC,GA,CC,GG,CG,CC,TT,GG,TT,AG,,CC,CC,TA,CT,TT,GG,,CT,,,,,GT,GG,GG,,,,AA,,,GG,CC,GG,GA,CC,GG,CC,AA,CC,CC,GG,GG,GG,AA,,"-9, +9",AG,TT,TT,CT,AA,TA,TT,,,,,,,,,AG,CC,CG,GG,CC,GA,TT,CC,CT,TC,CC,GG,GA,GG,AA,TT,AA,AA,,CC,AA,GG,GG,AA,AA,GG,CC,,CC,CT,,,,,,AA,GG,CT,GG,AA,GG,AA,AA,CC,GG,GG,CT,TA,TC,CT,,CG,TT,GG,AA,CA,,,AG,AC,AA,CC,CA,GC,GG,CC,GA,GG,GG,GG,TT,GG,GG,AG,GA,CC,CC,,,CC,GG,GT,CT,GT,GT,GG,GG,TC,AC,AA,GC,TC,AG,AG,TC,CC,4G5G,AA,GG,CC,AA,GG,CC,GG,CC,,TT,AG,CC,CC,,,CC,GA,TT,GG,CT,CT,TT,GG,CC,CC,GG,CC,CC,AA,TT,CC,TT,TT,CC,,,CC,GT,TC,GT,CT,GA,,GA,AA,GG,CC,TT,AA,,CT,GG,GA,TC,,TT,CT,GG,TT,TT,TT,0.0,FL,02-3,Male,21.0,Asian,25.0,37.5,12.5,50.0,22.5,30.0,7.5,33.3,146.0,68.0,22.197,108.0,72.0,78.0,13.0,5.5,12.5,4.0,R,153.0,68.0,23.261,4.0,-1.240342468235667,0.8907947019257115
FL-1538,CC,,CT,GA,TC,GA,CC,GG,CG,CA,TT,GA,TC,AG,,CC,TC,TA,CC,GT,AG,,CC,,,,,GG,GG,GA,,,,GA,,,GA,CT,GG,GA,CC,GG,CC,AA,CT,CT,GG,GG,GG,AA,,"+9, +9",GG,TT,TC,TT,AA,TT,TC,,,,,,,,,AA,TT,CG,AG,CC,GG,TC,CG,CT,CC,CC,GA,GA,AG,AG,TC,AC,GG,,TT,AG,GG,GG,AA,AA,GG,TC,,CC,CC,,,,,,AA,GG,TT,GG,AA,GG,AA,AA,CC,GG,GG,CT,TT,TC,CT,,CG,TT,GA,AA,CC,,,GG,AA,TT,CC,AA,GC,GG,CC,GA,AA,AA,GG,CC,GG,GG,AA,AA,CC,CC,,,CC,GG,GG,CC,GT,GT,GG,GG,TT,AA,AA,CC,TT,GG,AA,TC,TC,4G5G,AA,GG,CT,AA,GG,CC,GG,CT,,TT,AA,CT,CC,,,CC,GG,TT,AA,CT,CT,TT,GG,CC,CC,GG,CG,CC,AA,TT,TT,CC,TT,CC,,,CT,GT,TC,GT,CT,GG,,AA,AA,GT,CC,TT,AA,,CT,GA,GA,TC,TT,TC,CC,GA,TC,TT,TC,,,,,,,,,,,,,,,,,,,,,,,,,,,,,,1.060939060076995,-1.5213774153743556
FL-1539,,,,,,,,,,,,,,,,,,,,,,,,,,,,,,,,,,,,,,,,,,,,,,,,,,,,,,,,,,,,,,,,,,,,,,,,,,,,,,,,,,,,,,,,,,,,,,,,,,,,,,,,,,,,,,,,,,,,,,,,,,,,,,,,,,,,,,,,,,,,,,,,,,,,,,,,,,,,,,,,,,,,,,,,,,,,,,,,,,,,,,,,,,,,,,,,,,,,,,,,,,,,,,,,,,,,,,,,,,,,,,,,,,,,,,,,,,,,,,,,,,,,,,,,,,,,,,,4.144103703791282e-17,-1.0900765763055393e-17
FL-1540,CC,,CC,GG,CC,AA,CG,GA,CG,CC,TT,GA,TC,AG,GT,CC,CC,TA,CT,TT,GG,CC,CT,TT,CC,CG,GG,GT,GG,GG,TC,AT,GG,AA,GG,AA,GG,CC,TT,GG,CC,GG,CC,AA,CC,CC,GG,GA,GG,AA,,"-9, +9",AG,TT,TT,CT,AA,TA,TC,,,,,,,,,GG,CC,CG,GG,CG,GG,TT,CC,CC,TC,CC,GG,GG,AA,AA,TT,AC,GA,TT,CT,AA,GG,GG,AA,TT,GG,CC,TT,CC,CC,,,,,,AA,GG,CT,GG,AA,GG,AA,AA,CC,GG,GG,CC,TT,CC,CT,,CG,TT,GA,AA,CC,,,AA,CC,AA,CT,CC,GC,GG,CT,GG,AG,GA,GC,TT,GG,GA,AG,GA,CC,CT,,,TT,AG,GG,CC,GT,GG,GG,GA,CC,CC,AA,GC,TC,AA,AG,TC,TC,5G5G,AA,GG,CC,AA,GA,CC,GG,CC,,TT,AG,CC,CC,,,CG,GA,TT,AA,CC,CC,TT,GG,CC,CC,GG,CG,CC,AA,CC,CC,CC,TT,CC,GT,AG,CT,GG,CC,GG,CC,GA,,GA,AC,GT,CC,TT,AA,,CT,GA,GA,TC,,CC,CC,AA,CC,TT,CC,0.0,FL,02-3,Female,20.0,Caucasian,12.5,20.0,7.5,60.0,12.5,17.5,5.0,40.0,134.0,64.0,22.999,108.0,78.0,84.0,9.5,28.5,12.0,26.0,R,131.0,64.0,22.484,9.0,-2.142271220711843,-1.0275586968865236
FL-1541,CA,,TT,AA,TT,GG,CG,GG,GG,CC,TT,GG,TT,AG,,CC,TC,TA,CC,GT,AG,,CC,,,,,GT,GA,GG,,,,GG,,,GA,CT,GT,GG,CC,GG,CC,AA,CT,CC,AG,GA,GG,AA,,"-9, +9",AG,TT,TC,TT,AA,TT,TC,,,,,,,,,AG,CT,CG,GG,CC,GG,TT,CC,TT,TT,CG,GG,GG,GG,GG,CC,AC,GG,,CC,AA,GG,GG,AA,TT,GG,TT,,CC,CT,,,,,,AA,GG,CT,GG,TA,GG,AA,AA,CC,GG,GG,CC,TT,CC,CT,,CG,TT,GA,AA,CC,,,AG,AC,TT,CC,CA,GG,GG,CT,GG,AA,AA,GC,TC,GG,GG,AA,GG,CC,CC,,,TC,GG,GG,CC,TT,GT,GG,AA,CC,CC,AA,GC,TT,AG,AG,CC,TC,4G5G,AA,GG,CT,AA,GA,CC,AG,CC,,TT,AA,CC,CC,,,CC,GG,TT,GA,CT,CT,TT,GG,CC,CC,GG,GG,CC,AA,CT,CT,CT,TT,CC,,,CT,GG,TC,GG,CT,GG,,GA,AC,GT,CC,TT,AA,,CT,GA,GA,TC,TT,TT,CT,GG,TT,TT,TT,,,,,,,,,,,,,,,,,,,,,,,,,,,,,,0.040865995312543715,-1.4798492442648254
FL-1542,CC,,TT,AA,TT,GG,CG,GG,CC,CA,TT,GG,TT,AA,,CC,CC,AA,CC,TT,GG,,CC,,,,,GG,GG,GG,,,,GG,,,GG,CC,GT,GG,CC,GG,CC,AA,CT,CT,AG,GG,GG,AA,,"-9, +9",GG,CC,TT,CC,AC,TA,TC,,,,,,,,,AA,CT,CG,AG,CC,AA,TT,CC,TT,TT,GG,GA,GG,AA,AG,TC,AC,GG,,CC,AG,GG,GG,AA,AA,GG,TT,,CC,CT,,,,,,AA,GG,CT,GA,AA,GG,AA,AA,CC,GG,GG,CT,TT,TC,CT,,CG,TT,GA,AA,CC,,,AA,CC,TA,CC,CC,GG,GG,CC,GA,AA,AA,GG,CC,GG,GG,AG,GG,CC,CC,,,TC,GG,GG,CT,GT,GT,GA,GG,TC,AC,AA,GG,TT,AA,AA,TC,TT,4G4G,AA,GG,CT,AA,GG,CC,AG,CT,,TT,AA,CT,CC,,,CC,GA,TT,GG,CC,CC,TT,GG,CT,TT,GA,CC,CG,AA,CT,CC,CC,TT,CT,,,CC,GG,TC,GG,CT,GG,,GA,AA,GG,CC,TT,AA,,TT,GA,GG,TT,TT,TC,CT,GA,TC,TT,TC,0.0,FL,02-3,Male,22.0,Asian,27.5,37.5,10.0,36.4,27.5,30.0,2.5,9.1,178.0,68.0,27.062,126.0,84.0,60.0,11.0,16.67,10.0,15.0,R,186.0,68.5,27.867,10.0,0.29349676743841896,-0.5814171518563491
FL-1543,CC,,CT,GA,TC,GA,CC,GG,CC,AA,TT,GG,TC,GG,,CC,TT,TT,CC,GG,AA,,CC,,,,,GG,GG,AA,,,,AA,,,GG,CC,GG,AA,CC,GG,CC,AA,CC,CT,GG,GG,GG,AA,,"-9, +9",GG,CT,TT,TT,AC,TA,TC,,,,,,,,,AA,CT,GG,GG,CC,GG,TT,CC,CT,TT,CC,AA,GG,AG,AG,TC,AA,GA,,CC,AA,GG,GA,AT,AT,GG,CC,,CC,CT,,,,,,AA,GG,CT,GA,TT,AA,AA,AA,CC,AA,GG,CT,TT,TC,CC,,CC,TT,GA,AA,CC,,,AA,CC,AA,CT,CA,GG,GG,CT,GG,AA,AA,GC,TC,GA,GG,AG,GA,CG,CC,,,CC,GG,GG,CT,GT,GT,GG,GG,TC,AC,AA,CC,TT,AA,AG,TC,TT,4G5G,AA,GG,CC,AA,GG,CC,GG,CT,,TT,AA,CC,CC,,,CG,GG,CT,AA,CC,CC,TC,GA,CC,CC,GA,CG,CC,AA,TT,CT,CC,TT,CC,,,CT,GT,TC,GT,CT,GG,,GG,AC,GT,CC,TT,AA,,CT,GA,GA,TC,TT,TT,CC,GG,TT,TT,TT,0.0,FL,02-3,Male,23.0,Hispanic,27.5,40.0,12.5,45.5,35.0,30.0,-5.0,-14.3,160.0,67.0,25.057,124.0,76.0,80.0,10.0,16.0,6.0,15.5,R,167.0,67.0,26.153,9.0,6.076994360390548,-2.2113123566381336
FL-1544,CC,,CC,GG,CC,AA,CC,GA,CC,CC,TT,GG,TT,AG,,CC,CC,AA,CC,TT,GG,,CC,,,,,GG,GG,GG,,,,GG,,,GG,CC,GT,GA,CC,GG,CC,AA,CC,CC,GG,GG,GG,AA,,"-9, +9",GG,TT,TT,TT,AC,TT,TC,,,,,,,,,AA,TT,CG,AG,CC,GG,TC,CG,CC,TC,CC,GG,GG,AG,AA,TT,CC,GA,,CT,AA,GG,GG,AA,AT,GG,TT,,CC,CT,,,,,,AA,GG,CC,GG,TA,GG,AT,AT,CA,GA,GA,CC,TT,TC,TT,,GG,TT,GG,AT,CC,,,AA,AC,AA,CT,,CC,GG,CC,GG,AA,GA,GG,TC,GG,GG,AG,AA,CC,CC,,,TC,GG,GG,CC,GT,GT,GG,GG,CC,CC,AA,CC,TC,AA,AG,TC,TT,4G4G,AA,GG,CC,AA,GG,CC,GG,CC,,TT,AA,TT,CC,,,CC,GA,TT,GA,CT,CT,TT,GG,CC,CC,GG,CC,CC,AA,TT,CC,CC,TT,CC,,,CT,GG,CC,GG,CC,GG,,GA,AA,GT,CC,TT,AA,,CC,GA,AA,CC,TT,TC,CC,GA,TC,TT,TC,,,,,,,,,,,,,,,,,,,,,,,,,,,,,,2.6365625178916496,1.7006882496580886
FL-1545,CC,,CT,GA,TC,GA,CC,AA,CC,CC,TT,GG,TT,GG,,CC,CC,TA,CT,TT,GG,,CT,,,,,GT,GG,GG,,,,GG,,,GG,CC,GT,GA,CC,GG,CC,AA,CC,CC,GG,GA,GG,AA,,"+9, +9",GG,TT,TT,TT,AC,TT,TC,,,,,,,,,AA,TT,CG,AG,CC,GG,TC,CG,CT,TT,CC,GG,GG,GG,AG,CC,AC,GA,,TT,AG,GG,GG,AA,AA,GG,TC,,CC,CT,,,,,,AA,GG,CC,GG,AA,GG,AA,AA,CC,GG,GG,CT,TT,TC,CT,,CG,TT,GG,TT,CC,,,AA,CC,TA,CT,CA,GC,GG,CT,GA,AG,GG,GG,TC,GG,GG,AA,GG,CC,CC,,,TC,GG,GG,CC,GT,GG,GG,GG,CC,CC,AA,GC,TC,AA,AG,CC,TC,4G4G,AA,GG,CC,AA,GA,CC,GG,CC,,TC,AA,CT,CC,,,CC,GG,TT,GA,TT,TT,TT,GG,CC,CC,GG,GG,CC,AA,CT,CC,CT,TT,CC,,,CC,GG,CC,GG,CC,GA,,GA,AA,GT,CC,GT,AG,,CT,GA,GA,TC,TT,TT,CT,GG,TT,TT,TT,,,,,,,,,,,,,,,,,,,,,,,,,,,,,,-1.0914038487647735,-0.16656622928000686
FL-1546,CA,,CT,GA,TC,GA,CC,GG,CC,CA,TT,GA,TC,AG,,CC,CC,AA,CC,TT,GG,,CC,,,,,GG,GG,GG,,,,GG,,,GA,CT,GT,GG,CC,GG,CC,AA,CC,CC,GG,GG,GG,AA,,"+9, +9",AG,CT,TC,CT,AC,TT,TT,,,,,,,,,AG,CC,CG,AG,CC,GA,TT,CC,CT,TC,CG,GA,GA,AG,GG,CC,AA,GA,,TT,AG,CG,GG,AA,TT,GG,TC,,CC,CT,,,,,,AA,GG,CT,GG,TA,GA,AA,AA,CC,GA,GG,CT,TT,TC,CT,,CG,TT,GG,AT,CC,,,AG,AC,AA,CT,CA,GG,GG,CT,GG,AA,GA,GC,TC,GG,GG,AG,GG,CC,CC,,,TT,GG,GG,CT,GG,GT,GA,GA,TC,AC,AA,GC,TC,AG,AG,CC,TT,4G5G,AA,GG,CC,AA,GG,CC,GG,CC,,TT,AA,TT,CC,,,CC,GA,TT,AA,CT,CT,TT,GG,CC,CC,GG,CC,CC,AA,TT,TT,CC,TT,CT,,,CT,GT,TC,GT,CT,GG,,GG,AC,GT,CC,TT,AA,,CC,GG,AA,CC,TT,TC,CT,GA,TC,TT,TC,,,,,,,,,,,,,,,,,,,,,,,,,,,,,,-1.323704779266368,-1.155773369465312
FL-1547,CA,,CT,GA,TC,GA,CG,GG,GG,CC,TT,GG,TT,AG,,CC,CC,TA,CT,TT,GG,,CT,,,,,GT,GA,GG,,,,GG,,,GG,CC,TT,GG,CC,GG,CC,AA,CC,CC,GG,GA,GG,AA,,"-9, +9",AG,TT,CC,CT,AC,TA,TC,,,,,,,,,AG,CC,GG,GG,CC,GG,TT,,CT,TC,GG,GG,GA,AA,AG,TC,AA,GG,,,AA,GG,GG,AA,AT,GG,CC,,CC,CC,,,,,,AA,,TT,GG,AA,GG,AA,AA,CC,GG,GG,CC,TT,TT,CT,,CG,TT,AA,TT,CC,,,AG,AC,AA,CC,CA,GG,GG,TT,GA,AA,GA,GG,CC,GG,GG,GG,GG,CG,CT,,,TT,AG,GG,CT,GT,GG,GA,GG,TC,AC,AA,GC,TT,,AG,TC,TT,4G4G,AA,GG,CC,AA,GA,CC,GG,CC,,TT,AA,TT,CC,,,CC,GG,TT,AA,,TT,TT,GG,CC,CC,GG,CC,GG,AA,CC,CT,CC,TT,,,,CC,GG,CC,GG,CC,GG,,,AC,GG,CT,TT,AA,,,,GG,TT,,TC,CT,GA,TC,TT,TC,,,,,,,,,,,,,,,,,,,,,,,,,,,,,,-2.0188720101218527,0.8216290818395491
FL-1548,CA,,CT,GA,TC,GA,CC,GA,CG,CC,TT,GG,TT,AG,GT,CT,CC,TA,CT,TT,GG,CC,CT,TT,CC,CG,GG,GG,GA,GG,CC,AT,GG,GG,AG,GA,GA,CT,GG,GA,CC,GG,CC,AA,CC,CC,GG,GG,GG,AA,,"-9, +9",AG,TT,TT,TT,AA,TA,TT,,,,,,,,,AG,CT,CG,AG,CC,GG,TC,CG,CT,TT,CG,GG,GG,AG,AG,TC,AC,GG,TT,CT,AA,GG,GG,AA,AT,GG,TT,CT,CC,CT,,,,,,AA,GG,CC,GG,TA,GA,AA,AA,CC,GA,GG,CT,TT,TC,CT,,CG,TT,GA,AA,CA,,,AG,AA,AA,CC,CA,CC,GG,CC,GA,AA,GG,GG,CC,GG,GG,AA,GA,CG,CC,,,TC,GG,GG,CC,GG,GT,AA,GG,TT,AA,AA,GG,TC,AA,AG,TC,TC,5G5G,AA,GG,CC,AA,GG,CC,GG,CC,,TT,AG,CC,CC,,,CC,AA,TT,AA,CT,CT,TT,GG,CC,CT,GA,CC,CG,AA,TT,CC,CC,TT,CT,TT,GG,CT,GG,CC,GG,CC,GA,,GA,AA,GT,CC,TT,AA,,TT,GA,GG,TT,TT,TC,CC,GA,TC,TT,TC,0.0,FL,02-3,Female,17.0,Caucasian,15.0,22.5,7.5,50.0,15.0,27.5,12.5,83.3,135.0,67.5,20.83,96.0,60.0,90.0,11.0,14.0,9.5,14.0,R,144.0,68.0,21.893,12.33,-1.5499665044572015,0.9796545391883836
FL-1549,CC,,TT,AA,TT,GG,CG,AA,CC,CA,TT,GG,TC,GG,,CC,TT,TT,CC,GG,AA,,CC,,,,,GG,GG,AA,,,,AA,,,GG,CC,GT,GA,CC,GA,CC,AA,CC,CT,GG,GA,GA,AA,CT,"-9, -9",AG,CC,TC,CT,AC,TA,TC,GG,CC,GG,TT,CC,AG,CC,GG,AA,CT,GG,GG,CC,GG,TC,CG,TT,TT,GG,GA,GG,AA,GG,CC,AC,GG,,CT,AG,GG,GA,AT,AT,GG,TT,,CC,CT,GG,TT,CC,GG,AA,AA,GG,CC,GG,TT,GG,AT,AT,CA,AA,GA,CT,TT,TC,CT,,CG,TT,GA,AA,CC,GG,GG,GG,AA,AA,CC,AA,CC,GG,CT,GG,AA,AA,GG,CC,GG,GG,AA,GG,CC,CC,CC,GT,CC,GG,GG,CC,GT,GG,GG,GG,TC,AC,AG,GG,TC,AA,GG,CC,TC,4G5G,AA,GA,CC,AA,GA,CC,GG,CT,GA,TT,AA,CT,CC,,,CC,GA,TT,GA,TT,CT,TT,GG,CC,CC,GG,GG,CG,AC,TT,TT,CC,TT,CT,,,CC,GG,CC,GG,CC,GA,,GG,AC,TT,CT,GT,AG,,CT,GG,GA,TC,TT,TT,CC,GG,TT,TT,TT,0.0,FL,02-3,Female,18.0,Asian,15.0,25.0,10.0,66.7,15.0,17.5,2.5,16.7,154.0,62.0,28.164,106.0,60.0,64.0,13.0,16.5,10.0,15.5,R,161.0,62.0,29.444,31.0,15.160656108054738,-1.2932989864738165
FL-1550,CA,,CT,GA,TC,GA,CC,GA,CC,CA,TT,GG,TT,AA,,CC,TC,AA,CC,TT,GG,,CC,,,,,GG,GG,GG,,,,GG,,,GA,CT,GG,GA,CC,GG,CC,AA,CC,CC,GG,GA,GG,AA,CC,"-9, -9",AG,TT,TC,TT,AA,TA,TT,GG,CC,GG,TT,CC,AG,CC,GG,AA,CC,GG,AG,CC,GA,TT,CC,CT,TC,CG,GA,GG,GG,AG,TC,CC,GG,,,AG,GG,GG,AA,AT,GG,CC,,CC,TT,GG,TT,CC,GG,AA,AA,GG,CC,GG,AA,GG,AA,AA,CC,GG,GG,CC,TT,CC,TT,,GG,TT,GG,AA,CC,GG,GG,GG,AA,AA,CC,CA,GC,GG,CC,GG,AA,GA,GG,TC,GA,GG,AG,GA,CC,CT,CA,GG,TT,AG,GT,CC,GG,GG,GA,GG,TC,AC,AA,GG,TT,GG,AA,TC,TT,4G4G,AA,GG,CC,AA,GA,CC,,CC,GG,TT,GG,CC,CC,,,CC,GG,CC,GA,CC,CC,TC,GA,CC,CC,GG,CG,CC,AA,TT,CC,CT,TT,CC,,,CC,GT,TC,GT,CT,GA,,GG,AA,TT,CC,GG,GG,,CT,GA,GA,TC,TT,CC,CC,GG,TC,TT,TC,0.0,FL,02-3,Female,18.0,Other,17.5,30.0,12.5,71.4,17.5,17.5,0.0,0.0,148.0,67.0,23.178,100.0,62.0,78.0,11.0,13.0,10.0,13.0,R,154.0,67.0,24.117,12.0,0.2357018023975851,-0.16169965758030505
FL-1551,CA,,CC,GG,CC,AA,CC,GA,CC,CC,TC,GG,TT,AA,TT,CC,CC,AA,CC,TT,GG,CC,CC,TT,CC,CG,GG,GG,GG,GG,CC,AT,GG,GG,GG,GA,GG,CC,GG,AA,CC,GG,CC,AA,CC,CC,GG,GG,GG,AA,,"-9, -9",AA,TT,TT,TT,AC,TT,TT,,,,,,,,,AG,CT,GG,GG,CC,GG,TT,CC,CC,TC,CG,GG,GG,AG,AA,TT,AC,GA,AT,CC,AG,GG,GG,AA,AT,GG,TT,CC,CC,CC,,,,,,AA,GG,TT,GA,TA,GA,AA,AA,CC,GA,GG,CC,TT,CC,CC,,CC,TT,AA,AA,CA,,,AG,AC,TA,CC,CA,GC,GG,TT,GA,GG,GG,GG,TT,GG,GG,AA,GA,CC,CC,,,TT,GG,GG,CC,GT,GT,GG,GG,TT,AA,AA,CC,TC,AA,AG,TC,TC,4G4G,AA,GG,CC,AA,GG,CC,GG,CC,,TT,AA,CT,CC,,,CC,GG,CT,AA,CT,CT,TT,GG,CC,CC,GG,CC,CC,AA,TT,CC,CC,TT,CT,GG,AA,CC,GG,CC,GG,CC,GA,,GG,AC,TT,CC,TT,AA,,TT,AA,GG,TT,TT,TT,CT,GG,TT,TT,TT,0.0,FL,02-3,Male,21.0,Caucasian,32.5,52.5,20.0,61.5,32.5,42.5,10.0,30.8,196.0,66.5,31.158,118.0,68.0,54.0,6.5,11.0,6.5,11.5,R,202.0,67.0,31.634,10.0,0.6084251130534789,-2.042818187858262
FL-1552,CA,,CC,GG,CC,AA,GG,GA,CC,CC,TT,GG,TT,GG,,CC,TC,TA,CC,GT,AG,,CC,,,,,GT,GG,GG,,,,GG,,,GG,CC,GT,GA,CC,GG,CC,AA,CC,CC,GG,GG,GG,AA,,"+9, +9",AG,CT,TC,TT,AC,TT,TT,,,,,,,,,AA,CT,GG,AG,CG,GG,TC,CG,CC,TT,CC,GA,GG,AG,AG,TC,AA,AA,,TT,AA,GG,GA,AT,AT,GG,TC,,CC,CT,,,,,,AA,GG,TT,GG,AA,GG,AA,AA,CC,GG,GG,CC,TT,CC,CC,,CC,TT,GA,AA,CC,,,AA,,AA,CC,CC,GC,GG,CC,GG,,AA,GC,TC,GG,GG,GG,GA,CC,CT,,,TC,AG,GG,CC,GG,,GA,GG,TC,AC,AA,GC,TT,GG,AA,TC,TT,4G5G,AA,GG,CC,AA,GG,CC,GG,CC,,TT,AG,CT,CC,,,CC,GA,TT,GA,CC,CC,TT,GG,CC,CT,GA,CG,CG,AA,TT,CT,CT,TT,CC,,,CC,GG,TC,GG,CT,GG,,GG,AA,GG,CC,TT,AA,,CT,GG,GA,TC,,TT,,GG,TT,TT,,,,,,,,,,,,,,,,,,,,,,,,,,,,,,,0.5895469506991595,-0.7868693924757905
FL-1553,CA,,CT,GA,TC,GA,CG,GG,GG,CC,TT,GG,TT,AA,TT,CC,CC,AA,CC,TT,GG,CC,CC,TT,CC,GG,GG,GG,GG,GG,CC,TT,GA,GG,AA,GG,GG,CC,TT,GG,CT,GG,CC,AA,CT,CC,AG,GA,GG,AA,CC,"-9, +9",GG,CT,TC,CT,AC,TA,TT,GG,CC,GG,TT,CC,AA,CC,GG,AG,CT,CG,AG,CC,GG,TT,CC,CT,CC,CG,GG,GG,AA,AA,TT,AC,GA,AT,CC,AA,CG,GG,AA,AA,GG,TT,TT,CC,CC,GG,TT,CC,GG,AA,AA,GG,CT,GG,AA,GG,AA,AA,CC,GG,GG,CT,TT,TC,CT,,GG,TT,GA,AT,CC,GG,GG,GG,AA,TT,CC,AA,GG,GG,CT,GG,AG,GA,GG,TC,GG,GG,AA,GA,CG,CC,CC,GG,TT,GG,GG,CC,GG,GG,GA,GG,TT,AA,AA,GG,TT,,AG,TC,TC,4G5G,AA,GG,CT,AA,GA,CC,AG,CC,GG,TC,AA,CT,CC,,,CC,GG,TT,AA,CT,CT,TT,GG,CC,CT,GA,CC,CG,AA,CT,CC,CC,TT,CC,GT,AG,CC,TT,TT,TT,TT,GG,,GG,AC,GT,CC,TT,AA,,CT,AA,GA,TC,TT,TC,CC,GA,TC,TT,TC,0.0,FL,02-3,Female,20.0,Caucasian,15.0,20.0,5.0,33.3,15.0,15.0,0.0,0.0,180.0,68.0,27.366,102.0,54.0,66.0,14.5,35.5,12.5,30.0,R,176.0,68.0,26.758,13.33,-3.1310322698632875,-0.17033230348827952
FL-1554,CC,,CC,GG,CC,AA,CG,GA,CG,CC,TT,GG,TT,AA,TT,CC,CC,AA,CC,TT,GG,CC,CC,TT,CC,GG,GG,GG,GG,GG,CC,TT,GG,GG,AG,GG,GA,CT,GG,GA,CT,GG,CC,AA,CC,CC,GG,GG,GG,AA,CC,"-9, +9",AG,TT,TT,TT,AA,AA,TT,GG,CC,GG,TT,CC,AA,CC,GG,AG,CT,CG,AG,CC,GG,TC,CG,CC,TC,CC,GG,GA,AG,GG,CC,AA,GA,TT,CT,AA,GG,GG,AA,AA,GG,TC,CT,CC,CC,GG,TT,CC,GG,AA,AA,GG,TT,GG,AA,GG,AA,AA,CC,GG,GG,CC,TT,CC,CC,,CC,TT,AA,AA,CA,GG,GG,AG,AC,TA,CC,CA,CC,GG,TT,AA,AA,AA,CC,TT,GG,GG,AA,GG,CC,CT,CC,GT,TT,AG,GG,CC,GT,GG,GA,GG,TC,AC,AA,GG,TT,AG,AG,TC,TC,4G4G,AA,GG,CC,AA,GG,CC,GG,CC,GA,TT,AA,CT,CC,,,CC,GA,CC,AA,CT,CT,TT,GG,CC,CC,GG,CG,CC,AA,CT,CC,CC,TT,CT,GG,AA,CC,GG,CC,GG,CC,GA,,GA,AC,TT,CC,TT,AA,,TT,GA,GG,TT,TT,TT,CT,GG,TT,TT,TT,0.0,FL,02-3,Male,19.0,Caucasian,27.5,47.5,20.0,72.7,35.0,35.0,0.0,0.0,195.0,67.0,30.538,110.0,62.0,66.0,9.33,12.5,7.5,14.5,R,200.0,67.0,31.321,6.33,-1.1270633075271226,-0.9706217730136965
FL-1555,CC,,CC,GG,CC,AA,CC,GG,CG,CA,TT,GG,TT,AG,,CC,CC,TA,CT,TT,GG,,CT,,,,,GT,GG,GG,,,,GA,,,GG,CC,GT,GA,CC,GG,CC,AA,CC,CC,GG,GA,GG,AA,,"-9, +9",AG,CC,TT,CT,AC,TT,TC,,,,,,,,,AA,TT,CG,AG,CC,GG,TT,CC,CC,CC,CG,GA,GA,GG,GG,CC,AC,GA,,CC,AA,CG,GG,AA,AT,GG,TT,,CC,CC,,,,,,AA,GG,CT,GG,TA,GG,AA,AA,CC,GG,GG,CT,TT,TC,CT,,GG,TT,GA,AA,CA,,,AA,CC,TA,CC,CC,GC,GG,TT,GG,AG,GA,GG,CC,GG,GG,GG,AA,CG,CC,,,TC,GG,GG,CT,GG,GT,GG,GG,TC,AC,AA,CC,TT,,AG,TC,TC,4G5G,AA,GG,CC,AA,GA,CC,GG,CC,,TT,AA,TT,CC,,,GG,GA,TT,AA,TT,TT,TT,GG,CC,CC,GG,CG,CG,AC,TT,CT,CC,TT,CC,,,CC,GG,CC,GG,CC,GG,,GA,AA,TT,CT,GT,AG,,CT,GA,GA,TC,TT,CC,CC,AA,CC,TT,CC,,,,,,,,,,,,,,,,,,,,,,,,,,,,,,0.29843401996827884,-1.2452728478696993
FL-1556,CA,,CT,GA,TC,GA,CC,AA,CC,CC,TT,GG,TT,AG,,CC,CC,AA,CC,TT,GG,,CC,,,,,GG,GG,GG,,,,GG,,,GG,CC,GT,GA,CC,GG,CC,AA,CT,CC,AG,GG,GG,AA,,"-9, +9",AG,TT,CC,TT,AA,TT,TT,,,,,,,,,AA,CT,CC,AA,CC,GG,TT,CC,CT,CC,CC,GG,GA,GG,AA,TT,CC,GG,,TT,AA,GG,GG,AA,AA,GG,TT,,CC,CC,,,,,,AA,GG,CC,GA,AA,GG,AA,AA,CC,GG,GG,CC,TT,CC,CC,,CC,TT,AA,AA,CC,,,AG,AC,AA,CT,CA,GC,GG,CC,GG,AG,GA,GC,TT,GG,GG,AA,AA,CG,CC,,,TC,GG,GG,CC,GT,GG,GA,GG,TT,AA,AA,GC,TT,AA,GG,TC,TC,4G4G,AA,GG,CT,AA,GG,CC,AG,CC,,TT,AA,CC,CC,,,CC,GA,CT,AA,CT,CT,TT,GG,CC,CT,GA,CG,CG,AA,CT,CT,CC,TT,CC,,,CC,GT,CC,GT,CC,GG,,GG,AA,GT,CC,TT,AA,,CC,GG,AA,CC,TT,TT,CT,GG,TT,TT,TT,,,,,,,,,,,,,,,,,,,,,,,,,,,,,,-1.8972225483167038,-1.504297616945171
FL-1557,CA,,CC,GG,CC,AA,CG,GG,GG,CA,TT,GG,TT,AG,GT,CC,CC,TA,CT,TT,GG,CC,CT,CT,CC,GG,GG,GT,GA,GG,CC,TT,GA,GG,AG,GG,GA,CT,GT,GG,CC,GG,CC,AA,CC,CC,GG,GG,GG,AA,,"+9, +9",AA,TT,TT,TT,AA,AA,TT,,,,,,,,,AG,CT,GG,GG,CC,GG,TT,CC,CC,CC,CG,GA,GG,GG,AG,TC,AC,GA,TT,CT,AA,GG,AA,TT,TT,GG,TC,CT,CC,CC,,,,,,AA,GG,CC,GG,,GG,AA,AA,CC,GG,GG,CC,TT,CC,CC,,CC,TT,AA,AT,CA,,,AG,AC,AA,CT,CA,GC,GG,TT,GA,AG,GA,GG,TC,GG,GA,AG,GA,CG,CT,,,TC,AG,GT,CC,GG,GG,GG,GG,TC,AC,AA,GC,TT,AG,AA,TC,CC,5G5G,AA,GG,CC,AA,GG,CC,GG,CC,,TT,AG,CC,CC,,,CC,GA,TT,GA,TT,TT,TT,GG,CC,CT,GA,CC,CG,AA,CT,CT,CT,TT,CC,GT,AG,CC,GG,CC,GG,CC,GG,,GG,AC,GT,CC,TT,AA,,TT,GA,GG,TT,TT,TC,CC,GA,TC,TT,TC,0.0,FL,02-3,Female,20.0,Caucasian,17.5,27.5,10.0,57.1,20.0,22.5,2.5,12.5,150.0,69.2,22.021,102.0,64.0,84.0,11.0,16.0,8.0,16.0,R,150.0,69.0,22.149,8.67,-2.799398485215183,1.7057121345884134
FL-1558,CA,,CT,GA,TC,GA,CC,GA,CG,CC,TT,GG,TT,AA,TT,CC,CC,AA,CC,TT,GG,CC,CC,TT,CC,GG,GG,GG,GG,GG,CC,TT,AA,GG,AA,GG,GG,CC,GG,GA,CC,GG,CC,AA,CC,CC,GG,GG,GG,AA,CC,"-9, +9",AG,CT,TT,TT,AA,TA,TC,GG,CC,GG,TT,CC,AA,CC,GG,GG,CC,CG,AG,CG,GG,TT,CC,CT,TC,CC,GG,GG,AA,AA,TC,CC,GG,AT,CT,AA,CG,GG,AA,AA,GG,TT,TT,CC,CC,GG,TT,CC,GG,AA,AA,GG,CC,GG,AA,GG,AA,AA,CC,GG,GG,CT,TT,TC,CT,,CG,TT,GA,AA,CC,GG,CG,AG,AC,TA,CT,CA,GC,GC,CT,GA,AA,AA,GG,CC,GG,GG,AG,GG,CC,CC,CC,GG,CC,GG,GG,CC,GT,GT,GG,GA,CC,CC,AA,GC,TT,AG,AA,TC,TT,4G4G,AA,GG,CC,AA,GG,CC,,CC,GG,TC,AA,CC,CC,,,CC,GG,CT,AA,CT,CT,TC,GA,CC,CC,GG,CC,CC,AA,TT,TT,CC,TT,CC,GG,AA,CC,GG,CC,GG,CC,GG,,GA,AC,TT,CC,TT,AA,,CT,GG,GA,TC,TT,TC,CC,GA,TC,TT,CC,0.0,FL,02-3,Female,22.0,Caucasian,12.5,22.5,10.0,80.0,15.0,17.5,2.5,16.7,149.0,65.5,24.415,100.0,54.0,72.0,12.0,14.0,10.0,15.0,R,150.0,65.0,24.959,11.33,-3.2659529848160807,-1.870085197538967
FL-1559,AA,,CT,GA,TC,GA,GG,AA,CC,CC,TT,GA,TC,GG,,CC,TC,TT,CT,GT,AG,,CT,,,,,GT,GA,GA,,,,GG,,,GG,CC,GT,GA,CC,GG,CC,AA,CT,CC,AG,GG,GG,AA,,"+9, +9",AA,TT,TC,TT,AA,AA,TT,,,,,,,,,AA,TT,GG,GG,CC,GG,TT,CC,CT,CC,CG,GG,GG,AA,AA,TT,AC,GA,,CT,AA,GG,GG,AA,AT,GG,CC,,CC,CC,,,,,,AA,GG,CT,GG,AA,GG,AA,AA,CC,GG,GG,CT,TT,TC,CC,,CG,TT,AA,AA,CC,,,GG,AA,TA,CT,AA,GC,GC,CC,GA,AA,GA,GG,CC,GG,GG,AA,AA,CC,CT,,,TC,AG,GG,CC,GG,GT,GG,GA,TC,AC,AA,GC,TT,AG,AA,TC,TT,4G4G,AA,GG,CT,AA,GG,CC,AG,CC,,TT,AG,CC,CC,,,GG,GA,CT,GA,CT,CT,TT,GG,CC,CC,GA,CC,CC,AA,TT,CT,CT,TT,CC,,,CT,GG,CC,GG,CC,GA,,GG,AC,TT,CT,GT,AG,,TT,GG,GG,TT,TT,TT,CC,GA,TC,TT,TC,0.0,FL,02-3,Male,18.0,Hispanic,30.0,47.5,17.5,58.3,30.0,35.0,5.0,16.7,227.0,71.0,31.657,106.0,56.0,84.0,13.0,21.0,11.5,23.5,R,232.0,71.0,32.354,11.0,1.1512865377156685,-0.2589403909147591
FL-1560,CC,,TT,AA,TT,GG,CC,GA,CG,CC,TT,GG,TT,AG,,CC,TC,TA,CC,GT,AG,,CC,,,,,GG,GG,GA,,,,GA,,,GG,CC,GT,GA,CC,GG,CC,AA,CC,CT,GG,GG,GG,AA,,"-9, +9",AG,TT,TT,TT,AA,TT,TC,,,,,,,,,GG,CC,CG,AG,CG,GA,TT,CC,TT,CC,CC,GG,GG,GG,GG,CC,AC,GG,,CC,AG,GG,GA,AT,AT,GG,TC,,CC,CT,,,,,,AG,GG,CC,GG,AA,GG,AA,AA,CC,GG,GG,CT,TT,TC,CT,,CG,TT,GG,AT,CC,,,AA,CC,,CC,CC,GG,GG,CC,GG,AA,AA,GC,TC,GG,GG,AG,GA,CG,CT,,,CC,AG,GG,TT,GG,TT,GG,GG,CC,CC,AA,GG,TC,,AA,TC,TC,5G5G,AA,GG,CC,AA,GG,CC,GG,CT,,TT,AA,CT,CC,,,CC,GG,CT,AA,CT,CT,TC,GA,CC,CC,GG,CG,CC,AA,CT,TT,CT,TT,CC,,,CT,GT,CC,GT,CC,GA,,GG,AC,GT,CC,TT,AA,,CT,GA,GA,TC,TT,TT,CC,GG,TT,TT,TT,,,,,,,,,,,,,,,,,,,,,,,,,,,,,,1.1052849859062839,-2.4660444568629045
FL-1561,CC,,CT,GA,TC,GA,CG,GA,CG,CC,TT,GG,TC,GG,,CC,CC,TT,TT,GT,GG,,TT,,,,,TT,GG,GG,,,,AA,,,GG,CC,GT,GG,CC,GG,CC,AA,CC,CC,GG,GA,GG,AA,,"-9, +9",AA,TT,TT,TT,AC,TT,TC,,,,,,,,,AA,TT,CC,AG,CC,GA,CC,GG,CT,TC,GG,GG,GG,GG,GG,CC,AC,GA,,TT,AA,GG,GA,AT,AT,GG,TT,,CC,CC,,,,,,AA,GG,CC,GG,TA,GG,AT,AT,CA,GA,GA,CC,TT,CC,CT,,CG,TT,GA,AT,CC,,,GG,AA,AA,CC,CA,GC,GG,CC,GA,AA,AA,GC,TC,GG,GG,AG,AA,CC,CC,,,TT,GG,GG,CC,GT,GG,GA,GG,TC,AC,AA,GC,TC,AA,AG,TC,TT,4G4G,AA,GG,CC,AA,GA,CC,GG,CC,,TC,AG,CC,CC,,,CC,GG,TT,GA,CC,CC,TT,GG,CC,CC,GG,GG,CC,AA,CT,CT,CT,TT,CC,,,CT,GT,CC,GT,CC,GA,,GA,CC,TT,CC,TT,AA,,TT,GG,GG,TT,TT,TC,CC,GA,TC,TT,TC,0.0,FL,02-3,Female,18.0,Other,15.0,25.0,10.0,66.7,15.0,15.0,0.0,0.0,152.0,62.5,27.355,124.0,60.0,96.0,13.5,17.0,15.0,19.5,R,151.0,62.0,27.615,13.0,2.7291744220638985,5.297556677852366
FL-1562,CA,,CC,GG,CC,AA,CC,AA,CC,CC,,GG,TT,GG,,CC,CC,TA,CT,TT,GG,,CT,,,,,GT,GA,GA,,,,GG,,,GG,CC,GT,GA,CT,GG,CC,AA,CC,CC,GG,GG,GG,AA,,"-9, +9",AA,CT,TC,CT,AA,TA,TC,,,,,,,,,AA,TT,GG,GG,CC,GG,TT,CC,CT,CC,CG,GG,GG,GG,GG,CC,AA,AA,,CT,AA,CG,GG,AA,AT,GG,TT,,CC,CT,,,,,,AA,GG,CC,GG,TA,GG,AA,AA,CC,GA,GG,CC,TT,CC,CC,,CC,TT,GG,AA,CC,,,AG,AC,TA,CT,CA,GG,GG,CC,AA,AA,AA,GC,TC,GG,GG,AA,GG,CC,TT,,,TC,AA,GT,CC,GG,GT,GA,GG,TT,AA,AA,CC,TC,AA,AG,TC,TC,4G4G,AA,GG,CC,AA,GG,CC,,CC,,TT,AA,CC,CC,,,CG,GG,CT,AA,CT,CT,TC,GA,CC,CT,GA,CG,CG,AA,TT,CT,CT,TT,CC,,,CC,GG,CC,GG,CC,GA,,GA,AA,GG,CC,TT,AA,,TT,GG,GG,TT,TT,TC,CT,GA,TC,TT,TC,,,,,,,,,,,,,,,,,,,,,,,,,,,,,,-2.2115186052079796,0.42337008748595784
FL-1563,CA,,TT,AA,TT,GG,CG,GA,CG,CC,TT,GG,TT,AG,GT,CC,CC,TA,CT,TT,GG,CC,CT,TT,CC,GG,GG,GT,GA,GG,CC,TT,GG,GG,AA,GG,AA,TT,GG,GG,CC,GG,CC,AA,CT,CC,AG,GG,GG,AA,,"-9, +9",AG,TT,TC,TT,AC,TT,TT,,,,,,,,,AA,CT,CG,AG,CG,GA,TT,CC,TT,TT,GG,GA,GA,AG,AA,TT,AA,AA,AT,CT,AA,CG,GG,AA,AT,GG,TC,CT,CC,CC,,,,,,AA,GG,CC,GG,,,AA,AA,CC,,GG,CC,TT,CC,TT,,GG,TT,GG,AA,CC,,,GG,AA,TA,CC,CA,GC,GC,CC,GA,AG,GA,GC,TT,GA,GG,AG,GG,CC,CT,,,TT,AG,GG,CC,GG,GG,GG,GA,CC,CC,AA,GG,TT,AA,AG,TC,TT,4G4G,AA,GG,CT,AA,GG,CC,AG,CC,,TT,AA,CC,CC,,,CC,AA,CT,GA,CT,CT,TC,GA,CC,CC,GG,CG,CC,AA,CT,CT,CT,TT,CC,GT,AG,CC,GT,CC,GT,CC,GA,,GG,AC,GT,CC,TT,AA,,TT,AA,GG,TT,TT,TT,TT,GG,TT,TT,TT,0.0,FL,02-3,Female,19.0,Caucasian,12.5,30.0,17.5,140.0,15.0,17.5,2.5,16.7,188.0,62.0,34.382,104.0,66.0,78.0,20.33,23.0,18.0,24.0,R,188.0,62.0,34.382,17.67,-2.066917969162865,0.014436667717861309
FL-1564,CA,ID,TT,GA,TC,GA,CC,AG,CG,CC,TT,GG,TT,GG,GG,CC,TT,TT,CC,GG,AA,TT,CC,TT,CG,CG,GG,GT,GA,GA,CC,AT,GG,GA,GG,GG,GA,CT,GG,GG,,GA,CG,AA,CC,CC,AG,GA,GA,AT,,"+9, +9",GG,CT,TC,CT,AA,TA,TT,,,,,,,,,GG,CC,GG,GG,CC,GA,TT,CC,CT,CC,CC,GA,GG,GG,AG,CC,AA,GA,TT,TT,AA,GG,GA,AT,AA,GG,TT,CC,CC,CC,,,,,,AA,GG,CT,GG,AA,GG,AA,AA,CC,GG,GG,CC,TT,CC,CT,,CG,TT,GG,TT,CA,,,GG,AA,TA,CC,AA,GC,GC,CT,GG,AG,AG,GG,CC,GG,GG,AA,AA,CC,CC,,,CT,GG,GG,CC,GG,GG,GA,GG,TC,AC,AA,GC,TT,AA,AA,TT,TC,,AA,GA,CC,AT,GA,CG,AG,CC,,CC,AG,CC,CC,,,CC,GG,CT,AA,CT,CT,TT,GG,CC,CT,GA,CG,CG,AA,TT,CC,TT,,CC,TT,GG,TT,GT,TC,GT,CT,GA,,AA,AA,GG,CC,TT,AA,,CC,GA,AA,CC,TG,,,,,,,0.0,FL,03-1,Male,19.0,Caucasian,22.5,30.0,7.5,33.3,25.0,25.0,0.0,0.0,160.0,69.0,23.625,124.0,70.0,94.0,10.0,15.33,7.33,16.0,R,160.0,69.0,23.625,6.67,6.554103872300822,-3.1657869427014194
FL-1565,,,,,,,,,,,,,,,,,,,,,,,,,,,,,,,,,,,,,,,,,,,,,,,,,,,,,,,,,,,,,,,,,,,,,,,,,,,,,,,,,,,,,,,,,,,,,,,,,,,,,,,,,,,,,,,,,,,,,,,,,,,,,,,,,,,,,,,,,,,,,,,,,,,,,,,,,,,,,,,,,,,,,,,,,,,,,,,,,,,,,,,,,,,,,,,,,,,,,,,,,,,,,,,,,,,,,,,,,,,,,,,,,,,,,,,,,,,,,,,,,,,,,,,,,,,,,,,4.144103703791282e-17,-1.0900765763055393e-17
FL-1566,CA,II,TT,GG,CC,AA,GG,AG,GG,CA,TT,GG,TT,AG,,CT,CC,TT,CT,TT,GG,,CT,,,,,GT,GA,GA,,,,GG,,,GG,CC,GG,GA,,GG,CC,AA,CC,CC,GG,GA,GG,AT,,"+9, +9",AG,CC,TT,CC,AC,TT,TT,,,,,,,,,AA,CT,GG,GG,CC,GG,TT,CC,CC,CC,CC,GA,GG,AA,AA,TT,AA,GG,,CT,AA,GG,GA,AT,AT,GG,CC,,CC,CC,,,,,,GG,GG,CT,AA,AA,GG,AA,AA,CC,GG,GG,CC,TT,CC,CC,,CG,TT,GG,AA,CC,,,AG,AC,TA,CT,CC,GG,GG,CC,GA,AA,AA,GG,CC,GG,GG,GG,GG,CC,CC,,,CT,GG,GG,CC,GT,TT,AA,GG,TT,AC,AA,GC,TC,AA,AG,TT,TC,5G5G,AA,GG,CC,AT,GA,CC,GG,CC,,CT,AA,CC,CC,,,CC,GG,CT,GA,TT,TT,TT,GG,CC,CT,GA,CC,CC,AA,CC,TT,CC,,TT,,,CT,GG,TC,GG,CT,GG,,GA,AA,GT,CC,TT,AA,,TT,GG,GG,TT,TG,,,,,,,0.0,FL,03-1,Male,22.0,African Am,27.5,40.0,12.5,45.5,27.5,32.5,5.0,18.2,162.0,70.2,23.11,118.0,60.0,66.0,5.0,8.0,4.0,9.0,R,165.0,70.0,23.672,3.67,1.723584364104278,4.401590614128118
FL-1567,CA,II,TT,GA,TC,GA,CC,GG,GG,AA,TT,GG,TC,GG,,CC,TT,TT,CC,GG,AA,,CC,,,,,GG,GG,AA,,,,GA,,,GG,CC,GT,GA,,GG,CC,AA,CC,CC,GG,GA,GG,AT,,"-9, -9",AG,TT,TC,CC,AA,TT,TT,,,,,,,,,AG,CC,GG,AG,CC,GG,TT,CC,CT,TC,GG,AA,GA,GG,GG,CC,AC,GA,,CT,GG,GG,GA,AT,AT,GG,TT,,CC,TT,,,,,,AA,GG,TT,GG,TA,GA,AA,AA,CC,GA,GG,CT,TT,TC,TT,,GG,TT,GG,AA,CC,,,AG,AC,TT,CC,CA,GC,GG,CC,GA,GG,GG,GG,TC,GA,GG,AG,AA,CC,CC,,,CT,GG,GG,CC,GT,GG,GG,GG,TC,AC,AA,GC,TC,AG,AG,TT,TC,4G5G,AA,GG,CC,AT,GA,CC,GG,CC,,CT,AA,CC,CC,,,CC,GA,TT,AA,CC,CC,,GA,CC,CC,GA,CC,CG,AA,TT,TT,CC,,CC,,,CC,GG,CC,GG,CC,GG,,GG,AC,GT,CC,TT,AA,,TT,AA,GG,TT,TT,,,,,,,0.0,FL,03-1,Female,22.0,Asian,15.0,22.5,7.5,50.0,15.0,15.0,0.0,0.0,140.0,68.0,21.285,108.0,60.0,90.0,12.67,17.0,13.0,16.0,R,139.0,68.0,21.133,13.33,6.369155547564106,-4.875231534832482
FL-1568,AA,DD,TT,GG,CC,AA,GG,AA,GG,CC,TT,GG,TT,AG,,CC,CC,TA,CT,TT,GG,,CT,,,,,GT,GA,GG,,,,GG,,,GG,CC,GG,GA,,GA,CC,AA,CC,CT,AG,GG,GA,AA,,"-9, +9",AG,TT,TT,CT,AA,TT,TC,,,,,,,,,AG,CC,GG,GG,CC,GG,TC,CG,CC,TT,CC,GG,GG,GG,GG,CC,AA,AA,,CC,AA,CG,GG,AA,AT,GG,TT,,CC,CC,,,,,,AA,GG,CC,GA,AA,GG,AA,AT,CA,GA,GG,CC,TT,TT,CC,,CG,TT,GA,AA,CC,,,AA,CC,TT,CC,CC,GC,GG,CC,GA,AA,AG,GC,,GG,GG,GG,GG,CG,CT,,,CC,AG,GT,CC,GT,GG,GA,GA,TC,AC,AA,GG,TC,AA,GG,TT,TC,5G5G,AA,GA,CC,AA,GG,CC,AG,CT,,CT,AA,CC,CC,,,CC,GG,CT,GG,CT,CC,TT,GG,CC,CC,AA,CC,CG,AC,TT,TT,CC,,CC,,,CC,GT,CC,GT,CC,GG,,GA,AA,GT,CC,TT,AA,,CT,GG,GA,TC,TG,,,,,,,0.0,FL,03-1,Female,18.0,African Am,12.5,20.0,7.5,60.0,12.5,15.0,2.5,20.0,132.0,66.0,21.303,106.0,66.0,84.0,8.33,18.33,5.0,20.0,R,134.0,66.0,21.626,10.0,5.017253019654342,5.293982299261858
FL-1569,CA,DD,TT,GG,CC,AA,CG,GG,CC,CC,TT,GG,TC,AG,GT,CC,CC,TA,CT,TT,GG,CC,CT,TT,CC,CG,GG,GG,GG,GG,CC,AT,GG,GA,GG,GA,GA,CT,GT,GG,,GG,CC,AA,CC,CC,GG,GG,GG,AA,,"-9, +9",AA,TT,TT,TT,AC,TT,TT,,,,,,,,,GG,CC,CG,AG,CG,GA,TT,CC,CC,TT,CC,GG,GG,AA,AA,TT,AC,GG,TT,CT,AG,GG,GG,AA,AT,GG,TT,CC,CC,CC,,,,,,AA,GG,CC,GG,AA,GG,AT,,CC,GG,GG,CC,TT,CC,CT,,CG,TT,GA,TT,CC,,,GG,AA,TA,CT,CC,GG,GG,CC,GG,AA,AA,GG,TC,GG,GG,AA,GG,CG,CC,,,CT,GG,GG,CC,GG,GG,GA,GG,TC,AC,AA,GC,TT,AA,GG,TT,TT,4G5G,AA,GG,CC,AA,GG,CC,GG,CC,,CC,AG,CC,CC,,,CC,GA,CT,AA,CT,CT,TT,GG,CC,CC,AA,CC,GG,AA,CT,CC,CT,,CT,GT,AG,CT,GG,CC,GG,CC,GG,,AA,AC,GT,CC,TT,AA,,CT,GA,GA,TC,TT,,,,,,,0.0,FL,03-1,Male,23.0,Caucasian,37.5,42.5,5.0,13.3,32.5,35.0,2.5,7.7,291.0,75.5,35.888,126.0,78.0,84.0,10.33,16.0,12.0,17.0,R,270.0,75.0,33.744,7.33,-1.4969282338148697,0.24698611767111725
FL-1570,AA,ID,TT,GA,TC,GA,CG,GG,GG,AA,TT,GG,TT,AG,,CC,CC,TA,CT,TT,GG,,CT,,,,,GT,GG,GG,,,,GA,,,GA,CT,GT,GG,,GG,CC,AA,CC,CT,GG,GG,GG,AA,,"+9, +9",GG,CT,TC,TT,AC,TA,CC,,,,,,,,,AG,CT,GG,GG,CC,GG,TT,CC,CT,TT,GG,GA,GG,AG,AG,TC,AC,GG,,CT,AA,GG,GG,AA,TT,GG,TT,,CC,CC,,,,,,AA,GG,CT,GA,AA,GG,AA,AA,CC,GG,GG,CT,TT,TC,CT,,CG,TT,GG,AA,CC,,,AA,CC,AA,TT,CA,GC,GC,CT,GG,AA,AA,GG,CC,GG,GG,AA,AA,CC,CC,,,CC,GG,GG,CC,TT,GG,GG,GG,TT,AA,AA,GC,TT,AA,AA,TT,CC,5G5G,AA,GG,CC,AA,GG,CC,GG,CT,,CT,AG,CC,CC,,,CC,GG,CT,GA,CC,CC,TT,,CC,CC,AA,CC,GG,AA,CT,CT,CC,,CT,,,CC,TT,TT,TT,TT,GG,,GG,AC,TT,CC,TT,AA,,CT,AA,GA,TC,TT,,,,,,,0.0,FL,03-1,Male,23.0,Hispanic,32.5,45.0,12.5,38.5,17.5,17.5,0.0,0.0,156.0,66.2,25.024,104.0,54.0,84.0,9.33,13.33,8.33,12.0,R,170.0,66.0,27.436,10.0,-0.43085668892654405,3.230256398186026
FL-1571,CC,ID,CT,GA,TC,GA,CG,GG,CC,CC,TC,GG,TT,AA,,CC,CC,AA,CC,TT,GG,,CC,,,,,GG,GG,GG,,,,GG,,,GA,CT,GG,GA,,GG,CC,AA,CT,CC,AG,GG,GG,AA,,"-9, +9",AG,CT,TT,CT,AA,TT,TC,,,,,,,,,AG,CT,CC,AA,CC,GG,TT,CC,CT,CC,CC,GA,GG,AG,AG,TC,AA,GA,,CT,AG,GG,GG,AA,AT,GG,TT,,CC,CC,,,,,,AA,GG,CC,GG,AA,GG,AA,AA,CC,GG,GG,CC,TT,CC,TT,,GG,TT,GG,AA,CA,,,GG,AA,TA,CC,CA,CC,GG,CC,GG,AA,AA,GG,TC,GA,GA,GG,GA,CG,CC,,,CT,GG,GG,CC,GG,GG,GG,GA,CC,CC,AA,CC,TT,AG,AG,TC,TC,4G5G,AA,GG,CT,AA,GG,CC,AG,CC,,CC,AG,CT,GG,,,CC,GG,TT,GA,CT,CT,TC,GA,CC,CC,GG,CG,CG,AA,CT,TT,CC,,CC,,,CC,GT,TC,GT,CT,GG,,GA,CC,TT,CC,TT,AA,,TT,GA,GG,TT,TT,,,,,,,,,,,,,,,,,,,,,,,,,,,,,,,,,,,,-2.2784037779179287,-0.9670957844093395
FL-1572,CC,II,CT,GA,TC,GA,CC,AG,CG,CC,TT,GG,TT,AA,,CC,CC,AA,CC,TT,GG,,CC,,,,,GG,GG,GG,,,,GG,,,GG,CC,TT,GG,,GG,CC,AA,CC,CC,GG,GG,GG,AA,,"-9, +9",GG,CT,TC,CT,AC,TT,TC,,,,,,,,,AA,CT,CG,GG,CG,GG,TC,CG,CT,TT,CC,GG,GG,GG,AG,CC,AA,GA,,CT,AA,GG,GG,AA,AT,GG,TC,,CC,CC,,,,,,AA,GG,CC,GG,TA,GG,AT,AT,CA,GA,GA,CT,TT,TC,TT,,GG,TT,GG,AT,CA,,,GG,AA,TT,CC,CA,GG,GG,CT,GA,AG,AG,GC,TC,GG,GG,AA,GG,CC,CT,,,CC,AG,GG,CC,GG,GG,GG,GG,TT,,GG,GG,TT,AG,AA,TT,TC,5G5G,AA,GG,CC,AA,GG,CC,GG,CC,,CT,AA,CC,CC,,,CC,GG,CT,AA,CT,CT,TT,GG,CC,CC,GG,CG,CC,AA,CT,CT,CT,,CT,,,CC,GG,CC,GG,CC,GG,,AA,AC,GT,CC,TT,AA,,CT,GG,GA,TC,TT,,,,,,,0.0,FL,03-1,Male,25.0,Hispanic,22.5,32.5,10.0,44.4,22.5,27.5,5.0,22.2,179.0,68.0,27.214,108.0,84.0,78.0,6.0,18.17,6.0,19.33,R,163.0,68.0,24.781,8.0,2.779114669880231,2.3883450940355075
FL-1573,CA,II,CT,GA,TC,GA,CC,AG,GG,CA,TT,GA,TC,AA,,CC,CC,AA,CC,TT,GG,,CC,,,,,GG,GG,GG,,,,GA,,,GG,CC,GT,GA,,GG,CC,AA,CC,CC,GG,GG,GG,AA,,"-9, +9",AG,TT,TT,CT,CC,TT,TC,,,,,,,,,AG,CC,CG,AG,CG,GG,TT,CC,TT,TC,CG,GA,GA,AG,AA,TC,AA,GA,,CT,AA,CG,GG,AA,AA,GG,TC,,CC,CC,,,,,,AA,GG,CT,GG,AA,GG,AA,AA,CC,GG,GG,CC,TT,CC,CC,,CC,TT,GA,AT,CC,,,AG,AC,TA,CT,CA,GC,GG,CC,GG,AA,AA,GG,TT,GG,GG,AG,GA,CC,CC,,,CT,GG,GG,CC,GG,GG,GG,GG,TT,AA,AA,GC,TT,AA,AG,TC,TC,4G5G,AA,GG,CC,AA,GG,CC,GG,CC,,CT,AA,CC,CC,,,CC,GG,TT,AA,TT,TT,TT,GG,CC,CT,GG,CC,CC,AA,CT,CT,CC,,CC,,,CC,GG,CC,GG,CC,GG,,GA,AA,GT,CC,TT,AA,,TT,GA,GG,TT,TT,,,,,,,2.0,FL,03-1,Female,20.0,Hispanic,,15.0,,,10.0,12.5,2.5,25.0,127.0,63.0,22.495,118.0,88.0,66.0,14.33,26.67,11.0,26.0,R,125.0,63.0,22.14,10.67,-1.8499940766742584,-2.369933689464342
FL-1574,CC,ID,TT,GG,CC,AA,CC,GG,CG,CC,TT,GG,TT,AG,,CC,CC,TA,CT,TT,GG,,CT,,,,,GG,GG,GG,,,,GA,,,GG,CC,TT,GG,,,CC,AA,CC,CC,GG,GA,,AT,,"-9, -9",AG,TT,TT,TT,AC,TT,TT,,,,,,,,,AG,CC,CG,GG,CC,GG,TT,CC,CC,CC,CC,GA,GA,GG,GG,CC,AC,GG,,CT,AG,CG,GG,AA,AT,GG,TT,,CC,CT,,,,,,AA,GG,CC,GG,AA,GG,AA,AA,CC,GG,GG,CC,TT,CC,CC,,CG,TT,AA,AA,CC,,,AA,CC,AA,TT,CC,CC,GC,CT,AA,AG,AG,GG,TT,GG,GG,AG,GA,CG,CC,,,CT,GG,GG,CC,GT,GG,GG,GG,TC,AC,AA,CC,TT,AA,AA,TT,TT,5G5G,AA,,,AT,GA,CC,GG,CC,,CC,AA,CC,,,,CC,GG,CT,AA,TT,TT,TT,GG,CC,CC,AA,CC,GG,AA,CT,CT,CC,,CC,,,CT,GG,CC,GG,CC,GA,,GG,AC,GT,CC,TT,AA,,TT,GG,GG,TT,TT,,,,,,,,,,,,,,,,,,,,,,,,,,,,,,,,,,,,-1.6409470429358606,-0.513732716196938
FL-1575,CA,ID,TT,GA,TC,GA,CC,,CC,CC,TT,,TT,AG,GT,CC,CC,TA,CT,TT,GG,CC,CT,TT,CC,GG,GG,GT,GA,GG,CC,TT,GG,GG,AG,GG,GA,CT,GG,GA,,GG,CC,AA,CC,CT,GG,GG,GG,AA,,xx,AG,CT,TC,CT,AA,AA,TC,,,,,,,,,AG,CT,GG,GG,CG,GG,TT,CC,CT,TC,CC,GG,GA,GG,AG,CC,AC,GA,AA,TT,AA,CG,GG,AA,AA,GG,TC,CT,CC,CC,,,,,,AA,GG,CC,GG,AA,GG,AA,AA,CC,GG,GG,CC,TT,CC,CT,,CG,TT,GG,AA,CC,,,GG,AA,AA,CT,AA,GG,GG,CC,GG,AG,AG,GG,CC,GA,GG,GG,GG,CG,CT,,,CT,AG,GG,CC,GT,GT,GG,GG,TC,AC,AA,GC,TT,AA,AG,TT,TC,4G5G,AA,GG,CC,AA,GG,CC,GG,CT,,CC,AG,CT,CG,,,CC,AA,TT,GA,CC,CC,TC,GA,CC,CC,GG,CG,CC,AA,TT,CT,CC,,CC,GG,AA,CT,GG,CC,GG,CC,GG,,GA,AC,GT,CC,TT,AA,,CT,AA,GA,TC,TT,,,,,,,0.0,FL,03-1,Female,23.0,Caucasian,10.0,22.5,12.5,125.0,12.5,15.0,2.5,20.0,133.0,64.0,22.827,114.0,82.0,72.0,12.67,29.33,9.0,28.0,R,133.0,64.0,22.827,10.0,-1.6337839110945458,0.5554307908383489
FL-1576,CC,DD,CT,GA,TC,GA,CC,AG,CG,CC,TT,GG,TT,AA,TT,CC,CC,AA,CC,TT,GG,CC,CC,TT,CC,CG,GG,GG,GG,GG,CC,AT,GA,GG,AA,GG,GG,CC,GT,GA,,GG,CC,AA,CC,CC,GG,GA,GG,AT,,"+9, +9",AA,TT,TC,CT,AA,TA,TT,,,,,,,,,GG,CC,CG,AG,CC,GG,TT,CC,CT,CC,CC,GG,GG,GG,GG,CC,CC,GG,AT,CC,AA,GG,GG,AA,AA,GG,TC,TT,CC,CC,,,,,,AA,GG,TT,GA,AA,GG,AA,AA,CC,GG,GG,CT,TT,TC,CC,,CC,TT,GG,AA,CA,,,GG,AA,TA,,AA,GG,GG,CT,GA,AG,GG,GG,CC,GG,GG,AA,GA,CC,CT,,,CT,AG,GG,CC,GT,GG,GG,GG,CC,CC,AA,GC,TT,AA,AG,TT,TC,4G5G,AA,GG,CC,AT,GA,CC,GG,CC,,CC,AA,CT,CC,,,CC,GG,CC,AA,CC,CC,TT,GG,CC,CT,GA,CC,CC,AA,TT,CT,CC,,CC,TT,GG,CT,GG,CC,GG,CC,GA,,GG,AA,GG,CC,TT,AA,,CT,GG,GA,TC,TT,,,,,,,0.0,FL,03-1,Female,23.0,Caucasian,12.5,17.5,5.0,40.0,12.5,12.5,0.0,0.0,114.0,65.0,18.969,112.0,80.0,66.0,11.33,19.0,8.0,21.33,R,114.0,65.0,18.969,9.33,-1.4926204101441125,-0.8990590869839551
FL-1577,CC,DD,CT,GA,TC,GA,CG,AG,CG,CC,TT,GG,TT,AG,GT,CC,TC,TA,CT,TT,GG,CC,CT,TT,CC,GG,GG,GT,GG,GG,CC,TT,GA,GA,AG,GA,GG,CC,TT,GG,,GG,CC,AA,CT,CC,AG,GG,GG,AA,,"-9, +9",AG,CT,TT,CT,AA,TA,TT,,,,,,,,,AG,CC,CG,AG,CC,GG,TT,CC,CT,TC,CG,GG,GG,AA,AA,TT,AC,GG,AT,CT,AA,CC,GG,AA,AA,GG,TT,CT,CC,CT,,,,,,AA,GG,CT,GG,TA,GG,AA,AA,CC,GA,GG,CC,TT,CC,CC,,CC,TT,GA,AT,CC,,,GG,AA,TA,,AA,GC,GG,CT,GG,AA,AA,GG,TC,GA,GG,AG,GA,CG,CC,,,CC,AG,GG,CT,GG,GG,GG,GG,TC,AC,AA,GC,TT,GG,AA,TT,TC,4G5G,AA,GG,CT,AA,GG,CC,AG,CC,,CC,AA,CT,CG,,,CC,GG,,GA,CC,CC,TC,GA,CC,CC,GG,CC,CG,AA,CT,CT,CC,,CC,GT,AG,CT,GT,TC,GT,CT,GG,,AA,AA,GG,CC,TT,AA,,CT,GG,GA,TC,TT,,,,,,,0.0,FL,03-1,Female,22.0,Caucasian,15.0,20.0,5.0,33.3,17.5,17.5,0.0,0.0,129.0,71.0,17.99,110.0,78.0,90.0,5.33,19.0,6.0,17.33,R,129.0,71.0,17.99,6.0,-2.6472481307500635,-0.14705113327023567
FL-1578,AA,,CC,GG,CC,AA,CG,GG,CG,CC,TT,GG,TT,AA,,CC,CC,AA,CC,TT,GG,,CC,,,,,GG,GG,GG,,,,GG,,,GG,CC,GT,AA,,GG,CC,AA,CC,CC,GG,GG,GG,AA,,"+9, +9",GG,CT,TC,CC,AC,TT,TT,,,,,,,,,AG,CC,GG,GG,CC,GG,TT,CC,CC,TC,CG,GA,GA,AG,AG,TC,AA,,,CT,AG,GG,GG,AA,AT,GG,TT,,CC,CT,,,,,,AA,GG,CT,GG,TA,GA,AA,AA,CC,GA,GG,CC,TT,CC,CC,,CC,TT,GA,AA,CC,,,AA,CC,TA,CT,CC,GG,GG,CT,GG,GG,GG,GG,TC,GA,,GG,GG,CC,CC,,,CT,GG,GG,,GG,GG,GA,GG,TT,AA,AG,GC,TT,AG,AA,TT,TT,4G4G,AA,GG,CC,AA,GG,CC,GG,CC,,CT,AA,CT,CC,,,CG,GA,TT,AA,CC,CC,TC,GA,CC,CC,GG,CC,CC,AA,CT,TT,TT,,CC,,,CC,GT,TC,GT,CT,GG,,GA,AA,GT,CC,TT,AA,,CT,AA,GA,TC,TT,,,,,,,,,,,,,,,,,,,,,,,,,,,,,,,,,,,,-0.7647755730770079,-1.3416075382317083
FL-1579,CC,,TT,AA,TT,GG,CC,AG,CC,CA,TT,GG,TT,AG,GT,CC,CC,TA,CT,TT,GG,CC,CT,CT,CC,CG,GG,GT,GG,GG,TC,AT,GA,GA,AG,GA,GG,CC,TT,GG,,GG,CC,AA,CT,CC,GG,GA,GG,AA,,"-9, +9",AG,TT,TT,TT,AA,AA,TC,,,,,,,,,GG,CC,CG,AG,CC,GG,TT,CC,TT,TC,CC,GA,GA,AG,AG,TC,AA,GA,AT,CT,AA,GG,GG,AA,AT,GG,CC,CT,CC,CC,,,,,,AA,GG,CT,GG,AA,GG,AA,AA,CC,GG,GG,CC,TT,CC,CC,,CC,TT,AA,TT,CC,,,GG,AA,TT,CC,AA,GC,GG,CT,GA,AA,AA,GG,CC,GG,AA,GG,GG,CG,CC,,,CC,GG,GG,CT,GT,GG,GG,GG,TT,AC,AA,CC,TC,,AG,TT,TT,4G5G,AA,GG,CT,AA,GA,CC,GG,CC,,CC,AG,CC,CC,,,CC,GA,CC,AA,CT,CT,TT,GG,CC,TT,AA,CC,GG,AA,TT,CC,CC,,CC,GT,AG,CC,GG,CC,GG,CC,GG,,GA,AC,GT,CC,TT,AA,,CT,GA,GA,TC,TT,,,,,,,0.0,FL,03-1,Male,19.0,Caucasian,20.0,32.5,12.5,62.5,20.0,25.0,5.0,25.0,161.0,72.0,21.833,104.0,68.0,72.0,4.0,7.0,4.0,7.33,L,166.0,72.0,22.511,3.0,-2.095850270801439,1.7419114359624956
FL-1580,CA,,CT,GA,TC,GA,CC,GG,GG,CC,TT,GG,TT,AG,GT,CC,CC,TA,CT,TT,GG,CC,CT,TT,CC,CG,GG,GT,GA,GG,CC,AT,GG,GG,AG,GG,GG,CC,GG,GA,,GG,CC,AA,CC,CC,AA,GG,GG,AA,,"-9, -9",AG,CC,TC,CT,AA,TA,TT,,,,,,,,,AG,CT,CC,GG,CG,GA,TT,CC,CT,TC,CG,GG,GA,AG,AG,TC,AA,,AT,CC,AA,GG,GG,AA,AA,GG,TC,CT,CC,CT,,,,,,AA,GG,CT,GG,AA,GG,AA,AA,CC,GG,GG,CT,TT,TC,CC,,CC,TT,GA,AT,CC,,,AG,AC,TA,CT,CA,GC,GG,CT,GA,AA,AA,GG,TT,GG,GG,AA,AA,CC,CC,,,TT,GG,GT,CT,GG,GT,,AA,CC,CC,AA,CC,TT,AA,AG,TT,TT,4G4G,AA,GG,CC,AA,GG,CC,AA,CC,,CC,AA,CT,CG,,,CC,GG,TT,AA,CT,CT,TT,GG,CC,CC,GG,CG,CC,AA,CT,CT,CC,,CC,TT,GG,CT,GG,CC,GG,CC,GG,,GA,AA,TT,CC,TT,AA,,TT,GG,GG,TT,TT,,,,,,,0.0,FL,03-1,Female,23.0,Caucasian,10.0,20.0,10.0,100.0,12.2,17.5,5.3,43.4,195.0,63.5,33.997,108.0,80.0,66.0,32.0,41.33,32.0,43.67,R,197.0,64.0,33.811,26.33,-2.571163322582732,0.1443526078704415
FL-1581,CC,,CT,GA,TC,GA,GG,AG,CG,CC,TT,GG,TT,GG,GG,CC,CC,TT,TT,TT,GG,CC,TT,CC,CC,CG,GG,TT,GG,GG,CC,AT,GG,GG,AG,GG,GA,CT,GG,GA,,GG,CC,AA,CC,CC,GG,GG,GG,AA,,"+9, +9",AA,CT,TT,CT,AA,TA,TT,,,,,,,,,AA,CC,GG,GG,CG,GG,TT,CC,CT,TC,CG,GG,GG,AG,AG,TC,AA,GA,TT,CT,AA,CG,GA,AT,TT,GG,TT,CT,CC,CT,,,,,,AA,GG,CT,GA,TA,GG,AA,AA,CC,GA,GG,TT,TT,TT,CC,,CC,TT,GA,AT,CC,,,AA,CC,TA,CT,CA,GG,GG,CT,GA,AG,GG,GG,CC,GA,GG,AG,GA,CG,CC,,,CC,GG,GG,CC,GT,GG,GG,GG,TT,AC,AA,GC,TT,AG,AG,TT,TC,4G4G,AA,GG,CC,AA,GG,CC,GG,CC,,CC,AG,CC,CC,,,CC,GA,TT,AA,CT,CT,TT,GG,CC,CC,GG,CG,CG,AC,CT,TT,CC,,CC,GT,AG,CC,GT,TC,GT,CT,GG,,GA,AA,GT,CC,TT,AA,,CT,GA,GA,TC,TT,,,,,,,0.0,FL,03-1,Male,18.0,Caucasian,20.0,30.0,10.0,50.0,20.0,25.0,5.0,25.0,183.0,74.0,23.493,110.0,60.0,66.0,5.0,8.67,5.67,10.0,R,184.0,74.0,23.622,4.67,-2.1780781602378787,4.112834295433553
FL-1582,CA,,TT,AA,TT,GG,CC,AG,CG,CC,TT,GG,TT,AG,,CC,TC,TA,CC,GT,AG,,CC,,,,,GT,GA,GG,,,,GG,,,GA,CT,GG,GA,,GG,CC,AA,CC,CC,GG,GA,GG,AA,,"-9, -9",AG,TT,TC,TT,CC,TT,TT,,,,,,,,,AG,CC,GG,GG,CC,GG,TT,CC,TT,CC,CG,GG,GG,AA,AA,TT,AC,,,CT,AA,GG,GA,AT,AT,GG,TT,,CC,CC,,,,,,AA,GG,CT,GG,AA,GG,AA,AA,CC,GG,GG,CC,TT,CC,CT,,CG,,,AA,CC,,,AA,CC,AA,CT,CC,CC,GG,CC,GG,AA,GG,GG,TC,GG,GG,AG,,CG,CC,,,CT,GG,GG,CC,GG,GG,GG,GG,TT,AC,AA,GC,TT,GG,AA,TT,TC,4G4G,AA,GG,CC,,GA,CC,GG,CC,,CC,AA,CT,CC,,,CC,GG,CT,AA,CC,CC,TC,GA,CC,CC,GG,GG,CC,AA,TT,TT,CC,,CC,,,CT,GG,CC,GG,CC,GG,,AA,AA,GT,CC,GT,AG,,CT,AA,GA,TC,TG,,,,,,,,,,,,,,,,,,,,,,,,,,,,,,,,,,,,1.156704730303065,-1.7561846088473827
FL-1583,CC,,CC,GA,TC,GA,CG,AG,CG,CC,TT,GG,TT,AG,GT,CC,CC,TA,CT,TT,GG,CC,CT,TT,CC,CG,GG,GT,GG,GG,TC,AT,GG,GA,AG,GA,GG,CC,GG,AA,,GG,CC,AA,CC,CT,GG,GG,GG,AA,,"-9, -9",AG,CC,TC,CC,AC,TT,CC,,,,,,,,,GG,CC,GG,GG,CC,GA,,,CT,TC,CC,GG,GG,GG,AG,TC,AC,GG,AA,CC,AA,CG,GG,AA,AT,GG,TC,CT,CC,CC,,,,,,AA,GG,CT,GG,AA,GG,AA,AA,CC,GG,GG,CC,TT,TT,CT,,CG,TT,GG,AT,CC,,,AG,AC,TA,CC,CA,GC,GG,CC,GG,AG,AG,GG,TC,GG,GA,AA,GA,CG,CC,,,CC,GG,GG,CC,GT,GT,GG,GA,TC,CC,AA,CC,TT,GG,,TT,TC,4G5G,AA,GG,CC,AA,GG,CC,GG,CT,,CT,AG,CC,CC,,,CG,GA,TT,AA,CT,CT,TT,GG,CC,CT,GA,CC,CC,AA,TT,CC,CC,,CC,GT,AG,CC,GG,TC,GG,CT,GG,,AA,AA,GG,CC,TT,AA,,CT,AA,GA,TC,TT,,,,,,,2.0,FL,03-1,Female,18.0,Caucasian,10.0,,,,10.0,,,,127.0,64.5,21.46,110.0,82.0,82.0,4.67,19.0,7.33,17.33,L,128.0,65.0,21.298,9.0,-1.486266760568073,0.9469508005888145
FL-1584,CA,,CT,GA,TC,GA,CC,AG,CG,CC,TT,GG,TT,AA,TT,CC,CC,AA,CC,TT,GG,CC,CC,TT,CC,GG,GG,GG,GG,GG,CC,TT,GG,GG,AA,GG,GG,CC,TT,GG,,GG,CG,AA,CC,CT,AG,GA,GG,AA,,"-9, +9",AG,CT,TT,CT,AA,TA,TT,,,,,,,,,AG,CT,CC,AA,CC,GG,TT,CC,CT,TC,CC,GG,GG,AG,AG,TC,AA,,AT,TT,AA,GG,,,TT,GG,TT,CC,CC,CT,,,,,,AA,GG,CC,GG,TA,GG,AA,AA,CC,GG,GG,CC,TT,CC,CT,,CG,TT,GG,AA,CA,,,AG,AC,AA,CC,CA,GG,GG,CT,GG,AG,AG,GC,TT,GG,GG,AA,GA,CC,CT,,,CC,AG,GT,CC,GG,TT,GA,GG,TT,AA,AA,GC,TT,AA,GG,TT,TC,4G5G,AA,GG,CC,AA,GA,CG,AG,CT,,CC,AG,CT,CG,,,CC,GG,TT,GA,TT,TT,TT,GG,CC,CC,GG,GG,CC,AA,CT,TT,CT,,CC,GG,AA,CT,GT,TT,GT,TT,GA,,AA,AA,TT,CC,GT,AG,,TT,GG,GG,TT,TT,,,,,,,0.0,FL,03-1,Female,19.0,Caucasian,17.5,37.5,20.0,114.3,20.0,25.0,5.0,25.0,179.0,63.0,31.705,100.0,70.0,84.0,18.0,28.33,18.67,32.67,R,179.0,63.0,31.705,19.67,-0.4505794367824897,0.31995915738276476
FL-1585,CC,,,GA,TC,GA,,,,CA,,,TT,AA,TT,CC,CC,AA,CC,TT,GG,CC,CC,TT,CC,GG,GG,GG,GG,GG,CC,TT,GA,GG,AA,GG,,,,,,,,AA,CC,CC,GG,GA,,AA,,"-9, +9",GG,TT,CC,TT,AC,,TC,,,,,,,,,GG,CC,GG,GG,,GA,,,CT,CC,CG,GA,GA,AG,,,,,AT,CT,AA,CG,,,,,TC,CT,,,,,,,,,,CC,,,,,,,,,CC,,,CC,,,,,,,,,,,,,CC,GC,GG,TT,,,,,,,,,,,,,,,GG,GG,CC,,GT,,,,,,,,,,,TC,,,,,,,,,,,,,CC,,,,,GA,,,,,,,,,,,,,,CT,CC,,,GG,AA,,TT,TT,TT,TT,,,,AA,GG,CC,TT,AA,,,,,TT,,,,,,,,0.0,FL,03-1,Female,20.0,Caucasian,7.5,22.5,15.0,200.0,15.0,12.5,-2.5,-16.7,111.0,65.0,18.469,112.0,60.0,96.0,7.0,9.33,5.0,11.0,R,114.0,65.0,18.969,5.0,-1.7016360644372657,0.8655968005527033
FL-1586,CA,,CC,GG,CC,AA,CC,AG,CC,CA,TT,GG,CC,GG,,CC,TT,TT,CC,GG,AA,,CC,,,,,GG,GG,AA,,,,AA,,,GA,CT,GT,GG,,GG,CC,AA,CC,CT,GG,GA,GG,AA,,"-9, -9",AG,CT,TT,TT,AA,TA,TC,,,,,,,,,AA,CT,GG,GG,CC,GG,TT,CC,CC,TT,GG,GA,GG,GG,AG,TC,AC,GG,,CC,AG,GG,GG,,AT,GG,TT,,CC,CC,,,,,,AA,GG,TT,GG,AA,GG,,AA,CC,GG,GG,CC,TT,CC,CT,,GG,TT,GG,AA,CA,,,AG,AC,TT,CC,CA,GC,GG,CC,GG,GG,GG,GC,TT,GG,GG,AA,GA,CC,CC,,,CT,GG,GG,CC,GG,GG,GA,GG,TT,AC,AA,GG,TT,AA,GG,TC,TC,4G5G,AA,GG,CC,AA,GA,CC,GG,CT,,CC,AA,CT,CC,,,CC,AA,CT,AA,CC,CC,CC,AA,CC,CC,GA,CC,GG,AA,CT,CT,CC,,CC,,,CC,GG,CC,GG,CC,GA,,GG,AA,TT,CT,GT,AG,,CT,GG,GA,TC,TT,,,,,,,,,,,,,,,,,,,,,,,,,,,,,,,,,,,,7.6258163054961114,-4.812903881635349
FL-1587,CC,DD,CC,GG,CC,AA,CG,GG,CG,CA,TC,GG,TT,GG,,CC,TC,TT,CT,GT,AG,,CT,,,,,GT,GA,GA,,,,GG,,,GG,CC,GG,,,GG,CC,AA,CC,TT,GG,GG,GG,AA,,"-9, +9",GG,TT,TT,CC,AA,TT,TT,,,,,,,,,AA,CC,CG,GG,CC,GA,TC,CG,CC,TC,CC,GA,GG,GG,AA,TC,AA,AA,,TT,AA,GG,GG,AA,TT,GG,TC,,CG,CT,,,,,,AA,GG,TT,GG,TA,GG,AT,AT,CA,GA,,CC,TT,CC,CC,,CC,TT,GG,AT,CA,,,GG,AC,TA,CT,CC,GG,GG,CC,GG,AA,,GG,TC,GG,GG,AG,GG,CC,CC,,,CC,GG,GT,CC,TT,GG,GA,GG,TT,AA,AA,GG,TC,AA,AG,TT,TT,4G5G,AA,GG,CC,AA,GG,CC,GG,TT,,CC,AG,CC,CC,,,CC,GG,TT,GA,TT,CT,TT,GG,CC,CC,AA,CC,CG,AA,TT,TT,CC,,CC,,,CC,GT,TT,GT,TT,GA,CC,GA,AA,GT,CC,TT,AA,CC,TT,GG,GG,TT,GG,,,,,,,,,,,,,,,,,,,,,,,,,,,,,,,,,,,,7.164313784336714,7.446643837348052
FL-1588,CC,II,TT,AA,TT,GG,CG,AA,CC,CC,TT,GG,TT,AG,GT,CT,CC,TT,CT,TT,GG,CT,CT,CT,CC,CC,GA,GT,GG,GA,TT,AA,GG,AA,GG,AA,GG,CC,GT,GA,,GG,CC,AA,CC,CT,GG,GG,GG,AA,,"-9, -9",GG,CT,CC,CT,AA,TT,TC,,,,,,,,,AA,CC,CG,GG,CC,GG,TT,CC,TT,TC,CC,GG,GG,AG,AG,TC,AC,GA,AT,TT,AA,,GA,AT,TT,GG,TC,CC,CC,CC,,,,,,AA,GG,CC,GG,TA,GA,AA,AA,CC,GA,GG,CT,TT,CC,CC,,CG,TT,AA,AT,CC,,,AG,AC,AA,TT,CA,GC,GG,CT,GA,AA,AG,GC,TC,GG,GG,AA,AA,CC,CC,,,CT,GG,GG,CC,GG,GG,GG,GG,TC,AC,AA,GG,TC,AA,AG,TT,TC,4G5G,AA,GG,CC,AA,GG,CC,GG,CT,,CC,GG,CC,CC,,,CC,GG,TT,AA,CC,CC,TT,GG,CC,CC,GG,GG,CC,AA,CT,CT,CT,,CT,GT,AG,CC,TT,TT,TT,TT,GG,CT,GA,AC,GT,CC,TT,AA,CC,CT,GA,GA,,TT,,,,,,,0.0,FL,03-2,Male,26.0,Caucasian,30.0,40.0,10.0,33.3,32.5,32.5,0.0,0.0,151.0,67.0,23.647,100.0,64.0,54.0,3.67,5.67,3.33,9.67,R,146.0,67.0,22.864,3.0,0.5428044813312061,2.2003900543914403
FL-1589,CC,ID,TT,AA,TT,GG,CG,GG,CC,CA,TT,GG,TT,AA,TT,CC,CC,AA,CC,TT,GG,CC,CC,TT,CC,GG,GG,GG,GG,GG,CC,TT,GA,GG,AA,GG,GG,CC,GT,GA,,GG,CC,AA,CC,CC,GG,GG,GG,AA,,"+9, +9",AA,CT,TT,CT,AA,TA,TC,,,,,,,,,GG,CC,GG,GG,CG,GA,TT,CC,TT,TT,CC,GA,GA,AA,AA,TT,AA,GA,AT,CC,AG,GG,GG,AA,TT,GG,TC,CC,CC,CC,,,,,,AA,GG,CT,GG,AA,GG,AA,AA,CC,GG,GG,CC,TT,CC,TT,,GG,TT,GG,AA,CA,,,GG,AA,TA,CC,AA,CC,GG,CT,GA,AG,GG,GG,CC,GG,GG,AA,GA,CC,CC,,,CT,GG,GG,CC,GG,GT,GG,GG,TC,AC,AG,GC,TC,AG,AG,TC,CC,5G5G,AA,GG,CC,AA,GG,CC,GG,CC,,CT,GG,CC,CC,,,CG,GG,TT,AA,CT,CT,TT,GG,CC,CC,GG,GG,CC,AA,TT,CT,CC,,CC,TT,GG,CC,GT,TC,GT,CT,GA,CC,GA,CC,TT,CC,TT,AA,CC,TT,GA,GG,TT,TT,,,,,,,0.0,FL,03-2,Female,27.0,Caucasian,15.0,22.5,7.5,50.0,15.0,17.5,2.5,16.7,179.0,61.0,33.818,118.0,84.0,78.0,21.0,35.0,21.67,32.0,R,180.0,61.0,34.007,19.67,-1.4592119057634958,-1.8456088179606986
FL-1590,CC,II,CT,GA,TC,GA,CC,GA,CG,CC,TT,GG,TT,AA,,CC,CC,AA,CC,TT,GG,,CC,,,,,GG,GG,GG,,,,GA,,,GG,CC,TT,GG,,,CC,AA,CC,CC,GG,GG,,AA,,"-9, -9",AG,TT,TT,TT,AC,TA,TC,,,,,,,,,AA,CC,CG,GG,CC,GG,TT,CC,CT,CC,CC,GG,GG,AA,AA,TT,AA,GG,,CT,AA,GG,GG,AA,TT,,TC,,CC,CT,,,,,,AA,GG,CC,AA,AA,GG,AA,AA,CC,GG,GG,CT,TT,TC,CC,,CG,,,AA,CC,,,AA,CC,TA,CT,CA,GG,GG,CC,GG,AA,AA,,TT,GG,GG,AA,GG,CG,CT,,,TT,AG,GG,CC,GT,GT,GG,GG,TC,AC,AA,GC,TC,AG,AG,TT,TT,5G5G,AA,,,,GG,CC,GG,CC,,CT,AA,CT,CC,,,CC,GA,TT,AA,CC,CC,TC,GA,CC,CC,GG,CG,CC,AA,TT,CT,CC,,CC,,,CC,GT,TC,GT,CT,GA,CC,GA,AC,TT,CC,TT,AA,CC,TT,GG,GG,TT,TT,,,,,,,,,,,,,,,,,,,,,,,,,,,,,,,,,,,,-2.0814394346583978,-0.7630793777834325
FL-1591,CC,,CT,GA,TC,GA,,GA,CG,CC,TC,GG,TT,AA,,CC,TC,TA,CC,GG,GG,,CC,,,,,GG,GG,GG,,,,GG,,,GG,CC,TT,GG,,GG,CC,AA,CC,TT,GG,GG,GG,AA,,"-9, +9",AG,CC,TT,CC,AA,TT,TC,,,,,,,,,GG,CC,GG,GG,CC,GG,TT,CC,CT,TC,CC,GG,GG,AG,AG,CC,AA,GG,,CT,AA,GG,GA,AT,AT,GG,TC,,CC,CC,,,,,,AG,GA,CT,GA,TT,GG,AT,AT,AA,AA,GA,CT,TT,TC,CC,,CG,TC,GG,AA,CC,,,AA,CC,TT,CC,CC,GC,GG,CT,GG,AG,GG,GG,TT,GG,GG,AG,GA,CC,CC,,,CC,GG,GG,CC,TT,GT,GA,GG,TC,AC,AA,GG,TT,AA,AG,TT,TC,4G5G,AA,GG,CC,AA,GG,CC,GG,,,TT,AG,CC,CC,,,CC,GA,TT,AA,TT,CC,TT,GG,CC,CC,GA,CC,CG,AA,TT,CT,CT,,CC,,,CC,TT,CC,TT,CC,,CT,GG,AA,GT,CC,TT,AA,CC,CT,GA,GA,TC,TG,,,,,,,0.0,FL,03-2,Female,23.0,African Am,10.0,20.0,10.0,100.0,10.0,12.5,2.5,25.0,130.0,62.0,23.775,108.0,58.0,84.0,9.0,17.0,8.67,18.0,R,132.0,62.0,24.14,9.0,9.755324020361247,9.143885858357256
FL-1592,CC,II,TT,AA,TT,GG,CG,GA,CC,CC,TT,,TT,AG,GT,CC,TC,TA,CT,GT,GG,CC,CT,TT,CC,GG,GG,GT,GA,GG,CC,TT,GG,GG,AG,GG,GG,CC,TT,GG,,GG,CG,AA,CC,CC,AG,GG,GG,AA,,"-9, +9",AG,CT,CC,CT,AC,TA,TC,,,,,,,,,AG,CC,GG,GG,CC,GG,TC,CG,TT,TC,CG,GA,GG,AG,AG,TC,CC,GG,TT,TT,AA,GG,,,AT,GG,TT,CT,CC,CT,,,,,,,,CC,AA,AA,GG,AA,AA,CC,GG,GG,CC,TT,CC,,,CC,TT,GA,AA,CA,,,AG,AC,TA,CT,CA,GC,GG,CT,,AG,AG,GG,CC,GG,GG,AG,GG,CG,CC,,,CT,GG,GG,CC,GG,GT,GG,GG,TT,AA,AG,GC,TT,AA,GG,TT,CC,4G5G,AA,GG,CC,AA,GG,CG,,CC,,CC,AA,TT,CC,,,CC,GA,CT,AA,TT,TT,TT,GG,CC,CC,GG,GG,CG,AA,TT,CC,CC,,CC,GT,AG,CC,GG,CC,GG,CC,GG,CC,GA,AA,GT,CC,TT,AA,CC,,,,TT,TT,,,,,,,0.0,FL,03-2,Female,23.0,Caucasian,10.0,17.5,7.5,75.0,10.0,10.0,0.0,0.0,127.0,63.0,22.495,96.0,64.0,72.0,11.33,21.33,11.0,19.67,R,128.0,63.7,22.176,10.67,-0.7493498017053508,-1.6687166673236997
FL-1593,CA,ID,CT,GA,TC,GA,GG,GG,GG,CC,TT,GG,TT,AA,TT,CC,CC,AA,CC,TT,GG,CC,CC,TT,CC,GG,GG,GG,GG,GG,CC,TT,GG,GA,AG,GA,GG,CC,TT,GG,,GG,CC,AA,CC,CC,GG,GA,GG,AA,,"-9, +9",AG,TT,TC,TT,AA,TT,TC,,,,,,,,,GG,CC,CG,AG,CG,AA,TT,CC,TT,TC,CC,GA,AA,AA,AA,TT,AA,GA,AT,CT,AA,,GA,AT,TT,GG,TT,CC,CC,CC,,,,,,AA,GG,CC,GG,AA,GG,AA,AA,CC,GG,GG,CT,TA,TC,CT,,CG,TT,GG,AT,CC,,,AA,CC,TT,CC,CC,GC,GG,TT,GG,AA,AG,GG,CC,GG,GG,AA,GA,CC,CC,,,CT,GG,GT,CC,GT,GG,GG,AA,CC,CC,AA,GC,TT,AA,AG,TC,TT,4G4G,AA,GG,CC,AA,GA,CC,GG,CC,,CC,AA,CT,,,,CG,GA,CT,AA,CC,CC,TC,GA,CC,CT,GA,CG,CG,AA,TT,TT,CT,,CC,GT,AG,CT,GT,TC,GT,CT,GA,CC,GA,AC,GT,CC,TT,AA,CC,CC,GA,AA,CC,TG,,,,,,,0.0,FL,03-2,Male,28.0,Caucasian,25.0,32.5,7.5,30.0,27.5,27.5,0.0,0.0,186.0,69.0,27.464,120.0,66.0,72.0,6.33,10.67,7.0,10.0,R,180.0,69.0,26.578,5.0,-0.6748153817509328,0.5111472203324795
FL-1594,CC,DD,CC,GG,CC,AA,CC,GG,CC,AA,TT,GG,TT,AG,,CC,CC,AA,CC,TT,GG,,CC,,,,,GG,GG,GG,,,,GG,,,GA,CT,GG,GA,,GG,CC,AA,CC,CC,GG,GG,GG,AA,,"-9, +9",AG,CT,TT,CC,AA,TT,TC,,,,,,,,,AG,CC,CG,GG,CC,GG,CC,GG,CC,TC,GG,GA,AA,AA,AA,TT,AA,GG,,CC,AG,CG,GG,AA,AA,GG,CC,,CC,TT,,,,,,AG,GA,CC,GG,AA,GG,AA,AA,CC,GG,GG,CT,TT,TC,CC,,CG,TT,AA,AA,CC,,,AG,AC,TA,CT,CA,GG,GC,CC,GG,AA,AA,GG,CC,GA,GG,GG,GA,CC,CC,,,CC,GG,TT,CC,GG,GG,GG,GG,TC,AC,AA,GC,TC,AG,AG,TT,TC,5G5G,AA,GG,CC,AA,GG,CC,GG,CC,,CC,AG,CC,CC,,,CC,GG,CT,AA,CC,CC,TC,GA,CC,CT,GA,CG,CG,AA,CC,CT,CC,,CC,,,CC,GT,CC,GT,CC,GG,CC,GA,AA,GT,CC,TT,AA,CC,CT,GG,GA,TC,TG,,,,,,,0.0,FL,03-2,Female,25.0,African Am,11.25,22.5,11.3,100.0,11.25,11.25,0.0,0.0,141.0,66.0,22.756,118.0,72.0,72.0,16.67,26.0,17.33,26.0,R,142.0,66.0,22.917,15.67,1.0322551599604683,3.2917649437499894
FL-1595,CC,DD,TT,AA,TT,GG,CG,AA,CC,CC,TT,GG,TC,AG,GT,CC,TC,TA,CC,GT,AG,CT,CC,TT,CG,CC,GG,GG,GG,GA,CC,AA,GG,AA,GG,AA,GG,CC,GG,AA,,GG,CC,AA,CC,CC,GG,GG,GG,AA,,"-9, +9",GG,CT,TC,CT,AA,TT,TT,,,,,,,,,AG,CC,GG,GG,CG,GG,TT,CC,TT,TT,CG,GA,GG,AG,AG,TC,AC,GG,TT,CT,AA,GG,GA,AT,AA,GG,TT,CT,CG,CC,,,,,,AA,GG,CT,GG,TT,AA,AA,AA,CC,AA,GG,CC,TT,CC,CC,,CC,TT,GA,AT,CC,,,AA,CC,TA,CC,AA,GG,GG,CT,GG,AG,GG,GG,TC,GG,GG,AA,GA,CG,CT,,,CC,AG,GT,CC,GG,GG,GG,GG,TC,AC,AA,GG,TC,AA,GG,TT,TT,5G5G,AA,GG,CC,AA,GG,CC,GG,CC,,CC,AA,CC,CC,,,CG,AA,TT,,TT,TT,TT,GG,CC,CC,GG,CC,CC,AA,TT,CT,CC,,CC,GG,AA,CC,GT,TC,GT,CT,GG,CC,AA,AA,GG,CC,TT,AA,CC,CC,GA,,CC,TT,,,,,,,0.0,FL,03-3,Female,19.0,Caucasian,12.5,20.0,7.5,60.0,16.25,15.0,-1.25,-7.7,141.0,64.0,24.2,98.0,58.0,80.0,15.33,28.67,20.0,22.0,R,143.0,64.0,24.543,16.0,3.8990667096119473,-3.3638547286480387
FL-1596,CA,ID,CT,GA,TC,GA,CC,GG,CG,CA,TT,GG,TT,AA,TT,CC,CC,AA,CC,TT,GG,CC,CC,TT,CC,CC,GG,GG,GG,GG,TC,TT,GG,AA,GG,AA,GG,CC,GG,AA,,GG,CC,AA,CC,CC,GG,GG,GG,AA,,"+9, +9",AA,TT,TT,TT,CC,TA,TC,,,,,,,,,AG,CC,CG,AG,CC,GG,TC,CC,CT,TC,CC,GA,GA,GG,GG,CC,AC,GA,TT,CT,AA,GG,GA,AT,AA,GG,TT,CT,CG,CT,,,,,,AA,GG,CC,GG,AA,GG,AA,AA,CC,GG,GG,CC,TT,CC,CC,,CG,TT,GG,AA,CC,,,AG,AC,AA,TT,CA,GC,GG,CT,GA,AA,AA,GC,TC,GA,GG,AG,GA,CC,CC,,,CT,GG,GG,CC,GG,GT,GA,GG,TT,AA,AA,GC,TC,AA,AG,TT,TT,5G5G,AA,GG,CC,AA,GG,CC,GG,CC,,CC,AA,CT,CC,,,CG,GA,TT,GA,CT,CT,TC,GA,CC,CC,GA,CG,CG,AA,TT,TT,CT,,CT,GT,AG,CT,GT,TC,GT,CT,GG,CT,GG,AC,GT,CC,TT,AA,CC,CT,GA,,TC,TT,,,,,,,0.0,FL,03-3,Male,19.0,Caucasian,32.5,43.75,11.3,34.6,37.5,40.0,2.5,6.7,242.0,71.0,33.748,136.0,60.0,68.0,10.0,22.67,12.0,23.67,R,241.0,71.0,33.609,10.0,-2.399506129460232,-0.4019920561005158
FL-1597,CA,DD,TT,AA,TT,GG,CC,GG,CG,CC,TT,GG,TT,AG,GT,CC,TC,TA,CC,GT,AG,CT,CC,TT,CG,CG,GG,GG,GG,GA,TC,AT,GG,GA,AG,GA,GG,CC,TT,GG,,GG,CC,AA,CT,CC,AG,GG,GG,AA,,"+9, +9",GG,TT,TT,TT,AC,TT,TT,,,,,,,,,AA,CT,CG,AG,CC,GG,TT,CC,TT,TC,CC,GA,GA,AG,AA,TC,AA,AA,TT,CC,AA,CG,GG,AA,AT,GG,TT,CC,CG,CT,,,,,,AA,GG,CC,GG,AA,GG,AA,AA,CC,GG,GG,CT,TT,TC,CT,,GG,TT,GA,AT,CA,,,AG,AC,TA,CC,CA,GC,GG,CC,GA,AA,AA,GC,TC,GG,GG,AA,GG,CC,CC,,,CT,AG,GG,CC,GG,GT,GG,GG,CC,CC,AA,GG,TT,AA,AG,TT,TC,4G4G,AA,GG,CT,AA,GG,CC,AG,CC,,CC,AA,CT,CC,,,CC,GG,TT,AA,CT,CT,TC,GA,CC,CT,GA,CC,CG,AA,CT,CC,CC,,CC,GT,AG,CT,GT,TC,GT,CT,GA,CC,GA,CC,TT,CC,TT,AA,CC,TT,GA,,TT,TT,,,,,,,0.0,FL,03-3,Male,28.0,Caucasian,28.75,38.75,10.0,34.8,31.25,37.5,6.25,20.0,153.0,72.0,20.748,108.0,74.0,78.0,4.0,11.33,7.67,10.0,R,155.0,72.0,21.019,4.0,0.05984608985044953,-3.9293679633991707
FL-1598,CC,DD,CC,GG,CC,AA,CC,GA,CG,CC,TT,GG,TT,AA,TT,CC,,AA,CC,TT,GG,CC,CC,TT,CC,GG,GG,GG,GG,GG,CC,TT,AA,GG,AA,GG,GA,CT,GG,GG,,GG,CC,AA,CC,CC,GG,GG,GG,AA,,"+9, +9",AA,TT,TC,CT,AC,TA,TC,,,,,,,,,GG,CC,CG,GG,CC,GG,TT,CC,CC,TC,CC,GA,GG,AG,AG,TC,CC,GG,TT,TT,AA,,GG,AA,AT,GG,TT,CT,CG,CC,,,,,,AA,GG,CT,GA,TT,GG,AA,AA,CC,GG,GG,CC,TT,CC,CT,,CG,TT,GG,AA,CC,,,AG,AC,TA,CT,CA,GC,GG,TT,GG,AA,GA,GG,CC,GG,GG,AA,GA,CG,CC,,,CT,GG,GG,CC,GG,GT,GG,GA,CC,CC,AA,GC,TT,AG,AA,TT,TT,4G5G,AA,GG,CC,AA,GG,CC,GG,CC,,CT,AA,CT,CC,,,CG,GG,CT,AA,CC,CC,TT,GG,CC,CT,GA,CG,CG,AA,CT,TT,CT,,CT,GG,AA,CC,GG,CC,GG,CC,GA,CC,AA,CC,TT,CC,TT,AA,CC,TT,GA,,TT,TT,,,,,,,0.0,FL,03-3,Female,22.0,Caucasian,11.25,25.0,13.8,122.2,15.0,17.5,2.5,16.7,190.0,68.0,28.886,90.0,68.0,72.0,27.0,47.33,29.0,43.0,R,194.0,68.0,29.494,27.33,-1.1899955394210175,-1.4149489625686849
FL-1599,AA,DD,CT,GA,TC,GA,,GA,CC,CA,TT,GG,TT,GG,,CC,CC,TA,CT,TT,GG,,CT,,,,,GT,GA,GG,,,,GA,,,GG,CC,TT,GG,,GG,CC,AA,CT,CC,AG,GG,GG,AA,,,GG,CC,TT,CC,AC,TA,CC,,,,,,,,,AG,CC,GG,GG,CC,AA,TT,CC,CT,TC,CG,GA,GA,GG,AG,CC,AC,GA,,CC,GG,GG,GG,AA,AT,GG,TT,,CG,CT,,,,,,AA,GG,TT,GG,TA,GA,AA,AA,CC,GA,GG,CT,TA,TC,CT,,CG,TT,GA,,CA,,,AA,CC,TA,CC,CC,GG,GG,CT,GG,AG,GG,GG,TT,GG,GG,AG,GA,CC,CC,,,TT,GG,GG,CC,GT,GT,GG,GA,TC,AC,AA,GC,,AA,AG,TT,TT,4G5G,AA,GG,CT,AA,GG,CC,AG,CC,,CT,AG,CC,CC,,,CC,GA,CT,GA,CC,CC,CC,AA,CC,CC,GG,CG,GG,AC,CT,CT,CC,,CT,,,CC,GG,TC,GG,CT,GG,CC,GA,AC,GT,CC,TT,AA,CC,TT,GG,,TT,TT,,,,,,,0.0,FL,03-3,Female,26.0,Asian,10.0,13.75,3.8,37.5,11.25,10.0,-1.25,-11.1,125.0,63.0,22.14,92.0,72.0,60.0,11.33,23.67,8.33,26.0,R,125.0,63.0,22.14,8.0,1.3868424169136206,0.7994124944726363
FL-1600,CC,,CC,GG,CC,AA,,,,CA,TT,GG,TC,AG,,CC,TC,TA,CC,GT,AG,,CC,,,,,GG,GG,GA,,,,AA,,,GG,CC,GT,GG,,GG,CC,AA,CT,CC,AG,GG,GG,AA,,"-9, -9",AG,TT,TT,TT,AA,TT,TT,,,,,,,,,GG,CC,GG,GG,CC,GG,TT,CC,CC,TT,CC,GA,GG,AG,AA,TT,AA,GG,,TT,AG,GG,GG,AA,AA,,TT,,,CC,,,,,,AA,AA,CT,GG,TA,GA,AA,AA,CC,GA,GG,CT,TA,TC,CT,,CG,TT,GG,AA,CA,,,GG,AA,TA,CT,AA,GC,GG,CT,GG,,,GG,TT,GG,GG,AA,AA,CC,CC,,,CC,GG,GG,CC,GT,GG,GG,GG,TC,AC,AA,GG,TC,AA,,TC,TC,4G5G,AA,GG,CT,AA,GG,CC,AG,CC,,CC,AA,CC,CC,,,CC,GG,CC,GG,TT,TT,TT,GG,CC,CC,GA,CC,CG,AA,CC,CT,CC,,CC,,,TT,GG,CC,GG,CC,GA,CC,GG,AA,GT,CT,GT,AG,,TT,GG,GA,TT,TG,,,,,,,0.0,FL,03-3,Male,26.0,Asian,32.5,38.75,6.3,19.2,35.0,33.75,-1.25,-3.6,203.0,69.0,29.975,108.0,58.0,60.0,7.0,17.33,7.67,18.0,R,192.0,69.0,28.35,7.0,6.602834524050001,-0.7215616899422626
FL-1601,CC,DD,CT,GA,TC,GA,CC,AA,CC,CC,TT,GA,TT,AG,GT,CC,CC,TA,CT,TT,GG,CC,CT,CT,CC,CG,GG,GT,GG,GG,TC,AT,GG,AA,GG,AA,GG,CC,GT,GG,,GG,CC,AA,CT,CT,AG,GG,GG,AA,,"-9, +9",AG,CT,TC,CT,AA,TA,CC,,,,,,,,,AA,TT,CC,AA,CC,GA,TT,CC,CT,CC,GG,GA,GG,GG,GG,CC,AC,GG,AT,CT,AA,GG,GG,AA,TT,GG,TC,CT,GG,CC,,,,,,AA,GG,CT,GG,TA,GG,AA,AA,CC,GA,GG,CC,TT,CC,CT,,CG,TT,GG,AA,CC,,,AG,AC,TT,CC,CA,GC,GG,TT,GG,AG,GA,GC,TT,GG,GG,AG,GA,CC,CT,,,CT,AG,GG,CC,GT,,GG,GG,TC,AC,AA,GC,CC,GG,AA,TT,TC,4G4G,AA,GG,CT,AA,GG,CC,AG,CT,,CC,AA,CC,CC,,,CC,GG,TT,AA,CT,CT,TT,GG,CC,CC,GA,CG,CG,AA,TT,CT,TT,,CC,TT,GG,CT,GT,TC,GT,CT,GA,CC,GA,AA,GT,CT,GT,AG,CC,TT,GA,,TT,TT,,,,,,,0.0,FL,03-3,Female,20.0,Caucasian,6.25,13.75,7.5,120.0,11.25,11.25,0.0,0.0,101.0,61.2,18.957,112.0,86.0,64.0,11.0,28.0,17.33,28.33,R,100.0,61.2,18.769,13.0,-0.29743379672106757,1.94320955153985
FL-1602,CC,,,AA,TT,GG,CG,GG,GG,CC,TC,GG,TT,AG,,CC,CC,AA,CC,TT,GG,,CC,,,,,GG,GG,GA,,,,GG,,,GA,CT,GT,GG,,GG,CC,AA,CT,CT,AG,GG,GG,AA,,"-9, -9",GG,CT,TC,CT,AA,TT,TC,,,,,,,,,GG,CT,CG,GG,CC,GG,TT,CC,TT,TT,GG,GG,GG,GG,GG,CC,AA,GA,,CC,AA,CG,GG,AA,AT,GG,TT,,CG,CC,,,,,,AA,GG,CT,,AA,GG,AA,AA,CC,GG,GG,CC,TT,,TT,,GG,TT,GG,AA,CA,,,AA,CC,AA,TT,CA,GC,GG,CT,GG,AA,AA,GG,CC,GA,GG,AG,GA,CC,,,,CC,AG,GG,CT,,GG,GG,GG,TC,AC,AA,GG,TT,AG,AA,TT,TC,,AA,GG,CT,AA,GG,CC,AG,CT,,CC,AA,CT,CC,,,CC,GG,CT,GA,CC,CC,TT,GG,,,,,,AA,CT,CT,CT,,CC,,,,GT,TC,GT,CC,,CT,GA,AC,GT,CC,TT,AA,,CC,GG,,CC,TG,,,,,,,0.0,FL,03-3,Male,33.0,Other,21.25,28.75,7.5,35.3,25.0,27.5,2.5,10.0,185.0,71.0,25.799,102.0,72.0,100.0,10.67,23.0,12.0,20.0,R,181.0,72.0,24.545,10.0,1.3506066871430884,-0.15107954539345053
FL-1603,CA,,,GA,TC,GA,CC,AA,CC,CC,TT,GG,TT,AG,GT,CC,CC,TA,CT,TT,GG,CC,CT,TT,CC,CG,GG,GT,GA,GG,CC,AT,GG,GG,AG,GA,GG,CC,TT,GG,,GG,CC,AA,CC,CC,GG,GG,GG,AA,,"-9, -9",AG,CT,TC,CT,CC,TA,TT,,,,,,,,,AG,CT,CG,AG,CC,GA,TT,CC,CT,TC,CG,GG,GG,AA,AA,TT,AC,GG,AA,CC,AA,CG,GA,AT,AT,GG,TT,CT,CG,CC,,,,,,AA,GG,CT,,AA,GG,AA,AA,CC,GG,GG,CT,TT,,CT,,CG,TT,GG,AT,CC,,,GG,AA,AA,CT,AA,GG,GG,TT,GA,AA,GA,GG,CC,GG,GA,GG,AA,CC,,,,CT,GG,GG,CC,,TT,GA,GG,TT,AA,AA,GC,TT,AG,AG,TC,,,AA,GG,CC,AA,GG,CC,GG,CC,,CC,AG,CC,CC,,,CC,GA,TT,AA,TT,TT,TT,GG,,,,,,AC,CC,CT,CT,,CC,GG,AA,,GT,TC,GT,CT,,CC,AA,AA,GG,CC,TT,AA,,CT,GG,,TC,TT,,,,,,,0.0,FL,03-3,Female,18.0,Caucasian,13.75,22.5,8.8,63.6,15.0,16.25,1.25,8.3,136.0,64.0,23.342,102.0,68.0,60.0,9.0,19.33,9.0,20.33,R,140.0,64.0,24.028,13.0,-2.802504769958478,0.8261666239403874
FL-1604,CA,,CT,GA,TC,GA,CG,GA,CG,CC,TT,GG,TT,AA,TT,CC,CC,AA,CC,TT,GG,CC,CC,TT,CC,CG,GG,GG,GG,GG,TC,AT,GG,GA,AG,GA,GA,CT,GG,GA,,GG,CC,AA,CC,CC,GG,GG,GG,AA,,"-9, -9",AA,CT,TT,CT,AC,AA,TT,,,,,,,,,GG,CC,GG,GG,CC,GG,TT,CC,CT,TC,CC,GG,GG,AG,AG,TC,AA,AA,TT,CT,AA,CG,GG,AA,AT,GG,TT,CC,CG,CT,,,,,,AA,GG,CC,GA,AA,GG,AA,AA,CC,GG,GG,CC,TT,CC,CT,,GG,TT,GA,AT,CC,,,AA,CC,TT,CC,CC,GG,GC,CT,GA,AG,GA,GG,TC,GA,GG,AG,AA,CC,CC,,,CT,GG,GG,CC,GG,GT,GG,GG,TC,AC,AA,CC,TC,AG,AA,TT,TC,4G4G,AA,GG,CC,AA,GG,CC,GG,CC,,CC,AA,CC,CC,,,CC,GG,CT,AA,TT,,TT,GG,CC,CT,GA,CC,CG,AA,CT,CT,CT,,CC,GG,AA,CT,TT,TT,TT,TT,AA,CC,AA,AC,GT,CC,TT,AA,CC,CT,GG,,TC,TT,,,,,,,0.0,FL,03-3,Female,19.0,Caucasian,13.75,25.0,11.3,81.8,15.0,17.5,2.5,16.7,131.0,66.0,21.142,88.0,54.0,52.0,5.33,14.0,5.0,14.33,R,135.0,66.0,21.787,18.0,-2.947792316316503,0.9802703717371171
FL-1605,CC,DD,TT,GA,TC,GA,,,,CC,TT,GG,TT,AG,GT,CC,CC,TA,CT,TT,GG,CC,CT,TT,CC,GG,GG,GT,GA,GG,CC,TT,GG,GG,AG,GG,GG,CC,GT,GA,,GG,CC,AA,CC,CC,GG,GA,GG,AA,,"+9, +9",GG,CT,TC,CT,AA,TT,TT,,,,,,,,,GG,CC,GG,GG,GG,GG,TT,CG,CT,CC,GG,GA,GG,AG,AA,TT,AC,GG,TT,CC,,CC,GG,AA,AT,GG,TC,CT,,CC,,,,,,AA,GG,TT,GG,AA,GA,AA,AA,CC,AA,GG,CC,TT,CC,CT,,CG,TT,GG,AA,CA,,,AA,CC,TA,CT,CC,GG,GG,CC,GG,,,GG,TC,GG,GG,,AA,CC,CC,,,CC,GG,GG,CC,GG,GG,GG,GG,TC,AC,AA,GG,CC,AA,AG,TC,TC,5G5G,AA,GG,CC,AA,GA,CC,GG,CC,,CC,,TT,CC,,,CC,GG,CT,GA,CC,CC,TT,GG,CC,TT,AA,CC,GG,AA,TT,CC,TT,,CT,TT,GG,CT,GG,TC,GG,CT,GG,CC,GG,AC,GT,CC,TT,AA,CC,CT,GG,AA,,TT,,,,,,,0.0,FL,03-3,Female,18.0,Caucasian,13.75,16.25,2.5,18.2,15.0,15.0,0.0,0.0,125.0,65.0,20.799,108.0,78.0,66.0,6.33,16.33,6.0,14.67,R,125.0,65.0,20.799,5.33,-0.9104125704457794,1.1161403586457879
FL-1606,AA,II,CT,GA,TC,GA,CC,GA,CG,CC,TC,GG,TT,GG,,CC,CC,TT,TT,TT,GG,,TT,,,,,TT,AA,GG,,,,GG,,,GG,CC,TT,GG,,GG,CC,AA,CC,CC,GG,GA,GG,AA,,"-9, +9",AG,CT,TT,CT,AA,TT,TT,,,,,,,,,AG,CC,GG,GG,CC,GG,TT,CC,CT,TC,CC,GG,GA,AA,AA,TT,AA,AA,,CT,AA,CC,GG,AA,AT,GG,TT,,CG,CC,,,,,,AG,GG,CT,GA,AA,GG,AA,AA,CC,GG,GG,CT,TA,TC,CC,,CC,TT,GA,AA,CC,,,AA,CC,TA,CC,CA,GC,GG,CT,GA,AG,GG,GG,TC,GG,GG,AA,GA,CC,CC,,,CC,GG,GG,CC,GG,GG,GG,GG,TC,AC,AA,GG,CC,AG,AA,TT,TT,4G5G,AA,GG,CC,AA,GA,CC,GG,CC,,CC,AG,CC,CC,,,CC,GA,TT,AA,CT,CT,TC,GA,CC,CC,GG,CG,CC,AA,CT,CT,CC,,CC,,,CT,GG,CC,GG,CC,GA,CC,GA,AC,TT,CC,TT,AA,CC,CT,GA,,TC,TT,,,,,,,,,,,,,,,,,,,,,,,,,,,,,,,,,,,,-1.5741239236208997,2.8604938659381585
FL-1607,CA,ID,CT,GA,TC,GA,CC,GG,GG,CC,TT,GG,TT,AG,,CC,TC,TA,CC,GT,AG,,CC,,,,,GG,GG,GA,,,,GA,,,GG,CC,GG,AA,,GG,CC,AA,CC,CT,GG,GG,GG,AA,,"-9, +9",GG,CT,TT,CT,AA,AA,TT,,,,,,,,,AA,CT,GG,GG,GG,GG,TT,CC,CT,CC,CC,GG,GA,AG,AA,TT,AC,GG,,TT,GG,CG,GA,AT,AT,GG,TC,,CG,CC,,,,,,AA,GG,TT,GG,AA,GG,AA,AA,CC,GG,GG,CT,TT,TC,CC,,CG,TT,GG,AT,CC,,,GG,AA,TA,,AA,GC,GG,CC,GA,AA,GG,GG,TC,GG,GG,AG,GG,CC,CC,,,TT,AG,GG,CT,GT,,GA,GG,TT,AA,AA,CC,TC,GG,AA,TT,TC,4G5G,AA,GG,CC,AA,GG,CC,GG,CT,,CC,AG,CC,CC,,,CC,GG,CT,AA,CC,CC,TT,GG,CC,CC,GA,CC,CG,AA,CT,TT,CC,,CC,,,CT,GG,CC,GG,CC,GG,CC,AA,AC,TT,CC,TT,AA,CC,TT,GG,AA,TT,TG,,,,,,,0.0,FL,03-3,Female,24.0,Other,17.5,25.0,7.5,42.9,18.75,18.75,0.0,0.0,193.0,65.2,31.917,134.0,82.0,60.0,15.0,44.67,15.0,44.33,R,178.0,65.2,29.436,23.33,2.585302521398049,-0.8531440557309691
FL-1608,CA,ID,CT,GA,TC,GA,GG,GA,CG,CC,TT,GG,TT,AA,,CC,CC,AA,CC,TT,GG,,CC,,,,,GG,GG,GG,,,,GG,,,AA,TT,GG,GG,,GG,CC,AA,CC,CT,GG,GG,GG,AA,,"-9, -9",GG,CT,TT,CT,AC,AA,TC,,,,,,,,,AG,CT,CG,AG,CC,GG,TC,CC,CT,TC,CG,GG,GA,AG,AG,CC,AC,GG,,CC,AA,CG,GG,AA,AA,GG,TT,,CG,CC,,,,,,AA,GG,CC,GA,TA,GA,AA,AA,CC,GA,GG,CC,TT,CC,CT,,CG,TT,GA,AA,CC,,,AG,AC,TA,CC,CA,CC,GG,CC,GA,AA,GA,GG,CC,GG,GG,AA,GA,CC,CC,,,TT,GG,GG,CC,GG,,GG,GA,TC,AC,AA,CC,TT,AA,AG,TT,CC,4G5G,AA,GG,CC,AA,GG,CC,GG,CT,,CC,AA,CC,CG,,,CC,GA,TT,AA,CC,CC,TC,GA,CC,CC,GG,GG,CC,AA,CT,CC,CC,,CC,,,CC,GT,CC,GT,CC,GG,CC,AA,AC,GT,CC,TT,AA,CC,CT,GA,,TC,TT,,,,,,,,,,,,,,,,,,,,,,,,,,,,,,,,,,,,-0.23466635225086965,0.2028047359796767
FL-1609,CA,ID,CC,GG,CC,AA,CG,GG,CG,CC,TT,GG,TT,AG,,CC,TC,TA,CC,GT,AG,,CC,,,,,GG,GG,GA,,,,GA,,,AA,TT,GG,GG,,GG,CC,AA,CC,CC,AG,GG,GG,AA,,"-9, -9",AG,CT,TT,CC,AA,TA,TT,,,,,,,,,AA,TT,,,CC,GG,CC,CG,CC,,CG,GA,GA,,GG,CC,AC,GA,,CT,AA,CG,GG,AA,AT,GG,TT,,CG,CC,,,,,,AG,GG,CT,GG,TA,GG,AA,AA,CC,GA,GG,CC,TT,CC,CC,,GG,TC,GG,AA,CA,,,AG,AC,AA,TT,CA,GC,,CC,GA,AG,GG,GC,TC,GG,GG,GG,AA,CC,CC,,,CC,GG,GT,CC,TT,GG,AA,GG,TT,AA,AA,GC,TT,GG,AA,TT,TT,5G5G,AA,GG,CC,AA,GG,CC,AG,CC,,CC,,,CC,,,CC,GG,CT,GA,CT,CC,TT,GG,CC,CC,GA,CG,CC,AA,CT,TT,,,CC,,,CC,GT,CC,GT,CC,GG,CT,GG,AC,GT,CC,TT,AA,CC,CT,GG,,TT,TT,,,,,,,0.0,FL,03-3,Female,23.0,African Am,11.25,23.75,12.5,111.1,12.5,15.0,2.5,20.0,121.0,65.0,20.133,88.0,78.0,64.0,4.0,20.0,4.0,16.67,R,129.0,65.0,21.464,6.0,4.046168983453155,1.7272465133172465
FL-1610,CC,ID,CT,GA,TC,GA,CG,GG,CG,CC,TT,GA,TT,AG,GT,CC,TC,TA,CC,GT,AG,CT,CC,TT,CG,CG,GG,GG,GG,GA,CC,AT,GG,GA,AG,GA,GA,CT,GG,GA,,GG,CC,AA,CC,CC,GG,GA,GG,AA,,"-9, +9",AG,CT,TT,CT,AA,AA,TC,,,,,,,,,GG,CC,CG,AG,CC,GG,TT,CC,CT,TC,CG,GA,GG,AG,AA,TC,AC,GA,AT,CT,AA,CG,GG,AA,AT,GG,TC,CT,CG,CC,,,,,,AA,GG,CT,GG,AA,GG,AT,AA,CC,GG,GG,CC,TT,CC,TT,,GG,TT,GG,AA,CA,,,AA,CC,TT,CC,CC,GG,GG,TT,GG,AG,GG,GG,TC,GA,GA,GG,GA,CC,CC,,,CT,GG,GT,CC,GT,GG,GA,GG,TT,AA,AA,CC,TC,AG,AG,TT,TC,4G4G,AA,GG,CC,AA,GA,CC,GG,CC,,CC,AG,CC,CC,,,CG,AA,TT,AA,CC,CC,TC,GA,CC,CC,GA,CG,CG,AA,TT,CT,CC,,CC,GT,AG,CC,GG,CC,GG,CC,GG,CC,GG,CC,TT,CC,GT,AG,CC,CC,GG,,CC,TT,,,,,,,0.0,FL,03-3,Female,18.0,Caucasian,12.5,23.75,11.3,90.0,13.75,15.0,1.25,9.1,136.0,57.3,29.17,92.0,70.0,56.0,12.0,25.0,12.0,25.33,R,139.0,57.2,29.866,13.0,2.607897443861879,-2.3770370183586365
FL-1611,CA,ID,CT,GA,TC,GA,CG,GA,CG,CC,TT,GG,TC,AG,GT,CC,TC,TA,CC,GT,AG,CT,CC,TT,CG,CG,GG,GG,GG,GA,CC,AT,GG,GG,AG,GA,GG,CC,GT,GA,,GG,CC,AA,CC,CC,GG,GG,GG,AA,,"-9, +9",GG,TT,TT,CT,AA,TA,TT,,,,,,,,,AG,TT,CG,AG,CC,GG,CC,CG,CT,,CC,GG,GG,GG,GG,CC,AA,GA,AT,CT,AG,CG,GG,AA,AA,GT,TC,CT,CG,CC,,,,,,,GG,CT,GG,AA,GG,AA,AA,CC,GG,GG,CC,TT,CC,CC,,CC,TT,GG,AA,CC,,,AG,AC,TT,CC,CA,GC,GG,CT,GA,GG,GG,GG,TC,GG,GG,AA,GG,CC,CC,,,CC,GG,GT,CC,GT,,GA,GG,TT,AA,AA,GC,TT,AG,AG,TT,TT,4G5G,AA,GG,CC,AA,GG,CC,GG,CC,,CT,AG,CC,CC,,,CG,AA,CC,GA,CT,CT,TT,GG,CC,CC,GG,GG,CC,AA,TT,CT,CC,,CC,GT,AG,CC,GG,CC,GG,CC,GG,CC,GG,AA,TT,TT,GG,GG,CC,TT,GA,AA,,TT,,,,,,,0.0,FL,03-3,Female,19.0,Caucasian,15.0,27.5,12.5,83.3,17.5,17.5,0.0,0.0,153.0,63.5,26.675,128.0,82.0,72.0,30.0,36.0,25.67,30.0,R,161.0,63.5,28.069,24.33,4.415467637918386,-2.5784140161170086
FL-1612,CC,DD,TT,AA,TT,GG,,GA,CG,CC,TT,GG,TT,AG,GT,CC,CC,TA,CT,TT,GG,CC,CT,TT,CC,CG,GG,GT,GA,GG,CC,TT,GG,GG,AA,GG,GG,CC,GT,GA,,GG,CC,AA,CC,CC,GG,GG,GG,AA,,"+9, +9",AG,CT,TT,TT,AC,TT,TC,,,,,,,,,AG,CC,GG,GG,CG,GA,CC,CG,TT,TT,GG,GG,GA,AG,AA,TT,CC,GG,AT,CT,AA,CC,GG,AA,TT,GG,TT,CT,CG,CT,,,,,,AA,GG,CC,GA,AA,GG,AA,AA,CC,GG,GG,CT,TT,TC,CT,,CG,TT,GG,AT,CC,,,GG,AA,TA,CC,AA,GC,GG,CC,GG,AA,AA,GC,TC,GG,GG,AA,AA,CC,CC,,,CT,GG,GG,CC,GG,GG,GG,GG,CC,CC,AA,GG,TC,AG,AG,TT,CC,4G4G,AA,GG,CC,AA,GG,CC,GG,CC,,CC,AA,CT,CC,,,CC,GG,CT,AA,TT,TT,TT,GG,CC,CC,GG,CG,CC,AA,CT,CT,CC,,CC,TT,GG,CC,GG,CC,GG,CC,GG,CC,GA,AC,GT,CC,TT,AA,CC,CC,GA,GG,CC,TT,,,,,,,0.0,FL,03-3,Female,18.0,Caucasian,12.5,23.75,11.3,90.0,10.0,10.0,0.0,0.0,131.0,65.7,21.335,112.0,80.0,72.0,13.33,31.67,11.0,29.67,L,136.0,65.7,22.149,13.67,-2.1647172738178253,-1.3428278153000581
FL-1613,CC,II,CC,GG,CC,AA,GG,GA,CC,CC,TT,GG,TT,AA,TT,CC,CC,AA,CC,TT,GG,CC,CC,TT,CC,GG,GG,GG,GG,GG,CC,TT,GG,GG,AA,GG,GG,CC,GT,GA,,GG,CC,AA,CC,CC,GG,GA,GG,AA,,"-9, +9",AG,TT,TT,TT,AC,TA,TT,,,,,,,,,AG,CC,GG,GG,CC,GG,CC,CG,CC,TC,CC,GA,GG,AA,AA,TT,AA,GA,AT,CT,AA,CC,GG,AA,AT,GG,TT,CC,CG,CC,,,,,,AA,GG,CT,GG,AA,GG,AA,AA,CC,GG,GG,CC,TT,CC,CC,,GG,TT,AA,AA,CC,,,AG,AC,TA,CT,AA,GG,GG,CT,GA,AG,GA,GG,TC,GG,GA,AG,GA,CG,CT,,,CT,AG,GG,CC,GG,TT,GA,GG,TT,AA,AA,GC,TT,AG,AG,TT,CC,5G5G,AA,GG,CC,AA,GA,CC,GG,CC,,CC,AG,CC,CC,,,CC,GG,TT,AA,CT,CT,TT,GG,CC,CC,GG,GG,CC,AA,CT,CT,CT,,CC,GT,AG,CC,GG,CC,GG,CC,GG,CC,GA,AA,GG,CC,TT,AA,CC,TT,GA,,TT,TT,,,,,,,0.0,FL,03-3,Female,18.0,Caucasian,8.75,18.75,10.0,114.3,10.0,12.5,2.5,25.0,128.0,67.0,20.045,82.0,50.0,84.0,4.0,15.33,5.0,15.33,R,124.0,67.0,19.419,5.0,-2.390347874479937,-1.0404151847534118
FL-1614,CA,ID,CC,GG,CC,AA,CC,GG,CG,CC,TT,GG,TT,AG,,CC,TT,TT,CC,GG,AG,,CC,,,,,GG,GG,AA,,,,GG,,,GA,CT,GG,GA,,GG,CC,AA,CC,CC,GG,GA,GG,AA,,"-9, +9",GG,CC,TT,CT,AC,TA,TT,,,,,,,,,AG,CC,GG,AG,CG,GA,TC,CC,CC,TT,CG,GA,GG,AA,GG,CC,AC,GA,,CC,AA,CC,GG,AA,AT,GG,TC,,CG,CT,,,,,,AG,GG,TT,GG,TT,GG,AA,AT,CA,AA,GG,CT,TT,TC,CC,,GG,TC,GG,AA,CC,,,GG,AA,AA,CT,CA,GG,GG,CT,GG,AG,GA,GG,TC,GG,GG,AG,AA,CC,CC,,,CT,GG,GG,CT,GG,,GG,GG,CC,CC,AA,GC,TC,AA,GG,TT,TC,5G5G,AA,GG,CC,AA,GA,CC,GG,CC,,CC,AA,CT,CC,,,CC,GG,CC,AA,CT,CC,TT,GG,CC,CC,AA,CC,GG,CC,CT,TT,CC,,CC,,,CC,GG,CC,GG,CC,GG,CC,GG,AA,GG,CC,TT,AA,CC,CT,GG,GA,TC,TT,,,,,,,0.0,FL,03-3,Female,18.0,African Am,13.75,23.75,10.0,72.7,13.75,18.75,5.0,36.4,115.0,65.5,18.844,96.0,60.0,60.0,4.0,13.0,4.0,13.33,R,125.0,65.5,20.482,8.0,8.349453110752066,1.6662093261670363
FL-1615,CC,ID,CT,AA,TC,GG,CG,GA,CC,CC,TT,GG,TT,GG,,CC,CC,TT,TT,TT,GG,,TT,,,,,GG,GG,GG,,,,GG,,,GA,CT,GT,GG,,GG,CC,AA,CC,CC,GG,AA,GG,AA,,"-9, +9",AG,CC,TT,CC,AA,TT,TC,,,,,,,,,AG,CT,CG,GG,CC,GG,CC,CG,CT,CC,CC,GA,GG,GG,AA,TC,AA,GG,,CC,AG,CG,GG,AA,AT,GG,CC,,CG,CC,,,,,,AA,GG,TT,GG,TA,GG,AA,AA,CC,GA,GG,TT,TT,TT,CT,,GG,TT,GG,AA,CA,,,AG,AC,AA,CT,AA,GG,GG,CC,GG,AA,GG,GG,TC,GG,GG,AG,GA,CC,CC,,,CC,GG,TT,CC,GG,,GA,GG,TT,AA,AA,GG,TT,AA,AG,TT,TT,5G5G,AA,GG,CC,AA,AA,CC,GG,CC,,CC,AG,CC,CC,,,CC,GA,CT,GA,CT,CT,TC,GA,CC,CC,AA,CC,CC,AA,CC,CT,CC,,CC,,,CC,GT,TC,GT,CT,GA,CT,GA,AC,GT,CT,TT,AA,CC,CT,GA,GG,TC,TT,,,,,,,0.0,FL,03-3,Female,20.0,African Am,13.75,28.75,15.0,109.1,13.75,15.0,1.25,9.1,123.0,65.5,20.155,102.0,78.0,68.0,6.67,15.33,5.67,15.0,R,128.0,65.5,20.974,7.0,1.722101069372638,4.164545372674986
FL-1616,CC,II,TT,AA,TT,GG,CC,GG,CC,CC,TT,GG,TC,AG,,CC,TC,TA,CC,GT,AG,,CC,,,,,GG,GG,GA,,,,GA,,,GG,CC,GG,AA,,GG,CC,AA,CC,CT,GG,GG,GG,AA,,"-9, +9",GG,CT,TT,CT,AC,TA,TT,,,,,,,,,AG,CT,GG,GG,CC,GG,CC,CG,TT,TT,GG,AA,GG,AG,AG,CC,AC,GG,,CT,AG,CG,GA,AT,AA,GG,TC,,CG,CT,,,,,,AA,GG,CT,GG,TA,GG,AA,AA,CC,GA,GG,TT,AA,TT,CT,,GG,TT,GA,AA,CC,,,AG,AC,AA,CC,CA,GG,GG,CT,GA,GG,GG,GG,TT,GG,GG,AA,AA,CC,CT,,,CT,AG,GG,CC,GG,GG,GA,GG,TT,AA,AA,GC,TT,AA,AG,,TT,4G5G,AA,GG,CC,AA,GG,CC,GG,CT,,CC,AA,CT,CC,,,CC,AA,CT,AA,CT,CT,TT,GG,CC,CC,GA,CG,CG,AA,CT,TT,CC,,CC,,,CC,GG,CC,GG,CC,GA,CC,GG,AC,GT,CC,TT,AA,CC,TT,GG,GG,TT,TT,,,,,,,0.0,FL,03-3,Female,19.0,Asian,12.5,20.0,7.5,60.0,10.0,11.25,1.25,12.5,105.0,60.0,20.504,108.0,82.0,80.0,12.0,20.67,9.33,18.67,R,106.0,60.0,20.699,12.0,5.441752950310576,-3.542684930228504
FL-1617,CC,DD,CC,GG,CC,AA,CC,GA,CC,CC,TT,GG,TT,AG,GT,CC,CC,TA,CT,TT,GG,CC,CT,TT,CC,CG,GG,GT,GA,GG,TC,AT,GG,GA,AG,GA,GG,CC,TT,GG,,GG,CC,AA,CC,CC,GG,GG,GG,AA,,"-9, +9",AG,CC,TT,CC,AA,AA,TC,,,,,,,,,AG,CC,CG,AG,CG,GG,TT,CC,CC,TC,CG,GA,GG,AG,AA,TT,AC,GG,TT,CT,AA,CC,GG,AA,AT,GG,TC,CC,CG,CT,,,,,,AG,GG,CC,GG,AA,GG,AA,AA,CC,GG,GG,CC,TT,CC,CT,,CG,TT,GA,AA,CC,,,AA,CC,AA,CT,CC,GC,GG,CC,GG,AG,GG,GG,TC,GG,GG,AA,GA,CC,CT,,,CC,AG,GG,CC,GG,GT,GA,GG,TC,AC,AA,CC,TT,AA,AA,TT,TT,4G4G,AA,GG,CC,AA,GG,CC,GG,CC,,CT,AA,,CC,,,CC,GG,CC,AA,CT,CT,TT,GG,CC,CC,GG,CC,CC,AA,CT,TT,,,CT,GT,AG,CC,GG,CC,GG,CC,GG,CC,GA,AC,GT,CC,TT,AA,CC,TT,AA,GA,TT,TT,,,,,,,0.0,FL,03-3,Female,20.0,Caucasian,8.75,18.75,10.0,114.3,12.5,15.0,2.5,20.0,133.0,63.0,23.557,108.0,70.0,68.0,17.33,29.0,14.0,25.67,R,138.0,63.0,24.443,17.67,-2.127106684827832,0.5766901625690063
FL-1618,CC,DD,CC,GG,CC,AA,CG,GG,CG,CC,TT,GG,TT,AG,GT,CC,CC,TA,CT,TT,GG,CC,CT,CT,CC,CG,GG,GT,GG,GG,CC,TT,GG,GA,GG,AA,GA,CT,GG,GA,,GG,CC,AA,CC,CC,GG,GG,GG,AA,,"-9, +9",AG,CT,TC,CT,AC,TA,CC,,,,,,,,,AA,TT,GG,GG,CC,GG,CC,CG,CC,TC,CG,GA,GG,AA,AA,TT,AA,GA,AT,CT,AA,CC,GG,AA,TT,GG,TT,CT,CG,CC,,,,,,AA,GG,CT,GA,AA,GG,AT,AA,CC,GG,GG,CC,TT,CC,CT,,CG,,GA,AT,CC,,,AG,AC,AA,CC,AA,GG,GG,CT,GA,AG,GA,GG,TC,,GG,AG,GA,CG,CT,,,CT,AG,GG,CC,GG,GG,GA,GA,TC,AC,AA,GC,TC,GG,AA,TT,TC,4G5G,AA,GG,CC,AA,GG,CC,GG,CC,,CC,AG,CT,CG,,,CC,GG,CC,AA,CC,CC,TC,GA,CT,CC,GG,CC,CC,AA,TT,CC,CC,,CC,TT,GG,CC,GG,CC,GG,CC,GG,CC,GG,AA,GT,CC,TT,AA,CC,TT,GA,,TT,TT,,,,,,,0.0,FL,03-3,Female,18.0,Caucasian,10.0,20.0,10.0,100.0,13.75,16.25,2.5,18.2,109.0,63.0,19.306,100.0,52.0,72.0,5.0,18.67,5.0,17.67,R,114.0,63.0,20.192,6.0,-1.7353703794031692,1.340844749936536
FL-1619,CC,ID,,GG,CC,AA,,,,CC,,,TT,AG,GT,CC,TC,AA,CC,GT,AG,CT,CC,TT,CG,CG,GG,GG,GG,GA,CC,AT,GG,GA,AG,GA,,CC,GT,GA,,,CC,AA,CC,CC,GG,GA,GG,AA,,"-9, +9",AG,CT,TT,CC,AC,,TC,,,,,,,,,GG,CC,GG,GG,CC,GG,,,CC,TC,CC,GA,GA,AG,AG,CC,,,AT,TT,AA,CG,GA,AT,,,TC,CC,,,,,,,,AA,GG,CC,GG,AA,GG,AA,AA,CC,GG,GG,CC,,,CC,,,,,,,,,AG,AC,TT,CC,CA,GC,GG,CC,,,,,,,,,,,,,,,GG,GG,CC,,GG,GG,GA,TC,AC,AG,,,,,,TC,,,,,,,,,,,,,CC,CC,,,CC,GG,,,,,,,,,,,,,,TT,CC,,,GT,AG,,GT,TC,GT,CT,,,,AA,GG,CC,TT,AA,CT,CT,GA,GA,CC,,,,,,,,0.0,FL,04-1,Female,24.0,Caucasian,20.0,32.5,12.5,62.5,18.75,23.75,5.0,26.7,150.0,59.2,30.089,110.0,64.0,90.0,18.0,38.33,12.67,37.33,R,151.0,59.0,30.495,17.33,1.4296317415189552,-2.6033447377199437
FL-1620,AA,DD,,GA,TC,GA,,,,CC,,,TT,AG,GT,CC,CC,TA,CT,TT,GG,CC,CT,CT,CC,CG,GG,GT,GG,GG,TC,AT,GG,GA,AG,GA,,CC,TT,GG,,,CC,AA,CT,CT,AG,GG,GG,AA,,"-9, +9",AG,CT,TT,CT,AC,,TC,,,,,,,,,AA,CC,CG,AG,CG,GG,,,CT,TC,CC,GG,GG,AA,AA,TT,,,AT,TT,AA,CG,GG,AA,,,CC,CC,,,,,,,,AA,GG,CC,GG,AA,GG,AA,AA,CC,GG,GG,CT,,,CC,,,,,,,,,GG,AA,TT,CC,CA,CC,GG,CC,,,,,,,,,,,,,,,AG,GG,CC,,GT,GG,GG,TT,AA,AA,,,,,,TC,,,,,,,,,,,,,CC,CC,,,CC,GG,,,,,,,,,,,,,,TT,CC,,,GG,AA,,GG,CC,GG,CC,,,,AC,TT,CC,TT,AA,CT,TT,,GG,TT,,,,,,,,0.0,FL,04-1,Male,21.0,Caucasian,32.5,52.5,20.0,61.5,33.75,40.0,6.25,18.5,192.0,73.7,24.85,106.0,66.0,80.0,6.0,14.33,6.67,17.0,R,196.0,73.7,25.367,6.0,-1.8656198586156334,0.6646312225566158
FL-1621,AA,ID,,AA,TT,GG,,,,CC,,,TT,AA,TT,CC,CC,AA,CC,TT,GG,CC,CC,TT,CC,GG,GG,GG,GG,GG,CC,TT,GG,GG,AG,GG,,CC,GT,GA,,,CC,AA,CT,CC,AG,GG,GG,AA,,"+9, +9",GG,CT,TC,CC,AA,,TC,,,,,,,,,GG,CC,CG,AG,CC,GG,,,TT,TT,CC,GA,GG,AA,AA,TT,,,AT,CC,AA,CG,GA,AT,,,TT,CC,,,,,,,,AA,GG,TT,GG,AA,GG,AA,AA,CC,GG,GG,CC,,,CT,,,,,,,,,AA,CC,TA,CC,AA,GG,GG,CT,,,,,,,,,,,,,,,GG,GG,CT,,GG,GG,GA,CC,CC,AA,,,,,,CC,,,,,,,,,,,,,CC,CC,,,CC,GA,,,,,,,,,,,,,,CT,CC,,,GG,AA,,GT,TC,GT,CT,,,,CC,TT,CC,TT,AA,CC,CC,GG,AA,CC,,,,,,,,0.0,FL,04-1,Female,18.0,Caucasian,13.75,27.5,13.8,100.0,10.0,15.0,5.0,50.0,141.0,67.0,22.081,102.0,60.0,84.0,10.67,17.0,8.0,16.33,L,142.0,67.0,22.238,4.0,-0.661699960628013,-0.586320434477185
FL-1622,CA,II,,GA,TC,GA,,,,CC,,,TT,AG,GT,CC,CC,TA,CT,TT,GG,CC,CT,CT,CC,CG,GG,GT,GG,GG,TC,AT,GA,GA,AG,GA,,CC,GT,GG,,,CC,AA,CC,CC,GG,GG,GG,AA,,"-9, -9",GG,CT,CC,CT,AA,,TT,,,,,,,,,AG,CC,CG,GG,CC,GG,,,CT,CC,CG,GG,GG,AA,AA,TT,,,AT,CT,AG,CC,GG,AA,,,TT,TT,,,,,,,,AA,GG,CT,GG,AA,GG,AA,AA,CC,GG,GG,CC,,,CC,,,,,,,,,AA,CC,TA,CT,CC,GC,GG,CT,,,,,,,,,,,,,,,AA,GG,CC,,,GG,GG,TC,AC,AA,,,,,,CC,,,,,,,,,,,,,CT,CC,,,CG,GG,,,,,,,,,,,,,,CC,CT,,,GG,AA,,GG,CC,GG,CC,,,,AA,GG,CC,TT,AA,CC,CC,,AA,CC,,,,,,,,0.0,FL,04-1,Female,19.0,Caucasian,13.75,25.0,11.3,81.8,13.75,13.75,0.0,0.0,142.0,68.2,21.462,112.0,60.0,72.0,7.0,15.67,4.67,14.33,L,146.0,68.2,22.067,8.67,-2.2343922899385413,0.0024478916644066614
FL-1623,CC,ID,,GA,TC,GA,,,,CC,,,TT,AA,,CC,CC,AA,CC,TT,GG,,CC,,,,,GG,GG,GG,,,,GG,,,,CC,GT,GG,,,CC,AA,CT,CC,GG,,GG,AA,,"-9, -9",AA,TT,TT,TT,AC,,TC,,,,,,,,,GG,CC,CG,AG,CC,GG,,,TT,CC,,GG,AA,AA,AA,TC,,,,CC,AA,CC,GG,AA,,,TT,,,,,,,,,AA,GG,CT,GG,AA,GG,AA,AA,CC,GG,GG,CC,,,CC,,,,,,,,,AG,AC,TA,CT,AA,GC,GC,CT,,,,,,,,,,,,,,,GG,GG,CC,,,GG,GA,TC,AC,AA,,,,,,TT,,,,,,,,,,,,,CC,CC,,,CC,GA,,,,,,,,,,,,,,CT,CC,,,,,,GG,CC,GG,CC,,,,AA,GT,CC,TT,AA,CC,CT,AA,GA,TC,,,,,,,,,,,,,,,,,,,,,,,,,,,,,,,,,,,,,-1.6801009283624506,-1.1510669935053641
FL-1624,CC,II,,GA,TC,GA,,,,CC,,,TT,AA,,CT,TC,TT,CC,GT,AG,,CC,,,,,GG,GG,AA,,,,GA,,,,CC,TT,GG,,,CC,AA,CC,CC,GG,GA,GG,AA,,"-9, -9",AA,TT,TT,CT,AA,,TC,,,,,,,,,GG,CC,CG,GG,CC,GA,,,CT,CC,CG,GA,GG,AA,AA,TT,,,,CT,AA,CG,GG,AA,,,CC,,,,,,,,,AG,GG,CC,GG,AA,GG,AA,AA,CC,GG,GG,CT,,,CT,,,,,,,,,AG,AC,AA,TT,CA,GG,GG,CT,,,,,,,,,,,,,,,GG,GG,CC,,GG,GG,GG,TT,AA,AG,,,,,,TT,,,,,,,,,,,,,CC,CC,,,CC,GA,,,,,,,,,,,,,,CC,CC,,,,,,GT,TC,GT,CT,,,,AA,GG,CC,TT,AA,CT,TT,GG,GG,TT,,,,,,,,,,,,,,,,,,,,,,,,,,,,,,,,,,,,,1.8999888960152798,-1.2394898105364
FL-1625,CC,II,,GG,CC,AA,,,,CC,,,TT,GG,GG,CC,CC,TA,CT,TT,GG,CC,CT,TT,CC,CG,GG,GT,GA,GG,CC,TT,GG,GG,AG,GG,,,TT,GG,,,CC,AA,CC,CC,GG,GA,GG,AA,,"-9, +9",GG,TT,TC,CT,AA,,,,,,,,,,,AG,CC,GG,GG,CC,GA,,,CC,TT,CG,GA,GG,AA,AA,TT,,,AT,CC,AG,CG,GG,AA,,,TT,CT,,,,,,,,AA,GG,CC,GG,AA,GG,AA,AA,CC,GG,GG,CC,,,CC,,,,,,,,,GG,AA,TT,CC,AA,CC,GG,CT,,,,,,,,,,,,,,,AG,GT,CC,,GG,GA,GA,CC,CC,AA,,,,,,TC,,,,,,,,,,,,,CT,CC,,,CC,GA,,,,,,,,,,,,,,CC,CT,,,GT,AG,,GT,TC,GT,CT,,,,AA,GT,CC,GT,AG,CT,TT,GA,GG,TT,,,,,,,,0.0,FL,04-1,Female,19.0,Caucasian,13.75,30.0,16.3,118.2,17.5,17.5,0.0,0.0,142.0,64.5,23.995,102.0,68.0,76.0,12.67,15.67,9.0,18.33,L,142.0,64.5,23.995,8.33,-1.7518536283117627,1.2189126997335602
FL-1626,AA,DD,,GA,TC,GA,,,,CC,,,TT,AA,,CT,CC,TA,CC,TT,GG,,CC,,,,,GG,GG,GA,,,,GG,,,,CC,TT,GG,,,CC,AA,CC,CC,GG,GA,GG,AA,,"+9, +9",AG,CT,TT,CT,AA,,TT,,,,,,,,,AG,CT,CG,AG,GG,GG,,,CT,TC,CC,GG,GG,AG,AG,TC,,,,,AA,CG,GG,AA,,,TC,,,,,,,,,AA,GG,CC,GA,AA,GG,AA,AA,CC,GG,GG,CC,,,CT,,,,,,,,,AA,CC,TA,CC,CC,GG,GG,CC,,,,,,,,,,,,,,,AG,GG,CC,,GG,GA,GG,TT,AA,AA,,,,,,TT,,,,,,,,,,,,,CT,CC,,,CC,GA,,,,,,,,,,,,,,CT,CC,,,,,,GG,CC,GG,CC,,,,AA,GT,CC,TT,AA,CT,CC,GA,AA,CC,,,,,,,,2.0,FL,04-1,Female,20.0,Other,12.5,,,,15.0,15.0,0.0,0.0,145.0,62.2,26.348,102.0,58.0,64.0,17.0,23.33,14.33,26.67,R,154.0,62.5,27.715,18.0,-1.0231603204947632,-1.2173661589587559
FL-1627,CC,ID,,GA,TC,GA,,,,CC,,,TC,AG,,CC,TC,TA,CC,GT,AG,,CC,,,,,GG,GG,GA,,,,GA,,,,CT,GT,GG,,,CC,AA,CC,CC,GG,GA,GG,AA,,"+9, +9",GG,CT,TT,CT,AC,,CC,,,,,,,,,AG,CT,CG,GG,CG,GG,,,CT,CC,CC,GG,GA,AG,AG,TC,,,,CT,AA,CC,GG,AA,,,TT,,,,,,,,,AA,GG,CC,GG,AA,GG,AA,AA,CC,GG,GG,CC,,,CC,,,,,,,,,AG,AC,TA,CT,CA,GG,GG,CC,,,,,,,,,,,,,,,GG,GG,CC,,GG,GG,GG,TC,AC,AA,,,,,,TC,,,,,,,,,,,,,CT,CC,,,CG,GG,,,,,,,,,,,,,,CT,TT,,,,,,GG,CC,GG,CC,,,,CC,TT,CC,GT,AG,CT,CC,AA,AA,CC,,,,,,,,,,,,,,,,,,,,,,,,,,,,,,,,,,,,,0.7985508849054447,-3.2034645208456287
FL-1628,CC,ID,,GA,TC,GA,,,,CC,,,TT,AG,,CC,CC,TA,CT,TT,GG,,CT,,,,,GT,GA,GG,,,,GG,,,,CC,TT,GG,,,CC,AA,CC,CC,GG,GG,GG,AA,,"-9, +9",GG,CC,TT,CC,AC,,CC,,,,,,,,,AG,CC,GG,GG,CC,GA,,,CT,TT,CC,GG,AA,AA,,TT,,,,TT,AA,CG,GG,AA,,,CC,,,,,,,,,,GG,CC,AA,AA,GG,AA,AA,CC,GG,GG,CC,,,CC,,,,,,,,,AA,,TA,CC,CC,GG,GG,CC,,,,,,,,,,,,,,,GG,GG,CC,,GG,AA,GG,TT,AA,,,,,,,TT,,,,,,,,,,,,,CT,CC,,,CC,GG,,,,,,,,,,,,,,TT,CC,,,,,,GG,CC,GG,CC,,,,AC,GT,CC,TT,AA,CC,TT,,GG,TT,,,,,,,,,,,,,,,,,,,,,,,,,,,,,,,,,,,,,-1.8572644838460792,1.0403340982558902
FL-1629,CC,ID,,GG,CC,AA,,,,CC,,,TT,AA,,CC,CC,AA,CC,TT,GG,,CC,,,,,GG,GG,GG,,,,GG,,,,CC,TT,GG,,,CC,AA,CT,CC,AG,GA,GG,AA,,"-9, +9",AG,CT,TC,CT,AA,,TC,,,,,,,,,AG,CC,CG,GG,CG,GG,,,CC,TC,CC,GG,GG,AA,AA,TT,,,,CT,AA,CG,GG,AA,,,TT,,,,,,,,,AA,GG,TT,GG,AA,GG,AA,AA,CC,GG,GG,CT,,,TT,,,,,,,,,GG,AA,AA,CC,CA,GG,GG,CC,,,,,,,,,,,,,,,GG,GG,CC,,GT,GG,GG,CC,CC,AA,,,,,,TT,,,,,,,,,,,,,CC,CC,,,CC,GA,,,,,,,,,,,,,,TT,CC,,,,,,GT,TC,GT,CT,,,,CC,TT,CC,TT,AA,CT,TT,AA,GG,TT,,,,,,,,,,,,,,,,,,,,,,,,,,,,,,,,,,,,,-1.2432962355563622,-0.9684131335980316
FL-1630,CC,,,GG,CC,AA,,,,CC,,,TT,AG,GT,CT,CC,TA,CT,TT,GG,CC,CT,TT,CC,CG,GG,GT,GG,GG,TC,AT,GG,GA,AG,GG,,CC,GT,GA,,,CC,AA,CC,CC,GG,GA,GG,AA,,"+9, +9",AG,TT,TC,CT,AC,,TC,,,,,,,,,AA,CT,CG,GG,,GG,,,CC,CC,CG,GG,GG,GG,,,,,TT,CT,AA,CG,GG,AA,,,TT,TT,,,,,,,,AA,GG,CT,,,,,,,,,CT,,,TT,,,,,,,,,,,,,CA,GC,GG,CT,,,,,,,,,,,,,,,GG,GG,CC,,GT,,,,,,,,,,,TT,,,,,,,,,,,,,CT,CC,,,CC,GA,,,,,,,,,,,,,,CC,CC,,,GT,AG,,GG,CC,GG,CC,,,,AA,GG,CC,TT,AA,,CT,,GA,TC,,,,,,,,0.0,FL,04-1,Female,18.0,Caucasian,13.75,30.0,16.3,118.2,15.0,18.75,3.75,25.0,157.0,63.2,27.633,118.0,60.0,90.0,14.33,20.33,14.0,23.33,R,169.0,63.7,29.279,10.33,-1.218504242317397,-0.28981689815690537
FL-1631,CC,ID,,GG,CC,AA,,,,CC,,,TT,AA,,CC,CC,AA,CC,TT,GG,,CC,,,,,GG,GG,GG,,,,GA,,,,CT,GG,GA,,,CC,AA,CC,CC,GG,GG,GG,AA,,"-9, +9",GG,CT,TC,TT,CC,,TT,,,,,,,,,AG,CC,CG,AG,CG,GG,,,CC,TC,CC,GA,GA,GG,AG,CC,,,,CT,AA,CC,GG,AA,,,CC,,,,,,,,,AA,GG,CC,GG,AA,GG,AA,AA,CC,GG,GG,CC,,,CC,,,,,,,,,AG,AC,TA,CC,CA,CC,GG,CT,,,,,,,,,,,,,,,GG,GG,CC,,GG,GG,GG,CC,CC,AA,,,,,,TC,,,,,,,,,,,,,CC,CC,,,CC,GG,,,,,,,,,,,,,,TT,CC,,,,,,GG,TC,GG,CT,,,,AA,GG,CC,TT,AA,CC,CC,GA,AA,CC,,,,,,,,0.0,FL,04-1,Female,19.0,Hispanic,8.75,22.5,13.8,157.1,11.25,12.5,1.25,11.1,106.0,60.2,20.562,92.0,66.0,72.0,10.67,25.0,7.0,22.0,R,105.0,60.2,20.368,4.0,-1.2750084801205297,-0.8254339778638874
FL-1632,CC,II,,AA,TT,GG,,,,CC,,,TC,GG,,CC,CC,TT,TT,TT,GG,,TT,,,,,TT,AA,GG,,,,GG,,,,CC,TT,GG,,,CC,AA,CC,CC,GG,GG,GG,AA,,"-9, +9",GG,TT,TC,TT,AA,,TT,,,,,,,,,AG,CT,CG,AG,CC,GG,,,TT,CC,CC,GA,GG,AA,AA,TT,,,,CC,AG,CC,GG,AA,,,TC,,,,,,,,,AA,GG,CC,GG,TA,GG,AA,AA,CC,GA,GG,CC,,,CC,,,,,,,,,AG,AC,TA,CC,CA,GC,GG,CT,,,,,,,,,,,,,,,GG,GG,CC,,GG,GG,GG,TT,AA,AA,,,,,,TT,,,,,,,,,,,,,CC,CC,,,CC,GG,,,,,,,,,,,,,,TT,CC,,,,,,GG,CC,GG,CC,,,,AA,GG,CC,TT,AA,CC,TT,GA,GG,TT,,,,,,,,,,,,,,,,,,,,,,,,,,,,,,,,,,,,,-0.9267138430891486,1.8714182182917578
FL-1633,CC,II,,GA,TC,GA,,,,CC,,,TT,GG,GG,CC,CC,TT,TT,TT,GG,CC,TT,TT,CC,CG,GG,TT,GA,GG,TC,AT,GG,GA,GG,GA,,CC,GT,GA,,,CC,AA,CC,CT,GG,GG,GG,AA,,"-9, +9",GG,CT,CC,CT,AA,,TT,,,,,,,,,GG,CC,GG,AG,CG,GG,,,CT,CC,CC,GA,GA,AG,AA,TC,,,AT,TT,AA,CC,GG,AA,,,TT,TT,,,,,,,,AA,GG,CT,GA,AA,GG,AA,AA,CC,GG,GG,CC,,,CC,,,,,,,,,AG,AC,TA,CT,CC,GC,GG,CT,,,,,,,,,,,,,,,GG,GG,CC,,GG,GG,GA,CC,CC,AA,,,,,,TT,,,,,,,,,,,,,CC,CC,,,CC,GA,,,,,,,,,,,,,,TT,CT,,,GG,AA,,GT,TC,GT,CT,,,,AC,TT,CC,TT,AA,CC,TT,GA,GG,TT,,,,,,,,0.0,FL,04-1,Female,19.0,Caucasian,13.75,23.75,10.0,72.7,15.0,15.0,0.0,0.0,124.0,63.7,21.483,108.0,70.0,66.0,8.0,21.33,5.0,21.0,R,129.0,63.7,22.349,7.33,-2.6060752052635916,2.9833159976465393
FL-1634,CA,DD,,GG,CC,AA,,,,CA,,,TT,GG,,CC,TT,TT,CC,GG,AA,,CC,,,,,GG,GG,GA,,,,GG,,,,CT,GT,GG,,,CC,AA,CC,CC,GG,GA,GG,AA,,"-9, +9",AG,CT,TT,CC,AC,,TC,,,,,,,,,AA,CT,GG,GG,CC,GG,,,CC,TC,CC,GA,GA,GG,,CC,,,,CT,AA,CG,GG,AA,,,CC,,,,,,,,,AA,GA,TT,GG,TT,GG,AA,AA,CA,AA,GG,CT,,,CC,,,,,,,,,AA,CC,TT,CT,CC,GC,GG,CT,,,,,,,,,,,,,,,GG,GG,CC,,GG,GG,GG,TC,AC,AA,,,,,,TT,,,,,,,,,,,,,CC,CC,,,CC,GA,,,,,,,,,,,,,,TT,CC,,,,,,GT,TC,GT,CT,,,,AA,GT,CT,TT,AA,CT,TT,GA,GG,TT,,,,,,,,,,,,,,,,,,,,,,,,,,,,,,,,,,,,,6.35721407010215,0.5801878010581618
FL-1635,AA,II,,GA,TC,GA,,,,AA,,,TT,GG,,CC,TT,TT,CC,GG,AA,,CC,,,,,GG,GG,AA,,,,GA,,,,CC,GT,GA,,,CC,AA,CC,CT,GG,GG,GG,AA,,"+9, +9",GG,CT,CC,CT,AA,,CC,,,,,,,,,AA,CT,GG,GG,CC,,,,CT,TC,CC,AA,GA,GG,AG,TC,,,,CT,AG,CG,GG,AA,,,TT,,,,,,,,,AA,,CT,AA,TA,GG,AA,AA,CA,GA,GG,TT,,,CT,,,,,,,,,AA,CC,TA,CT,CC,GC,GG,CC,,,,,,,,,,,,,,,GG,GG,CC,,GG,GG,AA,CC,CC,AA,,,,,,TC,,,,,,,,,,,,,CC,CC,,,CC,GG,,,,,,,,,,,,,,CC,CC,,,,,,GT,TC,GT,CT,,,,AC,GT,CC,TT,AA,CC,TT,GG,GG,TT,,,,,,,,,,,,,,,,,,,,,,,,,,,,,,,,,,,,,5.2417129032323695,-0.7447987516023375
FL-1636,CA,II,,GA,TC,GA,,,,CC,,,TT,AG,,CC,TC,TA,CC,GG,AG,,CC,,,,,GG,GG,GA,,,,GG,,,,CC,GT,GA,,,CC,AA,CT,CC,AG,GG,GG,AA,,"-9, -9",GG,CC,TT,CC,AA,,TC,,,,,,,,,AA,CC,CC,GG,CC,GG,,,CT,TT,CC,GG,GG,AA,AA,TC,,,,TT,AA,CG,GA,AT,,,TC,,,,,,,,,AA,GG,TT,GG,AA,GG,AA,AA,CC,GG,GG,CC,,,CT,,,,,,,,,AG,AC,TT,CC,CA,GC,GG,CC,,,,,,,,,,,,,,,GG,GG,CC,,GT,GA,GG,TT,AA,AA,,,,,,CC,,,,,,,,,,,,,CT,CG,,,CC,GA,,,,,,,,,,,,,,TT,CC,,,,,,GG,CC,GG,CC,,,,AC,GT,CC,TT,AA,CT,TT,GA,GG,TT,,,,,,,,,,,,,,,,,,,,,,,,,,,,,,,,,,,,,1.7335884234042716,-2.8795224514535906
FL-1637,CA,DD,,GG,CC,AA,,,,CC,,,TT,GG,GG,CC,CC,TA,CT,TT,GG,CC,CT,TT,CC,CG,GG,GT,GG,GG,TC,AT,GG,GA,AG,GG,,CT,GT,GG,,,CC,AA,CC,CC,GG,GG,GG,AA,,"-9, +9",AG,TT,TT,TT,AC,,TT,,,,,,,,,AG,CC,GG,GG,CC,GA,,,CC,CC,CG,GG,GG,AG,GG,CC,,,AA,TT,AA,CG,GG,AA,,,TT,CT,,,,,,,,AA,GG,CT,GG,TA,GA,AA,AA,CC,GA,GG,CC,,,CC,,,,,,,,,GG,AA,TA,CC,AA,GC,GG,CC,,,,,,,,,,,,,,,GG,GG,CC,,,GG,GG,TC,AC,AA,,,,,,TT,,,,,,,,,,,,,CC,CC,,,CC,GA,,,,,,,,,,,,,,CC,CC,,,TT,GG,,GG,CC,GG,CC,,,,AA,GG,CC,TT,AA,CT,CC,AA,AA,CC,,,,,,,,0.0,FL,04-1,Female,21.0,Caucasian,10.0,25.0,15.0,150.0,13.75,21.25,7.5,54.5,138.0,63.0,24.443,96.0,70.0,60.0,13.33,23.33,8.0,21.0,R,145.0,63.0,25.683,6.33,-0.2608127303530695,0.1844756554869933
FL-1638,CC,,,GG,CC,AA,,,,CC,,,TT,AG,,CC,TC,TA,CC,GT,GG,,CC,,,,,GG,GG,GA,,,,GG,,,,CT,GG,GG,,,CC,AA,CC,CT,AG,GG,GG,AA,,"-9, -9",GG,CT,TT,CT,CC,,CC,,,,,,,,,AA,CC,CG,GG,,GA,,,CC,TC,CG,GG,GA,AA,,,,,,CC,AG,CG,,,,,CC,,,,,,,,,,,TT,,,,,,,,,CC,,,CC,,,,,,,,,,,,,CA,GC,GG,CT,,,,,,,,,,,,,,,GG,GG,CC,,GG,,,,,,,,,,,TT,,,,,,,,,,,,,CC,,,,,GA,,,,,,,,,,,,,,TT,CT,,,,,,GT,TC,GT,CT,,,,AA,TT,CT,TT,AA,,,,,TC,,,,,,,,0.0,FL,04-1,Female,20.0,African Am,15.0,23.75,8.8,58.3,16.25,17.5,1.25,7.7,160.0,64.0,27.461,112.0,78.0,78.0,14.67,25.67,13.33,25.33,R,161.0,64.0,27.633,15.33,1.7134450640952537,-0.6670705547553826
FL-1639,CC,II,,GA,TC,GA,,,,CC,,,TT,AG,GT,CC,CC,TA,CT,TT,GG,CC,CT,TT,CC,CG,GG,GT,GA,GG,CC,TT,GG,GG,AG,GG,,CC,GG,GA,,,CC,AA,CC,CT,GG,GG,GG,AA,,"-9, -9",GG,TT,TT,TT,AC,,CC,,,,,,,,,GG,CC,CG,AG,CG,GG,,,CT,CC,CC,GG,GA,AG,AG,CC,,,AT,CC,AA,CG,GA,AT,,,TT,CC,,,,,,,,AA,GG,CC,GA,AA,GG,AA,AA,CC,GG,GG,CT,,,CC,,,,,,,,,AG,AC,TA,CC,CA,GC,GG,CC,,,,,,,,,,,,,,,AG,GG,CC,,GT,GG,GA,CC,CC,AA,,,,,,TT,,,,,,,,,,,,,CC,CC,,,CC,AA,,,,,,,,,,,,,,TT,CC,,,GG,AA,,GG,TC,GG,CT,,,,AC,GT,CC,TT,AA,CC,CT,GA,GA,TC,,,,,,,,0.0,FL,04-1,Female,20.0,Caucasian,13.75,27.5,13.8,100.0,16.25,20.0,3.75,23.1,140.0,67.8,21.41,122.0,58.0,78.0,10.0,23.0,9.67,23.0,R,142.0,68.0,21.589,10.33,-2.6050014889503665,0.9936126312261283
FL-1640,CC,DD,,GA,TC,GA,,,,CC,,,TT,GG,,CC,CC,TT,TT,TT,GG,,TT,,,,,TT,GG,GG,,,,AA,,,,CT,GG,GG,,,CC,AA,CC,CC,GG,GG,GG,AA,,"-9, +9",AG,CT,TC,CT,AC,,TC,,,,,,,,,GG,CC,CG,AG,CC,GG,,,CT,TT,CC,GG,GG,AG,GG,CC,,,,CC,AA,CG,GG,AA,,,TC,,,,,,,,,AA,GG,CC,GG,TA,GG,AA,AA,CC,GG,GG,CC,,,CC,,,,,,,,,AG,AC,AA,TT,CA,GG,GG,CT,,,,,,,,,,,,,,,AG,GG,CC,,GG,GA,GG,TT,AA,AA,,,,,,TC,,,,,,,,,,,,,CT,CC,,,CC,GA,,,,,,,,,,,,,,CT,CT,,,,,,GG,CC,GG,CC,,,,AC,GT,CC,TT,AA,CT,TT,,GG,TT,,,,,,,,,,,,,,,,,,,,,,,,,,,,,,,,,,,,,-1.9754459563521831,1.5161358992105873
FL-1641,CC,DD,,GA,TC,GA,,,,CA,,,TT,AG,GT,CC,CC,TA,CT,TT,GG,CC,CT,CT,CC,CG,GG,GT,GG,GG,TC,AT,GG,GA,AG,GA,,CC,TT,GG,,,CC,AA,CC,CT,GG,GG,GG,AA,,"-9, +9",GG,TT,TC,TT,AC,,TC,,,,,,,,,AA,CT,CG,AG,CC,AA,,,CT,CC,GG,GA,GG,GG,GG,TC,,,AT,CT,AA,CG,GG,AA,,,TC,CC,,,,,,,,AA,GG,CT,GG,AA,GG,AA,AT,CC,GG,GG,CC,,,TT,,,,,,,,,,,TA,CC,CC,GC,GC,CC,,,,,,,,,,,,,,,GG,GT,CC,,GG,GA,GA,,,,,,,,,CC,,,,,,,,,,,,,CC,,,,GG,GA,,,,,,,,,,,,,,CT,CT,,,GG,AA,,GG,CC,GG,CC,,,,AC,TT,CT,GT,AG,CT,CC,,,CC,,,,,,,,0.0,FL,04-1,Male,20.0,Caucasian,25.0,42.5,17.5,70.0,30.0,33.75,3.75,12.5,130.0,68.2,19.649,116.0,60.0,68.0,2.0,5.0,2.0,6.0,R,138.0,71.0,19.245,5.67,-0.09068053262043657,1.3741225640849535
FL-1642,CC,ID,,GG,CC,AA,,,,CC,,,TT,AA,,CC,,AA,CC,TT,GG,,CC,,,,,GG,GG,GG,,,,GG,,,,CT,GT,GG,,,CC,AA,CC,CC,GG,GA,GG,AA,,"-9, -9",GG,TT,TC,TT,AC,,TC,,,,,,,,,AG,CC,CC,AG,CC,GG,,,CC,TC,CC,GG,GG,AG,AG,TC,,,,CC,AG,CC,GG,AA,,,TT,,,,,,,,,AA,GG,CC,GA,TA,GG,AA,AA,CC,GG,GG,CC,,,CC,,,,,,,,,AG,AC,TA,CT,CC,GG,GG,CT,,,,,,,,,,,,,,,GG,GG,CC,,GG,GA,,TC,AC,AA,,,,,,TC,,,,,,,,,,,,,CC,CC,,,CG,GA,,,,,,,,,,,,,,CC,CC,,,,,,GG,TC,GG,CC,,,,AC,GT,CC,TT,AA,CT,CT,AA,GG,TC,,,,,,,,,,,,,,,,,,,,,,,,,,,,,,,,,,,,,-1.1792274109880057,-1.0233374477267119
FL-1643,CA,II,,GA,TC,GA,,,,CC,,,TT,AA,TT,CC,CC,AA,CC,TT,GG,CC,CC,TT,CC,GG,GG,GG,GG,GG,CC,TT,GG,GA,AG,GA,,CT,GT,GG,,,CC,AA,CC,CC,GG,GA,GG,AA,,"-9, +9",AG,TT,TT,TT,AC,,TC,,,,,,,,,AG,CC,GG,GG,CC,GG,,,CT,TC,CC,GG,GG,AG,AG,TC,,,AT,CT,AA,CC,GG,AA,,,TT,CC,,,,,,,,AA,GG,CC,GA,AA,GG,AA,AA,CC,GG,GG,CC,,,CT,,,,,,,,,GG,AA,AA,CC,AA,GC,GG,CC,,,,,,,,,,,,,,,GG,GG,CC,,GG,GA,GG,TC,AC,AA,,,,,,TC,,,,,,,,,,,,,CT,CC,,,CC,GG,,,,,,,,,,,,,,CT,CT,,,GT,AG,,GG,CC,GG,CC,,,,AC,GT,CC,TT,AA,CT,CT,GA,GA,TC,,,,,,,,0.0,FL,04-1,Female,19.0,Caucasian,13.75,27.5,13.8,100.0,15.0,18.75,3.75,25.0,133.0,65.5,21.793,116.0,62.0,78.0,6.33,17.0,6.0,16.33,R,132.0,65.5,21.63,7.67,-1.576505642433556,-0.7995212769242419
FL-1644,CA,,,GA,TC,GA,,,,CA,,,TT,GG,GG,CC,TC,TT,CT,GT,AG,CT,CT,TT,CC,CC,GG,TT,AA,GG,CC,AT,GG,GG,GG,GA,,CC,GT,GG,,,CC,AA,CC,CC,GG,GA,GG,AA,,"-9, -9",AG,TT,CC,TT,AA,,TT,,,,,,,,,AG,CT,CG,GG,,GA,,,CT,TT,CG,GA,GG,AA,,,,,AT,CT,AG,CG,,,,,TC,CC,,,,,,,,,,CT,,,,,,,,,CC,,,CT,,,,,,,,,AA,CC,TA,CC,CC,GC,GG,CC,,,,,,,,,,,,,,,GG,GG,CC,,GG,,,,,,,,,,,TC,,,,,,,,,,,,,CT,CC,,,CC,GA,,,,,,,,,,,,,,CC,,,,TT,GG,,GG,CC,GG,CC,,,,AA,GG,CC,TT,AA,,,,,TC,,,,,,,,0.0,FL,04-1,Male,21.0,Caucasian,22.5,35.0,12.5,55.6,25.0,30.0,5.0,20.0,163.0,66.0,26.306,126.0,71.0,72.0,5.67,14.33,6.33,12.67,R,148.0,66.0,23.885,5.67,1.2237803716676687,0.4230927312389614
FL-1645,CA,,,GA,TC,GA,,,,AA,,,TT,AG,,CC,TC,TA,CC,GT,AA,,CC,,,,,GG,GG,GA,,,,GG,,,,CT,GG,GA,,,CC,AA,CC,CC,GG,GA,GG,AA,,"-9, +9",AG,TT,CC,TT,AA,,TT,,,,,,,,,AA,TT,CG,AG,,GG,,,CT,CC,CG,AA,GG,AG,,,,,,CC,AA,CG,,,,,TT,,,,,,,,,,,CC,,,,,,,,,CC,,,CC,,,,,,,,,GG,AA,TT,CC,AA,GC,GG,CT,,,,,,,,,,,,,,,AG,GG,CC,,GT,,,,,,,,,,,TT,,,,,,,,,,,,,CT,CC,,,CC,GA,,,,,,,,,,,,,,CT,,,,,,,GG,CC,GG,CC,,,,AC,TT,CC,TT,AA,,,,,TC,,,,,,,,,,,,,,,,,,,,,,,,,,,,,,,,,,,,,1.4862494270345576,-2.4999437813344394
FL-1646,CC,,,GG,CC,AA,,,,CA,,,TT,AG,GT,CC,CC,TA,CT,TT,GG,CC,CT,TT,CC,CG,GG,GT,GA,GG,CC,TT,GG,GG,AG,GG,,CT,GT,GG,,,CG,AA,CC,CC,AG,GA,GG,AA,,"-9, -9",AA,TT,TT,TT,,,TT,,,,,,,,,AG,CC,CG,AG,,GA,,,CC,TC,CG,GA,GG,AG,,,,,TT,CC,AA,GG,,,,,TC,CC,,,,,,,,,,CT,,,,,,,,,CC,,,CC,,,,,,,,,GG,AA,TT,CC,AA,GG,GG,CC,,,,,,,,,,,,,,,GG,GG,CT,,GG,,,,,,,,,,,,,,,,,,,,,,,,CC,CC,,,CC,GA,,,,,,,,,,,,,,CC,,,,GT,AG,,TT,TT,TT,TT,,,,,TT,CC,GT,AG,,,,,TC,,,,,,,,0.0,FL,04-1,Female,19.0,Caucasian,20.0,25.0,5.0,25.0,17.5,16.25,-1.25,-7.1,118.0,63.0,20.9,104.0,52.0,60.0,4.33,13.0,6.33,15.0,R,142.0,63.0,25.151,8.0,-1.2452595418616272,2.6196022926414497
FL-1647,CC,,,GG,CC,AA,,,,CA,,,TT,GG,,CC,TC,TT,CT,TT,GG,,TT,,,,,GT,GA,GG,,,,GG,,,,CT,GT,GG,,,CC,AA,CC,CC,GG,AA,GG,AA,,"-9, +9",AG,CT,TT,CC,AA,,CC,,,,,,,,,AA,CC,CG,GG,,GG,,,CC,TT,CG,GA,GA,AG,,,,,,CC,AG,CG,,,,,CC,,,,,,,,,,,TT,,,,,,,,,CC,,,CC,,,,,,,,,AA,CC,AA,CT,CC,GG,GG,CC,,,,,,,,,,,,,,,GG,GT,CT,,GG,,,,,,,,,,,TC,,,,,,,,,,,,,CC,CC,,,CC,GG,,,,,,,,,,,,,,CT,,,,,,,GT,TC,GT,CT,,,,AA,TT,CC,TT,AA,,,,,TT,,,,,,,,,,,,,,,,,,,,,,,,,,,,,,,,,,,,,0.30114008271808235,2.8346561017127443
FL-1648,CA,,,AA,TT,GG,,,,CC,,,TT,AA,TT,CC,CC,AA,CC,TT,GG,CC,CC,TT,CC,GG,GG,GG,GG,GG,CC,TT,GA,GG,AA,GG,,CC,TT,GG,,,CC,AA,CC,CC,GG,AA,GG,AA,,"-9, +9",AA,CT,TT,CT,AA,,TT,,,,,,,,,AG,CC,GG,AG,,GG,,,TT,CC,CG,GA,GG,GG,,,,,TT,CT,AA,GG,,,,,TT,CC,,,,,,,,,,CC,,,,,,,,,CT,,,CT,,,,,,,,,GG,AA,AA,CT,AA,GG,GG,CT,,,,,,,,,,,,,,,GG,GG,CC,,GG,,,,,,,,,,,TC,,,,,,,,,,,,,CC,CC,,,CG,GA,,,,,,,,,,,,,,CC,,,,GT,AG,,GG,CC,GG,CC,,,,AC,GT,CC,TT,AA,,,,,TC,,,,,,,,0.0,FL,04-1,Male,21.0,Caucasian,22.5,31.25,8.8,38.9,22.5,23.75,1.25,5.6,160.0,66.0,25.822,110.0,72.0,84.0,3.33,9.0,4.33,7.33,R,164.0,66.0,26.467,6.33,-0.5608337816633779,-1.099925529208579
FL-1649,CC,,,GA,TC,GA,,,,CC,,,TT,AG,,CC,CC,TA,CT,TT,GG,,CT,,,,,GG,GG,GG,,,,GG,,,,,,GG,,,CC,AA,CC,CT,GG,GG,GG,AA,,"-9, +9",GG,CT,TC,CT,AC,,TC,,,,,,,,,AA,CC,CG,AG,,GG,,,CT,CC,CG,GG,GG,AA,,,,,,,,,,,,,TC,,,,,,,,,,,CT,,,,,,,,,CC,,,CC,,,,,,,,,AA,CC,TA,CC,CC,GG,,CC,,,,,,,,,,,,,,,GG,GT,CT,,GT,,,,,,,,,,,TC,,,,,,,,,,,,,,CC,,,CC,GG,,,,,,,,,,,,,,,,,,,,,GT,CC,GT,CC,,,,AA,GT,CT,TT,AA,,,,,CC,,,,,,,,0.0,FL,04-3,Female,23.0,African Am,17.5,23.75,6.3,35.7,22.5,16.25,-6.25,-27.8,121.0,65.0,20.133,102.0,70.0,78.0,4.33,15.0,4.33,13.33,R,122.0,65.5,19.991,4.33,-0.3961955627606422,1.0311704355384748
FL-1650,CA,,,GA,TC,GA,,,,CC,,,TT,AA,,CC,TC,TA,CC,TT,GG,,CC,,,,,GG,GG,GG,,,,GG,,,,CT,GT,GA,,,CC,AA,CC,CC,GG,GG,GG,AA,,"-9, -9",GG,CT,TT,CT,AA,,CC,,,,,,,,,AA,CT,CG,AG,,GG,,,CT,TT,CC,GG,GA,GG,,,,,,CT,AA,GG,,,,,TC,,,,,,,,,,,CC,,,,,,,,,CT,,,CT,,,,,,,,,GG,AA,AA,CT,AA,GC,GG,CC,,,,,,,,,,,,,,,GG,GG,CT,,GG,,,,,,,,,,,TC,,,,,,,,,,,,,CC,CC,,,CC,GG,,,,,,,,,,,,,,CT,CC,,,,,,GG,CC,GG,CC,,,,AC,GT,CC,TT,AA,,,,,TT,,,,,,,,,,,,,,,,,,,,,,,,,,,,,,,,,,,,,0.012959357708716993,-0.9606255056331968
FL-1651,CC,,,AA,TT,GG,,,,CA,,,CC,GG,GG,CC,TC,TT,CT,GT,AG,CT,CT,TT,CG,CC,GG,GT,GA,GA,CC,AT,GG,GA,GG,GA,,CC,TT,GG,,,CC,AA,CC,CT,GG,GA,GG,AA,,"-9, +9",GG,CT,CC,TT,AA,,TC,,,,,,,,,AA,CT,CG,GG,,GG,,,TT,TC,CC,GA,GG,AA,,,,,TT,CT,AG,GG,,,,,TT,CT,,,,,,,,,,TT,,,,,,,,,CT,,,CT,,,,,,,,,GG,AA,AA,CC,AA,GC,GG,CC,,,,,,,,,,,,,,,GG,GT,CC,,GG,,,,,,,,,,,TT,,,,,,,,,,,,,CT,CC,,,CG,GA,,,,,,,,,,,,,,CT,,,,GG,AA,,GT,TC,GT,CT,,,,AC,GT,CC,TT,AA,,,,,TT,,,,,,,,0.0,FL,04-3,Male,31.0,Caucasian,48.75,53.75,5.0,10.3,42.5,41.25,-1.25,-2.9,182.0,75.0,22.746,104.0,50.0,72.0,3.33,8.67,4.33,8.33,L,183.0,75.0,22.871,3.67,3.8055128875714317,-1.0158024710547746
FL-1652,CC,,,GG,CC,AA,,,,CA,,,TT,AA,,CC,CC,AA,CC,TT,GG,,CC,,,,,GG,GG,GG,,,,GG,,,,CC,GG,AA,,,CC,AA,CC,CC,GG,GG,GG,AA,,"-9, -9",GG,TT,CC,TT,AA,,TT,,,,,,,,,AG,CT,CG,AG,,GG,,,CC,TC,CC,GA,GG,AG,,,,,,CT,AA,CG,,,,,TT,,,,,,,,,,,CC,,,,,,,,,CC,,,CT,,,,,,,,,AG,AC,TA,CT,CA,GG,GG,TT,,,,,,,,,,,,,,,GG,GG,CC,,GG,,,,,,,,,,,CC,,,,,,,,,,,,,CC,CC,,,CC,GG,,,,,,,,,,,,,,CT,,,,,,,GG,CC,GG,CC,,,,AC,TT,CC,TT,AA,,,,,TT,,,,,,,,,,,,,,,,,,,,,,,,,,,,,,,,,,,,,-0.7054756852289774,-1.0936443621017442
FL-1653,CC,,,GA,TC,GA,,,,CC,,,TT,AA,TT,CC,CC,AA,CC,TT,GG,CC,CC,TT,CC,GG,GG,GG,GG,GG,CC,TT,GA,GG,AA,GG,,CC,,,,,CC,AA,CC,CC,GG,GA,GG,AA,,"-9, +9",GG,CC,TC,CC,AC,,TT,,,,,,,,,AG,CC,GG,GG,,GA,,,CT,TC,CG,GA,GG,AG,,,,,TT,CC,AA,GG,,,,,TC,CC,,,,,,,,,,CT,,,,,,,,,TT,,,CC,,,,,,,,,AA,CC,TA,CT,CC,GC,GG,TT,,,,,,,,,,,,,,,GG,GG,CC,,GG,,,,,,,,,,,TT,,,,,,,,,,,,,CC,CC,,,CC,GG,,,,,,,,,,,,,,CT,,,,GT,AG,,GG,CC,GG,CC,,,,AC,GT,CC,TT,AA,,,,,TC,,,,,,,,0.0,FL,04-3,Female,24.0,Caucasian,20.0,28.75,8.8,43.8,20.0,22.5,2.5,12.5,134.0,66.0,21.626,94.0,60.0,72.0,3.67,15.0,4.0,13.67,R,136.0,66.0,21.949,3.0,-0.12398006013861658,-0.03198009492518138
FL-1654,CA,,,AA,TC,GG,,,,CC,,,TT,GG,,CC,CC,TT,TT,TT,GG,,CT,,,,,GT,GA,GA,,,,GG,,,,CT,GT,GG,,,CC,AA,CC,CC,GG,GG,GG,AA,,"-9, +9",AG,CT,TT,CT,AA,,TT,,,,,,,,,AG,CC,CG,GG,,GG,,,CT,CC,CC,GG,GG,AG,,,,,,CC,AG,GG,,,,,TC,,,,,,,,,,,CT,,,,,,,,,TT,,,CC,,,,,,,,,GG,AA,TA,CT,AA,GG,GG,CC,,,,,,,,,,,,,,,GG,GG,CC,,GG,,,,,,,,,,,TC,,,,,,,,,,,,,CC,CC,,,CC,GG,,,,,,,,,,,,,,CC,,,,,,,GT,TC,GT,CT,,,,AA,TT,CT,TT,AA,,,,,TT,,,,,,,,0.0,FL,04-3,Female,21.0,African Am,10.0,11.25,1.3,12.5,8.75,10.0,1.25,14.3,134.0,62.7,23.962,110.0,68.0,84.0,7.67,16.67,7.67,16.33,R,131.0,62.7,23.426,12.0,0.15406620913298544,2.2623927200060785
FL-1655,CC,,,GG,CC,AA,,,,CC,,,TT,AG,GT,CC,CC,TA,CT,TT,GG,CC,CT,CT,CC,CG,GG,GT,GG,GG,TC,AT,GA,GG,AA,GG,,TT,GG,GG,,,CC,AA,CC,CC,GG,GG,GG,AA,,"+9, +9",AA,TT,TC,CC,AC,,TT,,,,,,,,,AA,CC,CC,AA,,GA,,,CT,CC,CC,GA,GG,AA,,,,,,CT,AA,GG,,,,,TT,CC,,,,,,,,,,CT,,,,,,,,,CC,,,CC,,,,,,,,,AA,CC,AA,TT,CC,GG,GG,CC,,,,,,,,,,,,,,,AG,GG,CT,,GG,,,,,,,,,,,TC,,,,,,,,,,,,,CT,CG,,,CC,GA,,,,,,,,,,,,,,CT,,,,GT,AG,,GT,TC,GT,CT,,,,AC,GT,CC,TT,AA,,,,,TC,,,,,,,,0.0,FL,04-3,Female,19.0,Caucasian,10.0,18.75,8.8,87.5,10.0,8.75,-1.25,-12.5,120.0,61.5,22.304,99.0,58.0,84.0,12.67,18.67,11.0,19.67,R,123.0,61.5,22.862,13.33,-2.4932869748220434,2.03773807375824
FL-1656,AA,,,GA,TC,GA,,,,CC,,,TT,AG,,CC,CC,TA,CT,TT,GG,,CT,,,,,GT,GA,GG,,,,GG,,,,CC,GT,GA,,,CC,AA,CC,CC,GG,GG,GG,AA,,"-9, +9",GG,TT,TT,TT,AA,,TC,,,,,,,,,AG,CC,GG,GG,,GG,,,CT,TT,CC,GG,GG,AG,,,,,,TT,AA,CG,,,,,TC,,,,,,,,,,,CT,,,,,,,,,CT,,,CT,,,,,,,,,AG,AC,AA,CC,CA,GC,GG,CT,,,,,,,,,,,,,,,AG,GT,CC,,GT,,,,,,,,,,,CC,,,,,,,,,,,,,CC,CC,,,CC,GA,,,,,,,,,,,,,,TT,,,,,,,GG,CC,GG,CC,,,,AA,GG,CC,TT,AA,,,,,TT,,,,,,,,,,,,,,,,,,,,,,,,,,,,,,,,,,,,,-1.3267554445771883,1.2492686648385825
FL-1657,CA,,,GA,TC,GA,,,,CC,,,TC,AG,,CC,TC,TA,CC,TT,GG,,CC,,,,,GG,GG,GA,,,,GG,,,,CC,TT,GG,,,CC,AA,CT,CC,AA,GG,GG,AA,,"-9, +9",AG,CT,TT,CC,CC,,TC,,,,,,,,,AA,TT,GG,GG,,GG,,,CT,TC,CC,GG,GA,AA,,,,,,TT,AA,CG,,,,,TT,,,,,,,,,,,CC,,,,,,,,,TT,,,CT,,,,,,,,,GG,AA,TA,CT,AA,GG,GG,CT,,,,,,,,,,,,,,,GG,GG,CT,,GG,,,,,,,,,,,TC,,,,,,,,,,,,,CC,CC,,,CC,GG,,,,,,,,,,,,,,TT,,,,,,,GG,CC,GG,CC,,,,AC,GT,CC,TT,AA,,,,,TT,,,,,,,,0.0,FL,04-3,Female,26.0,Other,12.5,20.0,7.5,60.0,12.5,13.75,1.25,10.0,110.0,62.0,20.117,100.0,62.0,60.0,7.0,13.67,6.0,14.0,R,110.0,62.0,20.117,8.0,0.7134433894856169,-1.4206947447983516
FL-1658,CA,,,AA,TT,GG,,,,CC,,,TT,AG,GT,CC,TC,AA,CC,GT,AG,CT,CC,TT,CG,CG,GG,GG,GG,GA,CC,AT,GG,GA,GG,GG,,CC,GG,GA,,,CC,AA,CC,CC,GG,GA,GG,AA,,"-9, -9",AA,TT,TC,TT,AA,,TC,,,,,,,,,AA,CT,GG,GG,,GG,,,TT,TC,CC,GG,GA,AA,,,,,TT,CC,AA,CG,,,,,CC,CT,,,,,,,,,,CC,,,,,,,,,CT,,,CC,,,,,,,,,AG,AC,TA,CT,CA,GG,GG,CT,,,,,,,,,,,,,,,GG,GG,CC,,GG,,,,,,,,,,,TT,,,,,,,,,,,,,CC,CC,,,CC,GG,,,,,,,,,,,,,,CT,,,,GT,AG,,GT,TC,GT,CT,,,,AA,GT,CC,GT,AG,,,,,TT,,,,,,,,0.0,FL,04-3,Male,21.0,Caucasian,31.25,40.0,8.8,28.0,25.0,28.75,3.75,15.0,147.0,71.7,20.102,98.0,64.0,66.0,3.0,8.67,3.0,8.33,R,150.0,71.7,20.512,3.0,2.1242912608424565,-2.1971921607312357
FL-1659,CC,,,GG,CC,AA,,,,CC,,,TC,AG,GT,CC,CC,TA,CT,TT,GG,CC,CT,CT,CC,CG,GG,GT,GG,GG,TC,AT,GG,GA,AG,GA,,CC,TT,GG,,,CC,AA,CC,CC,GG,GA,GG,AA,,"-9, +9",GG,CC,TT,CC,AA,,TT,,,,,,,,,GG,CC,GG,GG,,GG,,,CC,TC,CC,GA,GA,AG,,,,,TT,CT,AG,GG,,,,,TC,CT,,,,,,,,,,CC,,,,,,,,,CC,,,CC,,,,,,,,,GG,AA,AA,CC,AA,GC,GG,CC,,,,,,,,,,,,,,,GG,GG,CC,,GG,,,,,,,,,,,TT,,,,,,,,,,,,,CC,CC,,,CC,GA,,,,,,,,,,,,,,CC,,,,GT,AG,,GG,CC,GG,CC,,,,AA,GG,CC,TT,AA,,,,,TT,,,,,,,,0.0,FL,04-3,Male,19.0,Caucasian,33.75,42.5,8.8,25.9,30.0,28.75,-1.25,-4.2,156.0,71.5,21.452,112.0,68.0,72.0,4.0,8.0,3.0,7.0,L,161.0,71.5,22.14,4.0,-0.5931206087458301,0.7859962644034593
FL-1660,CC,,,AA,TT,GG,,,,CA,,,TT,AG,,CC,CC,TA,CT,TT,GG,,CT,,,,,GT,GG,GG,,,,AA,,,,CC,GT,GA,,,CG,AA,CC,CC,AG,GA,GG,AA,,"+9, +9",GG,CC,TT,CC,AA,,TT,,,,,,,,,AA,CT,GG,GG,,GG,,,TT,TC,CG,GA,GA,AG,,,,,,CT,AA,GG,,,,,TT,,,,,,,,,,,CC,,,,,,,,,CT,,,CC,,,,,,,,,AG,AC,TA,CC,CA,GG,GG,TT,,,,,,,,,,,,,,,AG,GG,CC,,GT,,,,,,,,,,,TT,,,,,,,,,,,,,CC,CC,,,CC,GA,,,,,,,,,,,,,,CT,,,,,,,GT,TC,GT,CT,,,,AC,GT,CC,TT,AA,,,,,TT,,,,,,,,0.0,FL,04-3,Female,19.0,Hispanic,11.25,18.75,7.5,66.7,8.75,12.5,3.75,42.9,119.0,60.7,22.705,102.0,50.0,60.0,8.33,18.0,9.0,17.33,L,120.0,60.7,22.896,9.67,-0.6820911540672803,0.8646125022480108
FL-1661,CA,,,GA,TC,GA,,,,CC,,,TT,AG,GT,CC,CC,TA,CT,TT,GG,CC,CT,TT,CC,CG,GG,GT,GA,GG,CC,TT,GG,GG,AG,GG,,CC,,,,,CC,AA,CC,CC,GG,GG,GG,AA,,"+9, +9",AG,CT,TC,CT,AA,,TC,,,,,,,,,AG,CC,GG,,,GG,,,CT,TC,CC,GG,GG,AG,,,,,AT,CT,AA,GG,,,,,TT,CT,,,,,,,,,,CT,,,,,,,,,CC,,,CC,,,,,,,,,AG,AC,TT,CC,CA,GC,GG,CT,,,,,,,,,,,,,,,AG,GT,CC,,GT,,,,,,,,,,,TC,,,,,,,,,,,,,CT,CC,,,CC,GA,,,,,,,,,,,,,,CT,,,,GT,AG,,TT,TT,TT,TT,,,,AA,TT,CC,GG,GG,,,,,TC,,,,,,,,0.0,FL,04-3,Female,20.0,Caucasian,15.0,23.75,8.8,58.3,13.75,15.0,1.25,9.1,123.0,62.7,21.995,96.0,58.0,96.0,5.0,15.67,5.0,15.33,R,126.0,62.7,22.532,5.0,-2.0244280563493886,2.6686401846446532
FL-1662,CC,,,GG,CC,AA,,,,CA,,,TT,GG,,CC,TC,TT,CT,GT,AG,,CT,,,,,GT,GG,GA,,,,AA,,,,CC,TT,GG,,,CG,AA,CC,CC,AG,GG,GG,AA,,"-9, +9",GG,CC,TT,CC,AA,,TC,,,,,,,,,GG,CC,GG,GG,,GG,,,CC,TC,CC,GA,GG,AA,,,,,,TT,AA,GG,,,,,TT,,,,,,,,,,,CT,,,,,,,,,CC,,,CC,,,,,,,,,AG,AC,TA,CT,CA,GC,GG,CT,,,,,,,,,,,,,,,GG,GG,CC,,TT,,,,,,,,,,,TC,,,,,,,,,,,,,CT,CC,,,CC,GG,,,,,,,,,,,,,,TT,CC,,,,,,GG,CC,GG,CC,,,,AC,TT,CC,TT,AA,,,,,TC,,,,,,,,,,,,,,,,,,,,,,,,,,,,,,,,,,,,,1.876381931402029,-0.7045546442322329
FL-1663,CA,,,GA,TC,GA,,,,CA,,,TT,AA,,CC,CC,AA,CC,TT,GG,,CC,,,,,GG,GG,GG,,,,GG,,,,CT,GG,GA,,,CC,AA,CT,CC,AG,GA,GG,AA,,"-9, +9",GG,CT,TC,CT,AC,,TT,,,,,,,,,AA,CC,CC,AA,,GG,,,CT,TT,CC,GA,GG,AA,,,,,,CC,AG,GG,,,,,TC,,,,,,,,,,,CC,,,,,,,,,CC,,,CT,,,,,,,,,AG,AC,TT,CC,CA,GC,GG,TT,,,,,,,,,,,,,,,GG,GG,CC,,TT,,,,,,,,,,,TC,,,,,,,,,,,,,CC,CC,,,CC,GG,,,,,,,,,,,,,,CC,CC,,,,,,GG,CC,GG,CC,,,,AA,GG,CC,TT,AA,,,,,TC,,,,,,,,,,,,,,,,,,,,,,,,,,,,,,,,,,,,,-0.49748205615104896,-0.6671811323480158
FL-1664,CA,,,AA,TT,GG,,,,CC,,,TT,GG,GG,CC,CC,TT,TT,TT,AG,CC,TT,TT,CC,CC,GG,TT,AA,GG,CC,TT,GA,GG,AG,GG,,CT,GG,GA,,,CC,AA,CC,CC,GG,GG,GG,AA,,"-9, +9",AA,CC,TT,CC,AA,,TC,,,,,,,,,GG,CC,CG,AG,,GG,,,TT,TC,CG,GG,GG,AA,,,,,AT,CT,AA,GG,,,,,TT,CC,,,,,,,,,,CT,,,,,,,,,CC,,,CC,,,,,,,,,AG,AC,TA,CT,CA,GC,GG,CT,,,,,,,,,,,,,,,AG,GG,CC,,GG,,,,,,,,,,,CC,,,,,,,,,,,,,CC,CC,,,CC,GG,,,,,,,,,,,,,,CT,,,,GT,AG,,GG,CC,GG,CC,,,,AA,GG,CC,TT,AA,,,,,TC,,,,,,,,0.0,FL,04-3,Male,22.0,Caucasian,30.0,35.0,5.0,16.7,27.5,23.75,-3.75,-13.6,186.0,71.0,25.939,96.0,68.0,60.0,10.67,19.67,7.0,19.67,R,179.0,71.0,24.963,8.67,-1.0288897540292357,2.4866248709731917
FL-1665,CA,,,GA,TC,GA,,,,CA,,,TT,AA,TT,CC,CC,AA,CC,TT,GG,CC,CC,TT,CC,GG,GG,GG,GG,GG,CC,TT,GA,GG,AA,GG,,CT,GT,GG,,,CC,AA,CC,CC,GG,GG,GG,AA,,"-9, +9",AG,TT,TT,TT,AC,,TT,,,,,,,,,GG,CC,CG,AG,,GA,,,CT,CC,CG,GA,GG,AA,,,,,TT,CT,AG,GG,,,,,TT,CC,,,,,,,,,,CC,,,,,,,,,TT,,,CC,,,,,,,,,GG,AA,TA,CT,AA,GC,GG,CT,,,,,,,,,,,,,,,GG,GT,CC,,TT,,,,,,,,,,,CC,,,,,,,,,,,,,CC,CG,,,CC,GG,,,,,,,,,,,,,,TT,,,,GT,AG,,TT,TT,TT,TT,,,,AA,GT,CC,GT,AG,,,,,TC,,,,,,,,0.0,FL,04-3,Male,21.0,Caucasian,28.75,38.75,10.0,34.8,37.5,32.5,-5.0,-13.3,239.0,69.0,35.29,112.0,76.0,78.0,10.0,20.33,12.33,20.67,R,237.0,69.0,34.995,12.0,-1.287083450641988,1.395852603489033
FL-1666,CA,,,GA,TC,GA,,,,CA,,,TT,GG,,CC,CC,TT,TT,TT,GG,,TT,,,,,TT,AA,GG,,,,GA,,,,CC,TT,GG,,,CC,AA,CT,CC,AG,,GG,AA,,"-9, +9",AG,CT,TT,CT,AC,,TC,,,,,,,,,GG,CC,GG,GG,,GG,,,CT,TT,CG,GA,GG,AG,,,,,,CT,AG,CG,,,,,TT,,,,,,,,,,,CT,,,,,,,,,CT,,,CT,,,,,,,,,AA,CC,AA,CC,CC,GG,GG,TT,,,,,,,,,,,,,,,GG,GG,CC,,GG,,,,,,,,,,,TT,,,,,,,,,,,,,CC,CC,,,CC,GG,,,,,,,,,,,,,,CC,CC,,,,,,GG,CC,GG,CC,,,,AC,GT,CC,TT,AA,,,,,TT,,,,,,,,2.0,FL,04-3,Male,29.0,Asian,,35.0,,,,31.25,,,228.0,68.0,34.663,120.0,78.0,54.0,8.67,19.67,9.67,19.67,R,233.0,68.0,35.424,13.67,-0.8176858220853767,2.342117766264944
FL-1667,CA,,,GA,TC,GA,,,,CC,,,TT,AG,,CC,CC,TA,CT,TT,GG,,CT,,,,,TT,GG,GG,,,,AA,,,,CC,GT,GA,,,CC,AA,CC,CC,GG,GG,GG,AA,,"-9, +9",AG,TT,TT,TT,AC,,TT,,,,,,,,,AA,CC,CG,GG,,GG,,,CT,CC,CG,GG,GG,AA,,,,,,CT,AA,GG,,,,,TT,,,,,,,,,,,CC,,,,,,,,,CC,,,CC,,,,,,,,,AA,CC,TA,CT,CC,GC,GG,CC,,,,,,,,,,,,,,,GG,GG,CC,,GG,,,,,,,,,,,TC,,,,,,,,,,,,,CC,CC,,,CG,GA,,,,,,,,,,,,,,CT,CC,,,,,,GG,CC,GG,CC,,,,AA,GT,CC,TT,AA,,,,,TC,,,,,,,,,,,,,,,,,,,,,,,,,,,,,,,,,,,,,-1.5479172271298722,0.6420496187638033
FL-1668,CC,,,GG,CC,AA,,,,CA,,,TT,GG,,CT,TC,TT,CC,GT,AG,,CC,,,,,GT,GG,GA,,,,GG,,,,CT,GG,GA,,,CC,AA,CC,CT,GG,GA,GG,AA,,"+9, +9",GG,CC,TC,CC,AA,,TC,,,,,,,,,AA,CC,GG,AG,,GG,,,CC,TT,CC,GA,GG,AA,,,,,,CC,AA,GG,,,,,TC,,,,,,,,,,,TT,,,,,,,,,TT,,,CT,,,,,,,,,AA,CC,TT,CC,CC,GG,GG,CC,,,,,,,,,,,,,,,AG,TT,CC,,GT,,,,,,,,,,,TC,,,,,,,,,,,,,CT,CC,,,CC,GG,,,,,,,,,,,,,,TT,CT,,,,,,GG,CC,GG,CC,,,,AA,TT,CC,GG,GG,,,,,TC,,,,,,,,0.0,FL,05-1,Female,22.0,African Am,16.25,28.75,12.5,76.9,15.0,20.0,5.0,33.3,145.0,66.0,23.401,95.0,52.0,60.0,10.67,20.67,12.33,20.0,R,143.0,66.0,23.078,5.67,4.333000481931505,0.2461530480025717
FL-1669,CA,,,GG,CC,AA,,,,CC,,,TT,AG,,CC,TC,TT,CC,GT,AG,,CC,,,,,GG,GG,AA,,,,GA,,,,CC,GG,GG,,,CC,AA,CC,CT,GG,GG,GG,AA,,"-9, +9",GG,CC,TC,CC,AC,,TT,,,,,,,,,AG,CC,CC,GG,,GG,,,CC,TC,CC,GG,GG,AG,,,,,,CC,AA,GG,,,,,TC,,,,,,,,,,,TT,,,,,,,,,CC,,,CC,,,,,,,,,GG,CC,TA,CC,CC,GG,GC,CC,,,,,,,,,,,,,,,GG,TT,CC,,GG,,,,,,,,,,,TT,,,,,,,,,,,,,CC,CC,,,CC,GG,,,,,,,,,,,,,,TT,CC,,,,,,GG,TC,GG,CT,,,,AA,TT,CT,TT,AA,,,,,TT,,,,,,,,0.0,FL,05-1,Female,21.0,African Am,12.5,25.0,12.5,100.0,15.0,20.0,5.0,33.3,150.0,63.0,26.568,92.0,52.0,76.0,14.33,19.67,15.0,19.67,R,152.0,63.0,26.923,9.0,3.5900788489197417,-0.5619907715107048
FL-1670,CA,,,GG,CC,AA,,,,CA,,,TT,AA,,CC,CC,TA,CC,TT,GG,,CC,,,,,GG,GG,GA,,,,GG,,,,CC,GG,GA,,,CC,AC,CC,CC,AG,GA,GG,AA,,"-9, -9",GG,CT,TT,CC,AA,,CC,,,,,,,,,AA,CT,CG,AG,,GG,,,CC,TC,CC,GA,GG,AG,,,,,,CC,AA,CG,,,,,TC,,,,,,,,,,,TT,,,,,,,,,CT,,,TT,,,,,,,,,AG,AC,TA,CT,CA,GC,GG,CC,,,,,,,,,,,,,,,AG,GG,CC,,GT,,,,,,,,,,,CC,,,,,,,,,,,,,CC,CC,,,CC,GG,,,,,,,,,,,,,,CT,CT,,,,,,TT,TC,TT,CT,,,,AA,TT,CC,TT,AA,,,,,CC,,,,,,,,0.0,FL,05-1,Male,21.0,African Am,28.75,38.75,10.0,34.8,32.5,31.25,-1.3,-3.8,176.0,71.5,24.202,,,96.0,4.67,9.67,5.33,10.67,R,177.0,71.5,24.34,3.67,0.4207748545370031,1.381233898861628
FL-1671,CA,,,GG,CC,AA,,,,CA,,,TT,AG,,CC,CC,TA,CT,TT,GG,,CT,,,,,GT,GA,GG,,,,GG,,,,CT,GG,GA,,,CC,AA,CC,CT,GG,GG,GG,AA,,"-9, -9",AG,CT,TT,TT,AC,,CC,,,,,,,,,AG,CC,GG,GG,,GG,,,CC,TC,CG,GA,AA,GG,,,,,,TT,AA,GG,,,,,TT,,,,,,,,,,,CT,,,,,,,,,CC,,,CT,,,,,,,,,AA,CC,AA,TT,CA,GC,GC,CT,,,,,,,,,,,,,,,GG,GG,CC,,GG,,,,,,,,,,,TC,,,,,,,,,,,,,CC,CC,,,CC,GA,,,,,,,,,,,,,,CT,CC,,,,,,GG,CC,GG,CC,,,,AA,GG,CC,TT,AA,,,,,TC,,,,,,,,0.0,FL,05-1,Female,19.0,Hispanic,15.0,25.0,10.0,66.7,17.5,18.75,1.3,7.1,142.0,66.0,22.917,104.0,56.0,90.0,6.0,21.0,7.0,18.33,R,134.0,66.0,21.626,5.33,-0.5733349582346262,1.0659327044340667
FL-1672,CC,,,AA,TT,GG,,,,CA,,,TT,AA,,CC,CC,AA,CC,TT,GG,,CC,,,,,GG,GG,GG,,,,GA,,,,CC,GT,GA,,,CC,AA,TT,CC,AA,GG,GG,AA,,"-9, +9",AG,TT,TC,TT,AC,,CC,,,,,,,,,AG,CT,CC,AA,,GG,,,TT,TT,CC,GA,GG,AA,,,,,,CT,AG,GG,,,,,TT,,,,,,,,,,,CC,,,,,,,,,CC,,,CT,,,,,,,,,AG,AC,TT,CT,CA,GC,GG,CC,,,,,,,,,,,,,,,AG,GG,CC,,GT,,,,,,,,,,,TC,,,,,,,,,,,,,CC,CC,,,CG,GA,,,,,,,,,,,,,,TT,CC,,,,,,GT,TC,GT,CT,,,,AA,TT,CT,GG,GG,,,,,TT,,,,,,,,0.0,FL,05-1,Male,26.0,Asian,22.5,30.0,7.5,33.3,22.5,26.25,3.75,16.7,195.0,68.0,29.646,108.0,48.0,84.0,12.33,19.67,15.33,17.67,R,202.0,68.0,30.711,8.67,0.3669312168164552,-0.406831891142778
FL-1673,CC,,,GA,TC,GA,,,,CA,,,TC,AG,,CC,TC,TA,CC,GT,AG,,CC,,,,,GG,GG,GA,,,,GA,,,,CT,GT,GG,,,CC,AA,CT,CT,AG,GG,GG,AA,,"+9, +9",AA,CC,TT,TT,AC,,TC,,,,,,,,,AA,CT,GG,AG,,GG,,,CT,TC,GG,GA,GG,AG,,,,,,CC,AA,CG,,,,,TC,,,,,,,,,,,CT,,,,,,,,,CC,,,CC,,,,,,,,,AG,AC,TA,CC,CA,GC,GG,CC,,,,,,,,,,,,,,,GG,GG,CC,,GG,,,,,,,,,,,TC,,,,,,,,,,,,,CT,CC,,,CC,GA,,,,,,,,,,,,,,TT,CC,,,,,,GG,CC,GG,CC,,,,AC,GT,CC,TT,AA,,,,,CC,,,,,,,,,,,,,,,,,,,,,,,,,,,,,,,,,,,,,2.2757747521392555,-2.391729950090067
FL-1674,CA,,,GG,CC,AA,,,,CC,,,TT,GG,GG,CC,CC,TT,TT,TT,GG,CC,TT,TT,CC,CC,GG,TT,GA,GG,TC,AT,GG,GA,GG,GG,,CC,TT,GG,,,CC,AA,CT,CC,AG,GG,GG,AA,,"+9, +9",AG,TT,TC,TT,AA,,TT,,,,,,,,,AA,CC,CC,AA,,AA,,,CC,TC,CC,GG,AA,AA,,,,,AT,CT,AG,,,,,,TC,CT,,,,,,,,,,TT,,,,,,,,,CC,,,CC,,,,,,,,,AA,AC,TA,CT,CC,GG,GG,CC,,,,,,,,,,,,,,,AG,GG,CC,,TT,,,,,,,,,,,TT,,,,,,,,,,,,,CC,CC,,,CC,GA,,,,,,,,,,,,,,TT,CT,,,GT,AG,,GG,CC,GG,CC,,,,AC,GT,CC,TT,AA,,,,,CC,,,,,,,,0.0,FL,05-1,Female,23.0,Caucasian,12.5,20.0,7.5,60.0,12.5,12.5,0.0,0.0,191.0,63.0,33.83,108.0,58.0,78.0,18.67,25.0,18.0,25.33,L,188.0,63.0,33.299,21.67,-1.8666718222111116,2.4542827100669347
FL-1675,CA,,,GA,TC,GA,,,,CC,,,TT,AG,GT,CC,TC,AA,CC,GT,AG,CT,CC,TT,CG,CG,GG,GG,GG,GA,CC,AT,GA,GA,AG,GA,,CT,GT,GG,,,CC,AA,CT,CC,GG,GA,GG,AA,,"-9, +9",GG,TT,TT,TT,AC,,TT,,,,,,,,,AG,CT,CG,AG,,GG,,,CT,TC,CG,GG,GA,AA,,,,,TT,CC,AG,GG,,,,,TT,CT,,,,,,,,,,CT,,,,,,,,,CT,,,CC,,,,,,,,,AG,AA,TT,CC,CA,GC,GG,TT,,,,,,,,,,,,,,,GG,GG,CC,,GG,,,,,,,,,,,TC,,,,,,,,,,,,,CT,CC,,,CC,GG,,,,,,,,,,,,,,CT,CT,,,GT,AG,,GG,CC,GG,CC,,,,AA,GG,CC,TT,AA,,,,,TC,,,,,,,,0.0,FL,05-1,Male,18.0,Caucasian,30.0,38.75,8.8,29.2,26.25,30.0,3.75,14.3,138.0,68.0,20.981,90.0,68.0,84.0,4.67,11.67,3.33,12.33,L,142.0,68.0,21.589,4.33,2.288325863617668,-3.0125336599813055
FL-1676,CA,,,GG,CC,AA,,,,CC,,,TT,AA,TT,CC,TC,TA,CC,TT,GG,CC,CC,TT,CC,GG,GG,GG,GG,GG,CC,TT,GG,GG,AA,GG,,CC,GT,GA,,,CC,AA,CC,CC,GG,GA,GG,AA,,"-9, +9",AG,TT,TC,TT,AC,,TC,,,,,,,,,AA,CT,CC,AG,,GG,,,CC,TT,CG,GG,GG,AG,,,,,TT,CC,AG,GG,,,,,TC,CT,,,,,,,,,,CC,,,,,,,,,CT,,,CC,,,,,,,,,GG,AA,TA,CT,CA,GG,GG,CT,,,,,,,,,,,,,,,AG,GG,CC,,GT,,,,,,,,,,,TC,,,,,,,,,,,,,CC,,,,CC,GG,,,,,,,,,,,,,,TT,CC,,,GG,AA,,GG,CC,GG,CC,,,,AA,GG,CC,TT,AA,,,,,TC,,,,,,,,0.0,FL,05-1,Male,19.0,Caucasian,16.25,25.0,8.8,53.8,20.0,20.0,0.0,0.0,147.0,70.0,21.09,98.0,48.0,76.0,7.33,16.0,6.0,15.33,R,148.0,70.0,21.233,6.33,-0.22986705862087778,-1.2522476163198821
FL-1677,CC,,,GG,CC,GA,,,,CC,,,CC,GG,,CC,TC,AA,CT,GG,AA,,TT,,,,,GG,AA,GG,,,,GG,,,,CC,GG,,,,CC,AA,CC,CC,GG,,,AA,,"-9, +9",GG,CT,,,AA,,TC,,,,,,,,,,,CG,AG,,GG,,,CT,TT,CG,GA,,GG,,,,,,,AA,,,,,,TC,,,,,,,,,,,TT,,,,,,,,,CC,,,CC,,,,,,,,,,,TT,CC,AA,GC,GC,CC,,,,,,,,,,,,,,,GG,GG,CC,,GT,,,,,,,,,,,,,,,,,,,,,,,,CC,CC,,,CC,GG,,,,,,,,,,,,,,TT,CT,,,,,,GG,CC,GG,CT,,,,AA,TT,TT,TT,,,,,,TT,,,,,,,,0.0,FL,05-1,Male,33.0,African Am,37.5,45.0,7.5,20.0,45.0,45.0,0.0,0.0,165.0,68.0,25.085,98.0,68.0,54.0,3.0,8.33,3.67,8.67,R,169.0,68.0,25.694,3.0,3.087812361260907,-0.6378902743383542
FL-1678,CC,,,GG,CC,AA,,,,CC,,,TC,GG,,CC,TC,TA,CC,GT,AG,,CC,,,,,GG,GG,GA,,,,GA,,,,CC,TT,GG,,,CC,AA,CC,CT,GG,GA,GG,AA,,"-9, +9",AG,CC,TT,TT,AC,,TC,,,,,,,,,AA,CT,GG,GG,,GG,,,CC,TC,CC,GG,GG,AG,,,,,,CC,AG,GG,,,,,TC,,,,,,,,,,,CT,,,,,,,,,CC,,,TT,,,,,,,,,GG,AA,AA,CC,AA,GG,GG,CT,,,,,,,,,,,,,,,GG,GG,CC,,GG,,,,,,,,,,,CC,,,,,,,,,,,,,CC,CC,,,CC,GA,,,,,,,,,,,,,,TT,CC,,,,,,GG,CC,GG,CC,,,,AA,GG,CC,TT,AA,,,,,TT,,,,,,,,0.0,FL,05-1,Male,24.0,Asian,30.0,41.25,11.3,37.5,30.0,33.75,3.75,12.5,164.0,71.5,22.552,90.0,40.0,60.0,4.33,8.67,5.33,8.0,R,169.0,71.5,23.24,5.0,2.949934505321293,-2.372530634784519
FL-1679,CA,,,GG,CC,AA,,,,CA,,,TT,GG,,CC,TC,TA,CC,GT,AG,,CC,,,,,GG,GG,GA,,,,AA,,,,CC,GT,GA,,,CG,AA,CC,CC,AG,GA,GA,AA,,"-9, -9",GG,CT,TT,CT,AC,,TC,,,,,,,,,AG,CT,GG,AG,,GG,,,CC,TT,CC,GA,GG,AA,,,,,,CT,AG,GG,,,,,TC,,,,,,,,,,,CC,,,,,,,,,CT,,,CC,,,,,,,,,AG,AC,AA,CC,CA,GG,GG,CT,,,,,,,,,,,,,,,GG,GG,CC,,GG,,,,,,,,,,,TT,,,,,,,,,,,,,CC,CC,,,CC,GG,,,,,,,,,,,,,,CT,CC,,,,,,GG,CC,GG,CC,,,,AA,TT,CT,GT,AG,,,,,TT,,,,,,,,,,,,,,,,,,,,,,,,,,,,,,,,,,,,,4.0209400335749965,-2.4946529438217984
FL-1680,CC,,,AA,TT,GG,,,,CA,,,TT,AG,,CC,CC,TA,CT,TT,GG,,CT,,,,,GT,GG,GG,,,,GA,,,,CC,GG,GA,,,CG,AA,CC,CC,,,,AA,,"-9, +9",AG,CT,TT,CT,AA,,TT,,,,,,,,,AG,CT,,,,GG,,,TT,CC,CC,GA,GG,AA,,,,,,CC,AA,,,,,,TT,,,,,,,,,,,CT,,,,,,,,,CC,,,CC,,,,,,,,,AG,AA,TA,CT,CA,GC,,CT,,,,,,,,,,,,,,,AG,GG,CC,,GG,,,,,,,,,,,CC,,,,,,,,,,,,,,CC,,,CC,GA,,,,,,,,,,,,,,CC,CC,,,,,,GT,TC,GT,CT,,,,AA,GG,CC,TT,AA,,,,,TC,,,,,,,,,,,,,,,,,,,,,,,,,,,,,,,,,,,,,-1.2990359152816247,0.9652902308384601
FL-1681,AA,,,GG,CC,AA,,,,CC,,,TC,GG,,CC,TC,TT,CT,GT,AG,,CT,,,,,GT,GA,GA,,,,GA,,,,CC,GT,GA,,,CC,AA,CC,CT,GG,GG,GG,AA,,"-9, -9",AA,TT,TT,TT,AA,,CC,,,,,,,,,AG,CT,CG,AG,,GG,,,CC,CC,CG,GG,GA,AG,,,,,,CT,AA,GG,,,,,TC,,,,,,,,,,,CT,,,,,,,,,CT,,,CT,,,,,,,,,AG,AC,TA,CC,CA,CC,GG,CT,,,,,,,,,,,,,,,GG,GG,CT,,TT,,,,,,,,,,,TC,,,,,,,,,,,,,CC,CC,,,CC,GA,,,,,,,,,,,,,,CT,CC,,,,,,GG,CC,GG,CC,,,,AA,GG,CC,TT,AA,,,,,TC,,,,,,,,0.0,FL,05-1,Female,19.0,Asian,11.25,23.75,12.5,111.1,15.0,16.25,1.25,8.3,153.0,66.5,24.322,108.0,60.0,96.0,13.0,21.67,12.67,21.67,R,156.0,66.5,24.799,14.67,1.9837038543959447,-0.8119065253674169
FL-1682,CA,,,GA,TC,GA,,,,CC,,,TT,AA,TT,CC,CC,AA,CC,TT,GG,CC,CC,TT,CC,GG,GG,GG,GG,GG,CC,TT,GG,GG,AA,GG,,CC,GT,GA,,,CC,AA,CC,CT,GG,GG,GG,AA,,"+9, +9",GG,CT,TC,TT,AC,,TC,,,,,,,,,AG,CT,CG,AG,,GG,,,CT,TC,CC,GG,GG,AG,,,,,AT,CT,AA,GG,,,,,TT,TT,,,,,,,,,,CT,,,,,,,,,CC,,,CT,,,,,,,,,AG,AC,TT,CC,CA,GG,GG,CT,,,,,,,,,,,,,,,AA,GG,CC,,GT,,,,,,,,,,,CC,,,,,,,,,,,,,CT,CC,,,CC,GG,,,,,,,,,,,,,,CT,CC,,,TT,GG,,GT,TC,GT,CT,,,,AA,GG,CC,TT,AA,,,,,TT,,,,,,,,0.0,FL,05-1,Female,19.0,Caucasian,16.25,18.75,2.5,15.4,15.0,17.5,2.5,16.7,140.0,69.0,20.672,96.0,64.0,60.0,9.0,18.67,9.67,19.0,R,143.0,69.0,21.115,10.33,-0.8732943024448185,0.2811401993230014
FL-1683,CA,,,GG,CC,AA,,,,CC,,,TT,AA,TT,CC,CC,AA,CC,TT,GG,CC,CC,TT,CC,GG,GG,GG,GG,GG,CC,TT,GG,GG,AA,GG,,CT,GT,GG,,,CC,AA,CT,CC,AG,GG,GG,AA,,"-9, +9",AG,TT,TT,TT,AC,,TC,,,,,,,,,GG,CC,GG,GG,,GA,,,CC,TT,,GG,GA,AA,,,,,TT,CC,AA,GG,,,,,CC,CC,,,,,,,,,,CC,,,,,,,,,CT,,,CT,,,,,,,,,AG,AC,TA,CC,CA,GC,GG,CT,,,,,,,,,,,,,,,GG,GG,CC,,GT,,,,,,,,,,,TC,,,,,,,,,,,,,CT,CC,,,CC,GG,,,,,,,,,,,,,,TT,CC,,,GT,AG,,GT,TC,GT,CT,,,,AA,GG,CC,TT,AA,,,,,TC,,,,,,,,0.0,FL,05-1,Male,19.0,Caucasian,13.75,32.5,18.8,136.4,18.75,22.5,3.75,20.0,120.0,70.0,17.216,95.0,52.0,90.0,4.67,8.33,4.33,7.67,R,127.0,70.0,18.221,4.0,-0.8710853171318492,0.09340735432475682
FL-1684,CA,,,GA,TC,GA,,,,CC,,,TC,AA,,CC,CC,AA,CC,GG,AA,,CC,,,,,GG,GG,GG,,,,AA,,,,CC,GG,AA,,,CC,AA,CC,CC,AG,GG,,AA,,"-9, +9",AG,TT,TT,TT,AA,,CC,,,,,,,,,AG,CT,GG,GG,,GG,,,CT,CC,CC,GG,GG,AG,,,,,,TT,AG,GG,,,,,TT,,,,,,,,,,,CC,,,,,,,,,CC,,,CT,,,,,,,,,AG,AA,AA,CT,CC,CC,GG,CT,,,,,,,,,,,,,,,GG,GG,CC,,GG,,,,,,,,,,,TC,,,,,,,,,,,,,CC,CC,,,CC,GA,,,,,,,,,,,,,,CT,CC,,,,,,GG,CC,GG,CC,,,,AC,TT,CC,TT,AA,,,,,,,,,,,,,0.0,FL,05-1,Male,20.0,Hispanic,28.75,46.25,17.5,60.9,32.5,40.0,7.5,23.1,143.0,71.5,19.664,90.0,54.0,72.0,3.0,5.0,3.0,4.67,R,144.0,71.5,19.802,3.0,2.060908438276011,-2.7044401566102363
FL-1685,CC,,,,,GA,,,,CC,,,TT,GG,,CC,CC,TT,TT,TT,GG,,TT,,,,,TT,GA,GG,,,,GA,,,,CT,GT,GG,,,CC,AA,CT,CC,AG,GA,GG,AA,,xx,GG,CT,CC,TT,AA,,TT,,,,,,,,,AG,CC,,,,GA,,,CT,TC,CC,GA,GA,AG,,,,,,CT,AG,CG,,,,,CC,,,,,,,,,,,CT,,,,,,,,,CT,,,CC,,,,,,,,,AA,AC,TT,CC,CC,GG,,CC,,,,,,,,,,,,,,,GG,GG,CC,,GG,,,,,,,,,,,TT,,,,,,,,,,,,,,CC,,,CC,GA,,,,,,,,,,,,,,CC,CC,,,,,,GT,TC,GT,CT,,,,AA,GG,CC,TT,AA,,,,,TC,,,,,,,,,,,,,,,,,,,,,,,,,,,,,,,,,,,,,-1.060759260632143,3.3572755172698168
FL-1686,,,,GA,TC,GA,,,,CA,,,TT,AG,,CC,TC,TT,CC,GG,AG,,CC,,,,,GT,GA,GA,,,,GG,,,,CT,GG,GG,,,CC,AA,CT,CC,AG,GG,GG,AA,,"-9, +9",GG,CT,TT,CC,AA,,TT,,,,,,,,,GG,CC,GG,AG,,GG,,,CT,TC,CG,GA,GG,AG,,,,,,CT,AG,CG,,,,,CC,,,,,,,,,,,CT,,,,,,,,,CT,,,CC,,,,,,,,,AG,CC,TT,CC,CC,GC,GG,CC,,,,,,,,,,,,,,,GG,GG,CC,,GG,,,,,,,,,,,TT,,,,,,,,,,,,,CC,CG,,,CC,GG,,,,,,,,,,,,,,CT,CT,,,,,,GG,TC,GG,CT,,,,AA,TT,CC,TT,AA,,,,,TT,,,,,,,,0.0,FL,05-1,Female,21.0,African Am,13.75,22.5,8.8,63.6,15.0,20.0,5.0,33.3,134.0,63.5,23.362,118.0,64.0,72.0,12.0,20.67,11.33,21.0,R,138.0,63.5,24.06,11.33,2.057981061128913,-0.33895958303613033
FL-1687,AA,,,GG,CC,AA,,,,CC,,,TT,AG,,CC,CC,TA,CT,TT,GG,,CT,,,,,GT,GG,GG,,,,GA,,,,CT,GG,GG,,,CC,AA,CC,CC,GG,GG,GG,AA,,"-9, +9",AG,TT,TC,TT,AA,,CC,,,,,,,,,AA,CT,CG,AG,,GA,,,CC,TT,CC,GG,GG,GG,,,,,,CC,AA,GG,,,,,TT,,,,,,,,,,,CC,,,,,,,,,CT,,,CC,,,,,,,,,GG,AA,TA,CT,AA,GC,GG,CT,,,,,,,,,,,,,,,GG,GG,CT,,GT,,,,,,,,,,,TC,,,,,,,,,,,,,CC,CC,,,CC,GA,,,,,,,,,,,,,,CT,CC,,,,,,GG,CC,GG,CC,,,,AC,TT,CC,TT,AA,,,,,TC,,,,,,,,0.0,FL,05-1,Female,21.0,Hispanic,8.75,18.75,10.0,114.3,10.0,12.5,2.5,25.0,124.0,64.0,21.282,106.0,58.0,78.0,13.0,20.67,16.33,21.67,R,137.0,64.0,23.513,11.67,-1.2896879995472175,0.41597558148975716
FL-1688,CA,,,GA,TC,GA,,,,CA,,,TT,AA,TT,CC,CC,AA,CC,TT,GG,CC,CC,TT,CC,GG,GG,GG,GG,GG,CC,TT,GG,GG,AA,GG,,CC,GT,GA,,,CC,AA,CC,CC,GG,GG,GG,AA,,"-9, +9",AA,TT,TT,TT,AA,,TT,,,,,,,,,GG,CC,CC,AA,,GG,,,CT,TC,CC,GA,GG,AG,,,,,AT,CC,AG,GG,,,,,TC,CC,,,,,,,,,,CT,,,,,,,,,CC,,,CC,,,,,,,,,AA,AA,AA,CC,CA,GC,,CT,,,,,,,,,,,,,,,GG,GG,CT,,,,,,,,,,,,,TT,,,,,,,,,,,,,,CC,,,CC,,,,,,,,,,,,,,,CT,CT,,,TT,GG,,GG,CC,GG,CC,,,,CC,GT,CC,TT,AA,,,,,,,,,,,,,0.0,FL,05-1,Female,19.0,Caucasian,8.75,21.25,12.5,142.9,10.0,13.75,3.75,37.5,109.0,66.5,17.328,94.0,56.0,60.0,5.0,9.67,6.0,9.0,R,111.0,66.5,17.646,4.0,-0.7550894459298769,-0.3601316229568778
FL-1689,CA,,,,TC,GG,,,,CA,,,TT,AA,,CC,CC,AA,CC,TT,GG,,CC,,,,,GG,GG,GG,,,,GG,,,,CC,GG,AA,,,CC,AA,CC,CC,GG,GG,GG,AA,,"-9, +9",AA,TT,TT,TT,CC,,TT,,,,,,,,,GG,CC,CG,AG,,GG,,,TT,TC,CC,GA,AA,AG,,,,,,CC,AG,GG,,,,,TT,,,,,,,,,,,CC,,,,,,,,,CC,,,CC,,,,,,,,,AG,AC,TA,CC,CA,GC,GG,TT,,,,,,,,,,,,,,,GG,GG,CC,,TT,,,,,,,,,,,TC,,,,,,,,,,,,,CT,CC,,,CC,GA,,,,,,,,,,,,,,CT,CT,,,,,,GT,CC,GT,CC,,,,AC,GT,CC,TT,AA,,,,,TT,,,,,,,,,,,,,,,,,,,,,,,,,,,,,,,,,,,,,-0.98923230373042,-1.0076839070306383
FL-1690,CA,,,GA,TC,GA,,,,CA,,,TT,AA,,CC,CC,AA,CC,TT,GG,,CC,,,,,GG,GG,GG,,,,GG,,,,CC,TT,GG,,,CC,AA,CC,CC,AG,GG,GG,AA,,"-9, -9",AG,CT,TT,CT,AA,,CC,,,,,,,,,GG,CC,CG,GG,,GG,,,CT,CC,GG,GA,GG,AG,,,,,,CT,AG,GG,,,,,TC,,,,,,,,,,,CT,,,,,,,,,CC,,,CC,,,,,,,,,AG,AC,AA,CC,AA,CC,GG,TT,,,,,,,,,,,,,,,GG,GG,CC,,GT,,,,,,,,,,,TT,,,,,,,,,,,,,CT,CC,,,CG,GG,,,,,,,,,,,,,,CC,CC,,,,,,GG,CC,GG,CC,,,,CC,TT,CC,TT,AA,,,,,TC,,,,,,,,,,,,,,,,,,,,,,,,,,,,,,,,,,,,,0.08633673556133302,-1.0598770818981587
FL-1691,CC,,,GG,CC,AA,,,,CC,,,TT,AA,,CC,CC,AA,CC,TT,GG,,CC,,,,,GG,GG,GG,,,,GG,,,,CC,TT,GG,,,CC,AA,CT,CT,AG,GG,GG,AA,,"-9, +9",AG,TT,TC,TT,AA,,TC,,,,,,,,,AG,CT,GG,GG,,GA,,,CC,TT,CG,GG,GG,AA,,,,,,CC,AA,CG,,,,,TC,,,,,,,,,,,CT,,,,,,,,,CC,,,CC,,,,,,,,,AG,AC,TA,CT,AA,GG,GG,TT,,,,,,,,,,,,,,,GG,GG,CC,,GG,,,,,,,,,,,TC,,,,,,,,,,,,,CT,CG,,,CG,GA,,,,,,,,,,,,,,CT,CC,,,,,,GG,CC,GG,CC,,,,AC,GT,CC,TT,AA,,,,,TC,,,,,,,,,,,,,,,,,,,,,,,,,,,,,,,,,,,,,-0.2972203629122345,-0.8154759130065882
FL-1692,CC,,,GA,TC,GA,,,,CC,,,TT,GG,GG,CC,CC,TT,TT,TT,GG,CC,TT,TT,CC,CC,GG,TT,GA,GG,TC,AT,GA,GA,AG,GA,,TT,GG,GG,,,CC,AA,CC,CC,GG,GA,GG,AA,,"-9, +9",AA,TT,TC,TT,CC,,TT,,,,,,,,,AG,CT,CG,AG,,GG,,,CT,TC,CG,GG,GA,AG,,,,,AT,TT,AG,GG,,,,,TC,CC,,,,,,,,,,CC,,,,,,,,,CC,,,CC,,,,,,,,,AG,AC,TT,CC,CA,GG,GG,TT,,,,,,,,,,,,,,,AG,GG,CT,,TT,,,,,,,,,,,TC,,,,,,,,,,,,,CC,CC,,,CC,GG,,,,,,,,,,,,,,TT,CC,,,TT,GG,,GG,CC,GG,CC,,,,AA,TT,CC,TT,AA,,,,,TC,,,,,,,,0.0,FL,05-1,Female,28.0,Caucasian,10.0,23.75,13.8,137.5,12.5,15.0,2.5,20.0,173.0,66.5,27.502,94.0,68.0,72.0,13.33,30.0,21.0,31.0,L,178.0,66.5,28.296,15.67,-1.3637409422100906,3.069344488307834
FL-1693,CC,,,GA,TC,GA,,,,CC,,,TT,GG,,CC,CC,TT,TT,TT,GG,,TT,,,,,TT,GA,GG,,,,GA,,,,CC,TT,GG,,,CC,AA,CC,CC,GG,GA,GG,AA,,"-9, +9",AG,TT,TT,TT,AA,,TC,,,,,,,,,AG,CT,CG,AG,,GG,,,CT,TC,CC,GG,GG,AA,,,,,,CT,AA,CG,,,,,TT,,,,,,,,,,,CT,,,,,,,,,CC,,,CT,,,,,,,,,AG,AC,TT,CC,CA,GC,GG,CT,,,,,,,,,,,,,,,GG,GG,CC,,GT,,,,,,,,,,,TC,,,,,,,,,,,,,CC,CC,,,CC,GG,,,,,,,,,,,,,,TT,CC,,,,,,GT,TC,GT,CT,,,,AC,GT,CC,TT,AA,,,,,TC,,,,,,,,,,,,,,,,,,,,,,,,,,,,,,,,,,,,,-2.2254352640472206,2.829910103503506
FL-1694,CA,,,GG,CC,AA,,,,CC,,,TT,AG,,CC,CC,TA,CT,TT,GG,,CT,,,,,GT,GA,GG,,,,GG,,,,CT,GG,GG,,,CC,AA,CC,CT,AG,GG,GG,AA,,"+9, +9",GG,CT,TC,CC,AC,,TT,,,,,,,,,AG,CC,CG,AG,,GG,,,CC,CC,CG,GG,GA,AG,,,,,,CT,AG,GG,,,,,CC,,,,,,,,,,,TT,,,,,,,,,TT,,,CT,,,,,,,,,AG,CC,TA,CC,CC,GG,GG,CT,,,,,,,,,,,,,,,AG,GT,CC,,GT,,,,,,,,,,,TC,,,,,,,,,,,,,CT,CC,,,CC,GG,,,,,,,,,,,,,,TT,CC,,,,,,GT,CC,GT,CC,,,,AA,GT,CC,TT,AA,,,,,TC,,,,,,,,,,,,,,,,,,,,,,,,,,,,,,,,,,,,,-0.16197683379048294,2.1236227855400758
FL-1695,CA,,,GA,TC,GA,,,,CC,,,TT,AA,TT,CC,CC,AA,CC,TT,GG,CC,CC,TT,CC,GG,GG,GG,GG,GG,CC,TT,AA,GG,AA,GG,,CC,GG,GA,,,CC,AA,CT,CC,AG,GG,GG,AA,,"+9, +9",AA,TT,TC,TT,AA,,TT,,,,,,,,,AG,TT,CG,AG,,GG,,,CT,TC,CC,GG,AA,AG,,,,,TT,CT,AA,CG,,,,,TC,TT,,,,,,,,,,CC,,,,,,,,,CC,,,CT,,,,,,,,,AA,CC,TA,CT,CC,GG,GG,CT,,,,,,,,,,,,,,,GG,GG,CC,,GT,,,,,,,,,,,TC,,,,,,,,,,,,,,CC,,,CC,GA,,,,,,,,,,,,,,CC,CC,,,GG,AG,,GG,CC,GG,CC,,,,AA,GG,CC,TT,AA,,,,,TC,,,,,,,,0.0,FL,05-1,Female,21.0,Caucasian,8.75,18.75,10.0,114.3,6.25,10.0,3.75,60.0,117.0,63.0,20.723,114.0,73.0,84.0,7.33,16.67,8.33,16.67,L,113.0,63.0,20.015,5.33,-1.372895865757305,-0.5141277470956721
HH-003,CA,ID,CC,GG,CC,AA,CG,GG,CG,CC,TT,,,,,,,,,,,,,,,,,,,,,,,,,,GA,CT,GT,GG,,GG,CG,AC,CC,CC,AA,GG,GG,AA,,"-9, +9",GG,CT,TC,CC,AC,TT,TC,,,,,,,,,AG,CC,CC,AG,CG,GG,TT,CC,CC,CC,CC,GA,GA,AA,AA,TT,AA,AA,,CC,AA,CG,GG,AA,AT,GG,CC,,CC,CC,,,,,,AG,GG,TT,GG,AA,GG,AA,AA,CC,GG,GG,TT,TT,CC,CC,CC,CG,TT,GG,AT,CC,,,AA,CC,TT,CC,CC,GG,GG,CC,GG,AA,AA,GC,TT,GG,GG,GG,GG,CG,CC,,,CC,GG,GT,CC,GT,TT,GA,GG,TT,AA,AA,GG,TT,AA,GG,TT,TT,5G5G,AC,GG,CC,AA,GG,CG,AA,CC,,CT,AG,,CC,,,CC,GG,,GG,CC,CC,TC,GA,CC,CC,AA,CC,GG,AA,TT,CT,,,CT,,,CC,GG,TC,GG,CT,GG,,GG,AA,GT,CT,TT,AA,TT,CC,GG,GA,CC,TG,,,,,,,,,,,,,,,,,,,,,,,,,,,,,,,,,,,,5.1502883851456565,6.482093824134602
HH-007,CA,ID,CT,AA,TT,GA,,AG,CG,CC,TC,,,,GT,,,,,,,CC,,TT,CC,CG,GG,,,,TC,AT,GG,,AG,GA,GG,CC,GG,,,GG,CC,AA,CC,CC,GG,,GG,AA,CT,"-9, +9",AG,CT,TC,CT,CC,TT,TT,GG,CC,GG,TT,CC,AA,CC,GG,AG,CC,CC,AA,CC,GG,TT,CC,CT,TT,CC,GA,,GG,GG,,AC,GG,AT,CC,AG,CG,GG,AA,,GG,TC,CT,CC,CC,GG,TT,CC,GG,AG,AG,GG,CC,GG,TA,GG,AA,,CC,GG,GG,CC,TT,TT,CC,CC,CG,TT,GA,AA,CC,GG,CG,AG,AC,TA,CT,CA,GG,GG,CC,GG,AG,AG,GG,,GG,GG,,GA,CC,CT,CC,GG,CC,AG,GG,CC,GG,,GG,GG,TC,AC,AA,GG,TT,AG,AG,TT,TT,4G5G,,GG,CC,AA,,CC,GG,CC,GA,CT,AG,CC,CC,,,CG,GA,CT,GA,CT,CT,TT,GG,CC,CC,GG,CG,CG,AA,TT,CC,,,CC,TT,GG,CC,TT,TT,TT,TT,GA,,GA,AC,GT,CC,TT,AA,TT,TT,GA,GG,TT,TT,,,,,,,0.0,HH,02-1,Male,33.0,Caucasian,30.0,35.0,5.0,16.7,30.0,30.0,0.0,0.0,177.0,70.0,25.394,112.0,80.0,54.0,8.0,14.67,8.33,16.33,R,176.0,70.0,25.251,8.0,-1.634939094726578,1.508457686930106
HH-008,CA,ID,TT,AA,TT,GG,CC,GG,CG,CC,TC,,,,TT,,,,,,,CC,,TT,CG,CG,GG,,,,TC,AT,GA,,AG,GA,GA,CT,GT,GG,,GG,CC,AA,CC,CC,GG,GG,GG,AA,,"-9, +9",AG,CT,TC,CT,AC,TT,TC,,,,,,,,,AG,CT,GG,GG,CG,GG,TT,CC,TT,TC,CC,GA,GG,AG,AG,TC,AA,AA,AA,CT,AA,CG,GA,AT,TT,GG,TT,CT,CC,CC,,,,,,AA,GG,CT,GA,AA,GG,AT,AA,CC,GG,GG,CT,TT,TC,CC,CC,CC,TT,AA,AT,CC,,,AG,AC,AA,CT,CA,GG,GG,CT,GG,AA,AA,GG,TC,GG,GG,AA,GA,CC,CT,,,TT,AG,GT,CC,GT,GG,GA,GG,TC,AC,AA,GG,TT,AG,AG,TC,TT,4G4G,AA,GG,CC,AA,GG,,,CC,,CT,AA,TT,CC,,,CC,GA,CT,AA,CT,CT,TT,GG,CC,CC,GG,CG,CC,AA,TT,CT,,,CT,GT,AG,CC,TT,TT,TT,TT,GA,,AA,AC,TT,CT,GT,AG,CC,CT,AA,GA,TC,TT,,,,,,,0.0,HH,02-1,Female,31.0,Caucasian,12.5,22.5,10.0,80.0,12.5,15.0,2.5,20.0,160.0,66.0,25.822,100.0,70.0,66.0,16.67,20.67,15.33,20.33,R,157.0,66.0,25.338,17.33,-0.3079549976527036,1.3510639419488117
HH-009,,ID,CT,GA,TC,GA,CC,AG,CG,CC,TT,,,,,,,,,,,,,,,,,,,,,,,,,,GG,CC,GT,GA,,GG,CC,AA,CT,CC,AG,GA,GG,AA,,"-9, +9",AG,TT,TC,TT,AA,TA,TC,,,,,,,,,AA,TT,GG,GG,CG,,TT,CC,CT,TC,CC,GG,GG,AA,AA,TT,AA,,,CT,AA,GG,GA,AT,AT,GG,CC,,CC,CC,,,,,,AA,GG,,AA,AA,GG,AA,AA,CC,GG,GG,,TT,TT,,CT,CG,TT,GG,AT,CC,,,AG,AC,AA,CT,,,GG,CC,GG,GG,GG,GG,TC,GG,GG,AA,GA,CC,CT,,,CC,AG,GG,CT,GT,GG,GA,GG,TT,AA,AA,GG,TT,,AA,TT,TC,4G5G,AA,GG,CC,AA,GA,CC,GG,CC,,CT,AA,CC,CC,,,CC,GG,CT,AA,CT,CC,TT,GG,CC,CT,GA,CC,CG,AA,CT,CC,,,CC,,,CC,,,GT,CT,GG,,AA,AA,GG,CC,TT,AA,TT,CT,GG,GA,TC,TT,,,,,,,,,,,,,,,,,,,,,,,,,,,,,,,,,,,,-0.9221375132741687,0.8786472744086324
HH-010,CA,ID,TT,AA,TT,GG,CG,AG,CG,CC,TT,,,,,,,,,,,,,,,,,,,,,,,,,,GA,CT,GT,GG,,GG,CC,AA,CC,CT,GG,GG,GG,AA,,"-9, -9",GG,CC,TC,TT,AA,TA,TC,,,,,,,,,AG,CT,GG,GG,CC,GG,TT,CC,TT,CC,CG,GA,GG,GG,AA,TT,AA,GG,,CT,AA,CG,GG,AA,AT,GG,CC,,CC,CT,,,,,,AA,GG,TT,GG,TA,GA,AA,AA,CC,GA,GG,CC,TA,TT,CT,CC,CC,TT,GA,AA,CC,,,GG,AA,TA,CT,CA,GG,GG,CT,AA,AA,AG,GC,TT,GA,GG,GG,GA,CC,CC,,,CC,GG,GG,CC,TT,GT,GG,GG,CC,CC,AA,GG,TC,AA,AA,TT,TT,4G4G,AA,GG,CC,AA,GG,CC,GG,CT,,CC,AA,CT,CC,,,CG,GG,TT,GA,CT,CT,TT,GG,CC,CT,GA,CG,CG,AA,TT,CT,,,CC,,,CT,GG,CC,GT,CT,GA,,AA,AC,GT,CC,TT,AA,,CT,GG,AA,TC,TT,,,,,,,,,,,,,,,,,,,,,,,,,,,,,,,,,,,,2.6314039244016687,0.2969910522616572
HH-011,CC,II,CC,GG,CC,AA,CC,AG,CG,CC,TT,,,,TT,,,,,,,CC,,TT,CC,GG,GG,,,,CC,TT,GG,,AA,GG,GA,CT,GT,GG,,GG,CC,AA,CT,CC,AG,GG,GG,AA,CC,"-9, -9",AG,TT,TC,TT,AA,TA,TT,GG,CC,GG,TT,CC,,CC,GG,GG,CC,CC,AG,GG,GG,TT,CC,CC,TT,CG,GG,GA,AA,AA,TT,AA,GA,AT,CC,AA,GG,GG,AA,AT,GG,TT,CC,CC,CC,GG,TT,CC,GG,AA,AA,GG,CC,GG,AA,GG,AA,AA,CC,GG,GG,CT,TT,TT,CT,CC,GG,TT,GG,AA,CA,GG,GG,GG,AA,TA,CC,CC,GC,,CC,GG,AG,AG,GG,TC,GG,GG,AA,GA,CC,CC,CC,GG,CC,GG,GG,CT,GG,GT,GG,GA,,AC,AA,CC,TT,AA,GG,TT,TC,4G5G,AA,GG,CT,AA,GG,CC,AG,CC,GG,CT,AA,CC,CC,,,CC,GG,TT,AA,CT,CT,TC,GA,CC,CC,GG,CG,CG,AC,CT,CC,,,CC,TT,GG,CC,GT,TC,GG,CC,GA,,AA,AA,GT,CC,GT,AG,CC,CT,GA,GA,TC,TT,,,,,,,0.0,HH,02-1,Female,25.0,Caucasian,15.0,25.0,10.0,66.7,15.0,17.5,2.5,16.7,196.0,64.0,33.64,112.0,80.0,68.0,21.67,33.67,23.33,34.0,R,206.0,64.8,34.488,26.0,-0.48928049367326487,-1.1097182578148312
HH-012,CC,ID,CT,GA,TC,GA,CG,GG,GG,CC,TT,,,,GG,,,,,,,CC,,CT,CC,CC,GG,,,,TC,AT,GG,,GG,GA,GA,CT,GT,GG,,GG,CG,AA,CC,CC,AG,GA,GG,AA,CC,"-9, +9",AG,TT,TC,TT,AA,TT,CC,GG,CC,GG,TT,CC,AA,CC,GG,GG,CC,GG,GG,CC,GG,TT,CC,CT,TC,CG,GG,GG,AA,AA,TT,AC,GA,AA,CT,AA,GG,GG,AA,AT,GG,TT,CT,CC,CC,GG,TT,CC,GG,AA,AA,GG,CC,GG,AA,GG,AA,AA,CC,GG,,CC,TT,TC,CC,CC,CG,TT,GG,AT,CC,GG,GG,AG,AC,AA,CT,CA,GG,GG,TT,GA,GG,AG,GG,CC,GG,GG,AG,GG,CC,CT,CA,GT,CC,AG,GT,CC,GG,GT,GG,GA,CC,CC,AA,GC,TT,AG,AG,TT,TC,4G4G,AA,GG,CC,AA,GA,CG,AG,CC,GA,CC,AA,CC,CC,,,CG,GA,TT,AA,TT,TT,TT,GG,CC,CC,GG,GG,CC,AA,CT,CT,,,CC,GT,AG,CT,GG,CC,GG,CC,GG,,AA,AA,GG,CT,TT,AA,CC,CC,GG,AA,CC,TT,,,,,,,0.0,HH,02-1,Female,19.0,Caucasian,15.0,30.0,15.0,100.0,17.5,17.5,0.0,0.0,165.0,69.0,24.364,104.0,74.0,68.0,13.0,22.33,13.33,21.0,R,165.0,68.5,24.721,13.0,0.28961735658513454,0.1975940093637769
HH-013,CA,,CT,GA,TC,GA,CG,GG,CG,CC,TT,,,,,,,,,,,,,,,,,,,,,,,,,,GG,CC,TT,GG,,GG,CC,AA,CC,CC,GG,GA,GG,AA,,XX,AG,TT,TC,CT,AA,AA,,,,,,,,,,AA,CC,GG,GG,CC,GG,TT,CC,CT,,CC,GA,GG,AA,AA,TT,AC,GA,,CC,AA,CG,GG,AA,TT,GG,CC,,CC,CC,GG,,,,,AA,GG,TT,GG,TA,GG,AA,AA,CC,GG,GG,CC,TT,TT,CC,CC,CG,TT,GA,AA,CC,,,AG,AC,TA,CC,CA,CC,GG,CC,GG,GG,GG,GG,TC,GG,GG,AA,AA,CC,CC,,,TT,GG,GG,CT,GT,GG,GG,GG,,CC,AA,GC,TT,GG,AA,TT,TT,4G5G,AA,GG,CC,,GA,CC,GG,CC,,CC,AA,CT,CG,,,CC,GA,TT,AA,CC,CC,TT,GG,CC,CC,GG,CC,CC,AA,TT,CT,,,CC,,,CC,TT,TC,GT,CT,GG,,GA,AA,TT,CC,GT,AG,CC,CT,GA,GA,TC,TT,,,,,,,0.0,HH,02-1,Male,24.0,Other,30.0,37.5,7.5,25.0,30.0,30.0,0.0,0.0,147.0,62.5,26.455,100.0,68.0,66.0,8.33,14.0,10.67,11.67,L,148.0,62.5,26.635,6.0,-0.427661810903207,-0.15769044598511311
HH-014,CC,ID,CC,GG,CC,AA,CG,GG,CG,CC,TT,,,,GT,,,,,,,CT,,CT,CC,CG,GG,,,,TC,AA,GG,,GG,AA,GG,CC,GT,GA,,GG,CC,AA,CC,CC,GG,GA,GG,AA,,"-9, +9",AG,CT,TC,CT,AC,TA,TC,,,,,,,,,AG,CC,GG,AG,CG,GG,TT,CC,CC,TC,CC,GA,GG,AA,AA,TT,CC,GG,TT,TT,AA,GG,GA,AT,AA,GG,TT,CC,CC,CC,,,,,,AA,GG,CC,GA,AA,GG,AA,AA,CC,GG,GG,CC,TT,TT,CC,CC,CG,TT,GA,AA,CC,,,AG,AC,TT,CC,CA,GG,GG,CT,GA,AA,AA,GC,TC,GG,GG,AG,AA,CC,CC,,,CT,GG,GG,CC,GG,GT,GG,GA,TC,AC,AA,GG,TC,AA,AG,TT,TT,5G5G,AA,GG,CC,AA,GA,CC,GG,CC,,CC,GG,CC,CC,,,CG,AA,CT,AA,CC,CC,TT,GG,CC,CT,GA,GG,CG,AA,CT,CC,,,CC,TT,GG,CC,GT,TC,GT,CT,GG,,GA,AC,GT,CC,TT,AA,TT,CT,GA,GA,TC,TT,,,,,,,0.0,HH,02-1,Male,34.0,Caucasian,20.0,32.5,12.5,62.5,22.5,25.0,2.5,11.1,169.0,73.0,22.294,,,,6.33,9.67,8.0,9.67,R,172.0,73.0,22.69,8.0,-1.9401378944871828,0.005993740150391754
HH-015,CC,ID,CT,GA,TC,GA,CG,AG,CG,CC,TT,,,,,,,,,,,,,,,,,,,,,,,,,,GG,CC,TT,GG,,GG,CC,AA,CC,CC,GG,GA,GG,AA,,"-9, +9",GG,TT,TC,TT,AC,TT,TT,,,,,,,,,GG,CC,CC,AA,CG,GG,TT,CC,CT,,CG,GG,GG,AA,AA,TT,AC,GA,,TT,AA,GG,GG,AA,AA,GG,TT,,CC,CT,,,,,,AA,GG,CC,GA,AA,GG,AA,AA,CC,GG,GG,CC,TT,TT,CC,,CG,TT,GA,AT,CC,,,GG,AA,AA,CC,AA,GC,GG,CT,GA,AG,GG,GG,CC,GG,GG,AA,,CC,CC,,,TT,GG,GG,CT,GG,GT,GG,GA,CC,CC,AA,GC,TT,AG,AA,TT,TC,4G5G,,GG,CC,AA,GA,CC,GG,CC,,TT,AA,CC,CG,,,CC,GG,CT,AA,CT,CT,TC,GA,CC,CC,GG,GG,CC,AA,TT,TT,,,CT,,,CT,GT,CC,GT,CC,GG,,GA,AC,TT,CC,GT,AG,CC,CT,AA,GA,CC,TT,,,,,,,,,,,,,,,,,,,,,,,,,,,,,,,,,,,,-1.1335590467698011,-1.075570169309604
HH-016,CC,ID,CC,GG,CC,AA,CG,AG,CC,CC,TC,,,,,,,,,,,,,,,,,,,,,,,,,,GA,CT,GG,GA,,GG,CC,AA,CC,TT,GG,GG,GG,AA,,"-9, +9",GG,TT,TC,CC,AA,TT,TC,,,,,,,,,AG,CC,CG,GG,CC,GG,TT,CC,CC,CC,CC,GA,GG,AG,AG,CC,AA,GA,,TT,AA,GG,GG,AA,AT,GG,CC,,CG,CC,,,,,,AA,GG,TT,GG,TA,GG,AT,AT,CA,GA,GA,,TT,TC,CC,CC,CG,TT,GA,AA,CC,,,AA,CC,TT,CC,,GC,GG,CT,GG,AA,AG,CC,CC,GG,GG,,GA,CC,CC,,,CC,GG,TT,CC,GG,GG,GG,GA,TC,AC,AA,GG,TT,AA,AA,TT,TT,4G5G,AA,GG,CC,AA,GG,CC,,TT,,CC,AG,CC,CC,,,CC,GG,TT,GA,CC,CC,TC,GA,CC,CC,GG,CC,CG,AA,CT,TT,,,CC,,,CC,GT,TC,GT,CT,GA,,GA,AA,TT,CT,TT,AA,TT,TT,GA,GG,TT,TG,,,,,,,,,,,,,,,,,,,,,,,,,,,,,,,,,,,,7.45007818299317,7.225176706304816
HH-017,CC,DD,CT,GA,TC,GA,CG,GG,CG,CC,TT,,,,TT,,,,,,,CC,,TT,CC,GG,GG,,,,CC,TT,GG,,AA,GG,GG,CC,GT,GG,,GG,CC,AA,CC,CC,GG,GA,GG,AA,,"-9, +9",AG,TT,TC,TT,AC,TT,TC,,,,,,,,,AG,CT,GG,GG,CC,GG,TT,CC,CT,TT,CC,GA,GA,AA,AA,TT,AA,GA,AT,CC,AA,CG,GG,AA,AT,GG,CC,CC,CC,CT,,,,,,AA,GG,CC,GG,AA,GG,AA,AA,CC,GG,GG,CC,TT,TT,CT,CC,GG,TT,GA,AA,CC,,,AA,CC,AA,TT,CA,GC,GG,CC,AA,AG,GG,GG,CC,GA,GG,AG,GG,CC,CC,,,CT,GG,GG,CC,GT,GT,GG,GG,TT,AA,AG,GG,TT,GG,AA,TT,TT,4G5G,AA,GG,CC,AA,GA,CC,GG,CC,,CC,AA,CT,CC,,,CG,GA,CT,AA,TT,TT,TT,GG,CC,CC,GG,CC,CC,AA,TT,CT,,,CT,TT,GG,CT,GT,TC,GT,CT,GG,,GA,AA,GT,CC,GT,AG,CT,TT,AA,GA,TT,TT,,,,,,,0.0,HH,02-1,Male,23.0,Caucasian,27.5,35.0,7.5,27.3,30.0,27.5,-2.5,-8.3,136.0,69.5,19.794,,,,3.33,7.33,3.33,6.0,R,133.0,69.5,19.357,3.0,-1.3115860173989178,-0.501027905678953
HH-018,CA,II,CT,GA,TC,GA,CG,AG,CC,CC,TT,,,,,,,,,,,,,,,,,,,,,,,,,,GG,CC,TT,GG,,GG,CC,AA,CT,CC,AG,GG,GG,AA,CC,"-9, +9",AG,TT,TC,TT,AC,TA,TC,GG,CC,GG,TT,CC,AA,CC,GG,AG,CT,CC,AG,CC,GG,TT,CC,CT,TC,CC,GA,GA,AA,AG,TC,AA,AA,,CT,AA,GG,GG,AA,AA,GG,TC,,CC,TT,GG,TT,CC,GG,AA,AA,GG,CT,GG,TA,GG,AA,AA,CC,GA,GG,CT,TT,TC,CC,CC,CG,TT,GG,AT,CC,GG,CG,GG,AA,TA,CT,AA,GC,GG,CT,GA,AG,AG,GC,TC,GG,GG,AG,AA,CC,CT,CA,GG,CT,AG,GT,CC,GG,GT,GG,GG,TT,AA,AG,GG,TT,AG,AG,TT,TT,5G5G,AA,GG,CT,AA,GG,CC,AG,CC,GA,CC,AA,CC,CC,,,CC,GA,CT,AA,TT,TT,TT,GG,CT,CC,GG,CG,CC,AA,CC,TT,,,CC,,,CC,GT,TC,GT,CT,GG,,GA,AA,GG,CC,TT,AA,TT,CT,GA,GA,TC,TT,,,,,,,0.0,HH,02-1,Female,21.0,Other,12.5,20.0,7.5,60.0,12.5,12.5,0.0,0.0,150.0,62.5,26.995,90.0,60.0,76.0,15.67,20.67,17.33,22.0,R,156.0,62.5,28.075,14.67,-2.077995859962368,-0.30420633870424546
HH-019,CC,ID,TT,AA,TT,GG,CC,AG,CG,CC,TT,,,,,,,,,,,,,,,,,,,,,,,,,,GG,CC,TT,GG,,GG,CC,AA,CC,CC,GG,AA,GG,AA,CC,"-9, +9",AG,CT,TC,TT,AA,TA,TT,GG,CC,GG,TT,CC,AG,CC,GG,AG,CC,GG,GG,CC,GG,TT,CC,TT,TT,GG,GG,,AG,AA,TC,AC,GG,,CT,AG,CG,GG,AA,AA,GG,TT,,CC,CC,GG,TT,CC,GG,AG,AA,GG,CT,GG,AA,GG,AA,AA,CC,GG,GG,CC,TT,TT,CT,CC,CG,TT,GA,AA,AA,GG,,AA,CC,TA,CC,AA,GC,GG,CT,GA,AA,AG,GG,TC,GG,GG,AG,GA,CC,CT,CC,GG,CT,GG,GG,CC,GG,GT,GG,GG,TC,AC,AA,CC,TT,AA,AA,TT,TT,4G5G,AA,GG,CC,AA,AA,CC,GG,CC,GA,CC,AA,CT,CC,,,CC,GG,CT,GG,CT,CT,TC,GA,CC,CC,GA,CC,GG,AA,TT,CT,,,TT,,,CC,GG,CC,GG,CC,GG,,AA,AC,GT,CC,TT,AA,CC,TT,AA,GG,TT,TT,,,,,,,0.0,HH,02-1,Female,27.0,Hispanic,10.0,15.0,5.0,50.0,12.5,12.5,0.0,0.0,109.0,57.5,23.176,92.0,60.0,72.0,12.33,27.0,14.0,25.67,R,111.0,57.5,23.602,11.0,0.7198344430884203,-1.5594551024652596
HH-020,CA,ID,CC,GG,CC,AA,CC,AG,CC,CC,TT,,,,,,,,,,,,,,,,,,,,,,,,,,GG,CC,GT,GA,,GG,CC,AA,CC,CT,GG,GG,GG,AA,CC,"-9, +9",GG,TT,TC,CT,AC,TT,TT,,,,TT,CC,AG,CC,GG,AA,CT,GG,GG,CC,GG,TC,CG,CC,TC,CC,GA,GG,AG,AA,TC,AA,GA,,CT,AA,GG,GA,AT,AA,GG,TT,,CC,CC,GG,TT,CC,GG,AG,AG,GG,CC,GG,AA,GG,AA,AA,CC,GG,GG,CT,TT,TC,CT,CC,GG,TC,GG,AT,CC,GG,CG,AG,AC,AA,CC,CA,GG,GG,CC,GG,AA,AA,GG,CC,GG,GG,GG,GA,CC,CC,CC,GG,CC,GG,GG,CC,TT,GG,GG,GA,CC,CC,AA,GG,TC,AA,GG,TT,CC,5G5G,AA,GG,CC,AA,GG,CC,GG,CT,GA,CT,AG,CC,CC,,,CG,GA,TT,GG,CT,CC,TC,GA,CC,CC,AA,CC,GG,AC,TT,CT,,,CC,,,CT,GG,CC,GG,CC,GG,,GG,AA,GG,CC,TT,AA,TT,CT,GA,GG,TC,TG,,,,,,,0.0,HH,02-1,Female,36.0,African Am,7.5,15.0,7.5,100.0,12.5,10.0,-2.5,-20.0,144.0,62.0,26.335,94.0,70.0,68.0,19.67,31.67,20.67,29.33,R,145.0,62.0,26.518,15.67,4.003114725790666,3.809025709470209
HH-021,CC,ID,CC,GG,CC,AA,GG,GG,CC,CC,TT,,,,,,,,,,,,,,,,,,,,,,,,,,GA,CT,GG,GG,,GG,CC,AC,CC,CC,AA,GG,GG,AA,CC,"+9, +9",GG,CC,TC,CC,AA,TT,TT,GG,CC,GG,TT,CC,AG,CC,GG,AA,CT,CG,GG,CC,GG,TT,CC,CC,CC,CG,AA,GA,AG,AG,CC,AA,GG,,TT,AA,GG,GG,AA,AA,GG,TC,,CC,CC,GG,TT,CC,GG,AG,AG,GG,CC,GA,TT,GG,AA,AA,CC,GA,GG,CC,TT,TC,CT,CC,GG,TT,GG,AA,CC,GG,GG,GG,AA,TA,CC,CA,GC,GG,CC,AA,GG,GG,GG,TT,GG,GG,GG,GG,CG,CC,CA,GG,CC,GG,GT,CC,GG,GG,GA,GG,TT,AA,AA,GG,TT,AA,AG,TT,TC,5G5G,AC,GG,CC,AA,GG,CC,AA,CC,GG,CC,AA,CT,CC,,,CC,GG,CT,GA,TT,CT,TT,GG,CC,CC,GA,CC,CG,AA,CC,CC,,,CT,,,CC,GT,TC,TT,CC,GA,,GG,AA,GG,CC,TT,AA,CT,TT,GA,GA,TT,TG,,,,,,,0.0,HH,02-1,Female,33.0,African Am,12.5,15.0,2.5,20.0,12.5,15.0,2.5,20.0,126.0,64.5,21.292,112.0,70.0,70.0,8.67,15.67,10.33,16.67,R,131.0,64.5,22.136,6.0,5.30655958683837,7.217767214524392
HH-022,CC,ID,TT,AA,TT,GG,CC,AG,CG,CC,,,,,TT,,,,,,,CT,,TT,CC,CG,GA,,,,CC,AT,GA,,AG,GA,GA,CT,GT,GG,,GG,CC,AA,CT,CC,AG,GG,GG,AA,,"-9, -9",AG,TT,TC,CT,AC,TT,CC,,,,,,,,,AG,CT,CG,AG,CC,GG,TC,CG,TT,TT,GG,GG,GA,AG,AG,TC,AC,GA,AT,CT,AA,GG,GA,AT,TT,GG,TT,CT,CC,CC,,,,,,AA,GG,CT,GG,AA,GG,AA,AA,CC,GG,GG,CC,TT,TT,CC,CC,CC,TT,GA,AA,CC,,,AA,CC,TT,CC,CC,GC,GG,CC,GA,AA,GG,GG,,GG,GG,AA,GG,CC,CT,,,TT,AG,GG,CT,GG,GG,GA,GG,TC,AC,AA,GC,TT,AG,AG,TT,TT,4G5G,AA,GG,CT,AA,GG,CC,AG,CC,,CT,AG,CC,CC,,,CC,GA,CT,AA,CT,CT,TT,GG,CC,CC,GG,CG,CC,AA,TT,CT,,,CC,GG,AA,CC,GT,TC,GT,CT,GG,,GA,AC,GT,CC,TT,AA,TT,TT,GG,GG,TT,TT,,,,,,,0.0,HH,02-1,Female,34.0,Caucasian,10.0,20.0,10.0,100.0,12.5,12.5,0.0,0.0,123.0,67.5,18.978,100.0,54.0,66.0,6.33,18.0,5.33,18.33,L,125.0,68.8,18.565,3.67,-0.34203648299072126,-1.0293503571039164
HH-023,CC,DD,CC,GG,CC,AA,CG,AG,CC,CC,TC,,,,TT,,,,,,,CC,,TT,CC,GG,GA,,,,CC,TT,GG,,AA,GG,GA,CT,GG,GA,,GG,CG,AA,CC,CC,AG,GA,GG,AA,CT,"-9, +9",AG,CT,TC,CT,CC,TT,TT,GG,CC,GG,TT,CC,AG,CC,GG,AG,CC,GG,GG,CG,GG,TT,CC,CC,CC,CG,GA,GG,GG,GG,CC,AA,GA,AT,CT,AA,GG,GG,AA,AA,GG,TC,TT,CC,CC,GG,TT,CC,GG,AA,AA,GG,CT,GG,TA,GG,AA,AA,CC,GA,GG,CT,TT,TC,CT,CC,CG,TT,GG,AT,CC,GG,CG,AA,CC,TA,CC,CC,GC,GG,CC,GA,AG,AG,GC,TC,GG,GG,AA,GA,CG,CC,CA,GG,CT,GG,GT,CC,GG,GG,GG,GA,TC,AC,AA,CC,TT,AA,GG,TT,TC,4G5G,AA,GG,CC,AA,GA,CG,AG,CC,GA,CC,AA,CT,CC,,,CC,GA,TT,AA,CT,CC,TC,GA,CC,CT,GA,CC,CG,AA,CT,CC,,,CC,GT,AG,CT,GT,TC,GT,CT,GA,,GA,AC,GT,CC,TT,AA,CC,CT,GG,GA,CC,TT,,,,,,,0.0,HH,02-1,Male,40.0,Caucasian,42.5,51.0,8.5,20.0,47.5,51.0,3.5,7.4,212.0,72.5,28.354,130.0,80.0,75.0,4.33,7.33,4.67,7.67,L,206.0,72.5,27.552,4.33,0.9314491827893958,1.0885978062746582
HH-024,CC,ID,CT,GA,TC,GA,CC,AG,CG,CC,TT,,,,TT,,,,,,,CC,,TT,CC,GG,GG,,,,CC,TT,GG,,AG,GA,GG,CC,GT,GA,,GG,CC,AA,CC,CC,GG,GG,GG,AA,,"-9, +9",GG,CT,TC,CT,AC,TA,TC,,,,,,,,,GG,CC,CG,AG,CC,GG,TC,CG,CT,TC,CG,GG,GG,AG,AA,TC,AC,GA,TT,CT,AA,GG,GG,AA,AT,GG,CC,CT,CC,CT,,,,,,AA,GG,TT,GG,AA,GG,AA,AA,CC,GG,GG,CC,TT,TT,CC,CC,CC,TT,AA,AA,CC,,,AG,AC,AA,CT,CA,GG,GC,CC,GG,AA,AA,GC,TC,GG,GG,GG,AA,CC,CT,,,CC,AG,GT,CC,GG,GT,GG,GG,TC,AC,AA,CC,TT,AG,AA,TT,TC,4G5G,AA,GG,CC,AA,GG,CC,GG,CC,,CC,AG,CT,CC,,,CC,GG,CT,GA,CT,CT,TC,GA,CC,CC,GG,GG,CC,AA,CC,CT,,,CT,GT,AG,CT,GG,CC,GG,CC,GG,,AA,AA,GT,CC,TT,AA,CC,CT,GA,GA,TC,TT,,,,,,,0.0,HH,02-1,Female,26.0,Caucasian,12.5,17.5,5.0,40.0,12.5,12.5,0.0,0.0,133.0,64.3,22.614,112.0,66.0,68.0,11.0,18.0,11.33,15.67,R,132.0,64.3,22.444,8.0,-0.8348095607787727,-0.3834033560438959
HH-025,CA,DD,CT,GA,TC,GA,,GG,,CC,TT,,,,TT,,,,,,,CC,,TT,CC,GG,GG,,,,CC,TT,GG,,AA,GG,GG,CC,GT,GG,,GG,CC,AA,CC,CC,GG,GG,GG,AA,,"-9, +9",GG,CT,TC,CC,AA,AA,CC,,,,,,,,,AG,CT,GG,GG,CC,GG,TT,CC,CT,TC,CC,GG,GA,GG,AA,TC,AC,GA,TT,CT,AA,CG,GA,AT,AA,GG,TT,CC,CC,CC,,,,,,AA,GG,CC,GA,AA,GG,AA,AA,CC,GG,GG,CC,TT,TT,CT,CC,CG,TT,GG,AA,CC,,,AA,CC,AA,TT,CC,GC,GG,CT,GG,AA,AA,GG,TC,GG,GG,AA,GG,CG,CC,,,CT,GG,GG,CT,GT,GG,GA,GG,TC,AC,AA,GC,TC,AA,AG,TT,TT,4G5G,AA,GG,CC,,GG,CC,GG,CC,,CC,AA,CC,CC,,,CG,GA,CT,GA,CT,CT,TC,GA,CC,CT,GA,CG,CG,AA,CT,TT,,,CC,TT,GG,CT,GT,TC,GG,CC,GG,,GG,AA,TT,CC,GT,AG,TT,CT,GG,GA,TC,TT,,,,,,,0.0,HH,02-1,Female,28.0,Caucasian,12.5,20.0,7.5,60.0,15.0,15.0,0.0,0.0,124.0,64.8,20.76,104.0,70.0,56.0,11.0,16.33,11.33,17.0,R,128.0,64.8,21.43,7.0,-1.0701342954437618,0.803662722628204
HH-026,CA,II,CT,GA,TC,GA,CG,AG,CG,CC,TT,,,,GT,,,,,,,CT,,TT,CG,CG,GG,,,,CC,AT,GG,,AG,GA,GG,CC,GT,GA,,GG,CC,AA,CC,CC,GG,GG,GG,AA,CT,"+9, +9",GG,CT,TC,CC,AC,TT,TC,GG,CC,GG,TT,CC,AA,CC,GG,AG,CT,GG,GG,CC,GA,TT,CC,CT,TC,CG,GG,GG,AG,AA,TC,AA,GG,TT,CT,AA,GG,GA,AT,TT,GG,TC,CC,CC,CC,GG,TT,CC,GG,AA,AA,GG,CT,GG,TA,GA,AA,AA,CC,GA,GG,CT,TT,TC,CT,CC,CG,TT,AA,AA,CC,GG,GG,AG,AC,TT,CC,AA,GG,GG,CC,GG,AG,GG,GG,CC,GG,GG,AA,GG,CC,CC,CC,GG,CT,GG,GG,CC,TT,GG,GG,GG,TC,AC,AA,CC,TT,GG,AA,TT,CC,4G4G,AA,GG,CC,AA,GG,CC,GG,CC,GG,CC,,CC,CC,,,CC,GA,CT,GA,CT,CT,TC,GA,CC,CT,GA,CC,CG,AA,CT,TT,,,CC,GT,AG,CC,GT,TC,GT,CT,GG,,AA,AA,GT,CT,GT,AG,TT,CT,GG,GA,TC,TG,,,,,,,0.0,HH,02-1,Female,34.0,Caucasian,10.0,20.0,10.0,100.0,10.0,12.5,2.5,25.0,140.0,69.8,20.201,112.0,70.0,74.0,9.0,22.33,9.67,21.33,R,142.0,69.8,20.49,5.67,2.766870194205168,0.6364584593411405
HH-027,CC,II,CT,GA,TC,GA,CG,AG,CG,CC,TT,,,,GT,,,,,,,CT,,TT,CG,CG,GG,,,,CC,AT,GA,,AG,GA,GG,CC,GG,GA,,GG,CC,AA,CT,CC,AG,GG,GG,AA,CC,"+9, +9",GG,TT,TC,CC,AA,TT,TT,GG,CC,GG,TT,CC,,CC,GG,AA,TT,CC,AG,CG,AA,TT,CC,CT,CC,CC,GG,GG,AG,AA,TT,AA,AA,AA,CC,AA,GG,GG,AA,AT,GG,CC,CT,CC,CC,GG,TT,CC,GG,AA,AA,GG,CC,GG,AA,GG,AA,AA,CC,GG,GG,CC,TT,TT,CT,CC,GG,TT,GG,AT,CC,GG,CG,GG,AA,TT,CC,CA,GG,GG,CT,GA,AA,AA,GG,CC,GG,GG,AA,GA,CC,CC,CC,GG,CC,GG,GG,CT,GG,GG,GG,GG,TT,AA,AG,GC,TT,AG,AG,TT,CC,4G5G,AA,GG,CT,AA,GG,,AG,CC,AA,CC,AA,CC,CC,,,CC,AA,TT,AA,CC,CC,TC,GA,CC,CC,GG,CG,CC,AA,TT,CT,,,CT,GG,AA,CC,GG,CC,TT,TT,GG,,GA,AA,GG,CC,TT,AA,,CT,GA,GA,TC,TT,,,,,,,0.0,HH,02-3,Female,34.0,Caucasian,17.5,22.5,5.0,28.6,20.0,20.0,0.0,0.0,130.0,69.8,18.758,100.0,60.0,62.0,9.0,14.0,9.33,12.0,R,132.0,69.8,19.047,7.33,-1.2583140350385724,-1.4951688789301043
HH-028,CC,,TT,AA,TT,GG,CC,GG,CG,CC,TT,,,,,,,,,,,,,,,,,,,,,,,,,,GG,CC,GT,GA,,GG,CC,AA,CC,CC,GG,GG,GG,AA,,"-9, -9",AG,CT,TC,CT,AA,TA,TT,,,,,,,,,AG,CT,GG,GG,CC,GG,TT,CC,TT,TC,CG,GA,GG,AA,AA,TT,AC,GA,,CC,AA,GG,GA,AT,TT,GG,TC,,CC,CC,,,,,,AA,GG,TT,GG,TA,GA,AT,AA,CC,GA,GG,CT,TT,TT,CC,CC,CG,TT,GG,AA,CC,,,AG,AC,AA,CC,CA,GG,GG,CC,GG,AA,AA,GC,TC,GG,GG,AA,,CG,CT,,,,AG,GG,CC,GG,GG,GG,GA,TC,AC,AA,CC,TT,AG,AA,TT,CC,4G4G,AA,GG,CC,,GG,CC,GG,CC,,CC,AA,TT,CC,,,CC,GG,TT,AA,CC,CC,TT,GG,CC,CC,GG,GG,CC,AA,CT,TT,,,CC,,,CC,GG,CC,GG,CC,GG,,GA,AA,GT,CC,GT,AG,,CT,GA,GA,TC,TT,,,,,,,,,,,,,,,,,,,,,,,,,,,,,,,,,,,,1.0962692922217259,-0.7109442845196903
HH-029,CA,ID,CT,GA,TC,GA,CG,AG,CG,CC,TT,,,,,,,,,,,,,,,,,,,,,,,,,,GA,CT,GG,GA,,GG,CC,AC,CC,CC,AG,GA,GG,AA,CC,"-9, +9",AG,CT,TC,CC,AA,TT,,GG,CC,GG,TT,CG,GG,CC,GG,AA,CT,CG,GG,CC,GG,TC,CG,CT,,CG,GG,GG,AA,AA,CC,AA,AA,,CC,AG,GG,GG,AA,AA,GG,CC,,CC,CT,GA,TT,CC,GG,AA,AA,GA,CT,GG,TA,GG,AA,AA,CC,GA,GG,CT,TT,TC,CT,CT,CC,TC,GG,AT,CC,GG,GG,AG,CC,TA,CT,CA,GG,GG,CC,GA,AA,GG,,TC,GG,GG,GG,GG,CG,CC,CC,GT,CC,GG,GG,CC,TT,GG,GG,GA,CC,CC,AA,GG,TT,AA,AG,TT,TC,5G5G,AC,GG,CC,AA,GA,CC,AG,CC,GG,CC,AA,CC,CC,,,CC,GG,TT,GG,CC,CC,CC,AA,CC,CC,GA,CC,CG,AA,CT,TT,,,CC,,,CC,TT,CC,GT,CT,GG,,GA,AA,GT,CC,GT,AG,TT,CT,GA,GA,TC,TG,,,,,,,0.0,HH,02-1,Male,28.0,African Am,32.5,37.5,5.0,15.4,35.0,37.5,2.5,7.1,256.0,69.3,37.474,,,76.0,,,,,R,259.0,69.3,37.913,16.33,8.50114455428276,13.112930222576267
HH-030,CC,DD,CT,GA,TC,GA,CC,AA,CC,CC,TT,,,,GT,,,,,,,CC,,TT,CC,CG,GG,,,,CC,AA,GA,,AG,GG,GG,CC,GT,GA,,GG,CC,AA,CT,CC,AG,GG,GG,AA,,"-9, +9",GG,CC,TC,CT,AC,TA,TT,,,,,,,,,AG,CC,,,CC,GG,TT,CC,CT,TT,CG,GG,GG,AA,AA,TT,AC,GA,AA,CC,AG,CG,GG,AA,AA,GG,TT,TT,CC,CT,,,,,,AA,GG,CT,GG,TA,GG,AA,AA,CC,GA,GG,CC,TT,TT,CT,CC,CG,TT,GA,AA,CC,,,GG,AA,TA,CC,AA,GG,GG,CT,GA,,GG,GG,,GG,GG,AG,GA,CG,CT,,,,AG,GT,CC,GT,,GG,GG,TC,AC,AA,GC,TC,AG,AG,TC,TC,4G5G,AA,GG,CT,AA,GG,CC,,CC,,TT,AA,TT,CC,,,CC,AA,CC,AA,TT,TT,TT,GG,CC,CC,GA,CG,CC,AA,CT,CC,,,TT,GG,AA,CC,GT,TC,GT,CT,GG,,AA,AA,GG,CC,TT,AA,,CT,GA,GA,TC,TT,,,,,,,0.0,HH,02-2,Male,27.0,Caucasian,25.0,37.5,12.5,50.0,30.0,35.0,5.0,16.7,144.0,68.2,21.765,108.0,78.0,64.0,5.67,5.67,4.67,5.0,R,145.0,68.2,21.916,6.0,-0.7879227590151077,-0.6376616066368039
HH-031,CC,ID,CC,GG,CC,AA,CG,GG,GG,CC,TT,,,,GT,,,,,,,CC,,TT,CC,CG,GG,,,,CC,TT,GG,,AG,GG,GA,CT,GG,GG,,GG,CG,AA,CC,CC,AG,GA,GG,AA,CC,"-9, +9",GG,TT,TC,CT,AA,TA,TC,GG,CC,GG,TT,CC,AA,CC,GG,GG,CC,CG,AG,CC,GG,TT,CC,CC,TC,CC,GG,GG,GG,GG,CC,AA,GA,AT,CT,AA,GG,GG,AA,TT,GG,TC,TT,CC,CT,GG,TT,CC,GG,AA,AA,GG,CC,GA,TA,GG,AA,AA,CC,GG,GG,TT,TT,CC,CT,CC,CG,TT,GA,AA,CC,GG,CC,AG,AC,TA,CC,CA,GC,GC,CT,GG,AA,AA,GG,CC,GG,GG,GG,AA,CC,CC,CC,GG,CC,GG,GG,CC,GG,TT,GG,GA,CC,CC,AA,CC,TT,AA,AG,TT,TC,4G4G,AA,GG,CC,AA,GA,CG,AG,CC,GG,CC,AA,CC,CC,,,CC,GG,TT,AA,CT,CT,TT,GG,CC,CC,GG,GG,CC,AA,CT,TT,,,CC,GG,AA,CC,GG,CC,GG,CC,GA,,GA,AA,GT,CC,TT,AA,,CC,AA,AA,CC,TT,,,,,,,0.0,HH,02-2,Male,29.0,Caucasian,42.5,45.0,2.5,5.9,40.0,40.0,0.0,0.0,169.0,66.5,26.866,130.0,82.0,72.0,3.0,12.0,5.0,12.67,L,170.0,66.5,27.025,3.33,-1.1521851751299974,-1.3539676218794416
HH-032,CC,II,CC,GG,CC,AA,CG,GG,CG,CC,TT,,,,,,,,,,,,,,,,,,,,,,,,,,AA,TT,GG,GG,,GG,CG,AC,CC,CC,AA,GG,GG,AA,,"-9, -9",AG,CC,TC,CC,AA,TT,TT,,,,,,,,,AG,CC,GG,GG,CC,GG,TT,CC,CC,TC,CG,GA,GG,AG,AG,TC,AA,GA,,CT,AA,GG,GA,AT,AA,GG,TC,,CC,CC,,,,,,AG,GG,CT,GA,TA,GG,AA,AA,CC,GA,GG,CT,TT,TC,CC,CC,GG,TT,GA,AA,CC,,,AG,CC,TT,CC,CC,GC,GG,CC,GA,AA,GG,GG,TC,GG,GG,GG,GG,GG,CT,,,CC,AG,GT,CC,TT,GG,GA,GG,TC,AC,AA,GG,TT,AA,AG,TT,TT,5G5G,AC,GG,CC,AA,GG,CG,AA,CC,,CT,GG,CC,CC,,,CC,GA,TT,GA,CT,CT,TT,GG,CC,CC,AA,CC,CG,AA,TT,TT,,,CC,,,CC,GT,TC,GT,CT,GG,,GA,AA,TT,CC,GT,AG,,TT,GG,GG,TT,TG,,,,,,,0.0,HH,02-2,Male,22.0,African Am,22.5,35.0,12.5,55.6,25.0,30.0,5.0,20.0,173.0,68.5,25.919,140.0,78.0,72.0,7.67,14.0,6.67,12.0,R,171.0,68.5,25.619,6.67,5.648494512887943,8.46974214499198
HH-033,CA,ID,CT,GA,TC,GA,CC,AG,CG,CC,TT,,,,TT,,,,,,,CT,,TT,CC,CG,GA,,,,CC,TT,GG,,AA,GG,GG,CC,TT,GG,,GG,CC,AA,CT,CC,AG,GG,GG,AA,,"-9, -9",GG,TT,TC,TT,AA,TA,TT,,,,,,,,,GG,CC,CG,GG,CG,GG,TT,CC,CT,TC,CC,GG,GG,AG,AG,TC,AA,GA,AT,CT,AG,GG,GG,AA,AT,GG,TT,CC,CC,CT,,,,,,AA,GG,CC,GG,AA,GG,AA,AA,CC,GG,GG,CC,TT,TT,CT,CC,CG,TT,GA,AA,CA,,,AG,AC,TA,CT,CA,GG,GC,CC,GA,AA,,GC,TC,GG,GG,AG,GG,CC,CC,,,CC,GG,GG,CC,GG,GT,GG,AA,CC,CC,AA,GC,TT,AA,AA,TT,TT,4G5G,AA,GG,CT,AA,GG,CC,AG,CC,,CC,AA,CT,CC,,,CC,GA,TT,AA,CT,CT,TC,GA,CC,CC,GA,CG,CC,AA,CT,CT,,,CC,GT,AG,CC,GG,CC,GG,CC,GG,,GA,AA,GG,CC,TT,AA,,CT,GG,GA,TC,TT,,,,,,,0.0,HH,02-2,Female,21.0,Caucasian,15.0,17.5,2.5,16.7,15.0,,,,164.0,64.5,27.713,122.0,80.0,80.0,12.0,25.0,16.33,29.33,R,160.0,64.5,27.037,22.67,-1.548170707406412,-2.0383816795982974
HH-034,CA,ID,CT,GG,TC,GA,CC,AA,CC,CC,TT,,,,GT,,,,,,,CC,,TT,CC,CG,GG,,,,CC,TT,GG,,AA,GG,GA,CT,GT,GG,,GG,CC,AA,CT,CT,AG,GG,GG,AA,CC,"+9, +9",AG,TT,TC,CT,AA,TT,TC,GG,CC,GG,TT,CC,AA,CC,,AA,CT,GG,GG,CC,GG,TT,CC,CT,TC,CC,GG,GG,GG,GG,CC,CC,GG,AT,TT,AA,GG,GA,AT,AA,GG,TC,CT,CC,CC,GG,TT,CC,GG,AA,AA,GG,CT,GG,AA,GG,AA,AA,CC,GG,GG,CT,TT,TT,CC,CC,CC,TT,GG,TT,CC,GG,GG,AA,CC,TA,CC,CA,GG,GG,TT,GA,AG,AG,GG,CC,GG,GG,AA,GA,CG,CC,CC,GG,CT,GG,GG,CC,GT,GT,GA,GG,TC,AC,AA,CC,TT,GG,AA,TT,TC,4G5G,AA,GG,,AA,GG,CC,AG,CT,GG,CC,GG,CC,CG,,,CC,GA,TT,AA,CT,CT,TT,GG,CC,CC,GG,CC,CC,AA,TT,CT,,,CC,GG,AA,CT,GT,TC,GT,CT,GA,,GA,AA,GG,CC,TT,AA,,TT,GA,GG,TT,TT,,,,,,,0.0,HH,02-2,Female,29.0,Caucasian,12.5,20.0,7.5,60.0,15.0,15.0,0.0,0.0,163.0,62.5,29.335,102.0,72.0,78.0,16.67,27.0,15.0,24.0,R,154.0,62.5,27.715,13.67,-0.8533805239493187,0.4136449369928211
HH-035,CC,,TT,AA,TT,GG,CG,GG,CC,CC,TT,,,,TT,,,,,,,CC,,TT,CC,GG,GG,,,,CC,TT,GG,,AA,GG,GG,CC,GT,GA,,GG,CC,AA,CC,CC,GG,GA,GG,AA,CT,"+9, +9",GG,CT,TC,CT,AC,TA,CC,GG,CC,GG,TT,CC,AA,CC,GG,AA,CT,CC,AG,CC,GG,TT,CC,TT,CC,CG,AA,GG,AG,AA,TC,AA,GG,TT,CC,AA,GG,GG,AA,TT,GG,TT,CT,CC,CC,GG,TT,CC,GG,AA,AA,GG,CC,GG,TA,,AA,AA,CC,GA,GG,CC,TT,TT,TT,CC,CG,TT,GA,AA,CC,GG,CG,GG,AA,TA,CC,AA,GC,GG,CC,GG,AA,AA,GG,CC,GG,GG,AA,GG,GG,CC,CA,GG,CT,GG,GT,CC,GT,GT,GG,GA,TC,AC,AA,GC,TT,GG,AA,TT,TC,4G5G,AA,GG,CC,AA,GA,CC,GG,CC,GG,CC,AG,CT,CC,,,CC,GG,CT,AA,CT,CT,TT,GG,CC,TT,GA,CC,GG,AA,TT,TT,,,CC,GG,AA,CT,TT,TT,GG,CC,GA,,GA,AA,GG,CC,TT,AA,,TT,AA,GG,TT,TT,,,,,,,0.0,HH,02-2,Female,38.0,Caucasian,5.0,12.5,7.5,150.0,7.5,7.5,0.0,0.0,155.0,65.0,25.791,134.0,82.0,78.0,17.0,16.67,20.0,23.67,R,153.0,65.0,25.458,15.0,-0.6151511872590477,0.30101303720786826
HH-036,CC,DD,CC,GG,CC,AA,CG,AA,CC,CC,TT,,,,,,,,,,,,,,,,,,,,,,,,,,GG,CC,GT,GG,,GG,CC,AA,CC,TT,GG,GG,GG,AA,,"-9, -9",GG,CT,TC,TT,AA,TA,TC,,,,,,,,,GG,CC,CG,AG,CC,GG,TT,CC,CC,TT,CG,GG,GA,GG,AA,CC,AA,GG,,CT,AA,GG,GG,AA,AT,GG,TT,,CC,CC,,,,,,AA,GG,CT,GG,TT,GA,AA,AA,CC,GA,GG,CC,TA,TC,CT,CC,GG,TT,GG,AA,CA,,,GG,AC,TT,CC,CA,GG,GG,CC,GG,GG,GG,GG,TT,GG,GG,AG,AA,CC,CC,,,CT,GG,GG,CC,GG,GG,GG,GA,TC,AC,AA,GC,TT,AA,GG,TT,CC,4G4G,AA,GG,CC,AA,GG,CC,GG,TT,,CC,AA,CC,CC,,,CC,GA,CT,GA,CT,CT,TT,GG,CC,CC,GA,CC,CG,AA,TT,CC,,,CC,,,CC,GG,CC,GG,CC,GG,,GA,AC,GT,CC,TT,AA,,TT,GA,GG,TT,TT,,,,,,,0.0,HH,02-2,Female,28.0,Asian,10.0,15.0,5.0,50.0,12.5,12.5,0.0,0.0,112.0,61.0,21.16,92.0,62.0,120.0,18.0,21.33,14.0,21.0,R,110.0,61.0,20.782,12.0,4.106545103177081,-1.0065805309598328
HH-037,,,,,,,,,,,,,,,,,,,,,,,,,,,,,,,,,,,,,,,,,,,,,,,,,,,,,,,,,,,,,,,,,,,,,,,,,,,,,,,,,,,,,,,,,,,,,,,,,,,,,,,,,,,,,,,,,,,,,,,,,,,,,,,,,,,,,,,,,,,,,,,,,,,,,,,,,,,,,,,,,,,,,,,,,,,,,,,,,,,,,,,,,,,,,,,,,,,,,,,,,,,,,,,,,,,,,,,,,,,,,,,,,,,,,,,,,,,,,,,,,,,,,,,,,,,,,,,4.144103703791282e-17,-1.0900765763055393e-17
HH-038,CC,ID,CT,GA,TC,GA,CC,AA,CC,CC,TT,,,,,,,,,,,,,,,,,,,,,,,,,,GG,CC,GG,GA,,GG,CC,AA,CC,CT,GG,GA,GG,AA,,"+9, +9",GG,CT,TC,CC,AC,TT,CC,,,,,,,,,AG,CC,CG,GG,CC,GG,TT,CC,CT,TT,CC,GG,GG,GG,AA,TT,AA,GA,,CT,AA,GG,AA,TT,AA,TT,TT,,CC,CT,,,,,,AG,GA,TT,GG,TT,GG,AT,TT,AA,AA,AA,CC,TT,TT,CC,CC,CG,TT,GA,AA,CC,,,AG,CC,TT,CC,CC,GG,CC,CC,GA,AG,AG,GG,TT,GG,GG,AG,GA,CG,CC,,,CC,GG,TT,CC,GT,GG,GG,GG,TC,AC,AA,GC,TC,AA,AA,TC,TT,5G5G,AA,GG,CC,AA,GA,CC,GG,CT,,CC,AG,CC,CC,,,CC,GG,TT,GG,CT,CC,TC,GA,CC,TT,AA,CC,GG,AA,CC,TT,,,CT,,,CC,GT,CC,GT,CC,GG,,GA,AC,GT,CC,TT,AA,,CT,GG,GA,TC,GG,,,,,,,,,,,,,,,,,,,,,,,,,,,,,,,,,,,,12.854731673603318,12.512127772021994
HH-039,CA,DD,CT,GA,TC,GA,CC,AG,CG,CC,TT,,,,GT,,,,,,,CT,,CT,CC,CC,GA,,,,TC,AT,GG,,AG,GA,GG,CC,GT,GG,,GG,CC,AA,CC,CC,GG,GG,GG,AA,,"-9, +9",AG,TT,TC,TT,AA,TA,TT,,,,,,,,,AA,CT,CG,GG,CG,GA,TC,CG,CT,TC,CG,GG,GG,AG,AG,TC,CC,GG,TT,CT,AA,GG,GG,AA,AT,GG,TT,CC,CC,CT,,,,,,AA,GG,TT,GA,AA,GG,AA,AA,CC,GG,GG,CC,TT,TT,CC,CC,CC,TT,GA,AA,CC,,,AG,AC,AA,TT,CA,GG,GG,CT,GG,AG,AG,GG,TC,GA,GG,AG,GA,CC,CC,,,TT,GG,GG,CC,GG,TT,GG,GG,TT,AA,AA,CC,TT,AA,AG,TT,TC,5G5G,AA,GG,CC,,GG,CC,,CC,,CC,AG,CT,CC,,,CG,GA,CT,AA,CT,CT,TT,GG,CC,CC,GG,GG,CC,AA,TT,CC,,,CT,GT,AG,CT,GG,CC,GG,CC,GG,,GA,AC,TT,CC,TT,AA,,CT,GG,GA,TC,TT,,,,,,,0.0,HH,02-2,Male,34.0,Caucasian,30.0,35.0,5.0,16.7,30.0,32.5,2.5,8.3,305.0,70.0,43.758,140.0,88.0,62.0,19.67,29.0,27.0,30.0,R,292.0,70.0,41.893,20.0,-1.345522974608804,-1.0418832847168404
HH-040,CA,DD,TT,AA,TT,GG,CG,AG,CG,CC,TT,,,,GG,,,,,,,CC,,CT,CC,CC,GG,,,,TC,AT,GG,,GG,GA,GA,CT,GG,GA,,GG,CC,AA,CT,CC,AG,GA,GG,AA,,"-9, +9",GG,CT,CC,CT,AC,TT,TC,,,,,,,,,AG,CC,GG,GG,CG,GG,TT,CC,TT,CC,CC,GG,GA,AA,AA,TT,AC,GG,AT,CT,AA,GG,GG,AA,AA,GG,TC,CT,CC,TT,,,,,,AA,GG,CT,GG,AA,GG,AA,AA,CC,GG,GG,CC,TT,TT,CT,CC,CG,TT,GG,AT,CC,,,GG,AA,TA,CC,AA,CC,GG,TT,GA,AG,AG,GC,TC,GG,GG,AG,GA,CC,CC,,,,GG,GT,CC,GG,GG,GG,GG,TC,AC,AG,GC,TT,AG,AG,TT,TC,4G5G,AA,GG,CT,,GA,CC,AG,CC,,CC,AG,CC,CC,,,CC,GG,TT,AA,CC,CC,TT,GG,CC,CC,GG,CG,CC,AA,CT,CC,,,CT,GT,AG,CC,TT,TT,TT,TT,GG,,AA,AC,GT,CC,TT,AA,,CT,GA,GA,TC,TT,,,,,,,0.0,HH,02-2,Female,21.0,Caucasian,15.0,20.0,5.0,33.3,15.0,12.5,-2.5,-16.7,114.0,63.0,20.192,128.0,70.0,84.0,8.33,20.0,7.33,18.0,L,114.0,63.5,19.875,8.0,-1.7787945022205183,0.42414391300166165
HH-041,CC,,CT,GA,TC,GA,CC,AG,CG,CC,TT,,,,,,,,,,,,,,,,,,,,,,,,,,GA,CT,GG,GG,,GG,CC,AA,CT,CT,AG,GG,GG,AA,CC,"-9, -9",GG,TT,TC,CT,AA,TT,TT,GG,CC,GG,TT,CC,AG,CC,GG,AA,CT,GG,GG,CC,GG,TT,CC,CT,TC,CC,GG,GG,AG,AG,TC,AA,GG,,CT,AG,GG,GG,AA,AT,GG,TT,,CC,CC,GG,TT,CC,GG,AA,AA,GG,CC,GG,AA,GG,AA,AA,CC,GG,GG,CT,TT,TC,CC,CC,GG,TT,GA,AA,CC,GC,CG,AG,AC,TT,CC,CC,GG,GG,CC,GA,AA,AG,GG,TC,GG,GG,AG,GG,CG,CC,CC,GT,TT,GG,GG,CT,GT,GG,GA,GG,,AA,AA,GG,TT,,AA,TT,TT,4G5G,AA,GG,CT,AA,GG,CC,AG,CT,GG,CC,AA,CC,CC,,,CC,GG,CC,GA,CC,CC,TC,GA,CC,CC,GA,CC,CC,AA,CT,TT,,,CC,,,CC,GG,CC,GG,TT,GA,,GG,AC,TT,CC,TT,AA,,TT,GG,GA,TT,TT,,,,,,,0.0,HH,02-2,Male,27.0,Other,40.0,47.5,7.5,18.8,37.5,42.5,5.0,13.3,228.0,72.0,30.919,138.0,70.0,84.0,4.67,9.0,4.67,8.0,R,227.0,72.0,30.783,9.0,1.412425400075835,0.28688730883836944
HH-042,CC,ID,CT,GA,TC,GA,CC,AA,CC,CC,TT,,,,TT,,,,,,,CC,,TT,CC,GG,GG,,,,CC,AT,GG,,AG,GA,GG,CC,GG,AA,,GG,CC,AA,CC,CT,GG,GG,GG,AA,,"-9, -9",AG,TT,TC,TT,AC,TA,TT,,,,,,,,,AG,CT,CG,AG,CC,GA,TC,CG,CT,CC,CG,GG,GG,GG,AG,CC,AC,GA,AT,CC,AA,CG,GG,AA,AT,GG,TC,CT,CC,CT,,,,,,AA,GG,CC,GA,TA,GG,AA,AA,CC,GG,GG,CC,TT,TT,CC,CC,CG,TT,GG,TT,CC,,,AG,AC,TA,CC,CC,GC,GG,CT,AA,AG,GG,GG,TC,GG,GA,AG,AA,CC,CT,,,CT,AG,GG,CT,GT,GG,GG,GG,TT,AA,AA,GC,TC,AG,AG,TT,TC,4G5G,AA,GG,CC,AA,GG,CC,GG,CT,,CC,AA,CT,CC,,,CG,GA,CT,GA,TT,CT,TT,GG,CC,CC,GG,CG,CG,AA,TT,TT,,,CT,GG,AA,CC,GT,TC,GG,CC,GG,,GA,AA,GG,CC,TT,AA,,CT,GG,GA,TC,TT,,,,,,,0.0,HH,02-2,Female,39.0,Caucasian,12.5,15.0,2.5,20.0,15.0,10.0,-5.0,-33.3,173.0,65.0,28.786,102.0,70.0,66.0,28.0,44.0,29.0,43.0,R,174.0,65.0,28.952,26.33,-0.5232454631022002,-0.11936687671576761
HH-043,CA,ID,CC,GG,CC,AA,CC,GG,CG,CA,TT,,,,,,,,,,,,,,,,,,,,,,,,,,GG,CC,GT,GA,,GG,CC,AA,CC,CC,GG,GG,GG,AA,,"-9, +9",AG,CT,TC,TT,AA,AA,TC,,,,,,,,,GG,CC,CG,AG,CG,GG,TT,CC,CC,CC,CG,GA,GG,GG,GG,CC,AC,GA,,CC,AA,CC,GG,AA,AT,GG,TT,,CC,CT,,,,,,AA,GG,CC,GA,AA,GG,AA,AA,CC,GG,GG,CC,TT,TT,CT,CC,CC,,AA,AT,CC,,,AG,AC,TA,CT,CA,GC,GG,CC,GA,,GG,GG,CC,GG,GG,AG,GA,CC,CC,,,TT,GG,GG,CC,GT,TT,GA,GG,TC,AC,AA,CC,TC,AA,AG,,TC,4G4G,AA,GG,CC,AA,GG,CC,,CC,,CC,AA,CC,CC,,,CG,GA,CT,AA,CT,CT,TC,GA,CC,CC,GG,CG,CC,AA,TT,CC,,,CC,,,CT,GG,CC,GG,CC,GG,,AA,AC,GT,CC,TT,AA,,CT,GA,GA,TC,TT,,,,,,,,,,,,,,,,,,,,,,,,,,,,,,,,,,,,-2.006877212927211,-1.778121152512375
HH-044,CA,II,CC,GG,CC,AA,CG,AG,CC,CC,TC,,,,,,,,,,,,,,,,,,,,,,,,,,GG,CC,GT,GA,,GG,CC,AA,CC,CT,GG,GA,GG,AA,,"-9, -9",GG,CT,TC,CT,AC,TA,TT,,,,,,,,,AA,CT,CG,GG,CC,GG,TT,CC,CC,CC,CG,GA,GG,AG,AG,TC,CC,GG,,CC,AA,CG,GG,AA,AT,GG,TT,,CC,CT,,,,,,AA,GG,CT,GG,AA,GG,AA,AA,CC,GG,GG,CT,TT,TT,TT,CC,CG,TT,GA,AT,CC,,,AG,AC,AA,CT,CA,GC,GG,CT,GG,AA,GG,GG,TT,GG,GG,AA,GA,CC,CT,,,CC,AG,GT,CT,GT,GG,GA,GG,TC,AC,AA,GC,CC,AG,AA,TT,,4G4G,AA,GG,CC,AA,GA,CC,GG,CT,,CC,AA,CC,CC,,,CC,GG,CT,AA,CT,CT,TT,GG,CC,CC,GG,CG,CC,AA,TT,CT,,,CC,,,CC,GG,CC,GT,CT,GG,,AA,AA,GT,CT,GT,AG,,CC,GG,AA,CC,TT,,,,,,,0.0,HH,02-2,Male,28.0,Asian,17.5,25.0,7.5,42.9,20.0,20.0,0.0,0.0,144.0,71.0,20.082,122.0,68.0,48.0,7.0,12.33,8.0,12.0,R,143.0,71.0,19.942,6.0,1.340869653940946,-1.0467500466160498
HH-045,AA,ID,CT,GA,TC,GA,CG,AG,CG,CC,TT,,,,GT,,,,,,,CC,,TT,CC,CG,GG,,,,CC,TT,GG,,AG,GG,GG,CC,GT,GA,,GG,CC,AA,CT,CC,AG,GA,GG,AA,,"-9, +9",GG,CT,TC,CC,AA,TA,CC,,,,,,,,,GG,CC,GG,GG,CC,GG,TT,CC,CT,TT,CG,GG,GG,AA,AA,TT,AC,GA,AA,TT,AA,GG,GG,AA,AT,GG,TC,TT,CC,CT,,,,,,AA,GG,TT,GG,AA,GG,AA,AA,CC,GG,GG,CT,TT,CC,CC,CC,CG,TT,GA,TT,CC,,,GG,AA,TA,CT,CC,GG,GG,CT,GG,AA,AA,GC,TC,GG,GG,AA,GA,CG,CT,,,CT,AG,GG,CC,GT,GG,GG,GG,TC,AC,AG,GC,TT,AA,AG,TC,TT,4G4G,AA,GG,CT,AA,GA,CC,AG,CC,,CC,AA,CC,CC,,,CG,GA,TT,GA,CC,CC,TC,GA,CC,CT,GA,GG,CG,AA,TT,CT,,,CC,GG,AA,CC,GT,TC,GT,CT,GG,,AA,AA,GT,CC,TT,AA,,CT,GA,GA,TC,TT,,,,,,,0.0,HH,02-2,Female,30.0,Caucasian,10.0,12.5,2.5,25.0,12.5,12.5,0.0,0.0,135.0,64.2,23.026,120.0,82.0,72.0,6.67,14.67,13.33,16.0,R,130.0,64.0,22.312,7.0,-1.611003536771268,-0.2356675129492225
HH-046,CA,ID,CT,GA,TC,GA,CG,AG,CG,CC,TT,,,,GT,,,,,,,CC,,TT,CC,CG,GG,,,,CC,AT,GG,,AG,GA,GA,CC,GT,GG,,GG,CC,AA,CC,CC,GG,GG,GG,AA,,"-9, -9",AG,CT,TC,CT,AA,TA,CC,,,,,,,,,AG,CT,CG,AG,CC,GG,TT,CC,CT,TT,CC,GG,GA,AG,AG,TC,AC,GG,AT,TT,AA,GG,GG,AA,AA,GT,TC,CT,CC,CC,,,,,,AA,GA,CC,GA,TA,GG,AA,AT,CA,GA,GG,TT,TT,CC,CC,,CC,TT,GG,AT,CC,,,GG,AA,TT,CC,AA,GC,GG,CT,GA,AA,AG,GG,TC,GG,GG,AG,GA,CC,CC,,,CC,GG,GG,CT,GG,GG,GG,GA,CC,CC,AA,GG,TT,AG,AG,TT,TC,5G5G,AA,GG,CC,,GG,CC,GG,CC,,CT,AA,CT,CC,,,CC,GG,CC,AA,TT,CT,TT,GG,CC,CT,AA,CC,CG,AA,CT,CT,,,CC,TT,GG,CC,GG,CC,GG,CC,GG,,GG,AC,TT,CC,TT,AA,,TT,GG,GA,TT,TG,,,,,,,0.0,HH,02-3,Female,21.0,Caucasian,15.0,22.5,7.5,50.0,15.0,15.0,0.0,0.0,138.0,65.8,22.407,98.0,64.0,72.0,8.67,17.67,10.33,16.67,R,128.0,65.8,20.783,6.33,3.1551062921808057,3.269184777576084
HH-047,CC,ID,TT,AA,TT,GG,CC,GG,CG,CA,TT,,,,TT,,,,,,,CC,,TT,CC,GG,GG,,,,CC,TT,GG,,AA,GG,GG,CC,GT,GA,,GG,CG,AA,CC,CC,AG,GA,GG,AA,,"-9, +9",GG,TT,TC,TT,AA,TA,TT,,,,,,,,,GG,CT,GG,GG,CG,GG,TT,CC,TT,TC,CC,GA,GG,AG,AG,TC,AA,AA,TT,TT,AA,GG,GG,AA,,GG,TT,CC,CC,CT,,,,,,AG,GG,CC,GA,TA,GG,AA,AA,CC,GA,GG,CC,TT,TT,CC,CT,CC,,GA,AT,CA,,,AG,AC,AA,TT,CA,GG,GG,CC,GA,AG,AG,GG,TC,GA,GG,GG,AA,CC,CC,,,CC,GG,GT,CC,GT,GG,GG,GG,TC,AC,AA,GG,TT,AA,AA,TC,TC,5G5G,AA,GG,CC,AA,GA,CG,AG,CC,,CT,AA,CT,CC,,,CC,GG,TT,AA,TT,TT,TT,GG,CC,CC,GG,CC,CC,AA,CT,CT,,,CC,GT,AG,CC,GT,TC,GT,CT,GG,,GA,AA,GG,CC,TT,AA,,CT,GG,GA,TC,TT,,,,,,,0.0,HH,02-3,Female,31.0,Caucasian,15.0,22.5,7.5,50.0,15.0,17.5,2.5,16.7,202.0,69.2,29.655,116.0,78.0,60.0,18.33,29.33,20.67,25.67,R,201.0,69.2,29.508,19.67,0.748156940360082,1.3254702195265349
HH-048,CA,II,CT,GA,TC,GA,CC,AG,CC,CA,TT,,,,,,,,,,,,,,,,,,,,,,,,,,GG,CC,GG,AA,,GG,CC,AA,CC,CT,AG,GG,GG,AA,,"+9, +9",AG,TT,TC,CT,AC,TT,TC,,,,,,,,,AA,CC,GG,GG,CG,GG,TT,CC,CT,TC,CC,GA,GG,AG,AG,TC,AA,GA,,TT,AA,GG,GA,AT,AA,GG,CC,,CC,CC,,,,,,AA,GA,TT,GG,TT,GG,AT,TT,AA,AA,AA,CT,TT,TC,CC,CC,CG,TT,GG,AA,CC,,,AA,CC,TT,CC,CC,GC,GG,CC,AA,GG,GG,GG,TT,GG,GG,GG,GA,CC,CC,,,,GG,GG,CT,TT,GG,GG,GG,TC,AC,AA,GC,TC,AG,AG,TT,CC,5G5G,AA,GG,,AA,GG,CC,AG,CT,,CT,GG,CC,CC,,,CC,GA,CC,AA,CT,CT,TT,GG,CC,CC,AA,CC,CG,AC,CC,TT,,,CC,,,CT,GT,TC,GT,CT,GA,,GA,AA,GT,CC,TT,AA,,TT,GG,GG,TT,GG,,,,,,,,,,,,,,,,,,,,,,,,,,,,,,,,,,,,11.210129564371131,12.154170894766786
HH-049,CC,ID,CC,GA,CC,GA,CC,GG,CG,CA,TT,,,,,,,,,,,,,,,,,,,,,,,,,,AA,TT,GG,GG,,GG,CC,AA,CC,CC,GG,GG,GG,AA,,"-9, +9",GG,TT,TC,CT,AA,TT,TT,,,,,,,,,AG,CC,GG,GG,CC,GG,TC,CG,CT,TC,CG,GA,GA,AG,AA,TT,CC,GA,,CT,AA,GG,GG,AA,AA,GG,CC,,CC,CT,,,,,,AA,GG,CT,GA,AA,GG,AA,AA,CC,GG,GG,CT,TT,TT,CC,CC,GG,,GG,AT,CC,,,GG,AA,TA,CC,CA,GC,GG,CC,GG,AA,AA,GG,CC,GG,GG,AA,GG,CG,CT,,,TT,AG,GG,CC,GG,GG,GA,GG,TC,AC,AA,GG,TC,AA,GG,TT,TT,4G5G,AA,GG,CC,AA,GG,CC,GG,CC,,CC,AG,CT,CC,,,CG,GG,TT,AA,CC,CC,TC,GA,CC,CC,GG,CG,CC,AA,CT,CT,,,CC,,,CT,GG,TT,GG,CC,GG,,AA,AA,GT,CC,GT,AG,,TT,AA,GG,TT,TT,,,,,,,0.0,HH,02-3,Female,22.0,Hispanic,12.5,25.0,12.5,100.0,12.5,12.5,0.0,0.0,157.0,62.5,28.255,106.0,76.0,58.0,19.67,27.33,20.0,26.0,R,160.0,62.5,28.795,19.67,-0.7218227812328376,-0.020939278190818516
HH-050,CC,II,CC,GG,CC,AA,CC,AA,CC,CC,TT,,,,GG,,,,,,,CT,,TT,CG,CC,GG,,,,CC,TT,GG,,GG,GA,GG,CC,TT,GG,,GG,CC,AA,CC,CT,GG,GG,GG,AA,,"+9, +9",AG,TT,TC,TT,AA,TA,TC,,,,,,,,,AA,TT,CG,AG,CC,GG,TT,CC,CC,TC,CG,GG,GG,GG,GG,CC,AC,GA,AT,CT,AA,CG,GG,AA,,GG,,CT,CC,CC,,,,,,AA,GG,CT,GG,AA,GG,AA,AA,CC,GG,GG,CC,TT,TT,CT,CC,CG,TT,GA,AT,CA,,,GG,AA,,CC,CC,CC,GG,CC,GA,AA,AA,GG,TC,GG,GG,AG,AA,CC,CT,,,CT,AG,GG,CC,TT,GG,GA,GA,TC,AC,AA,CC,TT,AG,AA,TC,TC,5G5G,AA,GG,CC,AA,GG,CC,GG,CT,,CC,AG,CT,CC,,,CC,GG,CT,AA,TT,TT,TT,GG,CC,CC,GG,CC,CC,AA,TT,CT,,,CC,GT,AG,CC,GG,CC,GG,CC,GG,,GA,AA,GT,CT,GT,AG,,TT,GG,GG,TT,TT,,,,,,,0.0,HH,02-3,Female,23.0,Caucasian,12.5,17.5,5.0,40.0,12.5,12.5,0.0,0.0,114.0,65.0,18.969,114.0,60.0,62.0,4.33,11.33,4.67,10.67,R,113.0,65.0,18.802,4.0,1.3086261151760727,-1.688603791699497
HH-051,CA,DD,CC,GG,CC,AA,CC,AA,CC,CC,TT,,,,,,,,,,,,,,,,,,,,,,,,,,,CT,GG,GG,,GG,CC,AA,CC,CT,GG,GA,GG,AA,CT,"-9, +9",GG,CC,TC,CC,AA,TT,TC,GG,CC,GG,TT,CC,AG,CC,GG,AA,CT,CG,GG,CC,GA,TT,CC,CC,TT,CC,GG,GA,AG,AA,TT,AA,GG,,CC,AA,GG,GG,AA,AT,GG,TC,,CC,CC,GG,TT,CC,GG,AA,AA,GG,CT,GG,TA,GG,AA,AT,CA,GA,GG,CC,TT,CC,CC,,CG,TT,GG,AA,CC,GG,GG,AA,CC,TA,TT,CA,GG,GG,CC,GA,AA,AA,GC,CC,GG,GG,,GG,CC,CC,CA,TT,CC,GG,TT,CC,TT,GG,GA,GG,TT,AA,AA,GG,TC,AA,GG,TT,TC,4G5G,AA,GG,CC,AA,GA,CC,,CT,GG,CC,GG,CC,CC,,,CC,GG,CT,GG,CT,CC,TT,GG,CC,CC,AA,CC,CC,AA,CT,TT,,,CC,,,,GG,CC,GG,CC,GG,,GA,AA,GT,CC,GT,AG,,CT,GG,GG,TC,GG,,,,,,,0.0,HH,02-3,Female,26.0,African Am,15.0,32.5,17.5,116.7,15.0,15.0,0.0,0.0,182.0,65.5,29.823,108.0,74.0,70.0,21.33,32.67,21.33,32.67,R,186.0,65.5,30.478,20.33,7.322755574975569,7.508416624985483
HH-052,CA,DD,TT,AA,TT,GG,CG,AA,CC,CC,TT,,,,,,,,,,,,,,,,,,,,,,,,,,GG,CC,GT,GA,,GG,CC,AA,CC,CC,GG,GG,GG,AA,,"-9, +9",AG,CT,TC,CT,AA,TA,TT,,,,,,,,,AA,CT,CG,GG,CC,GG,TT,CC,TT,TC,CC,GG,GG,AA,AA,TT,AA,GA,,CT,AG,CG,GG,AA,AT,GG,CC,,CC,CT,,,,,,AA,GG,TT,GA,AA,GG,AA,AA,CC,GG,GG,CC,TT,TT,TT,CC,CG,TT,GG,AT,CC,,,AG,AC,TA,CC,CC,GG,GG,CT,AA,AA,AA,GC,TC,GG,GA,AG,GG,CG,CC,,,CC,GG,GG,CC,GT,GG,GG,GG,CC,CC,AA,GG,TT,AA,AG,TT,CC,4G5G,AA,GG,CC,AA,GG,CC,GG,CC,,CC,AA,CT,CC,,,CC,GA,TT,AA,CC,CC,TT,GG,CC,CC,GA,CC,CC,AA,CT,CC,,,CC,,,CC,GT,TC,GG,CC,GA,,GG,AC,GT,CC,TT,AA,,TT,GA,GG,TT,TT,,,,,,,,,,,,,,,,,,,,,,,,,,,,,,,,,,,,-1.2221057737792063,-1.2042497878993095
HH-053,CC,ID,CT,GA,TC,GA,CC,AA,CC,CC,TT,,,,TT,,,,,,,CC,,TT,CC,GG,GG,,,,CC,AT,GG,,AG,GA,GG,CC,GT,GA,,GG,CC,AA,CC,CC,GG,AA,GG,AA,CC,"-9, +9",GG,TT,TC,TT,AA,TA,TT,GG,CC,GG,TT,CC,AA,CC,GG,AA,CT,CG,AG,CC,GG,TT,CC,CT,CC,CG,GG,GG,AG,AG,TC,AC,GG,AT,CT,AA,CG,GG,AA,AT,GG,TT,CT,CC,CT,GG,TT,CC,GG,AA,AA,GG,CT,GG,AA,GG,AA,AA,CC,GG,GG,TT,TT,TT,CT,CC,GG,TT,GG,AA,CC,GG,CG,AG,AC,TA,CT,AA,GC,GG,TT,GG,AG,AG,GG,CC,GG,GG,AA,GA,CG,CT,CC,GG,CC,AG,GG,CC,GG,GG,GG,GG,TC,AC,AA,GC,TT,GG,AA,TC,TC,5G5G,AA,GG,CC,AA,AA,CC,GG,CC,GG,CC,AG,CT,CG,,,CG,GG,CT,AA,CT,CT,TT,GG,CC,CC,GG,CG,CC,AA,CT,TT,,,CC,GT,AG,CC,GT,TC,GT,CT,GG,,AA,AC,GT,CC,TT,AA,,CC,GA,AA,CC,TT,,,,,,,0.0,HH,02-3,Male,39.0,Caucasian,37.5,47.5,10.0,26.7,40.0,40.0,0.0,0.0,191.0,69.0,28.203,126.0,80.0,68.0,7.67,7.0,7.67,5.33,R,189.0,69.0,27.907,7.33,-2.003942633305267,-1.9004350836044603
HH-054,AA,DD,CT,GA,TC,GA,CG,GG,CG,CA,TT,,,,,,,,,,,,,,,,,,,,,,,,,,GG,CC,GT,GG,,GG,CC,AA,CC,CC,AG,GG,GG,AA,,"-9, +9",GG,CC,TC,CC,AA,TT,CC,,,,,,,,,AG,CT,CG,GG,CC,GG,TC,CG,CT,TT,CC,GA,GA,AG,AG,CC,AA,GA,,CT,AA,GG,GG,AA,AA,GG,TT,,CC,CC,,,,,,AA,GA,CT,GG,AA,GG,AA,AA,CC,GG,GG,TT,TT,CC,CC,CC,CG,TT,GG,AT,CC,,,AA,CC,TT,CC,CC,GG,GG,CC,GG,AG,GG,GC,TC,GG,GG,AA,GA,CC,CC,,,CC,GG,GG,CT,GT,GG,,GG,TT,AA,AA,GG,CC,AA,AG,TT,TT,4G5G,AA,GG,CC,AA,GG,CC,AG,CC,,CC,AA,CC,CC,,,CC,GA,CT,GA,TT,CT,TT,GG,CC,CC,GA,CC,CC,AA,CT,TT,,,CC,,,CC,GT,TC,GT,CT,GG,,GA,AA,GT,CC,GT,AG,,TT,GA,GA,TT,TG,,,,,,,,,,,,,,,,,,,,,,,,,,,,,,,,,,,,1.3342263373335272,3.1015593215147295
HH-055,CC,,CT,GA,TC,GA,CG,AG,CG,CC,TT,GG,,,TT,,,,,,,CC,,TT,CC,CG,GG,,,,TC,AT,GG,,AG,GA,GG,CC,GT,GG,,GG,CC,AA,CC,CC,GG,GG,GG,AA,,"-9, +9",AG,CT,TC,CT,AC,TA,TT,,,,,,,,,AG,CT,CG,AG,CG,GA,TT,CC,CT,TC,CC,GG,GG,AA,AG,TC,AA,,AT,TT,AA,GG,GG,AA,AT,GG,TC,CC,CC,CC,,,,,,AA,GG,CC,GA,AA,GG,AA,AA,CC,GG,GG,CC,TT,CC,CC,,CC,TT,AA,AA,CA,,,GG,AA,TT,CC,CA,GG,GC,CT,GA,GG,GG,GG,TC,GA,GG,AG,GG,CG,CC,,,CC,GG,GG,CC,GG,GG,GG,GA,TC,CC,AA,GG,TC,AG,AG,TT,TT,4G4G,AA,GG,CC,AA,GG,CC,GG,CC,,CT,AA,CC,CG,,,CC,GG,TT,AA,CT,CT,TC,GA,CC,CC,GG,CG,CC,AA,TT,CT,,,CC,GT,AG,CC,GT,TC,GT,CT,GG,,GG,AC,GT,CC,TT,AA,,CC,GA,AA,CC,TT,,,,,,,0.0,HH,03-1,Female,23.0,Caucasian,15.0,22.5,7.5,50.0,15.0,12.5,-2.5,-16.7,127.0,66.0,20.496,100.0,60.0,64.0,7.0,18.33,8.0,16.67,R,128.0,66.0,20.657,6.0,-2.873812184396448,-0.5733949498634644
HH-056,AA,,CT,GA,TC,GA,CC,AG,CG,CC,TC,GG,,,GT,,,,,,,CT,,TT,CG,CG,GG,,,,CC,TT,GG,,AA,GG,GG,CC,TT,GG,,GG,CC,AA,CC,CC,GG,GG,GG,AT,,"+9, +9",AG,TT,TC,TT,AC,TA,TC,,,,,,,,,AG,CT,CG,GG,CG,GG,TT,CC,CT,TC,CG,GG,GG,AA,AA,TT,AC,GA,TT,TT,AA,CG,GG,AA,TT,GG,TC,CT,CC,CC,,,,,,AA,GG,TT,GG,AA,GG,AA,AA,CC,GG,GG,TT,TT,TT,TT,,GG,TT,GG,AT,CC,,,GG,AA,AA,,AA,GG,GC,CC,GA,AA,AA,CC,TT,GG,GG,AA,GA,CC,CC,,,CC,GG,GT,CC,GG,GT,GG,GG,TT,AA,AA,GC,TT,AG,AG,TT,TC,4G4G,AA,GG,CC,AT,GG,CC,GG,CC,,CC,AA,CT,CC,,,CC,AA,TT,AA,TT,TT,TT,GG,CC,CC,GG,GG,CC,AA,TT,TT,,,CC,GG,AA,CT,GG,CC,GG,CC,GG,,GA,AA,GG,CC,TT,AA,,CT,AA,GA,TC,TT,,,,,,,0.0,HH,03-1,Male,38.0,Caucasian,30.0,37.5,7.5,25.0,30.0,30.0,0.0,0.0,209.0,70.5,29.561,108.0,70.0,72.0,13.0,17.67,14.67,19.33,R,206.0,70.5,29.137,12.0,0.12089373558907185,-1.8333371888829761
HH-057,CC,,CT,GA,TC,GA,CC,AG,CG,CC,TC,GG,,,GT,,,,,,,CC,,CT,CC,CG,GG,,,,CC,AT,GG,,GG,AA,GG,CC,GT,GA,,GG,CC,AA,CC,CT,GG,GA,GG,AA,,"-9, +9",AG,TT,TC,CT,,TA,TT,,,,,,,,,GG,CC,GG,GG,CC,GG,TT,CC,CT,CC,CG,GG,GG,AG,AG,TC,AA,GG,TT,TT,AA,CG,GG,AA,AA,GG,TC,CT,CC,CT,,,,,,AA,GG,CT,GG,AA,GG,AA,AA,CC,GG,GG,CC,TT,CC,TT,,CG,TT,GA,AT,CC,,,AG,AC,TA,CC,CA,GC,GG,CT,GG,AA,AG,GG,CC,GG,GG,GG,AA,CC,CT,,,CC,AG,GG,CC,GG,GT,GG,GG,TT,AC,AA,GG,TT,AG,,,TT,4G5G,AA,GG,CC,AA,GA,CC,GG,CT,,CC,AG,CC,CC,,,CG,GG,CT,AA,,,TT,GG,CC,CC,GG,CG,CC,AA,CT,TT,,,,GT,AG,CT,GG,CC,GG,CC,GG,,GA,AC,GT,CC,TT,AA,,CT,GA,GA,TC,TT,,,,,,,0.0,HH,03-1,Male,22.0,Caucasian,17.5,27.5,10.0,57.1,17.5,15.0,-2.5,-14.3,167.0,66.0,26.952,118.0,84.0,84.0,14.0,22.0,17.0,23.33,R,176.0,66.0,28.404,14.33,-0.9642257742888869,-1.186086033038946
HH-058,CA,,CC,GG,CC,AA,CG,AG,CG,CC,TT,GG,,,GT,,,,,,,CC,,TT,CC,CG,GG,,,,CC,AT,GG,,AA,GG,GG,CC,GG,GA,,GG,CC,AA,CC,CC,GG,GA,GG,AA,,"+9, +9",GG,TT,TC,CC,AA,TT,TT,,,,,,,,,GG,CC,GG,GG,CC,GG,TC,CG,CT,CC,CC,GG,GG,AA,AA,TT,AC,,TT,TT,AA,CG,GG,AA,TT,GG,TT,CT,CC,CC,,,,,,AG,GG,CT,GG,AA,GG,AA,AA,CC,GG,GG,CC,TT,CC,CT,,CC,TT,GG,AA,CC,,,AG,AC,TA,CC,AA,GC,GG,TT,GA,AA,AG,GG,TT,GG,GG,AG,GA,CG,CT,,,CT,AG,GG,CC,GG,GT,GG,GG,TT,CC,AA,GC,TT,AG,AA,TT,TC,4G5G,AA,GG,CC,AA,GA,CC,GG,CC,,CT,AA,CC,CC,,,CC,GA,TT,AA,,TT,TT,GG,CC,CT,GA,GG,CG,AA,CT,CC,,,CC,GT,AG,CC,GG,CC,TT,TT,GG,,GA,AC,GT,CC,TT,AA,,TT,GG,GG,TT,TT,,,,,,,0.0,HH,03-1,Female,34.0,Caucasian,12.5,17.5,5.0,40.0,12.5,12.5,0.0,0.0,126.0,62.0,23.043,92.0,64.0,63.0,8.0,18.67,9.33,18.33,L,126.0,62.0,23.043,7.67,-1.252538880850569,-0.08590709197868575
HH-059,CC,,CT,GA,TC,GA,CC,AA,CC,CC,TT,GG,,,TT,,,,,,,CC,,TT,CC,GG,GG,,,,CC,TT,GA,,AA,GG,GG,CC,GT,GA,,GG,CC,AA,CC,CC,GG,GG,GG,AA,,"-9, +9",AG,TT,TC,TT,AC,TA,TC,,,,,,,,,GG,CT,CC,AA,CG,GG,TT,CC,CT,CC,CC,GG,GG,AA,AA,TT,AC,GG,AT,CC,AA,CG,GG,AA,AT,GG,TC,CT,CC,CT,,,,,,AA,GG,TT,GG,AA,GG,AA,AA,CC,GG,GG,TT,TT,CC,CC,,CC,TT,GA,AA,CC,,,AA,CC,TA,CC,CC,GG,GG,CC,GG,AG,AG,GC,TT,GA,GG,AG,GA,CG,CC,,,CC,GG,GG,CT,GT,GG,GG,GG,TT,CC,AA,GC,TT,GG,AA,TT,CC,5G5G,AA,GG,CC,AA,GG,CC,GG,CC,,CC,AG,CC,CC,,,CC,GG,CC,AA,CT,CT,TT,GG,CC,CC,GG,CG,CC,AA,CT,CT,,,CC,GG,AA,CC,GG,CC,GG,CC,GG,,AA,CC,TT,CC,TT,AA,,CT,GA,GA,TC,TT,,,,,,,0.0,HH,03-1,Female,36.0,Caucasian,12.5,17.5,5.0,40.0,15.0,12.5,-2.5,-16.7,143.0,66.0,23.078,120.0,78.0,76.0,19.67,29.33,19.33,29.0,R,142.0,66.0,22.917,17.0,-1.084182758134804,-1.2167294252526741
HH-060,CC,II,CT,GA,TC,GA,CC,GG,GG,CC,TT,GG,,,TT,,,,,,,CC,,TT,CC,GG,GG,,,,TC,AT,GA,,AG,GA,GG,CC,GG,AA,,GG,CC,AA,CC,CT,GG,GG,GG,AA,,"+9, +9",GG,CT,CC,CT,AC,TA,TC,,,,,,,,,GG,CC,CG,AG,CC,GG,TT,CC,CT,TC,CC,GG,GG,AG,AG,TC,AA,GA,AT,CT,AA,GG,GG,AA,AT,GG,TT,CT,CC,CC,,,,,,AA,GG,TT,GG,TA,GG,AA,AA,CC,GA,GG,CC,TT,CC,CT,,CC,TT,GG,AT,CC,,,AA,CC,TA,CT,CA,GG,GG,CC,GA,AA,AA,GC,TC,GG,GG,AA,GA,CG,CT,,,CC,AG,GG,CT,GG,GT,GG,GA,TC,AC,AA,CC,TT,AG,AG,TT,TC,4G5G,AA,GG,CC,AA,GG,CC,GG,CT,,CC,AA,CC,CC,,,CG,AA,TT,AA,CC,CC,TT,GG,CC,CC,GG,GG,CC,AA,CT,CT,,,CT,GG,AA,TT,GG,CC,GG,CC,GG,,GG,AC,GT,CC,TT,AA,CC,CC,GA,AA,CC,TT,,,,,,,0.0,HH,03-1,Male,30.0,Caucasian,25.0,37.5,12.5,50.0,25.0,27.5,2.5,10.0,211.0,68.8,31.337,124.0,76.0,66.0,21.33,31.33,22.67,32.0,R,209.0,68.8,31.04,21.0,-1.015074599873763,-0.5749880490401341
HH-061,CC,II,TT,AA,TT,GG,CC,GA,CC,CA,TT,GG,,,,,,,,,,,,,,,,,,,,,,,,,GA,CT,GG,GA,,GG,CC,AA,CC,CT,GG,GG,GG,AA,,"-9, -9",AG,CT,TC,CT,AC,TA,CC,,,,,,,,,AA,CT,GG,GG,CG,AA,TT,CC,TT,TT,CC,GA,GG,AA,AA,TT,AA,GG,,CC,AG,GG,GG,AA,AA,GG,TC,,CC,TT,,,,,,AA,GG,CT,GG,TA,GA,AA,AA,CC,GA,GG,CC,TT,CC,TT,,GG,TT,GG,AT,CC,,,GG,AA,TA,CC,CA,GG,GG,CC,GG,AG,GG,GG,TT,GG,GG,AA,AA,CC,CC,,,CT,GG,GG,CC,GT,GG,GG,GG,TC,AC,AA,GG,TC,AG,AA,TT,TC,4G5G,AA,GG,CC,AA,GG,CC,GG,CT,,CC,AA,CC,CC,,,CC,GA,CT,AA,CC,CC,CC,AA,CC,CC,GA,CC,CG,AA,TT,CC,,,CC,,,CC,GT,TC,GG,CC,GG,CC,GA,AC,GT,CC,TT,AA,CC,TT,GA,GG,TT,TT,,,,,,,,,,,,,,,,,,,,,,,,,,,,,,,,,,,,2.6841443319897267,-1.3175366821156094
HH-062,AA,DD,TT,GG,TT,GG,CC,GA,CC,CA,TT,GG,,,GG,,,,,,,TT,,TT,CG,CC,GG,,,,CC,AT,GA,,AG,GA,GG,CC,GT,GA,,GG,CC,AA,CC,CC,GG,GG,GG,AA,,"-9, +9",AG,CT,TC,CT,AC,TT,TC,,,,,,,,,AA,CT,GG,GG,CG,GG,TT,CC,TT,TC,CG,GA,GG,AG,AG,TC,AA,AA,TT,CC,AA,GG,GG,AA,TT,GG,TC,CC,CC,CC,,,,,,AA,GG,CT,GG,AA,GG,AA,AA,CC,GG,GG,TT,TT,TT,CT,,CG,TT,GG,AA,CA,,,AG,AC,TA,CC,CA,GC,GG,CC,GA,AG,AG,GG,TC,GG,GG,AG,GG,CC,CT,,,CC,AG,GG,CC,GG,GT,GG,GG,TC,AC,AA,GC,TT,AG,AA,TT,TC,4G5G,AA,GG,CC,AA,GG,CC,GG,CC,,CC,GG,CC,CC,,,CC,GG,CC,AA,CT,CT,TC,GA,CC,CC,GG,CC,CG,AC,CT,CC,,,CC,TT,GG,CT,GG,CC,GG,CC,GG,CC,AA,AA,GG,CC,TT,AA,CC,CT,GA,GG,TC,TT,,,,,,,0.0,HH,03-2,Female,21.0,Caucasian,10.0,25.0,15.0,150.0,10.0,10.0,0.0,0.0,131.0,65.0,21.797,118.0,78.0,80.0,7.0,18.0,5.0,18.0,R,135.0,65.0,22.463,6.67,0.8958862083820129,-2.248735727068434
HH-063,CA,ID,CT,GA,TC,GA,CG,GG,CG,CA,TT,GA,,,GT,,,,,,,CC,,CT,CC,CG,GG,,,,TC,AT,GG,,AG,GA,GA,CC,GT,GG,,GG,CC,AA,CC,CC,GG,GG,GG,AA,,"+9, +9",AG,TT,TC,TT,AA,TA,TC,,,,,,,,,AA,CT,GG,GG,CC,GG,TT,CC,CT,TT,CC,GA,GG,AG,AG,TC,AA,GA,AT,CT,AA,GG,GG,AA,TT,GG,TC,CT,CC,CT,,,,,,AA,GG,CC,GG,AA,GG,AA,AA,CC,GG,GG,CC,TT,CC,CC,,CG,TT,GA,AA,CC,,,AG,AC,TA,CC,CA,GC,GG,CT,GG,GG,GG,GG,TT,GG,GG,AG,GG,CC,CC,,,CT,GG,GG,CC,GT,GT,GA,GG,TC,AC,AA,CC,TT,GG,AA,TT,CC,4G5G,AA,GG,CC,AA,GG,CC,GG,CC,,CC,AA,TT,CG,,,CC,GA,TT,GA,CT,CT,TT,GG,CC,CT,GA,CG,CG,AA,TT,CT,,,CC,GT,AG,CC,GG,CC,GG,CC,AA,CC,AA,AA,GT,CC,TT,AA,CC,TT,GG,GG,TT,TT,,,,,,,0.0,HH,03-2,Male,21.0,Caucasian,27.5,32.5,5.0,18.2,32.5,30.0,-2.5,-7.7,172.0,68.7,25.619,140.0,74.0,66.0,5.67,11.0,6.67,15.33,R,172.0,68.7,25.619,4.33,-1.5148497150747802,-0.9096922715417096
HH-064,CC,II,TT,GG,TT,GG,CG,AA,CC,CC,TC,GG,,,,,,,,,,,,,,,,,,,,,,,,,GA,CT,GT,GG,,GG,CC,AA,CC,CC,GG,GA,GG,AA,,"-9, -9",AG,CT,TC,TT,AA,TT,TC,,,,,,,,,AG,CT,GG,GG,CC,GG,TT,CC,TT,TC,CG,GG,GG,AG,AG,TC,AA,GA,,CT,AG,GG,GG,AA,AT,GG,TT,,CC,TT,,,,,,AA,GG,CT,GG,TT,AA,AA,AA,CC,AA,GG,CT,TA,TC,CT,,GG,TT,GA,AA,CA,,,GG,AA,AA,CC,AA,GG,GG,CC,GA,GG,GG,GG,TT,GG,GG,AG,AA,CC,CC,,,TT,GG,GG,CC,GT,GG,GG,GA,CC,CC,AA,GC,TT,AA,AG,TT,TC,5G5G,AA,GG,CC,AA,GA,CC,GG,CT,,CC,AA,CC,CC,,,CC,GG,CC,GG,CT,CT,TC,GA,CC,CC,GG,CG,CG,AA,TT,TT,,,CC,,,CC,GG,CC,GG,CC,GA,CC,GG,AA,GT,CT,GT,AG,CC,TT,GA,GG,TT,TT,,,,,,,0.0,HH,03-2,Male,32.0,Asian,20.0,30.0,10.0,50.0,22.5,22.5,0.0,0.0,155.0,68.7,23.087,116.0,80.0,80.0,5.0,15.0,5.33,15.33,R,156.0,68.7,23.236,6.33,5.559903633656077,-0.7419142750750548
HH-065,CA,II,CC,GG,CC,AA,CG,GA,CG,CC,TC,GG,,,,,,,,,,,,,,,,,,,,,,,,,GA,CT,GG,GG,,GG,CC,AA,CC,CC,GG,GA,GG,AA,,"-9, +9",AG,TT,TC,CC,AC,TT,TC,,,,,,,,,AA,CT,GG,GG,CC,AA,TT,CC,CC,CC,CC,GG,GG,AG,AG,TC,AA,GG,,CT,AA,GG,GG,AA,AT,GG,TT,,CC,CC,,,,,,AA,GG,CT,AA,TA,GG,AT,AT,CA,GA,GA,CC,TT,TC,CC,,CG,TT,GG,AA,CC,,,AG,AC,TA,CC,CC,GG,GG,CC,GA,AA,AA,,TT,GG,GG,GG,GA,CG,CC,,,CC,GG,GG,CC,GG,GT,GG,,CC,CC,AA,GC,TT,AA,GG,TT,TC,5G5G,AA,GG,CC,AA,GA,CC,GG,CC,,CC,AA,CC,,,,CC,GG,CT,GA,TT,CC,,GG,CC,CC,AA,CC,GG,AA,CC,TT,,,CC,,,CC,GG,CC,GG,CT,GG,CC,GA,AC,GT,CC,TT,AA,CC,TT,GG,GG,TT,TG,,,,,,,,,,,,,,,,,,,,,,,,,,,,,,,,,,,,4.712550963010847,5.63876986924998
HH-066,CA,II,TT,GG,TT,GG,,,,CC,TT,GG,,,,,,,,,,,,,,,,,,,,,,,,,GG,CC,GT,GA,,GG,CC,AA,CC,CC,GG,GA,GG,AA,,"-9, -9",GG,TT,CC,TT,AC,TA,TT,,,,,,,,,AG,CC,CG,AG,CC,GG,TT,CC,TT,TC,GG,GA,GG,AG,AA,TT,AA,GA,,CC,AA,GG,GG,AA,AT,GG,TC,,CC,CC,,,,,,AA,GG,CC,GG,AA,GG,AA,AA,CC,GG,GG,CC,TT,CC,CC,,CG,TT,GA,AT,CA,,,AG,AC,TT,CT,CA,GC,GG,CC,GA,,,GG,CC,GG,GG,AA,AA,CC,CC,,,TT,GG,GT,CT,GG,GG,GA,GG,TT,AA,AA,GC,TT,AA,AG,TT,TT,5G5G,AA,GG,CC,AA,GA,CC,GG,CC,,CC,GG,CC,CC,,,CC,GG,TT,AA,CT,CT,TT,GG,CC,TT,AA,CC,GG,AA,TT,CT,,,CC,,,CC,TT,TT,GG,CC,GG,CC,GA,AA,GT,CC,GT,AG,CC,TT,GG,GG,TT,TT,,,,,,,0.0,HH,03-2,Male,25.0,Other,27.5,37.5,10.0,36.4,30.0,32.5,2.5,8.3,177.0,72.5,23.673,118.0,82.0,72.0,6.33,14.33,5.0,15.0,R,174.0,72.5,23.272,5.0,-0.38715765731025714,0.5119306132424717
HH-067,CA,DD,TT,GA,TT,GG,CC,GG,CC,AA,TT,GA,,,,,,,,,,,,,,,,,,,,,,,,,GA,CT,GT,GG,,GG,CC,AA,CT,CC,AG,GG,GG,AA,,"-9, +9",AG,CT,TC,CT,AC,TT,TC,,,,,,,,,AA,CC,CG,AG,CG,GG,TT,CC,TT,TC,CG,AA,GA,AA,AA,TT,AC,GG,,CT,AA,CG,GA,AT,TT,GG,TT,,CC,CC,,,,,,AA,GG,CC,GG,TT,GA,AA,AA,CC,GA,GG,CC,TT,CC,CC,,CC,TT,GA,AA,CA,,,GG,AA,AA,CC,CC,GG,GG,CC,GA,AA,AA,GC,TC,GG,GG,AG,AA,CC,CT,,,CT,AG,GG,CT,GG,GG,GA,GG,TC,AC,AA,GG,TT,AA,AA,TT,TC,4G5G,AA,GG,CT,AA,GG,CC,AG,CC,,CC,AG,CC,CC,,,CC,GA,TT,AA,CC,CC,TC,GA,CC,CT,GA,CG,CG,AA,CT,CT,,,CC,,,CT,GG,CC,TT,TT,GA,CC,GG,AA,GT,CC,TT,AA,CC,CT,GA,GA,TC,TT,,,,,,,,,,,,,,,,,,,,,,,,,,,,,,,,,,,,-1.0095550224336982,-0.04477810055352539
HH-068,CC,II,CT,GA,TC,GA,CC,AA,CC,CC,TC,GG,,,TT,,,,,,,CC,,TT,CC,GG,GG,,,,CC,TT,GA,,AA,GG,GG,CC,GG,GA,,GG,CC,AA,CC,CC,GG,GG,GG,AA,,"-9, +9",GG,TT,TC,TT,AC,TA,TC,,,,,,,,,AA,CC,GG,AG,CG,GG,TT,CC,CT,TC,CC,GG,GA,GG,GG,CC,CC,GG,AA,TT,AA,GG,GG,AA,AT,GT,CC,CC,CC,CC,,,,,,AA,GG,CC,GG,AA,GG,AA,AA,CC,GG,GG,CC,TT,CC,CC,,CC,TT,GG,AA,CC,,,AG,AC,TA,CT,CC,GC,GG,CT,GG,AG,AG,GC,TC,AA,GG,GG,GA,CC,CT,,,CC,AG,GG,CC,GG,GG,GG,GG,CC,CC,AA,CC,TT,AG,AA,TT,CC,5G5G,AA,GG,CC,AA,GG,CC,GG,CC,,CC,AG,CC,CG,,,CC,GA,TT,AA,CC,CC,TT,GG,CC,CT,GA,CC,CG,AA,CT,CC,,,CC,GT,AG,CC,GG,CC,GG,CC,GA,CC,GG,AA,GG,CC,TT,AA,CC,CT,GA,GA,TC,TT,,,,,,,0.0,HH,03-2,Female,23.0,Caucasian,15.0,20.0,5.0,33.3,17.5,17.5,0.0,0.0,138.0,63.0,24.443,,,,18.67,24.33,16.0,27.67,L,135.0,63.2,23.76,11.0,-2.0215884433495503,-1.0311609359045277
HH-069,AA,DD,TT,AA,TT,GG,CC,GG,GG,CC,TT,GG,,,GT,,,,,,,CC,,TT,CC,CG,GG,,,,CC,AT,GG,,GG,GA,GG,CC,TT,GG,,GG,CC,AA,CC,CC,GG,GA,GG,AA,,"+9, +9",AG,CT,TC,CT,AA,AA,TC,,,,,,,,,AG,CT,CG,GG,CC,GG,TT,CC,TT,TT,CG,GG,GA,AG,AA,TC,AC,GA,AA,TT,AA,CG,GG,AA,AT,GG,TC,CT,CC,CC,,,,,,AA,GG,CT,GG,AA,GG,AA,AA,CC,GG,GG,CC,TT,CC,CT,,GG,TT,GA,AA,CC,,,AG,AC,TA,CT,AA,GC,GG,CT,,GG,GG,GG,TC,GA,GG,AG,AA,CG,CC,,,CC,GG,GG,CC,GT,GT,GG,GG,TC,AC,AG,GC,TC,AG,AG,TT,TC,4G4G,AA,GG,CC,AA,GA,CC,GG,CC,,CT,AA,CC,CG,,,CG,GG,TT,AA,CT,CT,TT,GG,CC,CC,GG,GG,CC,AA,CT,TT,,,CT,GG,AA,CT,GG,CC,GG,CC,GG,CC,AA,AA,GT,CC,GT,AG,CC,CC,GG,AA,CC,TT,,,,,,,0.0,HH,03-2,Female,20.0,Caucasian,7.5,12.5,5.0,66.7,10.0,10.0,0.0,0.0,98.0,62.5,17.637,94.0,62.0,70.0,5.33,11.0,4.67,11.33,R,98.0,62.5,17.637,4.67,-0.6012382099355096,-2.6486581066343504
HH-070,CC,II,CT,AA,TC,GA,CC,AA,CC,CC,TT,GG,,,,,,,,,,,,,,,,,,,,,,,,,GG,CC,GT,AA,,GG,CC,AA,CC,TT,GG,GG,GG,AA,,"-9, -9",AG,TT,TC,TT,AA,TT,TC,,,,,,,,,AA,CT,CG,AG,CC,GG,TT,CC,CT,TT,CG,GG,GG,AG,AG,TC,AC,GG,,CT,GG,GG,GG,AA,TT,GG,TC,,CC,TT,,,,,,AA,GG,CC,GG,TT,GA,AT,AT,CA,AA,GA,CC,TA,TC,CT,,GG,TT,GA,AA,CA,,,GG,AA,TT,CC,CA,GC,GG,CT,GA,GG,GG,GG,TT,GG,GG,AA,AA,CC,CC,,,CT,GG,GG,CC,GT,,GG,GG,TT,AA,AA,GG,TT,AG,AG,TT,TC,5G5G,AA,GG,CC,AA,GG,CC,GG,TT,,CC,AA,CT,CC,,,CC,GA,CT,AA,CC,CC,TC,GA,CC,CC,GG,GG,CC,AA,TT,CT,,,CT,,,CT,GG,CC,GG,CC,GG,CC,GA,AC,TT,CT,TT,AA,CC,TT,GA,GG,TT,TT,,,,,,,0.0,HH,03-2,Male,30.0,Asian,17.5,27.5,10.0,57.1,25.0,27.5,2.5,10.0,147.0,65.5,24.087,120.0,86.0,72.0,6.0,18.33,5.67,18.67,R,150.0,65.5,24.579,7.33,8.022620205483223,1.8657597797160803
HH-071,CA,,CC,GG,CC,AA,CC,GA,CG,CC,TC,GG,,,,,,,,,,,,,,,,,,,,,,,,,GA,CT,GT,GG,,GG,CC,AA,CC,CC,GG,GG,GG,AA,,"-9, -9",GG,CC,CC,TT,AC,TT,TC,,,,,,,,,AG,CT,CG,AG,CC,GG,TT,CC,CC,TC,CG,GG,GA,AA,AA,TT,AA,GA,,CC,AG,GG,GG,AA,AT,GT,TT,,CC,CT,,,,,,AA,GG,TT,GG,TA,GA,AA,AA,CC,GA,GG,CT,TA,TC,TT,,GG,TT,GG,AA,CC,,,AG,AC,AA,CC,CA,GC,GG,TT,GA,GG,GG,GG,TT,GG,GG,AA,GA,CC,CC,,,CT,GG,GG,CC,TT,GT,GG,GG,TT,AA,AA,GC,TT,AA,GG,TT,TC,5G5G,AA,GG,CC,AA,GG,CC,GG,CC,,CC,AA,CC,CC,,,CG,GA,CC,GA,TT,TT,TT,GG,CC,CC,GA,CG,CG,AA,TT,CC,,,CC,,,CC,GG,CC,GG,CC,GG,CC,GG,AC,TT,TT,GT,AG,CC,TT,GA,GG,TT,TT,,,,,,,0.0,HH,03-2,Male,39.0,Asian,12.5,17.5,5.0,40.0,15.0,15.0,0.0,0.0,132.0,69.0,19.491,116.0,78.0,60.0,3.67,8.0,4.0,12.33,R,135.0,69.0,19.934,3.33,4.814462093660295,-1.1059954647814476
HH-072,CA,II,CT,GA,TC,GA,CG,GA,CC,CA,TC,GG,,,,,,,,,,,,,,,,,,,,,,,,,GG,CC,GT,GA,,GG,CC,AA,CC,CT,GG,GG,GG,AA,,"-9, +9",GG,TT,CC,TT,AA,TT,TC,,,,,,,,,AG,CT,CG,AG,CG,GG,TT,CC,CT,CC,CC,GA,GG,AG,AG,TC,AC,GG,,CT,AA,CG,GG,AA,AT,GG,TT,,CC,CC,,,,,,AA,GG,CT,GG,TT,GG,AT,AT,CA,GA,GA,CC,TT,CC,CT,,CG,TT,GA,AA,CC,,,AG,AC,AA,CT,CA,GG,GC,CT,GG,AG,AG,GG,TC,GG,GG,AA,AA,CC,CT,,,CT,AG,GG,CC,GT,GG,GG,GG,TT,AA,AA,GC,TT,AG,AG,TT,TC,4G5G,AA,GG,CC,AA,GG,CC,GG,CT,,CC,AA,CC,CC,,,CC,GG,CT,AA,CC,CC,TC,GA,CC,CT,GA,CG,CG,AA,TT,TT,,,CC,,,TT,GG,CC,GG,CC,GA,CC,GG,AA,TT,CC,GG,GG,CC,CC,GA,AA,CC,TT,,,,,,,0.0,HH,03-2,Male,22.0,Asian,25.0,30.0,5.0,20.0,30.0,27.5,-2.5,-8.3,193.0,71.0,26.915,120.0,80.0,60.0,10.0,20.33,7.67,24.33,R,186.0,71.0,25.939,10.33,4.549876974650255,4.0697847766754425
HH-073,CC,DD,CC,GG,CC,AA,CC,GA,CC,CA,TT,GG,,,,,,,,,,,,,,,,,,,,,,,,,GG,CC,GT,GG,,GG,CC,AA,CC,CT,GG,GA,GG,AA,,"-9, +9",AG,TT,TC,CT,AC,TA,TC,,,,,,,,,AG,CC,CG,GG,CC,GG,TT,CC,CC,TT,CG,GA,GG,AG,AG,TC,CC,GG,,CT,AA,GG,GG,AA,TT,GG,CC,,CC,CC,,,,,,AA,GG,CT,GG,TA,GG,AA,AA,CC,GA,GG,CC,TT,CC,CT,,CG,TT,GA,AA,CC,,,AA,CC,TA,CT,CC,GG,GG,CC,GG,AG,AG,GC,TT,GG,GG,AA,GG,CC,CC,,,CC,GG,GG,CC,GG,GT,AA,GG,TT,AA,AA,CC,TT,AA,AA,TT,TC,4G5G,AA,GG,CT,AA,GA,CC,AG,CC,,CT,AG,CC,CC,,,CC,GG,CT,GA,CT,CT,TT,GG,CC,CT,GA,CC,GG,AC,CC,CT,,,CC,,,CT,GG,CC,GG,CC,GG,CC,GA,AC,GT,CT,TT,AA,CC,TT,GA,GG,TT,TT,,,,,,,0.0,HH,03-2,Male,29.0,Asian,25.0,30.0,5.0,20.0,27.5,27.5,0.0,0.0,166.0,68.0,25.237,115.0,74.0,70.0,6.0,12.33,5.0,15.33,R,168.0,68.0,25.542,7.0,1.2851458599501557,-0.46750287327042905
HH-074,CC,DD,CC,GG,CC,AA,CG,GG,CG,CA,TT,GG,,,,,,,,,,,,,,,,,,,,,,,,,GG,CC,TT,GG,,GG,CC,AA,CC,CC,GG,GA,GG,AA,,"-9, -9",AG,CT,TC,TT,CC,TT,,,,,,,,,,AA,CT,CG,AG,CC,GG,TT,CC,CT,CC,CG,GA,GG,AA,AA,TT,AC,GG,,CT,AA,CG,GG,AA,AA,GT,TC,,CC,CT,,,,,,AA,GG,CT,GG,TA,GA,AA,AA,CC,GA,GG,CT,TT,CC,CC,,GG,TT,GA,AA,CA,,,AG,AC,TA,CT,CC,GC,GG,CC,GG,AG,AG,GG,TC,GA,GG,AG,GA,CC,CT,,,TT,AG,GT,CC,GG,GG,GG,GA,CC,CC,AA,GG,TT,GG,AA,TT,TC,4G5G,AA,GG,CC,AA,GA,CC,GG,CC,,CC,AA,CC,CC,,,CC,GG,CT,GG,CT,CT,TT,GG,CC,CT,GA,CC,CG,AA,TT,CT,,,CC,,,CT,GG,TC,GG,CC,GA,CT,GA,AA,GT,CT,GT,AG,CC,CT,GA,GA,TC,TT,,,,,,,0.0,HH,03-2,Female,24.0,Asian,12.5,15.0,2.5,20.0,12.5,15.0,2.5,20.0,140.0,60.5,26.889,104.0,68.0,80.0,15.0,24.33,14.67,24.67,R,142.0,60.5,27.273,16.0,1.7225735528330532,-0.05971338828968916
HH-075,CC,DD,,GG,CC,AA,,,,CA,,,,,TT,,,,,,,CC,,TT,CC,GG,GG,,,,CC,TT,GG,,AA,GG,,CC,TT,GG,,,CC,AA,CC,CC,GG,GG,,AA,,"-9, -9",GG,CC,CC,CC,AC,,TT,,,,,,,,,GG,CC,GG,GG,CG,GA,,,CC,TC,CC,GA,GG,AA,AA,TT,,,TT,CT,AG,GG,GA,AT,,,TC,CC,,,,,,,,AA,GG,CC,GG,TA,GG,AA,AA,CC,GA,GG,CC,,,CC,,,,,,,,,AA,CC,TA,CT,CC,GG,GG,CT,,,,,,,,,,,,,,,AG,GG,CT,,GG,GG,GG,TT,AA,AA,,,,,,TC,,,,,,,,,,,,,CC,GG,,,CC,AA,,,,,,,,,,,,,,TT,,,,TT,GG,,GG,CC,GT,CT,,,,AC,GT,CC,TT,AA,CC,CT,AA,GA,TC,,,,,,,,0.0,HH,03-2,Female,34.0,Caucasian,17.5,22.5,5.0,28.6,20.0,20.0,0.0,0.0,204.0,62.5,36.713,124.0,76.0,84.0,24.0,30.33,25.0,35.0,L,212.0,61.7,39.149,24.67,0.11395984156718356,0.3988351326851381
HH-076,CC,,,GG,CC,AA,,,,CA,,,TC,AA,TT,CC,CC,AA,CC,TT,GG,CC,CC,TT,CC,GG,GG,GG,GG,GG,CC,AT,GG,GG,AG,GA,,,,,,,CC,AA,CC,CC,GG,GG,GG,AA,,,AG,CT,TT,CT,AA,,TT,,,,,,,,,,,CG,GG,,GG,,,CC,,CG,GA,GG,AG,,,,,AT,CT,AA,CG,,,,,TT,CT,,,,,,,,,,CT,,,,,,,,,CT,,,CT,,,,,,,,,,,TA,CC,CC,GC,GG,CC,,,,,,,,,,,,,,,AG,GT,CT,,GG,,,,,,,,,,,TC,,,,,,,,,,,,,CC,CG,,,CC,GG,,,,,,,,,,,,,,CT,,,,GT,AG,,,,TT,TT,,,,CC,TT,CC,TT,AA,,,,,TT,,,,,,,,0.0,HH,03-2,Male,33.0,Caucasian,25.0,32.5,7.5,30.0,22.5,22.5,0.0,0.0,155.0,66.5,24.64,110.0,70.0,63.0,8.33,15.67,9.67,15.67,R,155.0,66.5,24.64,7.33,-0.4212058611928584,-0.1013328546291802
HH-077,CA,DD,CT,GA,TC,GA,CG,AA,CC,CC,TT,GG,,,,,,,,,,,,,,,,,,,,,,,,,GG,CC,GT,GA,,GG,CC,AA,CC,CC,GG,GG,GG,AA,,"-9, +9",GG,CT,TC,TT,AC,TA,CC,,,,,,,,,AG,CT,GG,AG,CC,GG,TT,CC,CT,TT,CC,GG,GG,AA,AA,TT,CC,GG,,CT,AG,GG,GG,AA,AT,GG,TC,,CC,CC,,,,,,AA,GG,CC,GG,TA,GA,AA,AA,CC,GA,GG,CT,TT,CC,CC,,CG,TC,GG,AA,CA,,,AG,AC,TA,CC,AA,GG,GG,CC,GG,AA,AA,,TT,GA,GG,AG,GA,CG,CT,,,CT,AG,GG,CC,GG,GG,GA,GG,TC,AC,AA,GC,TT,AG,AA,TT,TT,5G5G,AA,GG,CC,AA,GG,CC,GG,CC,,CC,AG,CT,CC,,,CC,GA,TT,GA,CT,CC,TC,GA,CC,CC,GG,GG,CC,AA,CT,TT,,,CC,,,CC,TT,TT,GG,CC,GG,CC,GA,AA,GG,CC,TT,AA,CC,CT,AA,GA,TC,TT,,,,,,,0.0,HH,03-3,Male,36.0,Hispanic,27.5,37.5,10.0,36.4,30.0,30.0,0.0,0.0,241.0,65.5,39.49,140.0,90.0,66.0,22.33,27.67,23.67,29.0,R,251.0,65.5,41.129,28.33,-0.27388135223445964,0.3098082737877306
HH-078,CA,DD,CC,GA,CC,GA,CC,GG,GG,CC,TT,GG,,,,,,,,,,,,,,,,,,,,,,,,,GG,CC,GT,GG,,GG,CC,AA,CC,TT,GG,GG,GG,AA,,"-9, +9",GG,CT,TC,CC,AA,TT,TC,,,,,,,,,AG,CC,GG,GG,CC,GA,TC,CG,CC,CC,CC,GG,GG,AG,AA,TT,AA,GA,,CT,AA,GG,GA,AT,TT,GG,TC,,CC,CC,,,,,,AG,GG,CC,AA,TT,GG,AT,AT,CA,AA,GA,CC,TT,CC,CC,,CC,TC,GG,AA,CC,,,AG,AC,TT,CC,CA,GC,GG,CC,GA,AA,AA,GG,CC,GG,GG,GG,GG,CG,CC,,,CC,GG,GT,CC,GG,GG,GG,GG,TT,AA,AA,GG,TT,AA,AG,TT,TC,5G5G,AA,GG,CC,AA,GG,CC,GG,TT,,CC,AG,CC,CC,,,CC,GG,CC,GA,TT,CT,TT,GG,CC,CC,AA,CC,GG,AA,TT,TT,,,CC,,,CT,GG,CC,TT,CT,GG,CC,GA,AA,GG,CC,TT,AA,CC,CT,GA,GA,TC,TG,,,,,,,2.0,HH,03-3,Female,39.0,African Am,30.0,,,,30.0,27.5,-2.5,-8.3,206.0,65.8,33.448,108.0,82.0,66.0,21.67,37.83,27.0,36.67,R,218.0,65.7,35.504,25.33,8.266964918618958,10.155187549384358
HH-079,CA,ID,TT,AA,TT,GG,CC,GA,CC,CA,TT,GG,,,,,,,,,,,,,,,,,,,,,,,,,GA,CT,GT,GG,,GG,CC,AA,CC,CC,GG,GG,GG,AA,,"-9, -9",GG,CT,TC,TT,AA,TT,TC,,,,,,,,,GG,CC,GG,AG,CC,GG,TT,CC,TT,TC,CC,GA,GG,AG,GG,CC,AA,GA,,CT,AA,CG,GG,AA,AT,GG,TT,,CG,CT,,,,,,AA,GG,CT,GA,TA,GA,AA,AA,CC,GA,GG,CT,TT,CC,CT,,CG,TT,GA,AA,AA,,,AG,AC,AA,CC,AA,GG,GG,CC,GG,AG,GG,GG,TC,GG,GG,AA,AA,CC,CT,,,CC,AG,GG,CC,GT,GT,GG,GG,CC,CC,AA,GG,TC,AA,AG,TT,TC,4G5G,AA,GG,CC,AA,GG,CC,GG,CC,,CC,AA,CC,CC,,,CG,GA,TT,AA,CT,CT,TC,GA,CC,CC,GG,CC,CG,AC,CT,TT,,,CC,,,CC,GG,CC,GT,CT,GG,CC,GA,AA,GG,CC,TT,AA,CC,TT,AA,,TT,TT,,,,,,,0.0,HH,03-3,Female,38.0,Hispanic,17.5,25.0,7.5,42.9,17.5,20.0,2.5,14.3,171.0,60.5,32.843,120.0,80.0,66.0,14.67,28.33,16.0,27.67,R,173.0,60.5,33.227,13.0,0.7014736572831299,-0.6008051331268162
HH-080,CC,ID,CC,GG,CC,AA,GG,AA,CC,CC,TT,GG,,,,,,,,,,,,,,,,,,,,,,,,,GA,CT,GT,GG,,GG,,,,,,,,,,"-9, +9",AG,TT,TC,TT,AA,TA,TC,,,,,,,,,AG,CT,GG,GG,CG,AA,CC,CG,CC,TC,CG,GG,GG,GG,GG,CC,AA,GA,,CT,AA,CG,GG,AA,TT,GG,TC,,CG,CC,,,,,,AA,GG,CT,GG,AA,GG,AA,AA,CC,GG,GG,CC,TT,CC,CC,,CC,TT,GA,AA,CC,,,AG,AC,AA,CT,CA,GG,GG,CT,GA,AA,GA,GC,TC,GG,GG,AG,GG,CG,CC,,,CT,,,,GG,GG,GG,GG,TC,AC,AA,GC,TT,AA,GG,TT,TC,5G5G,AA,GG,CC,AA,GG,CC,GG,CT,,CC,AG,CC,CC,,,CG,GA,TT,AA,CT,CC,TC,GA,CC,CC,GG,CG,CC,AA,TT,CT,,,CC,,,CT,TT,TT,TT,TT,GG,CC,AA,AA,TT,CC,GT,AG,CC,CT,GG,,TC,TT,,,,,,,0.0,HH,03-3,Male,32.0,Hispanic,40.0,47.5,7.5,18.8,40.0,40.0,0.0,0.0,190.0,68.2,28.717,114.0,60.0,57.0,4.0,8.67,4.0,10.33,R,192.0,68.2,29.019,5.0,-1.2466618740776747,1.3784354128012877
HH-081,CC,ID,CC,GG,CC,AA,CC,GG,CG,CA,TT,GG,,,TT,,,,,,,CC,,TT,CC,GG,GG,,,,CC,TT,GG,,AA,GG,GG,CC,GT,GG,,GG,,,,,,,,,,"-9, -9",AG,TT,TC,TT,AC,TA,TC,,,,,,,,,AG,CT,GG,GG,CG,GA,TT,CC,CC,TC,CG,GA,GG,AG,AG,TC,AC,GG,TT,CT,AA,GG,GA,AT,AA,GG,TT,CT,CG,CC,,,,,,AA,GG,CC,GG,TA,GG,AA,AA,CC,GG,GG,CC,TT,CC,CC,,CC,TT,AA,AA,AA,,,AG,AC,TA,CC,CA,GC,GG,CT,GA,AA,GA,GG,CC,GG,GG,AA,GA,CG,CC,,,CC,,,CC,GG,GT,GG,GA,TC,AC,AA,GC,TC,AA,GG,TT,CC,4G4G,AA,GG,CC,AA,GG,CC,GG,CC,,CC,AA,CC,CC,,,CC,GG,CT,GA,CT,CC,TT,GG,CC,TT,GA,CC,GG,AA,TT,CT,,,CC,GG,AA,CC,GT,TC,GT,CT,GG,CC,GA,AA,GT,CC,TT,AA,CC,CT,GG,GA,TC,TT,,,,,,,0.0,HH,03-3,Male,32.0,Caucasian,32.5,42.5,10.0,30.8,37.5,35.0,-2.5,-6.7,217.0,73.8,28.009,128.0,88.0,64.0,12.67,24.67,13.0,25.0,R,225.0,73.8,29.042,13.33,-1.3591039668773461,0.43111793474677884
HH-082,,,CC,,,,,,,,TT,GG,,,,,,,,,,,,,,,,,,,,,,,,,GG,,,,,GG,,,,,,,,,,,,,,,,,,,,,,,,,,AG,TT,,,,,,,,,,,,,,,,,,,,,,AA,,,,,,,,,,,,,,,GA,,,,,,,,,,TT,,,CG,TT,,AA,CC,,,,,,,,,,,,,,GG,TT,GG,,,,,CC,,,,,,,GG,,,,,,,,,,,CC,,4G5G,AA,GG,CC,AA,GA,CC,GG,CC,,,AA,,CG,,,CC,,,,,,,,CC,CC,GA,CG,CC,AA,TT,,,,,,,CC,,,,,GG,CT,,,,,,,,,,AA,,,,,,,,,0.0,HH,03-3,Female,36.0,Caucasian,15.0,17.5,2.5,16.7,15.0,15.0,0.0,0.0,184.0,63.7,31.878,102.0,70.0,72.0,20.67,31.0,18.67,30.67,R,187.0,63.7,32.398,17.33,0.38521890688857735,-0.2537307188120725
HH-083,CA,,,GG,CC,AA,,,,CC,,,TT,GG,GG,CC,,TT,CT,GT,AG,CT,CT,TT,CG,CC,GG,GT,GA,GG,CC,AT,GG,GG,GG,GA,,CT,GG,GA,,,CC,AA,CC,CC,GG,GA,GG,AA,,,AG,TT,TC,TT,AA,,TT,,,,,,,,,,,CG,GG,,GG,,,CC,TT,CC,GG,GG,AG,,,,,TT,CC,AG,GG,,,,,TT,CC,,,,,,,,,,CC,,,,,,,,,CT,,,CC,,,,,,,,,,,AA,CT,CA,CC,GG,TT,,,,,,,,,,,,,,,AG,GG,CC,,GG,,,,,,,,,,,TC,,,,,,,,,,,,,CC,CC,,,CC,GA,,,,,,,,,,,,,,CC,,,,GT,AG,,,,GG,CC,,,,AA,TT,CC,TT,AA,,,,,TC,,,,,,,,0.0,HH,04-2,Male,37.0,Caucasian,27.5,35.0,7.5,27.3,27.5,27.5,0.0,0.0,138.0,63.5,24.06,122.0,88.0,66.0,3.33,12.33,3.33,12.0,R,137.0,63.5,23.885,3.33,1.3794658475341899,-0.2972651333529704
HH-084,,,,,,,,,,,,,TT,AA,,CC,CC,AA,CC,TT,GG,,CC,,,,,GG,GG,GG,,,,GG,,,,,,,,,,,,,,,,,,,,,,,,,,,,,,,,,,,,,,,,,,,,,,,,,,,,,,,,,,,,,,,,,,,,,,,,,,,,,,,,,,,,,,,,,,,,,,,,,,,,,,,,,,,,,,,,,,,,,,,,,,,,,,,,,,,,,,,,,,,,,,,,,,,,,,,,,,,,,,,,,,,,,,,,,,,,,,,,,,,,,,,,,,,,,,,,,,,,,,,,,,,,,,,,,,,,,,,,,,,,,-0.3544004233263259,-0.2048259656667802
HH-085,CC,,,GG,CC,AA,,,,CC,,,TT,AG,GT,CC,TC,TA,CC,TT,AG,CT,CC,TT,CG,CG,GG,GG,GG,GA,CC,TT,GG,GA,AG,GA,,CC,TT,GG,,,CG,AA,CC,CC,AG,GG,GG,AA,,,GG,TT,TC,TT,AA,,TC,,,,,,,,,,,GG,GG,,GG,,,CC,CC,CC,GG,GA,AA,,,,,AA,CC,AA,GG,,,,,CC,CT,,,,,,,,,,CT,,,,,,,,,CC,,,CT,,,,,,,,,,,TT,CC,CA,GC,GG,CC,,,,,,,,,,,,,,,AG,GG,CC,,GT,,,,,,,,,,,TT,,,,,,,,,,,,,CT,CC,,,CC,GA,,,,,,,,,,,,,,TT,,,,GT,AG,,,,GT,CT,,,,AC,TT,CC,TT,AA,,,,,CC,,,,,,,,0.0,HH,04-2,Female,34.0,Caucasian,17.5,22.5,5.0,28.6,17.5,17.5,0.0,0.0,182.0,66.3,29.107,98.0,66.0,64.0,18.67,27.67,15.67,23.33,R,180.0,66.3,28.787,18.33,1.8152911285747249,-2.476210307462769
HH-086,CC,,,GG,CC,AA,,,,CC,,,TT,AA,TT,CC,CC,AA,CC,TT,GG,CC,CC,TT,CC,GG,GG,GG,GG,GG,CC,TT,GG,GG,AA,GG,,CC,,GA,,,CC,AA,CC,CC,GG,GA,GG,AA,,,AG,CC,TC,CC,AC,,TC,,,,,,,,,,,CC,AA,,GG,,,CC,CC,CC,GG,GA,AG,,,,,AT,CT,AA,GG,,,,,TC,CT,,,,,,,,,,CT,,,,,,,,,CC,,,CC,,,,,,,,,,,TA,CT,CC,GG,GC,CC,,,,,,,,,,,,,,,GG,GG,CT,,GG,,,,,,,,,,,TC,,,,,,,,,,,,,CT,CC,,,CC,GG,,,,,,,,,,,,,,CT,,,,GG,AA,,,,GG,CC,,,,AC,GT,CC,TT,AA,,,,,TT,,,,,,,,0.0,HH,04-2,Female,34.0,Caucasian,17.5,27.5,10.0,57.1,20.0,20.0,0.0,0.0,176.0,64.3,29.926,120.0,70.0,66.0,10.0,22.0,11.67,20.67,R,181.0,64.5,30.585,12.33,-0.6395436493230289,-0.23247811621116482
HH-087,CA,,,GA,TC,GA,,,,CC,,,TT,AG,GT,CC,CC,TA,CT,TT,GG,CC,CT,TT,CC,CG,GG,GT,GG,GG,TC,AT,GG,AA,GG,AA,,TT,GG,GA,,,CC,AA,CC,CC,GG,GG,GG,AA,,,GG,CT,TT,CT,AA,,TT,,,,,,,,,,,CC,,,GG,,,CT,TC,CC,GG,GG,AG,,,,,AT,CT,AA,GG,,,,,TT,CC,,,,,,,,,,CC,,,,,,,,,CC,,,CT,,,,,,,,,,,TT,CC,CA,GG,,CT,,,,,,,,,,,,,,,GG,GG,CC,,,,,,,,,,,,,TT,,,,,,,,,,,,,,CC,,,CC,GA,,,,,,,,,,,,,,,CC,,,GG,AA,,,,GT,CT,,,,AC,TT,CC,TT,AA,,,,,TT,,,,,,,,0.0,HH,04-2,Male,38.0,Caucasian,25.0,32.5,7.5,30.0,25.0,27.5,2.5,10.0,213.0,73.0,28.099,112.0,80.0,58.0,10.0,15.67,10.67,16.33,R,217.0,73.0,28.627,10.33,-1.6560090885366006,1.239029196432042
HH-10,,,,,,,,,,,,,TT,AG,,CC,TC,TA,CC,GT,AG,,CC,,,,,GG,GG,GA,,,,GG,,,,,,,,,,,,,,,,,,,,,,,,,,,,,,,,,,,,,,,,,,,,,,,,,,,,,,,,,,,,,,,,,,,,,,,,,,,,,,,,,,,,,,,,,,,,,,,,,,,,,,,,,,,,,,,,,,,,,,,,,,,,,,,,,,,,,,,,,,,,,,,,,,,,,,,,,,,,,,,,,,,,,,,,,,,,,,,,,,,,,,,,,,,,,,,,,,,,,,,,,,,,,,,,,,,,,,,,,,,,,1.2915039147018463,-1.6895099212260207
HH-11,,,,,,,,,,,,,TT,AA,,CC,CC,AA,CC,TT,GG,,CC,,,,,GG,GG,GG,,,,GG,,,,,,,,,,,,,,,,,,,,,,,,,,,,,,,,,,,,,,,,,,,,,,,,,,,,,,,,,,,,,,,,,,,,,,,,,,,,,,,,,,,,,,,,,,,,,,,,,,,,,,,,,,,,,,,,,,,,,,,,,,,,,,,,,,,,,,,,,,,,,,,,,,,,,,,,,,,,,,,,,,,,,,,,,,,,,,,,,,,,,,,,,,,,,,,,,,,,,,,,,,,,,,,,,,,,,,,,,,,,,-0.3544004233263259,-0.2048259656667802
HH-12,,,,,,,,,,,,,TT,GG,,CC,CC,TT,TT,TT,GG,,TT,,,,,TT,GA,GG,,,,GA,,,,,,,,,,,,,,,,,,,,,,,,,,,,,,,,,,,,,,,,,,,,,,,,,,,,,,,,,,,,,,,,,,,,,,,,,,,,,,,,,,,,,,,,,,,,,,,,,,,,,,,,,,,,,,,,,,,,,,,,,,,,,,,,,,,,,,,,,,,,,,,,,,,,,,,,,,,,,,,,,,,,,,,,,,,,,,,,,,,,,,,,,,,,,,,,,,,,,,,,,,,,,,,,,,,,,,,,,,,,,-1.13421947309699,2.5201138927411515
HH-13,,,,,,,,,,,,,TT,AG,,CC,CC,TA,CT,TT,GG,,CT,,,,,GG,GG,GA,,,,GG,,,,,,,,,,,,,,,,,,,,,,,,,,,,,,,,,,,,,,,,,,,,,,,,,,,,,,,,,,,,,,,,,,,,,,,,,,,,,,,,,,,,,,,,,,,,,,,,,,,,,,,,,,,,,,,,,,,,,,,,,,,,,,,,,,,,,,,,,,,,,,,,,,,,,,,,,,,,,,,,,,,,,,,,,,,,,,,,,,,,,,,,,,,,,,,,,,,,,,,,,,,,,,,,,,,,,,,,,,,,,-0.4741883911255816,0.20968796515968502
HH-14,,,,,,,,,,,,,TT,AG,,CC,CC,TA,CT,TT,GG,,CT,,,,,GT,GG,GG,,,,GA,,,,,,,,,,,,,,,,,,,,,,,,,,,,,,,,,,,,,,,,,,,,,,,,,,,,,,,,,,,,,,,,,,,,,,,,,,,,,,,,,,,,,,,,,,,,,,,,,,,,,,,,,,,,,,,,,,,,,,,,,,,,,,,,,,,,,,,,,,,,,,,,,,,,,,,,,,,,,,,,,,,,,,,,,,,,,,,,,,,,,,,,,,,,,,,,,,,,,,,,,,,,,,,,,,,,,,,,,,,,,-1.0378614282128622,0.7961276655105182
HH-15,,,,,,,,,,,,,TT,AA,,CC,CC,AA,CC,TT,GG,,CC,,,,,GG,GG,GG,,,,GG,,,,,,,,,,,,,,,,,,,,,,,,,,,,,,,,,,,,,,,,,,,,,,,,,,,,,,,,,,,,,,,,,,,,,,,,,,,,,,,,,,,,,,,,,,,,,,,,,,,,,,,,,,,,,,,,,,,,,,,,,,,,,,,,,,,,,,,,,,,,,,,,,,,,,,,,,,,,,,,,,,,,,,,,,,,,,,,,,,,,,,,,,,,,,,,,,,,,,,,,,,,,,,,,,,,,,,,,,,,,,-0.3544004233263259,-0.2048259656667802
HH-16,,,,,,,,,,,,,TT,GG,,CC,TT,TT,CC,TT,AA,,CC,,,,,GG,GG,AA,,,,GG,,,,,,,,,,,,,,,,,,,,,,,,,,,,,,,,,,,,,,,,,,,,,,,,,,,,,,,,,,,,,,,,,,,,,,,,,,,,,,,,,,,,,,,,,,,,,,,,,,,,,,,,,,,,,,,,,,,,,,,,,,,,,,,,,,,,,,,,,,,,,,,,,,,,,,,,,,,,,,,,,,,,,,,,,,,,,,,,,,,,,,,,,,,,,,,,,,,,,,,,,,,,,,,,,,,,,,,,,,,,,2.791509346363054,-2.151494694562793
HH-17,,,,,,,,,,,,,TC,AA,,CC,CC,AA,CC,TT,GG,,CC,,,,,GG,GG,GG,,,,GG,,,,,,,,,,,,,,,,,,,,,,,,,,,,,,,,,,,,,,,,,,,,,,,,,,,,,,,,,,,,,,,,,,,,,,,,,,,,,,,,,,,,,,,,,,,,,,,,,,,,,,,,,,,,,,,,,,,,,,,,,,,,,,,,,,,,,,,,,,,,,,,,,,,,,,,,,,,,,,,,,,,,,,,,,,,,,,,,,,,,,,,,,,,,,,,,,,,,,,,,,,,,,,,,,,,,,,,,,,,,,-0.02375808809482308,-0.4912586082932644
HH-18,,,,,,,,,,,,,TC,AG,,CC,TC,TA,CC,GT,AG,,CC,,,,,GG,GG,GA,,,,GA,,,,,,,,,,,,,,,,,,,,,,,,,,,,,,,,,,,,,,,,,,,,,,,,,,,,,,,,,,,,,,,,,,,,,,,,,,,,,,,,,,,,,,,,,,,,,,,,,,,,,,,,,,,,,,,,,,,,,,,,,,,,,,,,,,,,,,,,,,,,,,,,,,,,,,,,,,,,,,,,,,,,,,,,,,,,,,,,,,,,,,,,,,,,,,,,,,,,,,,,,,,,,,,,,,,,,,,,,,,,,1.7241045522970209,-2.024339422135686
HH-19,,,,,,,,,,,,,TC,GG,,CC,TC,TT,CT,GT,AG,,CT,,,,,GT,GA,GA,,,,GA,,,,,,,,,,,,,,,,,,,,,,,,,,,,,,,,,,,,,,,,,,,,,,,,,,,,,,,,,,,,,,,,,,,,,,,,,,,,,,,,,,,,,,,,,,,,,,,,,,,,,,,,,,,,,,,,,,,,,,,,,,,,,,,,,,,,,,,,,,,,,,,,,,,,,,,,,,,,,,,,,,,,,,,,,,,,,,,,,,,,,,,,,,,,,,,,,,,,,,,,,,,,,,,,,,,,,,,,,,,,,1.6277465074128938,-0.30035319490505125
HH-20,,,,,,,,,,,,,TT,AG,,CT,CC,TT,CT,TT,GG,,CT,,,,,GT,GA,GA,,,,GA,,,,,,,,,,,,,,,,,,,,,,,,,,,,,,,,,,,,,,,,,,,,,,,,,,,,,,,,,,,,,,,,,,,,,,,,,,,,,,,,,,,,,,,,,,,,,,,,,,,,,,,,,,,,,,,,,,,,,,,,,,,,,,,,,,,,,,,,,,,,,,,,,,,,,,,,,,,,,,,,,,,,,,,,,,,,,,,,,,,,,,,,,,,,,,,,,,,,,,,,,,,,,,,,,,,,,,,,,,,,,-0.13621599113570743,1.1300207830221485
HH-21,,,,,,,,,,,,,TT,AA,,CC,CC,TA,CC,TT,GG,,CC,,,,,GG,GG,GA,,,,GA,,,,,,,,,,,,,,,,,,,,,,,,,,,,,,,,,,,,,,,,,,,,,,,,,,,,,,,,,,,,,,,,,,,,,,,,,,,,,,,,,,,,,,,,,,,,,,,,,,,,,,,,,,,,,,,,,,,,,,,,,,,,,,,,,,,,,,,,,,,,,,,,,,,,,,,,,,,,,,,,,,,,,,,,,,,,,,,,,,,,,,,,,,,,,,,,,,,,,,,,,,,,,,,,,,,,,,,,,,,,,0.09253766946735079,-0.6093632801408956
HH-22,,,,,,,,,,,,,TT,AA,,CT,CC,TA,CC,TT,GG,,CC,,,,,GG,GG,GA,,,,GA,,,,,,,,,,,,,,,,,,,,,,,,,,,,,,,,,,,,,,,,,,,,,,,,,,,,,,,,,,,,,,,,,,,,,,,,,,,,,,,,,,,,,,,,,,,,,,,,,,,,,,,,,,,,,,,,,,,,,,,,,,,,,,,,,,,,,,,,,,,,,,,,,,,,,,,,,,,,,,,,,,,,,,,,,,,,,,,,,,,,,,,,,,,,,,,,,,,,,,,,,,,,,,,,,,,,,,,,,,,,,0.31273150608775413,-0.47672573628143045
HH-23,,,,,,,,,,,,,TT,AA,,CC,CC,AA,CC,TT,GG,,CC,,,,,GG,GG,GG,,,,GG,,,,,,,,,,,,,,,,,,,,,,,,,,,,,,,,,,,,,,,,,,,,,,,,,,,,,,,,,,,,,,,,,,,,,,,,,,,,,,,,,,,,,,,,,,,,,,,,,,,,,,,,,,,,,,,,,,,,,,,,,,,,,,,,,,,,,,,,,,,,,,,,,,,,,,,,,,,,,,,,,,,,,,,,,,,,,,,,,,,,,,,,,,,,,,,,,,,,,,,,,,,,,,,,,,,,,,,,,,,,,-0.3544004233263259,-0.2048259656667802
HH-24,,,,,,,,,,,,,TT,AA,,CC,CC,AA,CC,TT,GG,,CC,,,,,GG,GG,GG,,,,GA,,,,,,,,,,,,,,,,,,,,,,,,,,,,,,,,,,,,,,,,,,,,,,,,,,,,,,,,,,,,,,,,,,,,,,,,,,,,,,,,,,,,,,,,,,,,,,,,,,,,,,,,,,,,,,,,,,,,,,,,,,,,,,,,,,,,,,,,,,,,,,,,,,,,,,,,,,,,,,,,,,,,,,,,,,,,,,,,,,,,,,,,,,,,,,,,,,,,,,,,,,,,,,,,,,,,,,,,,,,,,-0.252442120962654,-0.2532228239499614
HH-25,,,,,,,,,,,,,TT,AA,,CC,CC,AA,CC,TT,GG,,CC,,,,,GG,GG,GG,,,,GG,,,,,,,,,,,,,,,,,,,,,,,,,,,,,,,,,,,,,,,,,,,,,,,,,,,,,,,,,,,,,,,,,,,,,,,,,,,,,,,,,,,,,,,,,,,,,,,,,,,,,,,,,,,,,,,,,,,,,,,,,,,,,,,,,,,,,,,,,,,,,,,,,,,,,,,,,,,,,,,,,,,,,,,,,,,,,,,,,,,,,,,,,,,,,,,,,,,,,,,,,,,,,,,,,,,,,,,,,,,,,-0.3544004233263259,-0.2048259656667802
HH-26,,,,,,,,,,,,,TT,AG,,CC,TC,AA,CC,GT,AG,,CC,,,,,GG,GG,GA,,,,GA,,,,,,,,,,,,,,,,,,,,,,,,,,,,,,,,,,,,,,,,,,,,,,,,,,,,,,,,,,,,,,,,,,,,,,,,,,,,,,,,,,,,,,,,,,,,,,,,,,,,,,,,,,,,,,,,,,,,,,,,,,,,,,,,,,,,,,,,,,,,,,,,,,,,,,,,,,,,,,,,,,,,,,,,,,,,,,,,,,,,,,,,,,,,,,,,,,,,,,,,,,,,,,,,,,,,,,,,,,,,,1.5465757429996712,-1.65582936238385
HH-27,,,,,,,,,,,,,TT,AG,,CC,TC,TA,CC,GT,AG,,CC,,,,,GG,GG,GA,,,,GA,,,,,,,,,,,,,,,,,,,,,,,,,,,,,,,,,,,,,,,,,,,,,,,,,,,,,,,,,,,,,,,,,,,,,,,,,,,,,,,,,,,,,,,,,,,,,,,,,,,,,,,,,,,,,,,,,,,,,,,,,,,,,,,,,,,,,,,,,,,,,,,,,,,,,,,,,,,,,,,,,,,,,,,,,,,,,,,,,,,,,,,,,,,,,,,,,,,,,,,,,,,,,,,,,,,,,,,,,,,,,1.393462217065518,-1.737906779509202
HH-28,,,,,,,,,,,,,TT,AG,,CC,CC,TA,CT,TT,GG,,CT,,,,,GT,GG,GG,,,,GA,,,,,,,,,,,,,,,,,,,,,,,,,,,,,,,,,,,,,,,,,,,,,,,,,,,,,,,,,,,,,,,,,,,,,,,,,,,,,,,,,,,,,,,,,,,,,,,,,,,,,,,,,,,,,,,,,,,,,,,,,,,,,,,,,,,,,,,,,,,,,,,,,,,,,,,,,,,,,,,,,,,,,,,,,,,,,,,,,,,,,,,,,,,,,,,,,,,,,,,,,,,,,,,,,,,,,,,,,,,,,-1.0378614282128622,0.7961276655105182
HH-29,,,,,,,,,,,,,TT,GG,,CC,CC,TT,CT,TT,GG,,CT,,,,,GT,GA,GA,,,,GG,,,,,,,,,,,,,,,,,,,,,,,,,,,,,,,,,,,,,,,,,,,,,,,,,,,,,,,,,,,,,,,,,,,,,,,,,,,,,,,,,,,,,,,,,,,,,,,,,,,,,,,,,,,,,,,,,,,,,,,,,,,,,,,,,,,,,,,,,,,,,,,,,,,,,,,,,,,,,,,,,,,,,,,,,,,,,,,,,,,,,,,,,,,,,,,,,,,,,,,,,,,,,,,,,,,,,,,,,,,,,-0.22330849522689297,1.123939902730569
HH-3,,,,,,,,,,,,,TT,AG,,CT,TC,TT,CC,GT,AG,,CC,,,,,GG,GG,AA,,,,GG,,,,,,,,,,,,,,,,,,,,,,,,,,,,,,,,,,,,,,,,,,,,,,,,,,,,,,,,,,,,,,,,,,,,,,,,,,,,,,,,,,,,,,,,,,,,,,,,,,,,,,,,,,,,,,,,,,,,,,,,,,,,,,,,,,,,,,,,,,,,,,,,,,,,,,,,,,,,,,,,,,,,,,,,,,,,,,,,,,,,,,,,,,,,,,,,,,,,,,,,,,,,,,,,,,,,,,,,,,,,,2.316018119554712,-1.66678058218143
HH-30,,,,,,,,,,,,,TT,AG,,CC,CC,TA,CT,TT,GG,,CT,,,,,GT,GA,GG,,,,GG,,,,,,,,,,,,,,,,,,,,,,,,,,,,,,,,,,,,,,,,,,,,,,,,,,,,,,,,,,,,,,,,,,,,,,,,,,,,,,,,,,,,,,,,,,,,,,,,,,,,,,,,,,,,,,,,,,,,,,,,,,,,,,,,,,,,,,,,,,,,,,,,,,,,,,,,,,,,,,,,,,,,,,,,,,,,,,,,,,,,,,,,,,,,,,,,,,,,,,,,,,,,,,,,,,,,,,,,,,,,,-1.2626884983522464,1.1556883022607398
HH-31,,,,,,,,,,,,,TT,AG,,CC,CC,TA,CT,TT,GG,,CT,,,,,GT,GA,GG,,,,GG,,,,,,,,,,,,,,,,,,,,,,,,,,,,,,,,,,,,,,,,,,,,,,,,,,,,,,,,,,,,,,,,,,,,,,,,,,,,,,,,,,,,,,,,,,,,,,,,,,,,,,,,,,,,,,,,,,,,,,,,,,,,,,,,,,,,,,,,,,,,,,,,,,,,,,,,,,,,,,,,,,,,,,,,,,,,,,,,,,,,,,,,,,,,,,,,,,,,,,,,,,,,,,,,,,,,,,,,,,,,,-1.2626884983522464,1.1556883022607398
HH-32,,,,,,,,,,,,,TT,AG,,CC,TC,TT,CC,GT,AG,,CC,,,,,TT,GG,GG,,,,GG,,,,,,,,,,,,,,,,,,,,,,,,,,,,,,,,,,,,,,,,,,,,,,,,,,,,,,,,,,,,,,,,,,,,,,,,,,,,,,,,,,,,,,,,,,,,,,,,,,,,,,,,,,,,,,,,,,,,,,,,,,,,,,,,,,,,,,,,,,,,,,,,,,,,,,,,,,,,,,,,,,,,,,,,,,,,,,,,,,,,,,,,,,,,,,,,,,,,,,,,,,,,,,,,,,,,,,,,,,,,,0.7645616040324038,-0.5297450087728681
HH-33,,,,,,,,,,,,,TT,AA,,CT,CC,TA,CC,TT,GG,,CC,,,,,GG,GG,GA,,,,GG,,,,,,,,,,,,,,,,,,,,,,,,,,,,,,,,,,,,,,,,,,,,,,,,,,,,,,,,,,,,,,,,,,,,,,,,,,,,,,,,,,,,,,,,,,,,,,,,,,,,,,,,,,,,,,,,,,,,,,,,,,,,,,,,,,,,,,,,,,,,,,,,,,,,,,,,,,,,,,,,,,,,,,,,,,,,,,,,,,,,,,,,,,,,,,,,,,,,,,,,,,,,,,,,,,,,,,,,,,,,,0.21077320372408215,-0.4283288779982492
HH-34,,,,,,,,,,,,,TT,AG,,CC,CC,TA,CT,TT,GG,,CT,,,,,GT,GA,GG,,,,GG,,,,,,,,,,,,,,,,,,,,,,,,,,,,,,,,,,,,,,,,,,,,,,,,,,,,,,,,,,,,,,,,,,,,,,,,,,,,,,,,,,,,,,,,,,,,,,,,,,,,,,,,,,,,,,,,,,,,,,,,,,,,,,,,,,,,,,,,,,,,,,,,,,,,,,,,,,,,,,,,,,,,,,,,,,,,,,,,,,,,,,,,,,,,,,,,,,,,,,,,,,,,,,,,,,,,,,,,,,,,,-1.2626884983522464,1.1556883022607398
HH-35,,,,,,,,,,,,,TT,AA,,CC,CC,AA,CC,TT,GG,,CC,,,,,GG,GG,GG,,,,GG,,,,,,,,,,,,,,,,,,,,,,,,,,,,,,,,,,,,,,,,,,,,,,,,,,,,,,,,,,,,,,,,,,,,,,,,,,,,,,,,,,,,,,,,,,,,,,,,,,,,,,,,,,,,,,,,,,,,,,,,,,,,,,,,,,,,,,,,,,,,,,,,,,,,,,,,,,,,,,,,,,,,,,,,,,,,,,,,,,,,,,,,,,,,,,,,,,,,,,,,,,,,,,,,,,,,,,,,,,,,,-0.3544004233263259,-0.2048259656667802
HH-36,,,,,,,,,,,,,TC,GG,,CC,TC,TA,CC,GT,AG,,CC,,,,,GG,GG,GA,,,,GG,,,,,,,,,,,,,,,,,,,,,,,,,,,,,,,,,,,,,,,,,,,,,,,,,,,,,,,,,,,,,,,,,,,,,,,,,,,,,,,,,,,,,,,,,,,,,,,,,,,,,,,,,,,,,,,,,,,,,,,,,,,,,,,,,,,,,,,,,,,,,,,,,,,,,,,,,,,,,,,,,,,,,,,,,,,,,,,,,,,,,,,,,,,,,,,,,,,,,,,,,,,,,,,,,,,,,,,,,,,,,1.8572058848262387,-1.8977827585678002
HH-38,,,,,,,,,,,,,TT,AG,,CC,CC,TT,CT,TT,GG,,CT,,,,,GT,GA,GG,,,,GG,,,,,,,,,,,,,,,,,,,,,,,,,,,,,,,,,,,,,,,,,,,,,,,,,,,,,,,,,,,,,,,,,,,,,,,,,,,,,,,,,,,,,,,,,,,,,,,,,,,,,,,,,,,,,,,,,,,,,,,,,,,,,,,,,,,,,,,,,,,,,,,,,,,,,,,,,,,,,,,,,,,,,,,,,,,,,,,,,,,,,,,,,,,,,,,,,,,,,,,,,,,,,,,,,,,,,,,,,,,,,-0.9564614464839403,1.3198431365114456
HH-39,,,,,,,,,,,,,TT,AG,,CT,CC,TT,CT,TT,GG,,CT,,,,,GT,GG,GG,,,,GA,,,,,,,,,,,,,,,,,,,,,,,,,,,,,,,,,,,,,,,,,,,,,,,,,,,,,,,,,,,,,,,,,,,,,,,,,,,,,,,,,,,,,,,,,,,,,,,,,,,,,,,,,,,,,,,,,,,,,,,,,,,,,,,,,,,,,,,,,,,,,,,,,,,,,,,,,,,,,,,,,,,,,,,,,,,,,,,,,,,,,,,,,,,,,,,,,,,,,,,,,,,,,,,,,,,,,,,,,,,,,-0.5114405397241535,1.092920043620689
HH-40,,,,,,,,,,,,,TT,GG,,CC,CC,TT,TT,TT,GG,,TT,,,,,TT,GA,GG,,,,GA,,,,,,,,,,,,,,,,,,,,,,,,,,,,,,,,,,,,,,,,,,,,,,,,,,,,,,,,,,,,,,,,,,,,,,,,,,,,,,,,,,,,,,,,,,,,,,,,,,,,,,,,,,,,,,,,,,,,,,,,,,,,,,,,,,,,,,,,,,,,,,,,,,,,,,,,,,,,,,,,,,,,,,,,,,,,,,,,,,,,,,,,,,,,,,,,,,,,,,,,,,,,,,,,,,,,,,,,,,,,,-1.13421947309699,2.5201138927411515
HH-41,,,,,,,,,,,,,TT,AA,,TT,CC,TT,CC,TT,GG,,CC,,,,,GG,GG,AA,,,,GG,,,,,,,,,,,,,,,,,,,,,,,,,,,,,,,,,,,,,,,,,,,,,,,,,,,,,,,,,,,,,,,,,,,,,,,,,,,,,,,,,,,,,,,,,,,,,,,,,,,,,,,,,,,,,,,,,,,,,,,,,,,,,,,,,,,,,,,,,,,,,,,,,,,,,,,,,,,,,,,,,,,,,,,,,,,,,,,,,,,,,,,,,,,,,,,,,,,,,,,,,,,,,,,,,,,,,,,,,,,,,1.2352874085769494,-0.4055995389536594
HH-42,,,,,,,,,,,,,TT,AA,,CC,CC,AA,CC,TT,GG,,CC,,,,,GG,GG,GG,,,,GG,,,,,,,,,,,,,,,,,,,,,,,,,,,,,,,,,,,,,,,,,,,,,,,,,,,,,,,,,,,,,,,,,,,,,,,,,,,,,,,,,,,,,,,,,,,,,,,,,,,,,,,,,,,,,,,,,,,,,,,,,,,,,,,,,,,,,,,,,,,,,,,,,,,,,,,,,,,,,,,,,,,,,,,,,,,,,,,,,,,,,,,,,,,,,,,,,,,,,,,,,,,,,,,,,,,,,,,,,,,,,-0.3544004233263259,-0.2048259656667802
HH-43,,,,,,,,,,,,,TT,AG,,CC,CC,AA,CC,TT,GG,,CC,,,,,GG,GG,GG,,,,GG,,,,,,,,,,,,,,,,,,,,,,,,,,,,,,,,,,,,,,,,,,,,,,,,,,,,,,,,,,,,,,,,,,,,,,,,,,,,,,,,,,,,,,,,,,,,,,,,,,,,,,,,,,,,,,,,,,,,,,,,,,,,,,,,,,,,,,,,,,,,,,,,,,,,,,,,,,,,,,,,,,,,,,,,,,,,,,,,,,,,,,,,,,,,,,,,,,,,,,,,,,,,,,,,,,,,,,,,,,,,,-0.4719302407727708,-0.24390586830913213
HH-44,,,,,,,,,,,,,TC,GG,,CC,TT,TT,CC,TT,AA,,CC,,,,,GG,GG,AA,,,,GG,,,,,,,,,,,,,,,,,,,,,,,,,,,,,,,,,,,,,,,,,,,,,,,,,,,,,,,,,,,,,,,,,,,,,,,,,,,,,,,,,,,,,,,,,,,,,,,,,,,,,,,,,,,,,,,,,,,,,,,,,,,,,,,,,,,,,,,,,,,,,,,,,,,,,,,,,,,,,,,,,,,,,,,,,,,,,,,,,,,,,,,,,,,,,,,,,,,,,,,,,,,,,,,,,,,,,,,,,,,,,3.1221516815945574,-2.437927337189277
HH-45,,,,,,,,,,,,,TT,AG,,CC,CC,TA,CT,TT,GG,,CT,,,,,GT,GA,GG,,,,GG,,,,,,,,,,,,,,,,,,,,,,,,,,,,,,,,,,,,,,,,,,,,,,,,,,,,,,,,,,,,,,,,,,,,,,,,,,,,,,,,,,,,,,,,,,,,,,,,,,,,,,,,,,,,,,,,,,,,,,,,,,,,,,,,,,,,,,,,,,,,,,,,,,,,,,,,,,,,,,,,,,,,,,,,,,,,,,,,,,,,,,,,,,,,,,,,,,,,,,,,,,,,,,,,,,,,,,,,,,,,,-1.2626884983522464,1.1556883022607398
HH-46,,,,,,,,,,,,,TT,AG,,CC,CC,TA,CT,TT,GG,,CT,,,,,GT,GA,GG,,,,GG,,,,,,,,,,,,,,,,,,,,,,,,,,,,,,,,,,,,,,,,,,,,,,,,,,,,,,,,,,,,,,,,,,,,,,,,,,,,,,,,,,,,,,,,,,,,,,,,,,,,,,,,,,,,,,,,,,,,,,,,,,,,,,,,,,,,,,,,,,,,,,,,,,,,,,,,,,,,,,,,,,,,,,,,,,,,,,,,,,,,,,,,,,,,,,,,,,,,,,,,,,,,,,,,,,,,,,,,,,,,,-1.2626884983522464,1.1556883022607398
HH-47,,,,,,,,,,,,,TT,AA,,CC,CC,AA,CC,TT,GG,,CC,,,,,GG,GG,GG,,,,GG,,,,,,,,,,,,,,,,,,,,,,,,,,,,,,,,,,,,,,,,,,,,,,,,,,,,,,,,,,,,,,,,,,,,,,,,,,,,,,,,,,,,,,,,,,,,,,,,,,,,,,,,,,,,,,,,,,,,,,,,,,,,,,,,,,,,,,,,,,,,,,,,,,,,,,,,,,,,,,,,,,,,,,,,,,,,,,,,,,,,,,,,,,,,,,,,,,,,,,,,,,,,,,,,,,,,,,,,,,,,,-0.3544004233263259,-0.2048259656667802
HH-48,,,,,,,,,,,,,TT,GG,,CC,TC,TT,CC,GT,AG,,CC,,,,,GT,GG,GG,,,,GG,,,,,,,,,,,,,,,,,,,,,,,,,,,,,,,,,,,,,,,,,,,,,,,,,,,,,,,,,,,,,,,,,,,,,,,,,,,,,,,,,,,,,,,,,,,,,,,,,,,,,,,,,,,,,,,,,,,,,,,,,,,,,,,,,,,,,,,,,,,,,,,,,,,,,,,,,,,,,,,,,,,,,,,,,,,,,,,,,,,,,,,,,,,,,,,,,,,,,,,,,,,,,,,,,,,,,,,,,,,,,1.167159262012089,-0.8123587230565972
HH-49,,,,,,,,,,,,,TT,AG,,CC,TC,TA,CC,TT,AG,,CC,,,,,GG,GG,GA,,,,GA,,,,,,,,,,,,,,,,,,,,,,,,,,,,,,,,,,,,,,,,,,,,,,,,,,,,,,,,,,,,,,,,,,,,,,,,,,,,,,,,,,,,,,,,,,,,,,,,,,,,,,,,,,,,,,,,,,,,,,,,,,,,,,,,,,,,,,,,,,,,,,,,,,,,,,,,,,,,,,,,,,,,,,,,,,,,,,,,,,,,,,,,,,,,,,,,,,,,,,,,,,,,,,,,,,,,,,,,,,,,,0.9145477488111393,-1.4082931680495256
HH-50,,,,,,,,,,,,,TT,GG,,CC,TC,TT,CT,GT,AG,,CT,,,,,GT,GA,GA,,,,GA,,,,,,,,,,,,,,,,,,,,,,,,,,,,,,,,,,,,,,,,,,,,,,,,,,,,,,,,,,,,,,,,,,,,,,,,,,,,,,,,,,,,,,,,,,,,,,,,,,,,,,,,,,,,,,,,,,,,,,,,,,,,,,,,,,,,,,,,,,,,,,,,,,,,,,,,,,,,,,,,,,,,,,,,,,,,,,,,,,,,,,,,,,,,,,,,,,,,,,,,,,,,,,,,,,,,,,,,,,,,,1.2971041721813905,-0.01392055227856686
HH-51,,,,,,,,,,,,,TT,AG,,CC,CC,TT,CT,GT,GG,,CT,,,,,GT,GA,GA,,,,GG,,,,,,,,,,,,,,,,,,,,,,,,,,,,,,,,,,,,,,,,,,,,,,,,,,,,,,,,,,,,,,,,,,,,,,,,,,,,,,,,,,,,,,,,,,,,,,,,,,,,,,,,,,,,,,,,,,,,,,,,,,,,,,,,,,,,,,,,,,,,,,,,,,,,,,,,,,,,,,,,,,,,,,,,,,,,,,,,,,,,,,,,,,,,,,,,,,,,,,,,,,,,,,,,,,,,,,,,,,,,,0.020546338134595766,0.7161664859861885
HH-52,,,,,,,,,,,,,TT,AA,,CC,CC,AA,CC,TT,GG,,CC,,,,,GG,GG,GG,,,,GG,,,,,,,,,,,,,,,,,,,,,,,,,,,,,,,,,,,,,,,,,,,,,,,,,,,,,,,,,,,,,,,,,,,,,,,,,,,,,,,,,,,,,,,,,,,,,,,,,,,,,,,,,,,,,,,,,,,,,,,,,,,,,,,,,,,,,,,,,,,,,,,,,,,,,,,,,,,,,,,,,,,,,,,,,,,,,,,,,,,,,,,,,,,,,,,,,,,,,,,,,,,,,,,,,,,,,,,,,,,,,-0.3544004233263259,-0.2048259656667802
HH-53,,,,,,,,,,,,,TT,AA,,CC,CC,AA,CC,TT,GG,,CC,,,,,GG,GG,GG,,,,GG,,,,,,,,,,,,,,,,,,,,,,,,,,,,,,,,,,,,,,,,,,,,,,,,,,,,,,,,,,,,,,,,,,,,,,,,,,,,,,,,,,,,,,,,,,,,,,,,,,,,,,,,,,,,,,,,,,,,,,,,,,,,,,,,,,,,,,,,,,,,,,,,,,,,,,,,,,,,,,,,,,,,,,,,,,,,,,,,,,,,,,,,,,,,,,,,,,,,,,,,,,,,,,,,,,,,,,,,,,,,,-0.3544004233263259,-0.2048259656667802
HH-54,,,,,,,,,,,,,TC,AG,,CC,CC,TT,CT,TT,GG,,CT,,,,,GT,GA,GA,,,,GA,,,,,,,,,,,,,,,,,,,,,,,,,,,,,,,,,,,,,,,,,,,,,,,,,,,,,,,,,,,,,,,,,,,,,,,,,,,,,,,,,,,,,,,,,,,,,,,,,,,,,,,,,,,,,,,,,,,,,,,,,,,,,,,,,,,,,,,,,,,,,,,,,,,,,,,,,,,,,,,,,,,,,,,,,,,,,,,,,,,,,,,,,,,,,,,,,,,,,,,,,,,,,,,,,,,,,,,,,,,,,-0.025767492524608082,0.7109505965361997
HH-55,,,,,,,,,,,,,TT,AA,,CC,CC,AA,CC,TT,GG,,CC,,,,,GT,GG,GG,,,,GA,,,,,,,,,,,,,,,,,,,,,,,,,,,,,,,,,,,,,,,,,,,,,,,,,,,,,,,,,,,,,,,,,,,,,,,,,,,,,,,,,,,,,,,,,,,,,,,,,,,,,,,,,,,,,,,,,,,,,,,,,,,,,,,,,,,,,,,,,,,,,,,,,,,,,,,,,,,,,,,,,,,,,,,,,,,,,,,,,,,,,,,,,,,,,,,,,,,,,,,,,,,,,,,,,,,,,,,,,,,,,-0.41998014404944917,0.10755069561847154
HH-56,,,,,,,,,,,,,TT,AG,,CC,TC,TA,CC,GT,AG,,CC,,,,,GG,GG,GA,,,,GG,,,,,,,,,,,,,,,,,,,,,,,,,,,,,,,,,,,,,,,,,,,,,,,,,,,,,,,,,,,,,,,,,,,,,,,,,,,,,,,,,,,,,,,,,,,,,,,,,,,,,,,,,,,,,,,,,,,,,,,,,,,,,,,,,,,,,,,,,,,,,,,,,,,,,,,,,,,,,,,,,,,,,,,,,,,,,,,,,,,,,,,,,,,,,,,,,,,,,,,,,,,,,,,,,,,,,,,,,,,,,1.2915039147018463,-1.6895099212260207
HH-57,,,,,,,,,,,,,TT,AG,,CC,CC,TA,CT,TT,GG,,CT,,,,,GT,GG,GG,,,,GA,,,,,,,,,,,,,,,,,,,,,,,,,,,,,,,,,,,,,,,,,,,,,,,,,,,,,,,,,,,,,,,,,,,,,,,,,,,,,,,,,,,,,,,,,,,,,,,,,,,,,,,,,,,,,,,,,,,,,,,,,,,,,,,,,,,,,,,,,,,,,,,,,,,,,,,,,,,,,,,,,,,,,,,,,,,,,,,,,,,,,,,,,,,,,,,,,,,,,,,,,,,,,,,,,,,,,,,,,,,,,-1.0378614282128622,0.7961276655105182
HH-58,,,,,,,,,,,,,TT,AG,,CC,CC,TA,CT,TT,GG,,CT,,,,,GT,GA,GG,,,,GG,,,,,,,,,,,,,,,,,,,,,,,,,,,,,,,,,,,,,,,,,,,,,,,,,,,,,,,,,,,,,,,,,,,,,,,,,,,,,,,,,,,,,,,,,,,,,,,,,,,,,,,,,,,,,,,,,,,,,,,,,,,,,,,,,,,,,,,,,,,,,,,,,,,,,,,,,,,,,,,,,,,,,,,,,,,,,,,,,,,,,,,,,,,,,,,,,,,,,,,,,,,,,,,,,,,,,,,,,,,,,-1.2626884983522464,1.1556883022607398
HH-59,,,,,,,,,,,,,TT,AA,,CC,CC,AA,CC,TT,GG,,CC,,,,,GG,GG,GG,,,,GG,,,,,,,,,,,,,,,,,,,,,,,,,,,,,,,,,,,,,,,,,,,,,,,,,,,,,,,,,,,,,,,,,,,,,,,,,,,,,,,,,,,,,,,,,,,,,,,,,,,,,,,,,,,,,,,,,,,,,,,,,,,,,,,,,,,,,,,,,,,,,,,,,,,,,,,,,,,,,,,,,,,,,,,,,,,,,,,,,,,,,,,,,,,,,,,,,,,,,,,,,,,,,,,,,,,,,,,,,,,,,-0.3544004233263259,-0.2048259656667802
HH-60,,,,,,,,,,,,,TT,AA,,CC,CC,AA,CC,TT,GG,,CC,,,,,GG,GG,GG,,,,GA,,,,,,,,,,,,,,,,,,,,,,,,,,,,,,,,,,,,,,,,,,,,,,,,,,,,,,,,,,,,,,,,,,,,,,,,,,,,,,,,,,,,,,,,,,,,,,,,,,,,,,,,,,,,,,,,,,,,,,,,,,,,,,,,,,,,,,,,,,,,,,,,,,,,,,,,,,,,,,,,,,,,,,,,,,,,,,,,,,,,,,,,,,,,,,,,,,,,,,,,,,,,,,,,,,,,,,,,,,,,,-0.252442120962654,-0.2532228239499614
HH-61,,,,,,,,,,,,,TC,AG,,CC,TC,,CC,GT,AG,,CC,,,,,GG,GG,GA,,,,GG,,,,,,,,,,,,,,,,,,,,,,,,,,,,,,,,,,,,,,,,,,,,,,,,,,,,,,,,,,,,,,,,,,,,,,,,,,,,,,,,,,,,,,,,,,,,,,,,,,,,,,,,,,,,,,,,,,,,,,,,,,,,,,,,,,,,,,,,,,,,,,,,,,,,,,,,,,,,,,,,,,,,,,,,,,,,,,,,,,,,,,,,,,,,,,,,,,,,,,,,,,,,,,,,,,,,,,,,,,,,,1.7436318417674128,-1.910819489095719
HH-62,,,,,,,,,,,,,TC,GG,,CC,TT,TT,CC,TT,AA,,CC,,,,,GG,GG,AA,,,,GA,,,,,,,,,,,,,,,,,,,,,,,,,,,,,,,,,,,,,,,,,,,,,,,,,,,,,,,,,,,,,,,,,,,,,,,,,,,,,,,,,,,,,,,,,,,,,,,,,,,,,,,,,,,,,,,,,,,,,,,,,,,,,,,,,,,,,,,,,,,,,,,,,,,,,,,,,,,,,,,,,,,,,,,,,,,,,,,,,,,,,,,,,,,,,,,,,,,,,,,,,,,,,,,,,,,,,,,,,,,,,3.2241099839582295,-2.4863241954724598
HH-63,,,,,,,,,,,,,TT,AG,,CC,CC,TA,CT,TT,GG,,CT,,,,,GT,GG,GG,,,,GA,,,,,,,,,,,,,,,,,,,,,,,,,,,,,,,,,,,,,,,,,,,,,,,,,,,,,,,,,,,,,,,,,,,,,,,,,,,,,,,,,,,,,,,,,,,,,,,,,,,,,,,,,,,,,,,,,,,,,,,,,,,,,,,,,,,,,,,,,,,,,,,,,,,,,,,,,,,,,,,,,,,,,,,,,,,,,,,,,,,,,,,,,,,,,,,,,,,,,,,,,,,,,,,,,,,,,,,,,,,,,-1.0378614282128622,0.7961276655105182
HH-64,,,,,,,,,,,,,TC,GG,,CC,TC,TA,CC,GT,AG,,CC,,,,,GG,GG,GA,,,,GA,,,,,,,,,,,,,,,,,,,,,,,,,,,,,,,,,,,,,,,,,,,,,,,,,,,,,,,,,,,,,,,,,,,,,,,,,,,,,,,,,,,,,,,,,,,,,,,,,,,,,,,,,,,,,,,,,,,,,,,,,,,,,,,,,,,,,,,,,,,,,,,,,,,,,,,,,,,,,,,,,,,,,,,,,,,,,,,,,,,,,,,,,,,,,,,,,,,,,,,,,,,,,,,,,,,,,,,,,,,,,1.959164187189911,-1.9461796168509824
HH-65,,,,,,,,,,,,,TT,AG,,CC,CC,TT,CT,TT,GG,,CT,,,,,GT,GA,GA,,,,GG,,,,,,,,,,,,,,,,,,,,,,,,,,,,,,,,,,,,,,,,,,,,,,,,,,,,,,,,,,,,,,,,,,,,,,,,,,,,,,,,,,,,,,,,,,,,,,,,,,,,,,,,,,,,,,,,,,,,,,,,,,,,,,,,,,,,,,,,,,,,,,,,,,,,,,,,,,,,,,,,,,,,,,,,,,,,,,,,,,,,,,,,,,,,,,,,,,,,,,,,,,,,,,,,,,,,,,,,,,,,,-0.458368130119783,1.0457800974458649
HH-66,,,,,,,,,,,,,TT,AG,,CC,CC,AA,CC,TT,GG,,CC,,,,,GG,GG,GG,,,,GA,,,,,,,,,,,,,,,,,,,,,,,,,,,,,,,,,,,,,,,,,,,,,,,,,,,,,,,,,,,,,,,,,,,,,,,,,,,,,,,,,,,,,,,,,,,,,,,,,,,,,,,,,,,,,,,,,,,,,,,,,,,,,,,,,,,,,,,,,,,,,,,,,,,,,,,,,,,,,,,,,,,,,,,,,,,,,,,,,,,,,,,,,,,,,,,,,,,,,,,,,,,,,,,,,,,,,,,,,,,,,-0.3699719384090987,-0.2923027265923133
HH-67,,,,,,,,,,,,,TT,AA,,CC,CC,AA,CC,TT,GG,,CC,,,,,GG,GG,GG,,,,GG,,,,,,,,,,,,,,,,,,,,,,,,,,,,,,,,,,,,,,,,,,,,,,,,,,,,,,,,,,,,,,,,,,,,,,,,,,,,,,,,,,,,,,,,,,,,,,,,,,,,,,,,,,,,,,,,,,,,,,,,,,,,,,,,,,,,,,,,,,,,,,,,,,,,,,,,,,,,,,,,,,,,,,,,,,,,,,,,,,,,,,,,,,,,,,,,,,,,,,,,,,,,,,,,,,,,,,,,,,,,,-0.3544004233263259,-0.2048259656667802
HH-68,,,,,,,,,,,,,TT,AA,,CC,CC,AA,CC,TT,GG,,CC,,,,,GG,GG,GG,,,,GG,,,,,,,,,,,,,,,,,,,,,,,,,,,,,,,,,,,,,,,,,,,,,,,,,,,,,,,,,,,,,,,,,,,,,,,,,,,,,,,,,,,,,,,,,,,,,,,,,,,,,,,,,,,,,,,,,,,,,,,,,,,,,,,,,,,,,,,,,,,,,,,,,,,,,,,,,,,,,,,,,,,,,,,,,,,,,,,,,,,,,,,,,,,,,,,,,,,,,,,,,,,,,,,,,,,,,,,,,,,,,-0.3544004233263259,-0.2048259656667802
HH-69,,,,,,,,,,,,,TT,AG,,CC,CC,TA,CT,TT,GG,,CT,,,,,GT,GA,GG,,,,GG,,,,,,,,,,,,,,,,,,,,,,,,,,,,,,,,,,,,,,,,,,,,,,,,,,,,,,,,,,,,,,,,,,,,,,,,,,,,,,,,,,,,,,,,,,,,,,,,,,,,,,,,,,,,,,,,,,,,,,,,,,,,,,,,,,,,,,,,,,,,,,,,,,,,,,,,,,,,,,,,,,,,,,,,,,,,,,,,,,,,,,,,,,,,,,,,,,,,,,,,,,,,,,,,,,,,,,,,,,,,,-1.2626884983522464,1.1556883022607398
HH-7,,,,,,,,,,,,,TT,AG,,CC,CC,TA,CC,TT,GG,,CT,,,,,GT,GA,GG,,,,GA,,,,,,,,,,,,,,,,,,,,,,,,,,,,,,,,,,,,,,,,,,,,,,,,,,,,,,,,,,,,,,,,,,,,,,,,,,,,,,,,,,,,,,,,,,,,,,,,,,,,,,,,,,,,,,,,,,,,,,,,,,,,,,,,,,,,,,,,,,,,,,,,,,,,,,,,,,,,,,,,,,,,,,,,,,,,,,,,,,,,,,,,,,,,,,,,,,,,,,,,,,,,,,,,,,,,,,,,,,,,,-0.9844445912843075,0.6983231619516389
HH-70,,,,,,,,,,,,,TC,GG,,CC,TC,TA,CC,GT,AG,,CC,,,,,GG,GG,GA,,,,GG,,,,,,,,,,,,,,,,,,,,,,,,,,,,,,,,,,,,,,,,,,,,,,,,,,,,,,,,,,,,,,,,,,,,,,,,,,,,,,,,,,,,,,,,,,,,,,,,,,,,,,,,,,,,,,,,,,,,,,,,,,,,,,,,,,,,,,,,,,,,,,,,,,,,,,,,,,,,,,,,,,,,,,,,,,,,,,,,,,,,,,,,,,,,,,,,,,,,,,,,,,,,,,,,,,,,,,,,,,,,,1.8572058848262387,-1.8977827585678002
HH-71,,,,,,,,,,,,,TC,AG,,CC,TC,TA,CC,GT,AG,,CC,,,,,GG,GG,GA,,,,GA,,,,,,,,,,,,,,,,,,,,,,,,,,,,,,,,,,,,,,,,,,,,,,,,,,,,,,,,,,,,,,,,,,,,,,,,,,,,,,,,,,,,,,,,,,,,,,,,,,,,,,,,,,,,,,,,,,,,,,,,,,,,,,,,,,,,,,,,,,,,,,,,,,,,,,,,,,,,,,,,,,,,,,,,,,,,,,,,,,,,,,,,,,,,,,,,,,,,,,,,,,,,,,,,,,,,,,,,,,,,,1.7241045522970209,-2.024339422135686
HH-72,,,,,,,,,,,,,TT,AG,,CC,TC,TA,CC,GT,AG,,CC,,,,,GG,GG,GA,,,,AA,,,,,,,,,,,,,,,,,,,,,,,,,,,,,,,,,,,,,,,,,,,,,,,,,,,,,,,,,,,,,,,,,,,,,,,,,,,,,,,,,,,,,,,,,,,,,,,,,,,,,,,,,,,,,,,,,,,,,,,,,,,,,,,,,,,,,,,,,,,,,,,,,,,,,,,,,,,,,,,,,,,,,,,,,,,,,,,,,,,,,,,,,,,,,,,,,,,,,,,,,,,,,,,,,,,,,,,,,,,,,1.4954205194291903,-1.7863036377923822
HH-73,,,,,,,,,,,,,TT,AA,,CC,CC,AA,CC,TT,GG,,CC,,,,,GG,GG,GG,,,,GA,,,,,,,,,,,,,,,,,,,,,,,,,,,,,,,,,,,,,,,,,,,,,,,,,,,,,,,,,,,,,,,,,,,,,,,,,,,,,,,,,,,,,,,,,,,,,,,,,,,,,,,,,,,,,,,,,,,,,,,,,,,,,,,,,,,,,,,,,,,,,,,,,,,,,,,,,,,,,,,,,,,,,,,,,,,,,,,,,,,,,,,,,,,,,,,,,,,,,,,,,,,,,,,,,,,,,,,,,,,,,-0.252442120962654,-0.2532228239499614
HH-74,,,,,,,,,,,,,TT,AG,,CC,TC,TA,CC,GT,AG,,CC,,,,,GG,GG,GA,,,,AA,,,,,,,,,,,,,,,,,,,,,,,,,,,,,,,,,,,,,,,,,,,,,,,,,,,,,,,,,,,,,,,,,,,,,,,,,,,,,,,,,,,,,,,,,,,,,,,,,,,,,,,,,,,,,,,,,,,,,,,,,,,,,,,,,,,,,,,,,,,,,,,,,,,,,,,,,,,,,,,,,,,,,,,,,,,,,,,,,,,,,,,,,,,,,,,,,,,,,,,,,,,,,,,,,,,,,,,,,,,,,1.4954205194291903,-1.7863036377923822
HH-75,,,,,,,,,,,,,TT,AA,,CC,CC,AA,CC,TT,GG,,CC,,,,,GG,GG,GG,,,,GG,,,,,,,,,,,,,,,,,,,,,,,,,,,,,,,,,,,,,,,,,,,,,,,,,,,,,,,,,,,,,,,,,,,,,,,,,,,,,,,,,,,,,,,,,,,,,,,,,,,,,,,,,,,,,,,,,,,,,,,,,,,,,,,,,,,,,,,,,,,,,,,,,,,,,,,,,,,,,,,,,,,,,,,,,,,,,,,,,,,,,,,,,,,,,,,,,,,,,,,,,,,,,,,,,,,,,,,,,,,,,-0.3544004233263259,-0.2048259656667802
HH-77,,,,,,,,,,,,,TT,AA,,CC,CC,AA,CC,TT,GG,,CC,,,,,GG,GG,GG,,,,GG,,,,,,,,,,,,,,,,,,,,,,,,,,,,,,,,,,,,,,,,,,,,,,,,,,,,,,,,,,,,,,,,,,,,,,,,,,,,,,,,,,,,,,,,,,,,,,,,,,,,,,,,,,,,,,,,,,,,,,,,,,,,,,,,,,,,,,,,,,,,,,,,,,,,,,,,,,,,,,,,,,,,,,,,,,,,,,,,,,,,,,,,,,,,,,,,,,,,,,,,,,,,,,,,,,,,,,,,,,,,,-0.3544004233263259,-0.2048259656667802
HH-78,,,,,,,,,,,,,TT,GG,,CC,CC,TT,TT,TT,GG,,TT,,,,,TT,AA,GG,,,,GG,,,,,,,,,,,,,,,,,,,,,,,,,,,,,,,,,,,,,,,,,,,,,,,,,,,,,,,,,,,,,,,,,,,,,,,,,,,,,,,,,,,,,,,,,,,,,,,,,,,,,,,,,,,,,,,,,,,,,,,,,,,,,,,,,,,,,,,,,,,,,,,,,,,,,,,,,,,,,,,,,,,,,,,,,,,,,,,,,,,,,,,,,,,,,,,,,,,,,,,,,,,,,,,,,,,,,,,,,,,,,-1.3590465432363732,2.879674529491373
HH-79,,,,,,,,,,,,,TT,GG,,CC,TC,TT,CT,GT,AG,,CT,,,,,GT,GG,GA,,,,AA,,,,,,,,,,,,,,,,,,,,,,,,,,,,,,,,,,,,,,,,,,,,,,,,,,,,,,,,,,,,,,,,,,,,,,,,,,,,,,,,,,,,,,,,,,,,,,,,,,,,,,,,,,,,,,,,,,,,,,,,,,,,,,,,,,,,,,,,,,,,,,,,,,,,,,,,,,,,,,,,,,,,,,,,,,,,,,,,,,,,,,,,,,,,,,,,,,,,,,,,,,,,,,,,,,,,,,,,,,,,,1.5219312423207756,-0.37348118902878935
HH-8,,,,,,,,,,,,,TT,AA,,CC,CC,AA,CC,TT,GG,,CC,,,,,GT,GG,GG,,,,GA,,,,,,,,,,,,,,,,,,,,,,,,,,,,,,,,,,,,,,,,,,,,,,,,,,,,,,,,,,,,,,,,,,,,,,,,,,,,,,,,,,,,,,,,,,,,,,,,,,,,,,,,,,,,,,,,,,,,,,,,,,,,,,,,,,,,,,,,,,,,,,,,,,,,,,,,,,,,,,,,,,,,,,,,,,,,,,,,,,,,,,,,,,,,,,,,,,,,,,,,,,,,,,,,,,,,,,,,,,,,,-0.41998014404944917,0.10755069561847154
HH-80,,,,,,,,,,,,,TT,AG,,CC,CC,TA,CT,TT,GG,,CT,,,,,GT,GG,GG,,,,GA,,,,,,,,,,,,,,,,,,,,,,,,,,,,,,,,,,,,,,,,,,,,,,,,,,,,,,,,,,,,,,,,,,,,,,,,,,,,,,,,,,,,,,,,,,,,,,,,,,,,,,,,,,,,,,,,,,,,,,,,,,,,,,,,,,,,,,,,,,,,,,,,,,,,,,,,,,,,,,,,,,,,,,,,,,,,,,,,,,,,,,,,,,,,,,,,,,,,,,,,,,,,,,,,,,,,,,,,,,,,,-1.0378614282128622,0.7961276655105182
HH-81,,,,,,,,,,,,,TT,AA,,CC,CC,AA,CC,TT,GG,,CC,,,,,GG,GG,GG,,,,GG,,,,,,,,,,,,,,,,,,,,,,,,,,,,,,,,,,,,,,,,,,,,,,,,,,,,,,,,,,,,,,,,,,,,,,,,,,,,,,,,,,,,,,,,,,,,,,,,,,,,,,,,,,,,,,,,,,,,,,,,,,,,,,,,,,,,,,,,,,,,,,,,,,,,,,,,,,,,,,,,,,,,,,,,,,,,,,,,,,,,,,,,,,,,,,,,,,,,,,,,,,,,,,,,,,,,,,,,,,,,,-0.3544004233263259,-0.2048259656667802
HH-9,,,,,,,,,,,,,TT,AG,,CC,CC,TA,CT,TT,GG,,CT,,,,,GT,GG,GG,,,,GA,,,,,,,,,,,,,,,,,,,,,,,,,,,,,,,,,,,,,,,,,,,,,,,,,,,,,,,,,,,,,,,,,,,,,,,,,,,,,,,,,,,,,,,,,,,,,,,,,,,,,,,,,,,,,,,,,,,,,,,,,,,,,,,,,,,,,,,,,,,,,,,,,,,,,,,,,,,,,,,,,,,,,,,,,,,,,,,,,,,,,,,,,,,,,,,,,,,,,,,,,,,,,,,,,,,,,,,,,,,,,-1.0378614282128622,0.7961276655105182
IR-2101,CC,ID,CC,GG,CC,AA,CG,AA,CC,CC,,,TT,AA,TT,CC,CC,AA,CC,TT,GG,CC,CC,TT,CC,GG,GG,GG,GG,GG,CC,TT,GA,GG,AA,GG,GG,CC,GT,GA,,GG,CC,AA,CC,CC,GG,GA,GG,AA,,"-9, +9",AG,CT,TT,CT,AA,TA,TC,,,,,,,,,AG,CT,CG,AG,CG,GG,TT,CC,CC,TT,CC,GG,GG,GG,GG,CC,AA,GA,AT,TT,AA,GG,AA,TT,AA,GG,TC,CT,CC,CC,,,,,,AA,GG,CC,GA,AA,GG,AA,AA,CC,GG,GG,,TT,CC,CT,,CG,TT,GG,AT,CC,,,AG,AC,AA,TT,CA,GC,GG,CC,GA,AG,GA,,,GA,GG,GG,AA,CC,CC,,,TT,GG,GG,CC,GG,GT,GG,GG,TC,AC,AA,CC,TT,AA,GG,TC,TC,4G5G,AA,GG,CC,AA,GA,CC,GG,CC,,CC,AA,CC,CC,,,CC,GA,CT,AA,CT,CT,TC,GA,CC,CC,GG,CG,CC,AA,CC,CT,CC,TT,CC,TT,GG,CT,GT,TC,GT,CT,GG,,GG,AA,GG,CC,TT,AA,,,GG,GA,TC,TT,,,,,,,0.0,IR,02-2,Male,23.0,Caucasian,20.0,30.0,10.0,50.0,17.5,20.0,2.5,14.3,175.0,69.4,25.543,118.0,92.0,80.0,8.33,21.0,14.0,16.67,R,180.0,69.7,26.047,8.33,-1.804185472412757,-0.8864252400817908
IR-2102,CC,II,CT,GA,TC,GA,CC,GG,GG,CC,,,TT,AG,GT,CC,CC,TA,CT,TT,GG,CC,CT,CT,CC,CG,GG,GT,GG,GG,TC,AT,GG,GA,AG,GA,GA,CT,GT,GG,,GG,CC,AA,CT,CC,AG,GG,GG,AA,,"-9, +9",GG,CT,TC,TT,AA,AA,TT,,,,,,,,,AG,CT,CC,AA,CC,GA,TT,CC,CT,TC,CC,GA,GA,AG,AG,TC,AC,GA,AT,CT,AA,CG,GG,AA,AT,GG,TT,CT,CC,CT,,,,,,AA,GG,CC,GG,AA,GG,AA,AA,CC,GG,GG,CC,TT,CC,CT,,GG,TT,GG,AA,CC,,,AG,AC,TA,CT,CA,GG,GG,CT,GA,AA,GA,,,GG,GG,AA,GA,CG,CC,,,CT,GG,GG,CC,GG,GT,GG,GA,CC,CC,AA,GC,TT,AA,GG,TC,TC,4G4G,AA,GG,CT,AA,GG,CC,AG,CC,,CC,AA,CT,CC,,,CC,AA,CT,AA,CC,CC,TT,GG,CC,CC,GG,CG,CC,AA,CT,CT,CC,TT,CC,GT,AG,CC,GG,CC,GG,CC,AA,,GG,AA,GG,CC,TT,AA,,,AA,GA,TC,TT,,,,,,,0.0,IR,02-2,Male,25.0,Caucasian,25.0,27.5,2.5,10.0,25.0,22.5,-2.5,-10.0,169.0,70.4,23.972,110.0,72.0,66.0,12.33,20.33,14.33,18.33,R,169.0,70.4,23.972,6.0,-3.6065940105975716,-0.10483055080952172
IR-2103,CC,DD,CT,GA,TC,GA,GG,GA,CC,CC,,,TT,AG,,CT,CC,TT,CT,GT,GG,,CT,,,,,GT,GA,GA,,,,GG,,,GG,CC,GG,GG,,GG,CC,AA,CC,CT,GG,GA,GG,AA,CC,"-9, -9",GG,CT,TC,CC,AA,TT,TC,GG,CC,GG,TT,CC,,CC,GG,GG,CC,GG,GG,CC,GG,CC,GG,CT,TC,CC,GA,GG,AA,AA,CC,AA,GG,,CT,AA,GG,GG,AA,AT,GG,CC,,CG,CC,GA,TT,CC,GG,AG,AG,AA,TT,GA,TT,,AT,,CA,AA,GA,CT,TT,TC,CC,,CG,TC,AA,AT,CC,GG,GG,AA,CC,TT,CC,CC,GG,GG,CC,AA,AA,,,,GA,GG,GG,GG,CC,CC,AA,TT,CC,GG,TT,TT,TT,GG,GG,GG,TT,AA,AA,GG,TC,AA,AA,TT,TT,5G5G,AA,GG,CC,AA,GA,CC,GG,CT,GG,CC,AG,CT,CC,,,CC,GG,CC,GA,CT,CC,TT,GG,CC,CC,AA,CC,CC,AA,TT,TT,CT,TT,CC,,,CT,GT,TC,GT,CT,GG,,GG,AA,TT,CC,GG,GG,,,GG,GG,TT,TG,,,,,,,0.0,IR,02-2,Female,26.0,Other,10.0,17.5,7.5,75.0,10.0,12.5,2.5,25.0,175.0,67.6,26.922,128.0,90.0,64.0,20.67,38.67,18.33,38.0,R,185.0,67.3,28.714,19.0,13.557077454598483,17.323017440408286
IR-2104,CA,DD,TT,AA,TT,GG,CG,GG,CG,CC,,,TT,AG,,CC,TC,TA,CC,GT,AG,,CC,,,,,GG,GG,GA,,,,GG,,,GG,CC,TT,GG,,GG,CC,AA,CC,CC,GG,GA,GG,AA,,"-9, -9",AG,TT,TT,TT,AA,TA,TT,,,,,,,,,AG,CT,GG,GG,CC,GG,TT,CC,TT,CC,CG,GA,GA,AG,AG,TC,AC,GA,,CT,AA,CG,GG,AA,AA,GG,TT,,CC,CT,,,,,,,GG,CC,GG,AA,GG,AA,AA,CC,GG,GG,CC,TT,CC,CT,,CG,TT,GA,AA,CA,,,AG,AC,TA,CC,CA,GG,GC,CC,GG,AA,AA,,,GA,GG,AG,GA,CC,CT,,,TT,AG,GG,CC,GG,GG,GG,GG,TC,AC,AA,GG,TT,AA,AG,TT,TC,5G5G,AA,GG,CC,AA,GA,CC,GG,CC,,CT,AA,CC,CC,,,CC,AA,CT,AA,CT,CT,TT,GG,CC,CC,GA,CC,CG,AA,CC,TT,CC,TT,CT,,,CT,GT,TC,GT,CT,GA,,GA,AC,TT,CC,TT,AA,,CT,GG,GA,TC,TT,,,,,,,2.0,IR,02-2,Female,31.0,Other,,22.5,,,12.5,12.5,0.0,0.0,151.0,64.3,25.675,120.0,86.0,58.0,12.67,20.33,14.0,21.67,R,155.0,64.2,26.437,13.67,-0.8583763351516445,-2.7816932665448055
IR-2105,CC,II,CC,GG,CC,AA,CC,GG,GG,CC,,,TC,AG,GT,CC,CC,TA,CT,TT,GG,CC,CT,TT,CC,CG,GG,GT,GA,GG,CC,TT,GG,GG,AA,GG,GG,CC,TT,GG,,GG,CC,AA,CC,CC,GG,GA,GG,AA,,"-9, -9",AG,TT,TC,TT,AC,TT,TT,,,,,,,,,AG,CT,GG,GG,CC,GG,TT,CC,CC,TC,CG,GG,GG,AA,AA,TT,AA,GG,AA,CT,AA,CG,GG,AA,TT,GG,TC,CC,CC,CC,,,,,,AA,GG,CT,GG,TA,GA,AA,AA,CC,GA,GG,CC,TT,CC,TT,,GG,TT,GG,AA,AA,,,AG,AC,TA,CC,CA,GC,GG,TT,GG,AG,GA,,,GA,GG,AG,GG,,CC,,,CC,GG,GG,CC,GT,GT,GG,GG,TC,AC,AA,GC,TT,AA,,TT,TC,4G4G,AA,GG,CC,AA,GA,CC,GG,CC,,CC,AA,CT,CC,,,CC,GG,CC,GG,CC,CC,TC,GA,CC,CC,GG,CC,CG,AC,TT,CC,TT,TT,CC,GT,AG,CT,GT,TC,GT,CT,GG,,GA,AC,GT,CC,TT,AA,,TT,GG,GG,TT,TT,,,,,,,0.0,IR,02-2,Female,26.0,Caucasian,15.0,20.0,5.0,33.3,15.0,12.5,-2.5,-16.7,141.0,67.0,22.081,126.0,90.0,72.0,10.0,24.33,9.67,24.33,R,146.0,67.0,22.864,10.67,-0.6397096312059295,-0.08782299080563784
IR-2106,CA,,CC,GG,CC,AA,CC,GG,CG,CC,,,TT,GG,GG,CC,TC,TT,CT,GT,AG,CT,CT,CT,CC,CC,GG,TT,GA,GG,CC,AT,GG,GA,GG,AA,GA,CT,GG,GA,,GG,CC,AA,CC,CC,GG,GG,GG,AA,CC,"-9, -9",AG,CC,TT,TT,AA,TT,TC,GG,CC,GG,TT,CC,AA,CC,GG,AG,CT,GG,GG,CC,GG,TT,CC,CC,TC,CC,GA,GG,AA,AA,TT,AC,GA,AT,CT,AA,GG,AA,TT,AT,GG,TC,CC,CC,CC,GG,TT,CC,GG,AA,AA,GG,CC,GA,TA,GG,AA,AA,CC,GA,GG,CC,TT,CC,CT,,CG,TT,GA,AA,CC,GG,CC,AG,AC,TT,CC,CA,GG,GG,CT,GA,,GA,,,GG,GA,GG,GG,CC,CC,CA,GG,CC,GG,GT,CT,GG,GG,GG,GG,TT,AA,AG,CC,TC,AG,AA,TC,TT,4G5G,AA,GG,CC,AA,GG,CC,GG,CC,GG,CC,AA,CC,CG,,,CC,GG,CT,AA,CT,CT,TC,GA,CC,CT,GA,CG,CG,AA,CT,TT,CT,TT,CC,GT,AG,CC,GG,CC,GG,CC,GG,,GA,AA,GG,CC,TT,AA,,TT,GA,GG,TT,TT,,,,,,,0.0,IR,02-2,Male,22.0,Caucasian,22.5,30.0,7.5,33.3,25.0,25.0,0.0,0.0,213.0,75.0,26.62,128.0,92.0,64.0,11.33,20.67,11.33,19.67,R,218.0,74.3,27.761,10.33,0.96825312783248,1.1923689534536894
IR-2107,CC,ID,TT,GA,TC,GA,CG,GA,CG,CC,,,TT,AG,GT,CC,CC,TA,CT,TT,GG,CC,CT,TT,CC,CG,GG,GT,GA,GG,CC,AT,GG,GG,GG,GA,GG,CC,TT,GG,,GG,CC,AA,CC,CC,GG,GG,GG,AA,,"-9, -9",GG,TT,TC,TT,CC,,TC,,,,,,,,,AG,CT,GG,GG,CG,GG,,,CT,TT,CC,GA,GG,GG,GG,CC,,,AT,CT,AA,CG,GA,AT,AA,GG,TT,CT,,,,,,,,AA,GG,CC,GG,TA,GG,AA,AA,CC,GG,GG,CC,,CC,CT,,CG,TT,GA,AA,CC,,,,,,,AA,GC,GG,TT,,AA,AA,,,GG,GG,AA,,,CC,,,,GG,GG,CC,GG,GT,GG,GG,TC,AC,AG,,,,,,TC,4G5G,AA,GG,CC,AA,GG,CC,GG,CC,,,AA,CT,CC,,,CC,GA,,,,,,,CC,CT,GA,CC,GG,AA,CT,TT,CC,TT,,GT,AG,TT,GG,CC,GG,CC,GA,,,AC,GT,CC,TT,AA,CC,TT,GA,GG,TT,,,,,,,,0.0,IR,02-2,Male,20.0,Caucasian,27.5,42.5,15.0,54.5,27.5,32.5,5.0,18.2,177.0,72.0,24.003,142.0,80.0,60.0,5.0,8.67,4.0,8.0,R,172.0,71.8,23.455,3.0,-2.433899428962811,-0.07859433499022203
IR-2108,AA,ID,CT,GA,TC,GA,CC,GA,CG,CC,,,TT,GG,GG,CC,CC,TT,TT,TT,GG,CC,TT,TT,CC,CC,GG,TT,GA,GG,TC,AA,GG,GA,GG,AA,GG,CC,GT,GA,,GG,CC,AA,CC,CC,GG,GA,GG,AA,,"-9, +9",GG,CT,TC,CT,AA,TA,TC,,,,,,,,,AG,CC,CG,GG,CC,GG,TC,CG,CT,,CG,GG,GG,AA,AA,TT,AC,GG,TT,CT,AG,GG,GA,AT,AT,GG,TT,CC,CC,CC,,,,,,AA,GG,CC,GG,AA,GG,AA,AA,CC,GG,GG,CC,TT,CC,CC,,CG,TT,GA,AA,AA,,,AA,CC,TT,CC,CC,GG,GC,TT,GG,AA,GA,,,GG,GG,AG,GA,CC,CT,,,CT,AA,GG,CC,GG,GT,GG,GG,TC,AC,AA,CC,TC,AG,,TT,TT,4G5G,AA,GG,CC,AA,GA,CC,GG,CC,,CC,AA,CT,CC,,,CC,GA,TT,GA,CC,CC,TC,GA,CC,CT,GA,CG,GG,AC,TT,TT,CC,TT,CC,GG,AA,CC,GG,TC,GG,CC,GA,,GG,CC,TT,CC,TT,AA,,TT,GA,GG,TT,TT,,,,,,,0.0,IR,02-2,Male,21.0,Caucasian,27.5,32.5,5.0,18.2,25.0,27.5,2.5,10.0,143.0,65.0,23.794,120.0,88.0,80.0,5.67,18.67,5.67,16.0,L,145.0,65.0,24.127,3.0,-2.1578510073403256,2.1973012648212475
IR-2109,CC,ID,CC,GG,CC,AA,CG,GG,CC,CC,,,TC,AG,,CT,CC,TT,CT,GG,GG,,CT,,,,,GT,GA,GA,,,,GG,,,GG,CC,TT,GG,,GG,GG,AA,CC,CC,AA,GG,GG,AA,,"+9, +9",AG,CC,TC,CC,AC,TA,TT,,,,,,,,,AG,CC,GG,GG,CG,GA,TT,CC,CC,TC,CG,AA,GA,AG,AG,TC,AA,GA,,CC,AG,GG,GG,AA,AA,GG,TC,,CC,CT,,,,,,AA,GG,CT,GG,AA,GG,AA,AA,CC,GG,GG,CC,TT,CC,CC,,CG,TT,GG,AA,CC,,,AG,AC,TA,CT,AA,GC,GG,CT,GG,AA,GG,,,GG,GG,AA,GG,CC,CC,,,CT,GG,GG,CT,GT,GG,GG,GG,CC,CC,AA,CC,CC,AA,AG,TC,CC,4G4G,AA,GG,CC,AA,GG,GG,AA,CC,,CC,AA,CT,CC,,,CC,GA,CT,AA,CT,CT,TT,GG,CC,CT,GA,CG,CG,AA,TT,CT,CT,TT,CC,,,CC,GG,CC,GG,CC,GG,,GG,AC,TT,CC,GT,AG,,TT,GA,GG,TT,TT,,,,,,,0.0,IR,02-2,Male,25.0,Asian,20.0,30.0,10.0,50.0,20.0,20.0,0.0,0.0,144.0,67.6,22.153,120.0,95.0,65.0,12.67,20.0,12.0,18.67,R,147.0,67.6,22.614,4.67,2.8883150935920834,0.09155940343780222
IR-2110,CA,II,CC,GG,CC,AA,CG,GA,CC,CC,,,TT,AG,GT,CC,CC,TA,CT,TT,GG,CC,CT,TT,CC,CG,GG,GT,GA,GG,CC,TT,GA,GG,AA,GG,GG,CC,GG,AA,,GG,CC,AA,CC,CC,GG,GA,GG,AA,CT,"+9, +9",GG,CT,CC,CT,AA,TA,TT,GG,CC,GG,TT,CC,AA,CC,GG,AA,CT,CC,AA,CG,GG,TT,CC,CC,CC,CG,GG,GG,AA,AA,TT,AA,GG,AA,CT,AA,GG,GA,AT,AT,GG,TC,CT,CC,CC,GG,TT,CC,GG,AA,AA,GG,CC,GG,AA,GG,AA,AA,CC,GG,GG,CC,TT,CC,CC,,CG,TT,GA,AT,CC,GC,GG,AA,CC,TA,CT,CC,GC,GG,CC,GG,AG,GA,,,GG,GG,AG,AA,CC,CT,CC,GG,CC,AG,GG,CC,GT,GG,GG,GG,CC,CC,AA,CC,TT,AG,AG,TT,TT,4G4G,AA,GG,CC,AA,GA,CC,GG,CC,GG,CT,AG,CT,CC,,,CC,GG,CT,AA,CT,CT,TT,GG,CC,CC,GG,GG,CC,AA,TT,CT,CT,TT,CC,GT,AG,CC,GT,TT,GT,TT,GG,,AA,AA,GT,CC,GT,AG,,CT,GG,AA,CC,TT,,,,,,,0.0,IR,02-2,Female,21.0,Caucasian,12.5,22.5,10.0,80.0,12.5,12.5,0.0,0.0,141.0,60.7,26.903,112.0,60.0,84.0,15.33,28.0,15.0,26.67,L,142.0,60.7,27.094,13.33,-3.0317322564410247,0.16104015379093284
IR-2111,CC,,CT,GA,TC,GA,CC,GA,,CC,,,TT,AA,,CC,CC,AA,CC,TT,GG,,CC,,,,,GG,GG,GG,,,,GG,,,GG,CC,GG,GA,,GG,CC,AA,CC,CC,GG,GA,GG,AA,,"-9, +9",AG,TT,TC,CT,AA,TA,TC,,,,,,,,,AG,CC,CG,AG,CC,GA,TC,CG,CT,TT,CG,GA,GG,AG,AA,TT,AC,GA,,CT,AA,GG,GG,AA,AA,GG,TC,,CC,CC,,,,,,AA,GG,CC,GA,AA,GG,AA,AA,CC,GG,GG,CC,TT,CC,CC,,CC,TT,GG,AA,CC,,,GG,AA,TA,CC,AA,GG,GG,CC,GA,,GG,,,GA,GG,AG,GA,CG,CC,,,CC,GG,GG,CC,GG,GT,GA,GG,TT,AA,AA,CC,TC,AG,AA,TT,TC,4G4G,AA,GG,CC,AA,GA,CC,GG,CC,,CT,AA,TT,CC,,,CC,GA,TT,AA,CT,CT,TT,GG,CC,CC,GA,CC,CG,AA,TT,CT,CT,TT,CC,,,CC,GG,CC,GG,CC,GG,,AA,AA,GT,CC,GT,AG,,CT,GG,GA,TC,TT,,,,,,,,,,,,,,,,,,,,,,,,,,,,,,,,,,,,-1.6895235222293346,-1.3281789591956787
IR-2112,CA,ID,CT,GA,TC,GA,CG,GA,CG,CC,,,TT,GG,,CC,CC,TT,TT,TT,GG,,TT,,,,,TT,GA,GG,,,,GA,,,GA,CT,GT,GG,,GG,CC,AA,CT,CC,AG,GG,GG,AA,,"+9, +9",AG,TT,TC,TT,AA,TA,CC,,,,,,,,,AG,CC,GG,GG,CC,GG,TT,CC,CT,TT,CG,GG,GG,AG,AG,TC,AC,GA,,CC,AA,GG,GG,AA,TT,GG,TT,,CC,CC,,,,,,AA,GG,CT,GG,TA,GG,AA,AA,CC,GA,GG,TT,TT,TT,CT,,CG,TT,GG,AA,AA,,,AA,CC,TA,CT,CC,CC,GG,CT,AA,AG,GA,,,GG,GG,AA,GG,CC,CC,,,CC,GG,GG,CC,GT,GT,GA,GG,TT,AA,AA,GC,TT,AG,AG,TT,TC,4G5G,AA,GG,CT,AA,GG,CC,AG,CC,,CC,AA,CT,CC,,,CC,AA,CC,AA,TT,CT,TT,GG,CC,CC,GG,CC,CG,AC,TT,CT,CT,TT,CC,,,CC,GT,CC,GT,CC,GA,,GA,CC,TT,CC,TT,AA,,CT,GA,GA,TC,TT,,,,,,,,,,,,,,,,,,,,,,,,,,,,,,,,,,,,-1.3661345860998548,2.4348787089558006
IR-2113,CA,ID,CT,GA,TC,GA,CG,GA,CC,CC,,,TT,GG,GG,CC,TT,TT,CC,GG,AA,TT,CC,TT,CG,CC,GG,GT,GA,GA,CC,AA,GG,GG,AG,GA,GG,CC,TT,GG,,GG,CC,AA,CC,CC,GG,GG,GG,AA,CC,"-9, -9",GG,TT,TC,TT,AA,TT,TT,GG,CC,GG,TT,CC,AG,CC,GA,AG,CC,CG,AG,CC,GG,TT,CC,CT,TT,CC,GG,GA,AG,AA,TC,AC,GA,TT,CT,AA,CC,GG,AA,AA,GG,TC,CC,CC,CC,GG,TT,CC,GG,AA,AA,GG,CT,GG,AA,GG,AA,AA,CC,GG,GG,CC,TT,CC,CC,,CG,TT,AA,AA,CC,GG,CC,GG,,TA,CC,AA,GG,GC,CT,GG,AG,GA,,,GG,GG,AA,AA,CC,CT,CC,GG,TT,AG,GG,CC,GT,GG,GG,GG,TC,AC,AA,GC,TT,GG,AA,TT,CC,4G4G,AA,GG,CC,AA,GG,CC,GG,CC,GA,CT,AG,CC,CC,,,GG,GA,TT,AA,CT,CT,TT,GG,CC,CT,GA,CG,CG,AA,TT,TT,TT,TT,CC,GT,AG,CC,GT,TC,GT,CT,GG,,GA,AC,GT,CC,TT,AA,,TT,AA,GG,TT,TT,,,,,,,0.0,IR,02-2,Female,23.0,Caucasian,10.0,17.5,7.5,75.0,12.5,12.5,0.0,0.0,132.0,64.5,22.305,124.0,80.0,72.0,12.67,20.0,14.67,20.67,R,137.0,64.5,23.15,6.0,1.5455666382526152,-3.9406339762170224
IR-2114,CA,DD,TT,AA,TT,GG,CC,GG,CG,CC,,,TT,AA,GG,CC,TC,TT,CT,GT,AG,CT,CT,TT,CG,CC,GG,GT,GA,GA,CC,AT,GA,GA,AG,GA,GG,CC,TT,GG,,GG,CC,AA,CC,CC,GG,GA,GG,AA,,"-9, +9",AA,CT,TC,CT,AA,TA,TT,,,,,,,,,AG,CC,CG,GG,CC,GG,TC,CG,TT,CC,GG,GA,GG,AG,AA,TT,AA,GG,AT,CT,AA,CG,GG,AA,AA,GG,TT,CC,CC,CT,,,,,,AA,GG,CC,GA,AA,GG,AA,AA,CC,GG,GG,CT,TT,TC,CT,,CG,TT,GA,AA,CA,,,AG,AC,TA,CT,CA,GC,GG,CT,AA,AA,AA,,,GG,GG,AG,GG,GG,TT,,,CT,AA,GT,CC,GG,GG,GA,GG,TC,AC,AA,CC,TC,AG,AG,TC,TT,4G5G,AA,GG,CC,AA,GA,CC,GG,CC,,CC,AG,CC,CC,,,CG,GG,CT,AA,CC,CC,TC,GA,CC,CC,GA,CG,CG,AA,CT,CC,CT,TT,CC,GT,AG,CT,GT,CC,GG,CC,GG,,GA,AC,TT,CC,TT,AA,,CT,GA,GA,TC,TT,,,,,,,0.0,IR,02-2,Male,21.0,Caucasian,25.0,30.0,5.0,20.0,25.0,22.5,-2.5,-10.0,168.0,73.2,22.042,118.0,78.0,68.0,4.67,18.0,4.67,15.33,R,168.0,73.2,22.042,5.33,0.17818007648737202,-1.4299126224521697
IR-2115,CC,DD,CT,GA,TC,GA,CG,GG,GG,CC,,,TT,AG,,CC,TC,TA,CC,GT,AG,,CC,,,,,GG,GG,GA,,,,GG,,,GA,CT,GG,GA,,GG,CC,AA,CT,CC,AG,GG,GG,AA,,"+9, +9",GG,TT,TC,CT,AC,TT,TT,,,,,,,,,AG,CC,CC,AA,CC,GG,TT,CC,CT,CC,CC,GG,GG,AA,AA,TT,AC,GA,,CT,AA,GG,GG,AA,AA,GG,TT,,CC,CC,,,,,,AA,GG,CC,GG,AA,GG,AA,AA,CC,GG,GG,CC,TT,CC,CT,,CG,TT,GG,AT,CA,,,AG,AC,TA,CT,CC,GC,GC,CT,GG,AG,GA,,,GG,GG,AG,GA,CG,CC,,,CC,GG,GG,CC,GG,GT,GG,GA,TC,AC,AA,GC,TT,AG,AA,TT,TC,5G5G,AA,GG,CT,AA,GG,CC,AG,CC,,CC,AG,CT,CC,,,CC,GG,CC,AA,CC,CC,TT,GG,CC,CC,GG,CC,CC,AA,CC,TT,CT,TT,CC,,,CC,TT,TT,TT,TT,GA,,GA,AA,GG,CC,TT,AA,,CT,GG,GA,TC,TT,,,,,,,,,,,,,,,,,,,,,,,,,,,,,,,,,,,,-2.012877432976287,-1.5185076440573237
IR-2116,CA,II,CC,GG,CC,AA,CG,GG,GG,CC,,,TT,AA,TT,CC,CC,AA,CC,TT,GG,CC,CC,TT,CC,GG,GG,GG,GG,GG,CC,TT,GG,GG,AA,GG,GA,CT,GT,GG,,GG,CC,AA,CC,CC,GG,GA,GG,AA,,"-9, +9",GG,CT,TC,CT,AA,TT,TC,,,,,,,,,GG,CC,GG,GG,CG,GG,TT,CC,CC,CC,CC,GG,GA,GG,AG,CC,AC,GA,TT,TT,AA,CG,GG,AA,AT,GG,TT,CC,CC,CT,,,,,,AA,GG,CC,GG,AA,GG,AA,AA,CC,GG,GG,CC,TT,CC,CC,,CC,TT,AA,AA,CC,,,AG,AC,TT,CC,CA,GC,GG,CT,GA,AG,GA,,,GG,GG,AG,AA,CC,CT,,,CT,AA,GG,CT,GT,GG,GA,GG,TT,AA,AA,GC,TT,AA,GG,TT,CC,4G5G,AA,GG,CC,AA,GA,CC,GG,CC,,CC,AA,CT,CC,,,CC,GA,CC,AA,TT,TT,TT,GG,CC,CC,GG,CG,CC,AA,TT,CC,CT,TT,CC,TT,GG,CC,GG,CC,GG,CC,AA,,AA,AA,GT,CC,GT,AG,,,GA,GA,TC,TT,,,,,,,0.0,IR,02-2,Male,22.0,Caucasian,22.5,27.5,5.0,22.2,25.0,25.0,0.0,0.0,155.0,67.5,23.916,126.0,88.0,72.0,5.0,15.33,4.67,13.0,R,154.0,67.5,23.761,6.0,-1.5360346912333143,-1.4347235719004752
IR-2117,CC,ID,TT,AA,TT,GG,CG,AA,CC,CC,,,TT,GG,,CC,CC,TT,TT,TT,GG,,TT,,,,,TT,GA,GG,,,,GA,,,GA,CT,GG,GA,,GG,CC,AA,CC,CC,GG,GG,GG,AA,,"-9, -9",AA,CC,TC,CC,AA,TA,CC,,,,,,,,,AA,CC,GG,GG,CG,GG,TT,CC,TT,TT,CC,GG,GA,AA,AA,TT,AA,GG,,TT,AA,GG,GG,AA,AT,GG,TT,,CC,CC,,,,,,AA,GG,TT,GA,AA,GG,AA,AA,CC,GG,GG,CC,TT,CC,CT,,CG,TT,GG,AT,CC,,,AA,CC,TA,CT,CC,GC,GG,CT,AA,AG,,,,GA,GG,AG,GA,CC,CT,,,TT,AG,GT,CC,GT,,GA,GA,TC,AC,AA,GC,TC,AG,AG,TT,TT,4G4G,AA,GG,CC,AA,GG,CC,GG,CC,,CT,AA,CT,CC,,,CC,GA,CC,AA,CT,CT,TT,GG,CC,CC,GG,GG,CC,AA,TT,TT,CT,TT,CT,,,CT,GG,CC,GG,CC,GA,,GG,CC,TT,CC,TT,AA,,,GG,GA,TC,TT,,,,,,,,,,,,,,,,,,,,,,,,,,,,,,,,,,,,-1.7140971065472357,1.885115501168237
IR-2118,CA,,CC,GA,TC,GA,CC,GG,GG,CC,,,TC,AG,GT,CC,,,CT,TT,GG,CC,TT,TT,CC,GG,GG,TT,AA,GG,CC,TT,GG,,AA,GA,GG,CC,GT,GG,,GG,CC,AA,CC,CT,GG,GG,GG,AA,,,AG,TT,TT,TT,,TT,CC,,,,,,,,,GG,CT,CG,AG,CC,,TT,CC,CT,,CC,GG,GG,,AA,TC,AC,AA,AT,TT,AA,GG,GG,AA,AT,GG,TC,CT,CC,CC,,,,,,,,CC,GA,AA,GG,AA,AA,CC,GG,GG,,TT,CC,,,GG,TT,GA,AA,CC,,,AA,,TA,CC,,,GG,CC,GA,AA,GA,,,GG,GG,AA,GA,CC,CC,,,CT,GG,GG,CC,GG,GG,GG,,CC,CC,AA,CC,TC,AA,AG,TT,TC,4G5G,AA,GG,CC,AA,GG,CC,GG,CT,,CC,AA,CT,CC,,,CC,AA,CT,GA,,TT,TT,GG,CC,CC,GG,GG,CC,AA,CT,CT,CC,TT,CC,GT,AG,CC,GG,CC,GG,CC,,,GA,AA,GG,TT,TT,AA,,TT,GG,GG,,TT,,,,,,,0.0,IR,02-2,Male,21.0,Caucasian,22.5,32.5,10.0,44.4,25.0,20.0,-5.0,-20.0,159.0,70.0,22.812,130.0,80.0,64.0,8.67,21.0,10.0,18.67,R,160.0,69.6,23.22,9.0,-0.49342761101166954,1.3525663667355652
IR-2119,CC,ID,TT,AA,TT,GG,CC,GA,CG,CC,,,TT,AA,TT,CC,CC,AA,CC,TT,GG,CC,CC,TT,CC,GG,GG,GG,GG,GG,CC,TT,GG,GG,AA,GG,GG,,GT,GA,,GG,CC,AA,CT,CC,AG,GA,GG,AA,,"-9, +9",AG,CC,TC,CC,CC,TT,TT,,,,,,,,,AG,CT,CG,AG,CC,GG,TC,CG,TT,TC,CG,GG,AA,AG,AG,TC,CC,GG,AT,CC,AA,CG,GG,AA,,GG,TT,CC,CC,CC,,,,,,AA,GG,CT,GG,AA,GG,AA,AA,CC,GG,GG,CC,TT,CC,CC,,CG,TT,AA,AT,CA,,,AG,AC,TA,CC,CA,GG,GG,CT,GA,AA,GA,,,GG,GG,AG,AA,CC,CC,,,CT,GG,GG,CC,GG,TT,GG,GG,TC,AC,AA,GC,TT,AG,AA,TT,TC,4G5G,AA,GG,CT,AA,GA,CC,AG,CC,,CC,AA,CC,CC,,,CC,GG,CT,AA,CC,CC,TT,GG,CC,CC,GG,CG,CC,AA,CT,CC,CC,TT,CC,GT,AG,CC,GG,CC,GG,CC,GG,,GA,AA,GT,CC,TT,AA,,TT,AA,GG,TT,TT,,,,,,,0.0,IR,02-2,Male,23.0,Caucasian,25.0,30.0,5.0,20.0,27.5,20.0,-7.5,-27.3,144.0,70.0,20.66,116.0,80.0,68.0,5.0,10.67,6.0,8.0,R,143.0,70.1,20.458,4.0,-2.2353241066413196,-2.4121872488386615
IR-2120,CC,ID,CT,GA,TC,GA,CG,GG,GG,CC,,,TT,GG,GG,CC,CC,TT,TT,TT,GG,CC,TT,CC,CC,CC,GG,TT,GG,GG,CC,AT,GG,GG,AA,GG,GG,CC,GT,GA,,GG,CC,AA,CC,CC,GG,GA,GG,AA,CC,,AA,TT,TC,TT,AC,TT,TT,GG,CC,GG,TT,CC,AA,CC,GG,GG,CT,CG,GG,CC,GG,TT,CC,CT,TC,CG,GG,GG,GG,GG,CC,AC,GG,AT,TT,AA,GG,GG,AA,AT,GG,TT,CC,CC,CC,GG,TT,CC,GG,AA,AA,GG,CC,GG,AA,GG,AA,AA,CC,GG,GG,CC,TT,CC,CT,,CG,TT,GA,AA,CC,GG,GG,AA,CC,AA,CT,CC,CC,GG,CT,,AA,AA,,,GA,GG,AG,GA,CC,CC,CC,GG,CC,GG,GG,CT,GG,GT,GG,GG,TT,AA,AA,CC,TT,AG,AA,TT,TT,4G5G,AA,GG,CC,AA,GA,CC,GG,CC,AA,CC,AA,CC,CC,,,CC,AA,CC,GA,CC,CC,TC,GA,CC,CC,GG,CG,CC,AA,TT,CT,CC,TT,CC,TT,GG,CT,GG,CC,GG,CC,GG,,GA,AC,TT,CC,GT,AG,,CT,GA,GA,TC,TT,,,,,,,0.0,IR,02-2,Female,20.0,Caucasian,10.0,25.0,15.0,150.0,12.5,15.0,2.5,20.0,134.0,64.0,22.999,112.0,72.0,68.0,13.0,21.0,12.0,18.67,R,139.0,63.9,23.931,12.33,-2.757844901001509,1.6155761483114353
IR-2121,CC,,CT,GA,TC,GA,CC,GG,CG,CC,,,TC,AG,,CC,CC,TA,CT,TT,GG,,CT,,,,,GT,GG,GG,,,,GA,,,GG,CC,GT,GA,,GG,CC,AA,CT,CC,GG,GA,GG,AA,,"+9, +9",AG,TT,TC,TT,AC,TT,TC,,,,,,,,,AA,CC,GG,AG,CC,GG,TT,CC,CT,TC,CC,GA,GG,AG,AG,TC,AA,AA,,CT,AA,CG,GG,AA,AT,GG,TT,,CC,CC,,,,,,AA,GG,CC,GA,AA,GG,AA,AA,CC,GG,GG,CC,TT,CC,CC,,CG,TT,AA,AT,CA,,,AG,AC,TT,CC,CA,GC,GG,TT,GG,,GA,,,GG,GG,AG,AA,CC,CT,,,CT,AG,GG,CC,GG,GT,GG,GG,TC,AC,AA,GC,TT,AG,AG,TT,TC,4G4G,AA,GG,CT,AA,GA,CC,GG,CC,,CC,AA,CT,CC,,,CC,GA,CT,AA,TT,TT,TT,GG,CC,CT,GA,CC,CG,AA,TT,CC,CC,TT,CC,,,TT,GT,TC,GT,CT,GG,,AA,AA,GT,CC,GT,AG,,CT,GA,GA,,TT,,,,,,,,,,,,,,,,,,,,,,,,,,,,,,,,,,,,-3.5511459319196077,-0.015905027520255216
IR-2122,CA,ID,TT,AA,TT,GG,CC,GG,GG,CC,,,TT,GG,GT,CC,CC,TA,CT,TT,GG,CC,CT,TT,CC,CG,GG,GT,GA,GG,CC,TT,GA,GA,AG,GA,GA,CT,GG,GA,,GG,CC,AA,CC,CC,GG,GG,GG,AA,,"-9, +9",GG,CT,TT,CC,AA,AA,TT,,,,,,,,,AA,CC,CG,AG,CC,GG,TT,CC,TT,CC,CC,GG,GG,AA,AA,TT,AC,GG,TT,CC,AA,GG,GG,AA,AA,GG,TT,CC,CC,CC,,,,,,AA,GG,CC,GG,TA,GA,AA,AA,CC,GA,GG,CT,TT,TC,CT,,CG,TT,GG,AT,CC,,,AG,AC,AA,TT,CA,GG,GG,CT,GG,AA,,,,GG,GG,AG,GG,CG,CC,,,CC,GG,GG,CC,GG,TT,GG,GG,CC,CC,AA,CC,TT,AG,AA,TC,TT,4G4G,AA,GG,CC,AA,GG,CC,GG,CC,,CC,AA,CC,CC,,,CC,GA,TT,AA,CT,CT,TC,GA,CC,CT,GA,CG,CG,AA,TT,CC,CC,TT,CC,GT,AG,TT,GG,CC,GG,CC,AA,,GA,AC,TT,CC,GT,AG,,,GG,AA,CC,TT,,,,,,,0.0,IR,02-2,Male,25.0,Caucasian,22.5,32.5,10.0,44.4,27.5,30.0,2.5,9.1,160.0,69.5,23.287,118.0,74.0,60.0,17.0,24.33,19.0,25.33,R,160.0,68.9,23.694,4.67,-1.333510150101528,-0.18010622090162262
IR-2123,CC,II,CC,GG,CC,AA,GG,GG,GG,CC,,,TT,AG,,CC,CC,TA,CT,TT,GG,,CT,,,,,GT,GG,GG,,,,GA,,,GG,CC,TT,GG,,GG,CC,AA,CC,CC,GG,GG,GG,AA,,"+9, +9",AG,TT,TC,TT,AA,TA,TC,,,,,,,,,AA,CC,GG,GG,CC,GG,TT,CC,CC,CC,CC,GG,AA,AA,AA,TC,AC,GA,,CT,AA,GG,GG,AA,AT,GG,TT,,CC,CT,,,,,,AA,GG,CT,GA,AA,GG,AA,AA,CC,GG,GG,CC,TT,CC,TT,,GG,TT,GG,AA,CA,,,AA,CC,TA,CC,CC,GG,GG,CC,GG,AA,GA,,,GA,GG,AG,GA,CC,CC,,,CT,GG,GG,CC,GG,GT,GG,GG,TT,AA,AA,GC,TT,AG,AG,TT,TC,4G4G,AA,GG,CC,AA,GG,CC,GG,CC,,CT,AA,CT,CC,,,CG,GG,CT,AA,CT,CT,TC,GA,CC,CT,GA,CC,CG,AA,CT,CC,CT,TT,TT,,,CC,GG,CC,GG,CC,GA,,GA,AA,GT,CC,TT,AA,,CC,GA,AA,CC,TT,,,,,,,,,,,,,,,,,,,,,,,,,,,,,,,,,,,,-2.1798797479010483,-1.2692354682159674
IR-2124,CA,,CC,GG,CC,AA,CC,GA,CC,CC,,,TT,AG,GG,CC,CC,TT,CT,TT,GG,CC,CT,TT,CC,CG,GG,GT,GA,GG,TC,AA,GG,GA,GG,AA,GG,CC,GT,GA,,GG,CC,AA,CC,CC,GG,GG,GG,AA,CC,"-9, +9",AG,CT,TT,TT,AC,TT,TC,,,,TT,CC,,CC,GG,AG,CC,CG,AG,CC,GA,TT,CC,CC,TT,CC,GA,GA,AG,AG,CC,AC,GA,TT,TT,AA,,GG,AA,TT,GG,TC,CC,CC,CC,GG,TT,CC,GG,AA,AA,GG,CT,GA,AA,GG,AA,AA,CC,GG,GG,CC,TT,CC,CT,,CG,TT,GG,AT,CC,GG,CG,GG,AA,TT,CC,AA,GC,GG,TT,AA,AA,AA,,,GG,GG,AG,AA,CC,CC,CC,GG,CT,AA,GG,CC,TT,GT,,GG,,,AA,GC,TC,AG,AA,TT,TC,4G5G,AA,GG,CC,AA,GG,CC,GG,CC,GA,CC,AA,CC,CC,,,CC,GA,CT,AA,CC,CT,TC,GA,CC,CT,GA,CC,GG,AC,TT,CT,CT,TT,CC,TT,GG,CC,GT,TC,GT,CT,GG,,GG,AC,GT,CT,TT,AA,,CT,GA,GA,TC,TT,,,,,,,0.0,IR,02-2,Male,18.0,Caucasian,20.0,35.0,15.0,75.0,20.0,22.5,2.5,12.5,155.0,71.2,21.494,114.0,72.0,68.0,8.67,16.0,8.0,12.0,R,166.0,71.3,22.955,9.33,-1.7776355262363572,1.4227466804413695
IR-2125,CC,DD,CT,GA,TC,GA,CC,AA,CC,CC,,,TT,AG,GT,CC,CC,TA,CT,GG,GG,CC,CT,CT,CC,CG,GG,GT,GG,GG,TC,AT,GG,GA,AG,GA,GG,CC,GT,GA,,GG,CC,AA,CC,CC,GG,GG,GG,AA,,"+9, +9",AG,CT,TT,CC,CC,TT,TC,,,,,,,,,AG,CC,CG,AG,CC,GG,TT,CC,CT,CC,CC,GG,GG,AA,AA,TT,AC,GA,TT,CT,AA,CG,GG,AA,AA,GG,TC,CT,CC,CC,,,,,,AA,GG,CC,GG,AA,GG,AA,AA,CC,GG,GG,CC,TT,CC,CT,,GG,TT,GA,AT,CC,,,AA,CC,AA,TT,CC,CC,GG,CC,GA,AA,,,,GG,GG,AA,GG,,CC,,,CC,GG,GG,CC,GG,GG,GG,GG,TT,AA,AA,GC,TC,AG,AG,TT,TC,4G5G,AA,GG,CC,AA,GG,CC,GG,CC,,CC,AA,CC,CC,,,CG,GG,TT,GA,CC,CC,TT,GG,CC,CC,GG,CG,CC,AA,TT,CC,CC,TT,CC,GT,AG,CT,GG,TC,GG,CT,GA,,GA,AA,GG,CC,TT,AA,,,GA,GG,TT,TT,,,,,,,0.0,IR,02-2,Male,18.0,Caucasian,25.0,40.0,15.0,60.0,27.5,27.5,0.0,0.0,185.0,72.4,24.811,110.0,78.0,72.0,7.67,13.0,9.33,12.33,R,191.0,71.9,25.974,5.33,-2.3085593538773184,-0.45399842938620527
IR-2126,CC,ID,CT,GA,TC,GA,CG,GA,CG,CC,,,TT,AA,TT,CC,CC,AA,CC,TT,GG,CC,CC,TT,CC,GG,GG,GG,GG,GG,CC,TT,GG,GG,AA,GG,GG,CC,GT,GA,,GG,CC,AA,CC,CC,GG,GG,GG,AA,,"+9, +9",AG,TT,TT,TT,AA,TA,CC,,,,,,,,,AG,CT,CG,AG,CC,GG,TT,CC,CT,TT,CG,GG,GA,AA,AA,TT,AC,GG,AT,CC,AA,CC,GG,AA,AA,GG,TC,TT,CC,CC,,,,,,AA,GG,CC,GG,AA,GG,AA,AA,CC,GG,GG,CC,TT,CC,CC,,CC,TT,GA,AA,CC,,,AG,AC,TA,CC,CA,GC,GG,TT,GA,AA,,,,GG,GA,AG,AA,CC,CC,,,CT,GG,GG,CC,GT,GG,GG,GA,CC,CC,AA,GG,TT,GG,AA,TT,TT,4G4G,AA,GG,CC,AA,GG,CC,GG,CC,,CC,AA,CC,CC,,,GG,AA,TT,AA,TT,TT,TT,GG,CC,CT,GA,CG,CG,AA,TT,CC,CC,TT,CC,GG,AA,CT,GT,TC,GT,CT,GG,,AA,AA,TT,CT,GG,GG,,,AA,GA,TC,TT,,,,,,,0.0,IR,02-2,Male,24.0,Caucasian,20.0,27.5,7.5,37.5,20.0,20.0,0.0,0.0,168.0,71.0,23.429,122.0,78.0,66.0,12.33,19.0,15.0,20.67,R,167.0,70.8,23.421,11.0,-1.7990668537938446,-0.306667322216579
IR-2127,AA,,,GG,CC,AA,CC,GG,CG,CC,,,TT,AA,,CC,CC,AA,CC,TT,GG,,CC,,,,,GG,GG,GG,,,,GG,,,GG,CC,TT,GG,,GG,CC,AA,CC,CC,GG,GA,GG,AA,,"-9, +9",GG,TT,TT,TT,AA,TA,TT,,,,,,,,,GG,CC,CC,AA,CG,GG,TT,CC,CC,TT,CC,GA,GG,AG,AG,TC,CC,GG,,CC,AA,CG,GG,,AT,GG,TC,,CC,CC,,,,,,AG,GG,TT,,TA,GG,AA,AA,CC,GA,GG,CC,TT,,CT,,CG,TT,GG,AT,CA,,,AG,AC,TA,CC,CA,GC,GC,CT,GA,AA,AA,,,GG,GA,AG,GG,CC,,,,CT,AG,GG,CC,,TT,GG,GA,TC,AC,AA,GC,TT,AA,AG,TT,TC,,AA,GG,CC,AA,GA,CC,GG,CC,,CC,AA,CT,CC,,,CC,GG,CT,AA,CT,CT,TT,GG,,,,,,AA,CT,CT,TT,TT,CC,,,,GT,TC,GT,CT,,,AA,AA,GG,CC,TT,AA,,,AA,GA,TC,TT,,,,,,,,,,,,,,,,,,,,,,,,,,,,,,,,,,,,-2.226437826526115,0.18488901153377252
IR-2128,CA,,,AA,TT,GG,CG,GG,GG,CC,,,TT,AG,,CC,CC,TA,CT,TT,GG,,CT,,,,,GT,GG,GG,,,,GA,,,GA,CT,GT,GG,,GG,CC,AA,CT,CC,AG,GG,GG,AA,,"+9, +9",AG,TT,TT,CT,AA,TA,TC,,,,,,,,,AG,CT,GG,GG,CC,GG,TT,CC,TT,CC,GG,GG,GA,AA,AA,TT,AC,GG,,CC,AG,CG,GG,AA,AT,GG,TT,,CC,CC,,,,,,AA,GG,CC,,AA,GG,AA,AA,CC,GG,GG,CC,TT,,CT,,CG,TT,GA,AT,CA,,,GG,AA,TA,CC,AA,GG,GC,TT,GG,AG,GA,,,GG,GG,AG,AA,CC,,,,CC,AG,GG,CC,,GT,GG,GG,TC,AC,AA,CC,TT,AG,AA,TT,TC,,AA,GG,CT,AA,GG,CC,AG,CC,,CC,GG,CC,CC,,,CG,GA,TT,AA,CC,CT,TC,GA,,,,,,AA,CT,CT,CC,TT,CC,,,,GG,CC,GG,CC,,,AA,AA,GG,CC,TT,AA,,,GA,GG,TT,TT,,,,,,,,,,,,,,,,,,,,,,,,,,,,,,,,,,,,-2.0796948199739926,-1.179497073623344
IR-2129,CC,ID,TT,GA,TT,GG,CC,GA,CG,CC,,,TC,AG,GT,CC,CC,TA,CT,TT,GG,CC,CT,CT,CC,CG,GG,GT,GG,GG,TC,AT,GG,GA,AG,GA,GG,CC,GG,AA,,GG,CC,AA,CC,CC,GG,AA,GG,AA,,"+9, +9",AG,TT,TT,TT,AC,TT,TT,,,,,,,,,AA,TT,CG,GG,CG,GA,TT,CC,TT,TC,CG,GG,GG,AG,AG,TC,AA,GG,AT,CC,AA,GG,GG,AA,AT,GG,TT,CC,CC,CT,,,,,,,GG,CC,GG,TA,GG,AA,AA,CC,GG,GG,CT,TT,TT,CT,,CG,TT,GG,AT,CC,,,AA,CC,TA,CC,CA,GG,GG,TT,GG,GG,GG,,,GG,GG,AA,GG,CG,CT,,,CC,AG,GT,CT,GG,GG,GG,GG,TC,AC,AA,GC,TT,AG,AG,TT,TT,4G5G,AA,GG,CC,AA,AA,CC,GG,CC,,CC,AA,CC,CC,,,CG,GA,CT,AA,CT,CT,TT,GG,CC,CT,GA,CC,GG,AC,CT,CC,CT,TT,CC,GT,AG,CT,GG,CC,GG,CC,GG,,GA,AC,GT,CC,TT,AA,,,GA,GG,TT,TT,,,,,,,0.0,IR,02-3,Male,22.0,Caucasian,20.0,32.5,12.5,62.5,20.0,25.0,5.0,25.0,169.0,74.4,21.463,108.0,78.0,68.0,5.33,13.0,5.33,13.67,R,175.0,74.2,22.345,4.0,-1.0682453352928922,-0.16181067538649935
IR-2130,CC,DD,CT,GA,TC,GA,CC,AA,CC,CC,,,TT,AG,GT,CC,CC,TA,CT,TT,GG,CC,CT,TT,CC,CG,GG,GT,GG,GG,TC,AT,GG,GA,AG,GA,GG,CC,GG,AA,,GG,CC,AA,CC,CC,GG,GA,GG,AA,,"-9, +9",AG,CT,TC,CT,AC,TA,TC,,,,,,,,,GG,CC,GG,GG,CG,GA,TT,CC,CT,CC,CC,GG,GA,AA,AA,TT,AC,GA,TT,CC,AA,CC,GG,AA,AT,GG,TC,CC,CC,CC,,,,,,AA,GG,CC,GG,AA,GG,AA,AA,CC,GG,GG,CT,TT,TC,CC,,CC,TT,GA,AA,CA,,,AG,AC,TA,CC,CA,GG,GG,CC,GG,AG,GA,,,GA,GG,AG,GG,CG,CC,,,TT,GG,GG,CC,GT,GG,GG,GA,TC,AC,AA,CC,TT,AG,AA,TT,TC,4G4G,AA,GG,CC,AA,GA,CC,GG,CC,,CC,AA,CT,CC,,,CC,GA,CT,AA,TT,TT,TT,GG,CC,CT,GA,CC,CG,AA,CT,CC,CT,TT,CC,GT,AG,CC,TT,TT,TT,TT,GA,,AA,AA,TT,CC,GT,AG,,,AA,GG,TT,TT,,,,,,,0.0,IR,02-3,Male,20.0,Caucasian,27.5,35.0,7.5,27.3,30.0,32.5,2.5,8.3,187.0,75.3,23.185,114.0,74.0,64.0,3.0,7.0,3.67,6.0,R,188.0,75.3,23.309,3.0,-3.3397697351830966,0.9621499735371831
IR-2131,CC,DD,CT,GA,TC,GA,,,,CC,,,TT,AG,GT,CC,CC,TA,CT,TT,GG,CC,CT,TT,CC,CG,GG,GT,GG,GG,TC,AT,GA,GA,AG,GA,GG,CC,GT,GG,,GG,CC,AA,CC,CC,GG,GA,GG,AA,,"+9, +9",AG,CT,TC,TT,AA,TT,TC,,,,,,,,,GG,CC,CG,AG,CG,GG,TT,CC,CT,TT,CG,GG,GG,AA,AA,TT,AC,GA,AT,CC,AA,GG,GG,AA,AA,GG,TC,TT,CC,CT,,,,,,AA,GA,CC,GG,AA,GG,AA,AA,CC,GG,GG,CT,TT,TC,CC,,CC,TT,GA,AT,CA,,,AG,AC,AA,TT,CA,GG,GG,CT,GA,AA,,,,GG,GG,AG,GA,CG,CC,,,TT,GG,GG,CC,GG,GT,GG,GG,TC,AC,AA,GC,TT,AG,AG,TT,CC,4G4G,AA,GG,CC,AA,GA,CC,GG,CC,,CT,AA,CT,CC,,,CC,GG,CT,GA,CC,CC,,GA,CC,CC,GG,GG,CC,AA,CT,CT,CT,TT,CC,GT,AG,CC,GT,TC,GT,CT,GG,,GA,AA,GG,CC,TT,AA,,,GA,GG,TT,TT,,,,,,,0.0,IR,02-3,Male,20.0,Caucasian,17.5,25.0,7.5,42.9,20.0,25.0,5.0,25.0,152.0,66.9,23.875,122.0,68.0,88.0,5.0,15.33,5.33,13.67,R,152.0,66.9,23.875,3.0,-2.876018700012165,0.6810591640390353
IR-2132,CA,DD,TT,AA,TT,GG,CG,GG,CG,CC,,,TT,AA,TT,CC,CC,AA,CC,GT,GG,CC,CC,TT,CC,GG,GG,GG,GG,GG,CC,TT,GA,GG,AA,GG,GG,CC,GT,GA,,GG,CC,AA,CC,CC,GG,GG,GG,AA,,"+9, +9",AA,CT,TT,CT,AA,TA,CC,,,,,,,,,AA,CC,CC,AG,CC,GA,TT,CC,TT,TC,CG,GA,GG,AG,AG,TC,AA,AA,AT,,AA,CG,GG,AA,TT,GG,TT,CC,CC,CC,,,,,,AA,GG,CT,GG,AA,GG,AA,AA,CC,GG,GG,CC,TT,CC,CC,,CC,TT,GA,AA,CA,,,GG,AA,TA,CC,AA,GG,GG,CC,GG,AA,AA,,,GG,GG,AA,AA,CC,CC,,,CC,GG,GG,CC,GT,GG,GA,GG,TT,AA,AA,GG,TT,AA,GG,TT,TC,5G5G,AA,GG,CC,AA,GG,CC,GG,CC,,CC,AA,CT,CC,,,CC,AA,TT,AA,TT,TT,TT,GG,CC,CT,GA,CC,CG,AA,TT,TT,CC,TT,CC,GT,AG,CT,GG,CC,GG,CC,GG,,GA,AA,GG,CC,TT,AA,,,GA,GA,TT,TT,,,,,,,0.0,IR,02-3,Male,29.0,Caucasian,30.0,37.5,7.5,25.0,32.5,35.0,2.5,7.7,186.0,72.4,24.945,116.0,78.0,52.0,4.67,6.67,4.67,5.83,R,191.0,72.3,25.687,3.0,-1.184724392643228,-2.0912043152783655
IR-2133,CC,II,CT,GA,TC,GA,CC,AA,CC,CC,,,TC,AG,,CC,TC,TA,CC,GT,AG,,CC,,,,,GG,GG,GA,,,,GA,,,GG,CC,GT,GA,,GG,CC,AA,CC,CC,GG,GA,GG,AA,,"-9, -9",AG,CT,TC,TT,AC,TT,TC,,,,,,,,,AA,CT,GG,GG,CC,GA,TT,CC,CT,TC,CG,GG,GG,AA,AA,TT,AC,GG,,TT,AG,GG,GG,AA,TT,GG,TC,,CC,CT,,,,,,,GG,CC,GG,TA,GA,AA,AA,CC,GA,GG,CT,TT,TC,CT,,GG,TT,GA,AA,CC,,,AG,AC,TT,CC,CA,GG,GG,CC,GG,GG,GG,,,GG,GG,AA,AA,CC,CT,,,CT,AG,GG,CC,GT,GT,AA,GG,TT,AA,AA,GG,TT,AA,GG,TT,TT,4G4G,AA,GG,CC,AA,GA,CC,GG,CC,,CC,AA,CC,CC,,,CC,GG,CC,GG,CC,CC,TT,GG,CC,CC,GG,CC,CC,AA,CT,CT,CT,TT,CC,,,CC,GG,CC,GG,CC,GG,,GG,AA,GT,CC,GT,AG,,TT,GG,GG,TT,TT,,,,,,,0.0,IR,02-3,Male,29.0,Asian,22.5,30.0,7.5,33.3,25.0,27.5,2.5,10.0,144.0,66.5,22.892,136.0,78.0,72.0,5.67,10.67,6.0,7.0,R,147.0,66.4,23.439,3.67,3.690654599883106,-3.418694819504544
IR-2134,CA,,,GA,TC,GA,GG,GA,CG,CA,,,TT,AG,GT,CC,CC,TA,CT,TT,GG,CC,CT,CT,CC,CG,GG,GT,GG,GG,TC,AT,GG,GA,AG,GA,,CC,GT,GA,,,CC,AA,CC,,GG,,,AA,,"-9, -9",AG,CT,TC,CT,AA,,TT,,,,,,,,,GG,CC,CG,AG,,GG,,,CT,TC,CG,GA,GA,GG,,,,,TT,CT,AA,GG,GG,AA,,,TC,CC,,,,,,,,AA,GG,CT,,,,,,,,,CC,,,CT,,,,,,,,,,,,,CA,GC,GG,CC,,,AA,,,,,,,,,,,,GG,GG,CC,,GG,,,,,,,,,,,TC,,,,,,,,,,,,,CT,CC,,,,GA,,,,,,,,,,,,,,CC,TT,,,TT,GG,,GG,CC,GG,CC,,,,AA,GG,CC,TT,AA,,TT,AA,GG,TC,,,,,,,,0.0,IR,02-3,Male,23.0,Caucasian,27.5,40.0,12.5,45.5,27.5,30.0,2.5,9.1,162.0,67.4,25.07,120.0,78.0,52.0,4.17,8.67,4.0,9.33,R,160.0,67.2,24.908,3.83,-1.437723607515969,0.6728050079244922
IR-2135,CA,DD,CT,GA,TC,GA,CG,GG,CG,CC,,,TT,AG,GT,CC,CC,TA,CT,TT,GG,CC,CT,TT,CC,CG,GG,GT,GG,GG,TC,AT,GA,GA,AG,GG,GG,CC,GG,AA,,GG,CC,AA,CC,CC,GG,GG,GG,AA,,"-9, +9",AA,CT,TC,CT,AC,TA,TC,,,,,,,,,AG,CC,GG,GG,CG,GA,TT,CC,CT,TC,CC,GG,GA,AG,AG,TC,AC,GA,AT,CC,AA,CC,GA,AT,AA,GG,TC,CC,CC,CC,,,,,,AA,GG,CT,GA,AA,GG,AA,AA,CC,GG,GG,CT,TT,TC,CC,,CC,TT,GA,AA,CC,,,GG,AA,TT,CC,CA,GG,GG,CC,GG,AA,GA,,,GA,GG,AG,GA,CC,CC,,,,GG,GG,CC,GT,GT,GG,GG,TT,AA,AA,CC,TT,AG,AA,TT,TC,4G4G,AA,GG,CC,AA,GG,CC,GG,CC,,CC,AA,CT,CC,,,CC,AA,CT,AA,CT,CT,TT,GG,CC,CT,GA,CC,CG,AA,CT,CT,CC,TT,CC,TT,GG,CT,GT,TC,GT,CT,GG,,GA,AA,GT,CC,TT,AA,,,GG,GG,TT,TT,,,,,,,0.0,IR,02-3,Male,22.0,Caucasian,30.0,37.5,7.5,25.0,30.0,32.5,2.5,8.3,183.0,71.0,25.521,112.0,70.0,60.0,5.0,12.0,5.0,12.67,R,178.0,70.4,25.248,4.33,-3.3981241137661216,1.0099722083675877
IR-2136,CC,ID,CC,GG,CC,AA,CG,AA,CC,CA,,,TT,GG,,CC,CC,TT,CT,TT,GG,,CT,,,,,GT,GG,GA,,,,GA,,,GA,CT,GT,GG,,GG,CC,AA,CC,CC,GG,GA,GG,AA,,XX,GG,TT,TC,TT,AC,TT,TT,,,,,,,,,AG,CT,GG,GG,CC,GG,TT,CC,CC,TT,GG,GA,GA,AA,AG,TC,AA,GA,,CT,AA,GG,,,TT,GG,TT,,CC,CC,,,,,,AA,,CT,GG,AA,GG,AA,AA,CC,GG,GG,CT,TT,TC,CC,,CC,TT,GG,AA,CC,,,AA,CC,AA,CT,CC,CC,GC,CC,GG,AA,AA,,,GG,GG,AG,GA,CC,CC,,,CC,GG,GG,CC,GT,GT,GG,GG,CC,CC,AA,GC,TT,GG,AA,TT,TC,4G5G,AA,GG,CC,AA,GA,CC,GG,CC,,CC,AA,CT,CC,,,CC,GG,CT,AA,CC,CC,TC,GA,CC,CT,AA,CC,GG,AA,CT,TT,CC,TT,CT,,,CC,GG,CC,GG,CC,GA,,AA,AC,TT,CT,GT,AG,,,GA,GA,TT,TT,,,,,,,0.0,IR,02-3,Male,30.0,Other,27.5,37.5,10.0,36.4,27.5,27.5,0.0,0.0,143.0,70.3,20.341,114.0,78.0,68.0,3.0,6.0,3.0,5.67,R,139.0,70.3,19.772,2.0,1.3422771794131827,0.022684648013136875
IR-2137,AA,DD,CC,GG,CC,AA,CG,GA,CG,CC,,,TT,AG,GT,CC,CC,TA,CT,TT,GG,CC,CT,TT,CC,CG,GG,GT,GA,GG,CC,AT,GA,GG,AG,GA,GG,CC,GG,AA,,GG,CC,AA,CC,CC,GG,GG,GG,AA,,"+9, +9",GG,TT,TC,TT,AC,TT,TT,,,,,,,,,AA,CT,CG,AG,CG,GG,TT,CC,CC,CC,CC,GG,GG,AG,AG,TC,AA,GA,TT,CT,AA,CG,GG,AA,AT,GT,TC,CC,CC,TT,,,,,,AA,GG,TT,GG,TA,GG,AA,AA,CC,GA,GG,CC,TT,CC,TT,,CG,TT,GG,AT,CC,,,AG,AC,TT,CC,CA,GC,GG,CC,AA,AA,AA,,,GG,GG,AA,GA,CC,CT,,,CT,AG,GT,CT,GG,GT,GG,GG,TC,AC,AA,GG,TT,AA,GG,TT,TT,4G4G,AA,GG,CC,AA,GG,CC,GG,CC,,CC,AA,CT,CC,,,CG,GA,TT,AA,TT,TT,TT,GG,CC,CC,GG,CG,CC,AA,TT,CT,CT,TT,CT,TT,GG,TT,GT,TC,GT,CT,GG,,GA,AC,GT,CC,TT,AA,,CT,GA,GA,TC,TT,,,,,,,0.0,IR,02-3,Male,25.0,Caucasian,22.5,27.5,5.0,22.2,27.5,30.0,2.5,9.1,176.0,68.1,26.679,130.0,80.0,64.0,6.33,17.33,8.67,14.0,R,176.0,67.5,27.156,2.83,-2.799303454597885,0.34908284245648336
IR-2138,CC,ID,CC,GG,CC,AA,CC,GA,CC,CC,,,TT,AG,TT,CC,CC,AA,CC,TT,GG,CC,CC,TT,CC,GG,GG,GG,GG,GG,CC,TT,GA,GG,AA,GG,GA,CT,GT,GG,,GG,CC,AA,CC,CC,GG,GG,GG,AA,,"+9, +9",AG,TT,TC,CT,AA,TT,TT,,,,,,,,,AA,TT,GG,GG,CC,GG,TC,CG,CC,CC,CG,GG,GA,GG,GG,CC,AC,GA,,CT,AA,GG,GA,AT,AT,GG,TC,CC,CC,CC,,,,,,AA,GG,TT,GG,AA,GG,AA,AA,CC,GG,GG,TT,TT,TT,CT,,CG,TT,GA,AA,CC,,,GG,AA,AA,CC,AA,GG,GC,CT,GG,AG,GA,,,GG,GG,AA,GA,CG,CC,,,CT,GG,GG,CC,GG,GG,GG,GG,TC,AC,AA,GC,TT,AA,AA,TT,TC,4G4G,AA,GG,CC,AA,GG,CC,GG,CC,,CC,AA,CC,CG,,,CG,GA,CT,AA,CT,CT,TT,GG,CC,CC,GG,CG,CC,AA,CT,CT,CT,TT,CC,GT,AG,CT,GT,CC,GT,CC,GG,,GA,AC,GT,CC,GT,AG,,,AA,GA,TC,TT,,,,,,,0.0,IR,02-3,Female,20.0,Caucasian,15.0,20.0,5.0,33.3,17.5,20.0,2.5,14.3,146.0,66.3,23.35,110.0,70.0,64.0,10.33,25.0,10.0,25.0,R,145.0,66.5,23.05,8.0,-1.048195134070767,-0.5198793237525081
IR-2139,CA,,,GA,TC,GA,CC,GG,GG,CC,,,TT,GG,GG,CC,TC,TT,CT,GT,AG,CT,CT,TT,CG,CC,GG,GT,GA,GA,TC,AT,GG,GA,AG,GA,,CC,TT,GG,,,CC,AA,CC,,GG,,,AA,,"-9, +9",AG,TT,TC,CT,AA,,TC,,,,,,,,,AA,CT,GG,GG,,GG,,,CT,TC,CG,GG,GA,AG,,,,,TT,CC,AA,GG,GA,AT,,,TT,TT,,,,,,,,AA,GA,CC,,,,,,,,,CT,,,CC,,,,,,,,,,,,,AA,GC,GG,CT,,AG,GG,,,,,,,,,,,,GG,GG,CC,,GT,,,,,,,,,,,TT,,,,,,,,,,,,,CT,CC,,,,GG,,,,,,,,,,,,,,CC,CC,,,GG,AA,,GT,TC,GT,CT,,,,AA,GG,CC,TT,AA,,,AA,AA,CC,,,,,,,,0.0,IR,02-3,Male,21.0,Caucasian,30.0,32.5,2.5,8.3,27.5,30.0,2.5,9.1,156.0,70.7,21.94,116.0,76.0,64.0,3.0,8.0,3.33,6.33,L,147.0,70.6,20.733,3.67,2.088069717395299,0.02636590251033672
IR-2140,CC,DD,CC,GG,CC,AA,CG,GG,CG,CA,,,TT,AG,,CC,TC,TA,CC,GT,AG,,CC,,,,,GG,GG,GA,,,,GA,,,GG,CC,GT,GG,,GG,CC,AA,CT,CC,GG,GG,GG,AA,,"-9, +9",GG,TT,TC,CC,AA,AA,TC,,,,,,,,,AG,CT,GG,GG,CC,GG,TC,CG,CC,TT,CC,GA,GG,AG,AG,TC,CC,GG,,CT,AA,CG,GG,AA,AT,GG,TC,,CC,CC,,,,,,AA,GG,TT,GG,AA,GG,AA,AA,CC,GG,GG,CC,TT,CC,CT,,CG,TT,GA,AT,CC,,,AA,CC,TA,CT,CC,GC,GG,CC,GG,AG,GA,,,GG,GG,AA,GA,CC,CC,,,CC,GG,GG,CC,GT,GT,GG,GG,TC,AC,AA,GG,CC,AG,AA,TT,TC,4G5G,AA,GG,CT,AA,GG,CC,GG,CC,,CC,AA,CC,CC,,,CC,GG,CT,GA,TT,CT,TT,GG,CC,CT,GA,CG,CG,AA,TT,CT,CT,TT,CC,,,CC,GT,TT,GT,TT,GG,,AA,AC,GT,CC,TT,AA,,,GG,GA,TC,TT,,,,,,,,,,,,,,,,,,,,,,,,,,,,,,,,,,,,-0.09193058864191743,-1.143686456720824
IR-2141,CC,II,CT,GA,TC,GA,CC,GA,CG,CC,,,TT,AG,GT,CC,TC,TA,CC,GT,AG,CT,CC,TT,CG,CG,GG,GG,GG,GA,CC,AT,GG,GG,AG,GA,GG,,GT,GA,,GG,CG,AA,CC,CC,AG,GA,GG,AA,,"-9, +9",AG,CT,TT,CT,AC,TA,TT,,,,,,,,,AG,CT,CC,AG,CG,GG,TC,CG,CT,TT,CC,GG,GG,AG,AG,TC,AC,GA,AA,,AA,GG,GG,AA,AA,GG,TC,CT,CC,CC,,,,,,AA,GG,TT,GG,AA,GG,AA,AA,CC,GG,GG,CC,TT,CC,CT,,CG,TT,GA,AT,CA,,,AG,AC,TA,CC,CA,GG,GG,TT,GA,AG,GA,,,GG,GG,AG,AA,CC,CC,,,CC,GG,GG,CC,GG,GT,GG,GG,TC,AC,AA,GC,TC,AA,AA,TT,TC,4G4G,AA,GG,CC,AA,GA,CG,AG,CC,,CC,AA,CT,CG,,,CC,GA,CT,GA,TT,TT,TT,GG,CC,CC,GG,CG,CC,AA,TT,CT,CC,TT,CC,GG,AA,CT,GG,CC,GG,CC,GG,,AA,AC,GT,CC,TT,AA,,,GA,GA,TC,TT,,,,,,,0.0,IR,02-3,Male,33.0,Caucasian,17.5,27.5,10.0,57.1,20.0,20.0,0.0,0.0,159.0,70.5,22.489,132.0,90.0,64.0,6.67,12.0,7.0,12.0,R,161.0,70.6,22.708,2.83,1.2413242585623712,-4.255761442638142
IR-2142,CC,ID,TT,AA,TT,GG,CC,GA,CG,CC,,,TT,GG,GG,CC,CC,TT,TT,TT,GG,CC,TT,CT,CC,CC,GG,TT,GA,GG,TC,AT,GG,GA,GG,GA,GG,CC,TT,GG,,,CC,AA,CC,CC,GG,GG,,AA,,"+9, +9",AA,CT,TT,CT,AC,TA,TT,,,,,,,,,AG,CC,CG,AG,CG,GG,TT,CC,TT,TC,CC,GG,GG,AG,AG,TC,CC,GG,AT,CC,AA,CG,GG,AA,TT,GG,TC,CC,CC,CT,,,,,,AA,,CC,GG,TA,GG,AA,AA,CC,GG,GG,CC,TT,CC,CT,,CG,TT,GA,AT,CA,,,AA,CC,TA,CT,CC,GC,GG,CC,GG,AA,AA,,,AA,GG,GG,GA,CG,CC,,,CT,GG,GG,CC,GT,GG,GG,GG,TC,AC,AA,CC,TT,AA,AG,TT,CC,4G4G,AA,,CC,AA,GG,CC,GG,CC,,CT,AA,CC,CC,,,CG,GA,TT,AA,CT,CT,TT,GG,CC,CC,GG,GG,CC,AA,TT,CC,CT,TT,CC,GG,AA,CC,GT,TC,GT,CT,GA,,GA,AA,GT,CC,GT,AG,,CT,AA,GA,TC,TT,,,,,,,0.0,IR,02-3,Male,25.0,Caucasian,25.0,32.5,7.5,30.0,25.0,27.5,2.5,10.0,158.0,67.9,24.092,110.0,76.0,54.0,5.67,14.33,8.67,13.0,R,156.0,68.0,23.717,3.0,-3.299648388490306,2.5245773490997387
IR-2143,,,,,,,,,,,,,,,,,,,,,,,,,,,,,,,,,,,,,,,,,,,,,,,,,,,,"-9, +9",,,,CT,,,,,,,,,,,,GG,CC,,,,GG,,,,,,,,,,,,,,,,,,,,,,,,,,,,,,,,,,,,,,,,,,,,,,,,,,,,,,,,,,GG,,,,,,,,,,,,,,,,,,,,,,,,,,,,,,,,,,,,,,,,,,,,,,,,,,,,,,,,,,,,,,,,,,,,,,,,,,,,,,,,CC,TT,AA,,,,,,,,,,,,,0.0,IR,02-3,Male,21.0,Caucasian,30.0,47.5,17.5,58.3,30.0,40.0,10.0,33.3,210.0,76.8,25.03,130.0,86.0,72.0,17.33,29.67,17.67,24.33,R,212.0,76.2,25.667,9.0,-0.25697553650175653,-0.0713898778819637
IR-2144,CA,,,GA,TC,GA,,,,CA,,,TT,AG,GT,CC,CC,TA,CT,TT,GG,CC,CT,TT,CC,CG,GG,GT,GA,GG,CC,TT,GG,GG,AG,GG,,CC,GT,GA,,,CC,AA,CC,,GG,,,AA,,"-9, +9",GG,CT,TT,CT,AA,,TT,,,,,,,,,AA,CC,CC,AG,,GG,,,CT,CC,CC,GA,GG,GG,,,,,AT,CT,AA,GG,,,,,TT,TT,,,,,,,,,,CT,,,,,,,,,CC,,,CT,,,,,,,,,,,,,CC,GG,GG,CT,,,,,,,,,,,,,,,GG,GG,CT,,GG,,,,,,,,,,,TC,,,,,,,,,,,,,TT,,,,,GA,,,,,,,,,,,,,,TT,CC,,,GT,AG,,GG,CC,GG,CC,,,,AA,GG,CC,TT,AA,,,,,TC,,,,,,,,0.0,IR,02-3,Female,21.0,Caucasian,12.5,17.5,5.0,40.0,12.5,15.0,2.5,20.0,117.0,68.2,17.684,92.0,68.0,60.0,4.0,4.17,2.0,2.33,R,116.0,68.0,17.636,2.33,-1.5891325157190295,0.5273996838497166
IR-2145,CC,,,GA,CC,GA,CG,GA,CG,CC,,,TT,AG,TT,CC,CC,AA,CC,TT,GG,CC,CC,TT,CC,GG,GG,GG,GG,GG,CC,AT,GG,GG,AG,GA,,CC,GT,GA,,,CC,AA,CT,,AG,,,AA,,"-9, -9",AA,CT,TC,CT,AC,,TC,,,,,,,,,GG,CC,GG,AG,,GG,,,CT,CC,CC,GG,GA,AG,,,,,TT,CT,AA,CG,,,,,TT,CC,,,,,,,,,,CC,,,,,,,,,CC,,,CC,,,,,,,,,,,,,CA,GG,GG,CC,,AG,GA,,,,,,,,,,,,GG,GG,CC,,GT,,,,,,,,,,,TT,,,,,,,,,,,,,CC,,,,,AA,,,,,,,,,,,,,,TT,CC,,,GT,AG,,GG,CC,GG,CC,,,,AA,GT,CC,GT,AG,,,,,CC,,,,,,,,0.0,IR,02-3,Male,20.0,Caucasian,17.5,22.5,5.0,28.6,15.0,15.0,0.0,0.0,125.0,66.5,19.871,116.0,78.0,64.0,2.67,10.33,3.0,7.33,R,127.0,66.3,20.311,3.0,-0.710456957203981,-0.8067290498586489
IR-2146,CC,DD,CT,GA,TC,GA,CC,GA,CG,CC,,,TT,AA,TT,CC,CC,AA,CC,TT,GG,CC,CC,TT,CC,GG,GG,GG,GG,GG,CC,TT,GG,GG,AA,GG,GG,CC,GT,GA,,GG,CC,AA,CC,CC,GG,GG,GG,AA,,"-9, -9",AA,CC,TT,CC,AA,TA,TC,,,,,,,,,AG,TT,GG,GG,CC,GG,TT,CC,CT,TC,CG,GG,GA,AG,AA,TC,AC,GG,AA,CT,AA,GG,GG,AA,AT,GG,TC,CT,CC,CC,,,,,,AA,GG,CC,GG,AA,GG,AA,AA,CC,GG,GG,CT,TT,TC,CC,,CC,TT,AA,AA,,,,GG,AA,TT,CC,CA,GC,GC,CT,AA,AA,AA,,,GG,GG,AA,GA,CG,CC,,,CT,GG,GG,CC,GG,GT,GG,AA,CC,CC,AA,GC,TC,AG,AG,TT,TT,4G5G,AA,GG,CC,AA,GG,CC,GG,CC,,TT,AA,CT,CG,,,CC,AA,CT,GA,CT,CT,TT,GG,CC,CT,GA,CG,CG,AA,CT,CC,CC,TT,CC,GT,AG,CC,GG,CC,GG,CC,GG,,GA,AA,GG,CC,TT,AA,,,GA,GA,TC,TT,,,,,,,0.0,IR,03-1,Female,19.0,Caucasian,12.5,20.0,7.5,60.0,12.5,15.0,2.5,20.0,121.0,63.4,21.162,116.0,68.0,58.0,9.83,19.67,10.67,18.33,R,122.0,63.0,21.609,8.83,-1.7269629955127543,-0.227964732263822
IR-2147,CC,DD,CT,GA,TC,GA,CC,GG,GG,CC,,,TT,AG,TT,CC,TC,TA,CC,GT,AG,CT,CC,TT,CC,CG,GG,GG,GG,GA,CC,AT,GA,GG,AG,GA,GG,CC,GT,GA,,GG,CC,AA,CC,CC,GG,GG,GG,AA,,"+9, +9",AG,CC,TC,CC,AA,AA,TT,,,,,,,,,AG,CT,CC,AA,CC,GG,TC,CG,CT,CC,CG,GG,GA,GG,GG,CC,AC,GG,AT,CT,AA,CG,GA,AT,AA,GG,TC,CT,CC,CT,,,,,,AA,GG,CC,GG,AA,GG,AA,AA,CC,GG,GG,CC,TT,CC,CT,,CG,TT,GA,AA,CC,,,GG,AA,TA,CC,CA,GC,GG,CT,AA,AG,GA,,,GG,GG,AG,GG,CG,CT,,,CC,AG,GT,CT,GG,GG,GG,GG,TC,AC,AA,GC,TT,AG,AA,TC,TT,5G5G,AA,GG,CC,AA,GG,CC,,CC,,CT,AA,CT,CC,,,CC,GA,CT,AA,CC,CC,TC,GA,CC,CC,GG,GG,CC,AA,CT,CT,CC,TT,CC,GG,AA,CT,GG,CC,GG,CC,GA,,AA,AC,TT,CC,TT,AA,,TT,GG,GG,TT,TT,,,,,,,0.0,IR,03-1,Female,18.0,Caucasian,10.0,30.0,20.0,200.0,12.5,12.5,0.0,0.0,160.0,67.0,25.057,120.0,84.0,64.0,5.33,20.0,6.33,20.33,R,161.0,67.0,25.213,12.67,0.18480671368208335,-3.5995066755247374
IR-2148,CC,ID,CT,GA,TC,GA,GG,GA,CG,CC,,,TT,AA,TT,CC,CC,AA,CC,TT,GG,CC,CC,TT,CC,GG,GG,GG,GG,GG,CC,TT,GG,GA,AG,GA,GG,CC,TT,GG,,GG,CC,AA,CC,CC,GG,GA,GG,AA,,"-9, +9",GG,CT,CC,TT,AA,TT,TT,,,,,,,,,AA,CT,CC,AG,GG,GA,TT,CC,CT,TT,GG,GG,GG,AA,AA,TT,AC,GA,TT,TT,AA,GG,GA,AT,AT,GG,TT,CT,CC,CT,,,,,,AA,GG,CT,GG,AA,GG,AA,AA,CC,GG,GG,CT,TT,TC,CC,,CC,TT,AA,AA,CC,,,AG,AC,AA,CT,CA,GG,GG,CT,GG,AA,GA,,,GG,GG,AG,GA,CC,CC,,,CC,GG,GG,CC,GT,GT,GG,GG,TC,AC,AA,CC,TT,AG,AG,TT,TC,5G5G,AA,GG,CC,AA,GA,CC,GG,CC,,CT,AA,CC,CC,,,CC,GA,CC,AA,TT,TT,TT,GG,CC,CC,GG,GG,CC,AA,CT,TT,CT,TT,CC,GT,AG,CC,GT,TC,GT,CT,GA,,GA,AC,GT,CC,TT,AA,,CC,GG,AA,CC,TT,,,,,,,0.0,IR,03-1,Female,18.0,Caucasian,12.5,25.0,12.5,100.0,12.5,15.0,2.5,20.0,192.0,67.0,30.068,122.0,78.0,64.0,19.67,42.33,25.33,37.67,R,185.0,67.0,28.972,10.33,-1.9241253893154069,-1.0756831297742504
IR-2149,CC,DD,CC,GG,CC,AA,GG,GG,CC,AA,,,TT,AA,TT,CC,CC,AA,CC,TT,GG,CC,CC,TT,CC,GG,GG,GG,GG,GG,CC,TT,GA,GG,AA,GG,GA,CT,GT,GG,,GG,CC,AA,CT,CC,AG,GG,GG,AA,,"-9, +9",AG,CT,TC,CT,AA,TA,TC,,,,,,,,,AG,CT,CC,AG,,GA,TT,CC,CC,TC,CG,AA,GG,AG,AG,TC,AA,AA,AT,CC,AA,CG,GG,AA,TT,GG,TT,CC,CC,CC,,,,,,,,CT,GG,AA,GG,AA,AA,CC,GG,GG,CT,TT,TC,CT,,CG,TT,GG,AT,CC,,,AG,AC,AA,CT,CA,GC,GG,CC,GA,AG,GA,,,GG,GG,GG,GG,,CT,,,CT,AG,GG,CC,GG,GT,GA,GA,TC,AC,AA,GC,TT,AG,AA,TT,TC,4G4G,AA,GG,CT,AA,GG,CC,AG,CC,,CC,AA,CC,CC,,,CC,GG,TT,AA,CT,CT,TT,GG,CC,CC,GG,GG,CC,AA,CC,CT,CC,TT,CC,GG,AA,CC,GG,CC,GG,CC,GA,,GA,AC,GG,CC,TT,AA,,,GA,AA,CC,TT,,,,,,,0.0,IR,03-1,Female,19.0,Caucasian,12.5,25.0,12.5,100.0,12.5,17.5,5.0,40.0,151.0,67.0,23.647,116.0,76.0,56.0,7.17,16.33,6.67,18.0,R,146.0,66.5,23.209,7.0,-1.830384711472459,-1.4101652994976506
IR-2150,CC,ID,CT,GA,TC,GA,CC,GA,CG,CA,,,TT,AA,TT,CC,CC,AA,CC,TT,GG,CC,CC,TT,CC,GG,GG,GG,GG,GG,CC,TT,GG,GA,AG,GA,GA,CT,GT,GG,,GG,CC,AA,CC,CC,GG,GA,GG,AA,,"-9, +9",AG,CC,TC,CC,AA,TA,TT,,,,,,,,,GG,CC,CG,AG,CC,GG,TT,CC,TT,CC,CG,GA,GG,AG,AA,TC,AC,GA,AA,CC,AG,GG,GG,AA,AT,GG,TC,CC,CC,CT,,,,,,AA,GG,CC,GG,AA,GG,AA,AA,CC,GG,GG,CC,TT,CC,CT,,CG,TT,GG,TT,CC,,,AG,AC,AA,CT,CA,GG,GG,CT,GA,AA,AA,,,GA,GG,AG,GG,CG,CC,,,TT,AG,GG,CC,GG,GG,GG,GG,CC,CC,AA,CC,TT,AA,AG,TC,TC,4G4G,AA,GG,CC,AA,GA,CC,GG,CC,,CC,GG,CC,CC,,,CG,GG,CC,AA,CC,CC,TT,GG,CC,CC,GG,GG,CC,AA,CT,TT,CC,TT,CC,GT,AG,CC,GG,CC,GG,CC,GG,,GG,AA,GG,CC,TT,AA,,CT,GG,GA,TC,TT,,,,,,,0.0,IR,03-1,Male,18.0,Caucasian,20.0,32.5,12.5,62.5,22.5,22.5,0.0,0.0,139.0,67.6,21.383,112.0,98.0,66.0,5.0,13.0,4.5,11.17,R,137.0,67.0,21.455,4.17,-1.6404710613379434,-1.000180853579805
IR-2151,CC,II,TT,AA,TT,GG,CC,GA,CG,CC,,,TT,AG,GT,CC,CC,TA,CT,TT,GG,CC,CT,TT,CC,CG,GG,GT,GG,GG,CC,TT,AA,GG,AA,GG,GA,CT,TT,GG,,GG,CC,AA,TT,CC,AG,GA,GG,AA,,"-9, -9",GG,CT,CC,CT,AA,TT,TT,,,,,,,,,AA,CT,CG,GG,CC,GG,TT,CC,TT,TT,CG,GG,GA,AG,AG,TC,AC,GA,TT,CT,AA,GG,GG,AA,AA,GG,TC,CC,CC,CT,,,,,,AA,GG,CT,GG,AA,GG,AA,AA,CC,GG,GG,CC,TT,CC,CC,,CC,TT,GG,AA,AA,,,AG,AC,TA,CT,CA,GC,GG,TT,AA,AA,AA,,,GG,GG,AA,AA,CC,CC,,,CT,GG,GG,CC,GG,GG,GA,GG,TT,AA,AA,GG,TT,GG,AA,TT,TC,4G5G,AA,GG,,AA,GA,CC,AG,CC,,CC,AA,CT,CC,,,CG,GG,CT,AA,TT,TT,TT,GG,CC,CT,GA,CG,CG,AA,TT,CT,CC,TT,CC,TT,GG,CC,GG,CC,GG,CC,GG,,GA,AA,GG,CC,TT,AA,,CC,GA,AA,CC,TT,,,,,,,0.0,IR,03-1,Male,19.0,Caucasian,25.0,35.0,10.0,40.0,27.5,32.5,5.0,18.2,177.0,70.0,25.394,122.0,78.0,72.0,5.67,17.0,5.67,15.33,R,184.0,69.0,27.169,5.83,-1.9849780776117796,-1.306196290469424
IR-2152,CA,II,CT,GA,TC,GA,CC,GG,CG,CC,,,TT,AA,TT,CC,CC,AA,CC,TT,GG,CC,CC,TT,CC,GG,GG,GG,GG,GG,CC,AT,GG,GG,AG,GA,GG,CC,TT,GG,,GG,CC,AA,CC,CC,GG,GG,GG,AA,,"-9, +9",AA,CC,TT,CC,AA,TA,TC,,,,,,,,,AG,CT,GG,GG,CC,GG,TT,CC,CT,TC,CC,GG,GG,AG,AG,TC,AC,GA,AT,CT,AA,GG,GG,AA,AT,GG,TT,CC,CC,CC,,,,,,AA,GG,CC,GG,AA,GG,AA,AA,CC,GG,GG,CC,TT,CC,CC,,CC,TT,GA,AA,CC,,,GG,AA,TT,CC,AA,GC,GG,CT,GA,AG,GG,,,GG,GG,AA,GG,CC,CC,,,CC,GG,GG,CC,GG,GG,GG,GG,TC,AC,AA,CC,TT,AA,AA,TC,TT,4G5G,AA,GG,CC,AA,GG,CC,GG,CC,,CC,AG,CC,CC,,,CG,GA,TT,AA,CT,CC,TT,GG,CC,CT,GA,CC,CG,AA,TT,TT,CC,TT,CC,GT,AG,CC,GG,CC,GG,CC,GA,,GG,AA,GG,CC,TT,AA,,,GA,GA,TC,TT,,,,,,,0.0,IR,03-1,Male,18.0,Caucasian,17.5,30.0,12.5,71.4,20.0,20.0,0.0,0.0,151.0,67.0,23.647,120.0,76.0,64.0,6.83,9.33,6.0,10.33,R,146.0,66.5,23.209,4.0,-1.8051027818264103,-0.8087573757100084
IR-2153,CC,ID,CT,GA,TC,GA,CG,GG,GG,CC,,,TT,AG,GG,CC,CC,TT,TT,TT,GG,CC,TT,TT,CC,CC,GG,GT,GG,GG,TC,AT,GG,GA,AG,GA,GA,CT,GT,GG,,GG,CC,AA,CT,CC,AG,GG,GG,AA,,"-9, +9",GG,CT,TC,CT,AA,TA,TT,,,,,,,,,AG,CT,CG,AG,CG,GG,TT,CC,TT,TC,CC,GG,GG,GG,GG,CC,AC,GG,AT,CT,AA,GG,GA,AT,TT,GG,TC,CT,CC,CC,,,,,,,,CC,GG,TA,GA,AA,AA,CC,GA,GG,CC,TT,CC,CC,,CG,TT,GA,AA,CC,,,AA,CC,AA,TT,CC,GC,GC,CC,GG,AG,GA,,,GG,GG,AA,GA,CC,CT,,,,AG,GG,CC,GT,GT,AA,GG,TT,AA,AA,GC,TC,GG,AA,TT,TC,4G4G,AA,GG,CT,AA,GG,CC,AG,CC,,CC,AA,CT,CC,,,CC,GA,CT,AA,TT,TT,TT,GG,CC,CC,GG,GG,CC,AA,TT,CT,CT,TT,CC,GG,AA,CT,TT,TT,TT,TT,GA,,GA,AA,GT,CC,TT,AA,,,GA,GA,TC,TT,,,,,,,0.0,IR,03-1,Female,18.0,Caucasian,12.5,20.0,7.5,60.0,12.5,12.5,0.0,0.0,145.0,64.4,24.578,102.0,78.0,60.0,5.0,27.33,5.33,25.33,R,149.0,64.0,25.573,8.67,-3.124602537321393,3.3435207263997877
IR-2154,CA,DD,CT,GA,TC,GA,CC,GG,CG,CA,,,TT,AG,GT,CC,CC,TA,CT,TT,GG,CC,CT,TT,CC,CG,GG,GT,GG,GG,CC,TT,GG,GG,AG,GG,GA,CT,GT,GG,,GG,CC,AA,CC,CC,GG,GG,GG,AA,,"+9, +9",AG,TT,TT,TT,AA,AA,TT,,,,,,,,,AG,CT,CG,AG,CG,GG,TT,CC,CT,TC,GG,GA,GA,AA,AA,TT,AC,GG,TT,CT,AA,CG,GG,AA,AA,GG,TT,CC,CC,CC,,,,,,AA,GG,CT,GG,TA,GG,AA,AA,CC,GA,GG,CC,TT,CC,CT,,GG,TT,GA,AA,CC,,,AG,AC,TA,CT,CA,GC,GG,CC,GG,AA,AA,,,GG,GG,AA,GA,CC,CC,,,CT,GG,GT,CC,GG,GG,GG,GA,TC,AC,AA,GC,TT,AG,AA,TT,TC,4G4G,AA,GG,CC,AA,GG,CC,GG,CC,,CT,AA,TT,CC,,,CC,AA,TT,AA,TT,TT,TT,GG,CC,CC,GA,CG,CG,AA,TT,TT,CT,TT,CC,GG,AA,CT,TT,TT,TT,TT,GG,,GA,AC,GT,CC,TT,AA,,,,GA,TC,TT,,,,,,,0.0,IR,03-1,Male,18.0,Caucasian,20.0,37.5,17.5,87.5,20.0,20.0,0.0,0.0,125.0,67.0,19.576,122.0,68.0,60.0,4.67,7.0,6.0,6.67,R,127.0,66.0,20.496,5.0,-3.362568983718703,1.752522946423971
IR-2155,CC,ID,CT,GA,TC,GA,CG,GG,CG,CA,,,TC,AA,TT,CC,CC,AA,CC,TT,GG,CC,CC,TT,CC,GG,GG,GG,GG,GG,TC,AT,GG,GA,AG,GA,GG,CC,GT,GG,,GG,CC,AA,CC,CC,GG,GA,GG,AA,,"-9, +9",GG,TT,TT,TT,AA,AA,TT,,,,,,,,,AA,CT,CC,AG,CG,GG,TT,CC,CT,TT,CG,GA,GA,AA,AA,TT,AA,AA,TT,CT,AA,,GG,AA,AA,GG,TT,TT,CC,TT,,,,,,AA,GG,CC,GG,AA,GG,AA,AA,CC,GG,GG,CC,TT,CC,CT,,CG,TT,GG,AT,CC,,,GG,AA,TA,CT,AA,GG,GC,CT,GA,AG,GA,,,GG,GG,AA,GG,CC,CT,,,CC,AG,GT,CC,GG,TT,GG,GA,TC,AC,AA,GC,TC,GG,AA,TT,TC,4G5G,AA,GG,CC,AA,GA,CC,GG,CC,,CC,AA,CT,CC,,,CC,AA,CT,AA,TT,TT,TT,GG,CC,CC,GG,CC,CG,AA,CT,CT,CT,TT,CC,GT,AG,CC,GG,CC,GG,CC,GA,,GG,AC,GT,CC,TT,AA,,CT,GG,GA,TC,TT,,,,,,,0.0,IR,03-1,Male,18.0,Caucasian,20.0,40.0,20.0,100.0,20.0,27.5,7.5,37.5,162.0,71.0,22.592,134.0,80.0,64.0,4.33,8.67,3.67,7.67,R,157.0,71.2,21.772,3.0,-2.024157510562039,-1.5148719648754112
IR-2156,CC,DD,CT,GA,TC,GA,CC,GA,CG,CC,,,TC,AG,GT,CC,CC,TA,CT,TT,GG,CC,CT,TT,CC,CG,GG,GT,GA,GG,CC,TT,GA,GA,AG,GA,GG,CC,GT,GA,,GG,CC,AA,CC,CC,GG,GG,GG,AA,,"-9, +9",GG,TT,TC,TT,AC,,TC,,,,,,,,,AG,CT,CG,AG,CC,GG,TT,CC,CT,TC,CG,GG,GG,AA,AA,TT,AA,GG,TT,CT,AA,CG,GG,AA,AT,GG,TC,CC,CC,CC,,,,,,AA,GG,CT,GA,TA,GG,AA,,CC,GG,GG,CC,TT,CC,CT,,CG,TT,GG,AT,CC,,,,AA,TA,CT,CA,GG,GG,CT,GG,AA,GA,,,GG,GG,AA,GG,CC,CT,,,CC,AG,GG,CC,GG,GG,GG,GA,TC,CC,AA,,TT,,AA,TT,CC,4G5G,AA,GG,CC,AA,GG,CC,GG,CC,,CC,AA,CC,CC,,,CC,GG,CC,GG,CC,CC,TT,GG,CC,CC,GG,CG,CC,AA,CT,TT,CC,TT,,GG,AA,CC,GG,CC,GG,CC,GG,,GG,AA,GT,CC,GT,AG,,CC,,GG,,TT,,,,,,,0.0,IR,03-1,Male,19.0,Caucasian,30.0,40.0,10.0,33.3,30.0,32.5,2.5,8.3,154.0,74.0,19.77,118.0,80.0,80.0,4.25,7.33,3.83,7.0,R,157.0,73.0,20.711,3.33,-1.6485940498503393,0.3730232798288973
IR-2157,CC,ID,CT,GA,TC,GA,CC,AA,CC,CA,,,TT,AG,GT,CC,CC,TA,CT,TT,GG,CC,CT,TT,CC,CG,GG,GT,GA,GG,CC,TT,GG,GA,GG,GA,GG,CC,TT,GG,,GG,CC,AA,CC,CC,GG,GA,GG,AA,,"+9, +9",AG,TT,TT,TT,AC,TA,TT,,,,,,,,,AG,CT,CG,AG,CG,GG,TT,CC,CT,TT,CC,GA,AA,AG,AA,TC,AA,GG,TT,CT,AG,CG,GG,AA,AT,GG,TC,CC,CC,CC,,,,,,AA,GG,CT,GG,AA,GG,AA,AA,CC,GG,GG,CC,TT,CC,CC,,CC,TT,GG,AT,CA,,,AG,AC,TA,CC,CA,GC,GG,CT,AA,AG,GA,,,GG,GG,AA,GA,CC,CC,,,CT,GG,GG,CC,GG,GG,GG,GG,CC,CC,AA,GC,TT,GG,AA,TT,TC,4G4G,AA,GG,CC,AA,GA,CC,GG,CC,,CC,AA,CT,CC,,,CC,GA,CT,AA,TT,TT,TT,GG,CC,CT,GA,CG,CG,AA,CT,CT,CT,TT,CC,TT,GG,CC,GG,CC,GG,CC,GG,,GA,AC,TT,CC,GT,AG,,TT,AA,GG,TT,TT,,,,,,,0.0,IR,03-1,Female,19.0,Caucasian,10.0,20.0,10.0,100.0,12.5,12.5,0.0,0.0,124.0,63.0,21.963,118.0,80.0,56.0,6.0,15.67,4.67,15.67,R,125.0,63.0,22.14,7.67,-2.179916546368263,-0.21354291710198317
IR-2158,CC,ID,CT,GA,TC,GA,CC,GG,GG,CC,,,TT,AG,GT,CC,CC,TA,CT,TT,GG,CC,CT,CT,CC,CG,GG,GT,GG,GG,TC,AA,GG,AA,GG,AA,GG,CC,TT,GG,,GG,CC,AA,CT,CC,AG,GG,GG,AA,,"-9, +9",AG,TT,CC,TT,AA,TT,TC,,,,,,,,,AG,CT,GG,GG,CG,GA,TT,CC,CT,TT,CC,GG,GG,AG,AG,TC,AA,GG,AA,,,GG,,,AT,GG,TC,CC,CC,CC,,,,,,AA,,CT,GG,AA,GG,AA,AA,CC,GG,GG,CC,TT,CC,CT,,CG,TT,GG,AA,CA,,,AA,CC,TA,CC,CC,CC,GG,CT,GG,AA,AA,,,GG,GG,AA,AA,CC,CT,,,TT,AG,GG,CC,GT,GT,GG,GA,TC,AC,AG,GC,TC,GG,AA,TT,CC,4G4G,AA,GG,CT,AA,GG,CC,AG,CC,,TT,AA,CC,CC,,,CC,GG,CT,AA,CC,CC,TC,GA,CC,CT,GA,CC,CG,AA,CT,CT,CC,TT,CC,GT,AG,CC,GT,TC,GT,CT,GG,,GA,AA,GG,CC,TT,AA,,,,AA,CC,TT,,,,,,,0.0,IR,03-1,Female,19.0,Caucasian,10.0,20.0,10.0,100.0,10.0,10.0,0.0,0.0,126.0,65.5,20.646,120.0,88.0,56.0,7.67,15.33,5.67,13.0,L,127.0,65.5,20.81,6.67,-2.6501031203533594,0.9865714755265393
IR-2159,CA,ID,CC,GG,CC,AA,CG,GA,CC,CA,,,TT,AA,TT,CC,CC,AA,CC,TT,GG,CC,CC,TT,CC,GG,GG,GG,GG,GG,CC,AT,GG,GA,AG,GA,GA,CT,GG,GA,,GG,CC,AA,CC,CC,GG,GG,GG,AA,,"-9, +9",AG,TT,TC,TT,AA,TA,TT,,,,,,,,,GG,CT,CG,AG,CG,GG,TT,CC,CC,TC,CC,GA,GG,AG,AA,TC,AC,GA,AT,CT,AA,GG,GG,AA,AT,GG,TC,CT,CC,CT,,,,,,AA,GG,CC,GA,AA,GG,AA,AA,CC,GG,GG,CC,TT,TC,CT,,CG,TT,GA,AT,CC,,,AA,CC,TA,CC,CC,GC,GG,CC,GG,AA,GA,,,GG,GG,AA,GA,CG,CC,,,CC,GG,GG,CC,GG,GT,GA,GG,TC,AC,AA,GG,TT,GG,AA,TT,TC,4G5G,AA,GG,CC,AA,GG,CC,GG,CC,,CC,AA,CT,CC,,,CC,GA,TT,AA,CC,CT,TC,GA,CC,,GG,GG,CC,AA,TT,CT,CC,TT,CC,GG,AA,TT,GG,CC,GG,CC,GG,,GG,CC,TT,CC,TT,AA,,CT,GG,GA,TC,TT,,,,,,,0.0,IR,03-1,Female,19.0,Caucasian,15.0,20.0,5.0,33.3,15.0,15.0,0.0,0.0,125.0,64.7,20.992,98.0,64.0,64.0,6.83,13.33,7.17,12.67,L,127.0,65.0,21.132,9.67,-2.0551861991145475,-1.7446712994353835
IR-2160,CC,DD,CC,GG,CC,AA,CC,GA,CG,CC,,,TT,AG,GT,CC,CC,TA,CT,TT,GG,CC,CT,TT,CC,CG,GG,GT,GA,GG,CC,TT,GG,GG,AA,GG,AA,TT,GG,GG,,GG,CC,AA,CC,CC,GG,GA,GG,AA,,"-9, +9",GG,CT,TC,TT,AA,TA,TT,,,,,,,,,GG,CC,GG,GG,CG,GG,TT,CC,CC,CC,CG,GG,GG,AA,AA,TT,AA,AA,AT,CC,AA,GG,GA,AT,AA,GG,TT,CC,CC,CC,,,,,,AA,GG,CC,GG,AA,GG,AA,AA,CC,GG,GG,CT,TT,TC,CT,,CG,TT,GA,AA,CC,,,AA,CC,TA,CC,CC,GG,GG,CT,GG,AG,GA,,,GG,GG,AA,AA,CC,CT,,,CC,AG,GT,CC,GG,GG,GG,GG,CC,CC,AA,GC,TT,AG,AG,TT,TC,4G5G,AA,GG,CC,AA,GA,CC,GG,CC,,CC,AG,CT,CC,,,CC,GA,TT,AA,CC,CT,TC,GA,CC,CC,GG,CC,CC,AA,CT,CT,CC,TT,CC,TT,GG,CC,GT,CC,GT,CC,GG,,GA,AC,GT,CC,GT,AG,,TT,AA,GG,TT,TT,,,,,,,0.0,IR,03-1,Male,18.0,Caucasian,10.0,20.0,10.0,100.0,12.5,15.0,2.5,20.0,139.0,67.3,21.574,110.0,74.0,56.0,4.67,14.33,5.0,13.0,R,142.0,67.0,22.238,6.17,-1.7551807501062124,0.7291295202738979
IR-2161,CA,ID,CT,GA,TC,GA,CG,GG,GG,CC,,,TT,AG,GT,CC,CC,TA,CT,TT,GG,CC,CT,CT,CC,CG,GG,GT,GG,GG,TC,AT,GG,GA,AG,GA,GG,CC,GG,AA,,GG,CC,AA,CC,CC,GG,GA,GG,AA,,"-9, +9",AG,CT,TT,CC,AA,TA,CC,,,,,,,,,AG,CT,GG,GG,CC,GA,TT,CC,CT,TT,CC,GG,GG,AG,GG,CC,AA,AA,AT,CC,AA,GG,GG,AA,AT,GG,TT,CC,CC,CC,,,,,,AA,GG,CC,GG,AA,GG,AA,AA,CC,GG,GG,CC,TT,CC,CT,,CG,TT,,AT,CC,,,AG,AC,AA,CT,CA,GG,GG,CC,GG,AG,GG,,,GG,GG,AG,GG,CC,CT,,,CC,AG,GG,CC,GG,TT,GA,GG,TT,AA,AA,GC,TT,GG,AA,TC,TT,4G4G,AA,GG,CC,AA,GA,CC,GG,CC,,CC,AA,CC,CC,,,CC,GA,CT,AA,CC,CC,TT,GG,CC,CT,AA,CC,GG,AA,CT,CC,CC,TT,CC,GG,AA,TT,GG,CC,GG,CC,GA,,GA,AA,TT,CT,GG,GG,,TT,GA,GG,TT,TT,,,,,,,0.0,IR,03-1,Male,18.0,Caucasian,25.0,32.5,7.5,30.0,25.0,25.0,0.0,0.0,192.0,68.0,29.19,134.0,90.0,68.0,9.33,19.33,8.33,19.67,R,199.0,68.0,30.255,8.0,-1.9156954315507502,0.7804989408579072
IR-2162,CA,DD,TT,AA,TT,GG,CG,GA,CC,CA,,,TT,AG,GT,CC,TC,AA,CC,GT,AG,CT,CC,TT,CG,CG,GG,GG,GG,GA,CC,AT,GG,GA,GG,GA,GG,CC,GT,GA,,GG,CC,AA,CC,CC,GG,GG,GG,AA,,"-9, +9",AG,CC,TC,CC,AC,TA,TC,,,,,,,,,AG,CT,GG,GG,CG,GG,TT,CC,TT,TC,CC,GA,GG,GG,AG,CC,AA,GG,TT,CT,AA,GG,GG,AA,AT,GG,TC,CC,CC,CC,,,,,,AA,GG,CT,GG,AA,GG,AA,AA,CC,GG,GG,CC,TT,CC,CC,,CC,TT,GA,AT,CC,,,AG,AC,TA,CC,CA,GC,GG,CC,GA,AG,GA,,,GG,GG,AA,GA,CC,CC,,,CT,GG,GG,CC,GG,GT,GG,GG,TC,AC,AA,GC,TT,AG,AG,TT,TT,4G4G,AA,GG,CC,AA,GG,CC,GG,CC,,CC,AG,CC,CC,,,GG,AA,CC,AA,CC,CT,TC,GA,CC,CC,GA,CC,CG,AA,TT,CT,CC,TT,CC,GT,AG,CT,GT,TC,GT,CT,GG,,GA,AA,GG,CC,TT,AA,,,GG,AA,CC,TT,,,,,,,0.0,IR,03-1,Female,19.0,Caucasian,12.5,20.0,7.5,60.0,12.5,15.0,2.5,20.0,122.0,64.0,20.939,126.0,78.0,48.0,5.67,20.33,5.83,14.67,R,129.0,63.0,22.849,9.0,1.3485954032994372,-3.024783847164419
IR-2163,CA,ID,CC,GA,TC,GA,CC,GA,CG,CC,,,TT,AG,GT,CC,CC,TA,CT,TT,GG,CC,CT,TT,CC,CG,GG,GT,GA,GG,CC,TT,GG,GA,AG,GA,AA,TT,GT,GG,,GG,CC,AA,CC,CC,GG,GG,GG,AA,,"-9, +9",AA,TT,TT,CT,AA,AA,TT,,,,,,,,,AG,CT,CG,AG,CC,GG,TT,CC,CT,CC,CC,GG,GG,AA,AA,TT,AA,AA,AT,CC,AA,,GG,AA,TT,GG,CC,CC,CC,CT,,,,,,AA,GG,CC,GG,AA,GG,AA,AA,CC,GG,GG,CC,TT,CC,CC,,CC,TT,GA,AA,CC,,,GG,AA,TT,CC,AA,GC,GG,TT,GA,AA,AA,,,GG,GG,AA,GA,CG,CC,,,CT,GG,GG,CC,GT,GG,GG,GA,TC,AC,AA,GC,TT,AA,AG,TT,TC,4G5G,AA,GG,CC,AA,GG,CC,GG,CC,,CC,AG,CC,CC,,,CC,GG,TT,AA,TT,TT,TT,GG,CC,CC,GG,CC,CC,AA,CT,TT,CT,TT,CC,GG,AA,CT,GT,TC,GT,CT,GG,,GA,AA,GG,CC,TT,AA,,,GG,GA,TC,TG,,,,,,,0.0,IR,03-1,Male,21.0,Caucasian,25.0,37.5,12.5,50.0,27.5,30.0,2.5,9.1,157.0,70.0,22.525,122.0,76.0,64.0,4.83,9.67,5.0,9.33,R,158.0,69.0,23.33,3.33,-2.7807496384068675,2.8979269191272548
IR-2164,CC,II,CT,GA,TC,GA,CC,GG,GG,CC,,,TT,GG,GG,CC,CC,TT,TT,TT,GG,CC,TT,CT,CC,CC,GG,TT,GA,GG,TC,AT,GG,GA,GG,GA,GA,CT,GT,GG,,GG,CC,AA,CT,CC,AG,GG,GG,AA,,"-9, +9",AG,CT,TT,CT,AC,TT,TC,,,,,,,,,GG,CC,CG,AG,CG,GA,TT,CC,CT,CC,CC,GG,GG,AA,AA,TT,CC,GG,AT,CT,AA,GG,GA,AT,AA,GT,TC,CC,CC,CC,,,,,,AA,GG,CC,GG,TA,GA,AA,AA,CC,GA,GG,CC,TT,CC,CC,,CC,TT,GA,AA,CC,,,AG,AC,AA,CC,CA,GC,GG,CC,GA,AG,GG,,,GG,GG,AA,GA,CC,CC,,,CC,GG,GG,CC,GT,GT,GG,GG,TT,AA,AA,GG,TT,AA,AG,TC,TT,4G5G,AA,GG,CT,AA,GG,CC,AG,CC,,CC,AA,CT,CC,,,CC,GA,CT,AA,CT,CT,TC,GA,CC,CC,GG,GG,CC,AA,CT,CT,CC,TT,CC,TT,GG,TT,GG,TC,GG,CT,GG,,AA,AA,GG,CC,TT,AA,,,AA,GA,TC,TT,,,,,,,0.0,IR,03-1,Female,19.0,Caucasian,5.0,17.5,12.5,250.0,5.0,7.5,2.5,50.0,116.0,62.1,21.146,126.0,84.0,72.0,9.33,20.67,10.0,17.33,R,124.0,61.0,23.427,10.33,-1.3069119779531442,2.565408359042166
IR-2165,CA,ID,CT,GA,TC,GA,,GG,CC,AA,,,TT,AA,TT,CC,CC,AA,CC,TT,GG,CC,CC,TT,CC,GG,GG,GG,GG,GG,CC,TT,GG,GG,AG,GG,GG,CC,GG,AA,,GG,CC,AA,CT,CC,GG,GA,GG,AA,,"+9, +9",GG,CC,TC,CC,AA,TA,TT,,,,,,,,,AA,TT,CG,AG,CC,GG,TT,CC,CT,TC,CC,AA,GG,AG,AG,TC,AC,GA,TT,CT,AA,GG,GA,AT,AT,GG,TC,CT,CC,CC,,,,,,AA,GG,CT,GA,TA,GG,AA,AA,CC,GG,GG,CT,TT,TC,CC,,CC,TT,GA,AA,AA,,,AG,AC,AA,TT,CA,GC,GG,CT,GA,GG,GG,,,GG,GG,AG,GG,GG,TT,,,CT,AA,GG,CC,GT,GG,GG,GG,TT,AA,AA,GG,TT,AG,AA,TT,TT,5G5G,AA,GG,CT,AA,GA,CC,GG,CC,,CC,AA,CT,CC,,,CC,GG,CT,AA,CT,CT,TT,GG,CC,CT,GA,CG,CG,AA,CT,CC,CC,TT,CC,GT,AG,CC,TT,TT,TT,TT,GG,,AA,AA,GG,CC,TT,AA,,CC,,AA,CC,TT,,,,,,,0.0,IR,03-1,Female,18.0,Caucasian,10.0,20.0,10.0,100.0,12.5,12.5,0.0,0.0,143.0,66.6,22.664,116.0,60.0,72.0,12.33,24.67,12.33,25.33,R,146.0,66.5,23.209,7.33,-2.328199520178959,0.4638848530047883
IR-2166,,,,,,,,,,,,,,,,,,,,,,,,,,,,,,,,,,,,,,,,,,,,,,,,,,,,,,,,,,,,,,,,,,,,,,,,,,,,,,,,,,,,,,,,,,,,,,,,,,,,,,,,,,,,,,,,,,,,,,,,,,,,,,,,,,,,,,,,,,,,,,,,,,,,,,,,,,,,,,,,,,,,,,,,,,,,,,,,,,,,,,,,,,,,,,,,,,,,,,,,,,,,,,,,,,,,,,,,,,,,,,,,,,0.0,IR,03-1,Female,18.0,Caucasian,12.5,25.0,12.5,100.0,12.5,15.0,2.5,20.0,122.0,65.0,20.3,106.0,70.0,76.0,10.0,21.0,8.0,18.67,R,126.0,65.0,20.965,10.0,4.144103703791282e-17,-1.0900765763055393e-17
IR-2167,CC,II,CT,GA,TC,GA,CC,GG,CG,CC,,,TT,GG,GG,CC,TT,TT,CC,GG,AA,TT,CC,TT,GG,CC,GG,GG,GG,AA,CC,AA,GG,AA,GG,AA,GG,CC,TT,GG,,GG,CC,AA,CT,CC,AG,GG,GG,AA,,"-9, +9",AG,CT,TC,CT,AA,TA,TT,,,,,,,,,GG,CC,CG,AG,CC,GG,TT,CC,CT,TC,CC,GG,GG,AG,AG,CC,AC,GG,AT,CT,AA,,GG,AA,AA,GG,TC,CT,CC,CT,,,,,,AA,GG,CC,GG,AA,GG,AA,AA,CC,GG,GG,CC,TT,CC,CT,,CG,,GG,AA,CA,,,GG,AA,TA,CT,AA,GG,GG,CT,GA,AG,GA,,,GG,GG,AA,GA,CC,CC,,,,GG,GG,CC,GG,GG,GG,GG,TC,AC,AA,GC,TC,AG,AG,TT,CC,5G5G,AA,GG,CT,AA,GG,CC,AG,CC,,CC,AA,CC,CC,,,CC,GA,TT,AA,CC,CC,CC,AA,CC,CT,AA,CG,GG,AA,TT,TT,CT,TT,CC,GT,AG,CT,GG,CC,GG,CC,GG,,GA,AA,GG,CC,TT,AA,,,GA,GA,TC,TT,,,,,,,0.0,IR,03-1,Female,20.0,Caucasian,12.5,27.5,15.0,120.0,12.5,15.0,2.5,20.0,134.0,66.5,21.302,98.0,68.0,52.0,12.0,19.67,13.33,19.67,R,139.0,66.0,22.433,6.67,3.9189954918933543,-5.48941483370231
IR-2168,CC,II,CC,GG,CC,AA,CC,GG,CG,CA,,,TT,GG,GG,CC,CC,TT,TT,TT,GG,CC,TT,CT,CC,CC,GG,TT,GG,GG,TT,AA,GG,AA,GG,AA,GG,CC,TT,GG,,GG,CC,AA,CC,CT,GG,GG,GG,AA,,"+9, +9",AA,CT,TT,TT,AA,TT,TT,,,,,,,,,AA,TT,GG,GG,CG,GG,TT,CC,CC,TT,CC,GA,GG,AG,AG,TC,AA,AA,AT,TT,AG,GG,GA,AT,AT,GG,TT,CT,CC,CC,,,,,,AA,GG,CC,GA,AA,GG,AA,AA,CC,GG,GG,CC,TT,CC,CT,,CG,TT,GA,AT,CC,,,AA,CC,TA,CC,CC,GG,GG,CT,GA,AA,GA,,,GG,GG,AA,GG,CG,CC,,,CC,GG,GG,CC,GT,GG,GA,GA,TC,AC,AA,GC,TT,AG,AG,TT,TC,5G5G,AA,GG,CC,AA,GG,CC,GG,CT,,CC,AA,CT,CC,,,CC,GA,TT,AA,CC,CC,TT,GG,CC,CC,GG,CG,CC,AA,TT,CT,TT,TT,CT,GT,AG,CC,GG,CC,GG,CC,GG,,AA,AA,TT,CC,GT,AG,,CT,GA,GA,TC,TT,,,,,,,0.0,IR,03-1,Female,19.0,Caucasian,15.0,25.0,10.0,66.7,15.0,17.5,2.5,16.7,166.0,65.1,27.536,136.0,98.0,72.0,19.0,34.0,20.67,34.33,R,172.0,63.5,29.987,5.67,-0.9101515088742598,3.0092645649637624
IR-2169,CA,ID,CT,GA,TC,GA,CC,GA,CG,CC,,,TT,AA,TT,CC,CC,AA,CC,TT,GG,CC,CC,TT,CC,GG,GG,GG,GG,GG,CC,TT,GA,GG,AA,GG,GA,CC,GT,GG,,GG,CC,AA,CC,CC,GG,GA,GG,AA,,"-9, -9",AA,CT,TT,CT,AC,TT,TT,,,,,,,,,GG,CC,GG,GG,GG,GG,TT,CC,CT,TC,CC,GG,GA,AG,AG,TC,AA,GA,AT,TT,AA,GG,GA,AT,AT,GG,TT,CT,CC,CT,,,,,,AA,GG,TT,GA,TA,GA,AA,AA,CC,GA,GG,CC,TT,CC,CT,,GG,TT,GA,AA,CA,,,GG,AA,AA,CC,AA,GG,GG,CT,GA,AA,AA,,,GG,GG,AA,GG,CC,CT,,,TT,AG,GG,CC,GG,GT,GG,GG,TC,AC,AA,GC,TC,AG,AA,TT,TT,5G5G,AA,GG,CC,AA,GA,CC,GG,CC,,CC,AG,CT,CC,,,CC,GG,CT,AA,CC,CC,TC,GA,CC,CC,GG,GG,CC,AA,CT,CC,CC,TT,CC,GG,AA,CT,GT,TC,GT,CT,GG,,GA,AA,GT,CC,TT,AA,,,GA,GG,TT,TT,,,,,,,0.0,IR,03-1,Female,18.0,Caucasian,12.5,27.5,15.0,120.0,12.5,17.5,5.0,40.0,134.0,65.0,22.296,106.0,60.0,52.0,7.0,13.33,7.0,13.33,R,133.0,64.0,22.827,6.67,-1.1301689462582718,-0.24061136575738107
IR-2170,CA,DD,CT,GA,TC,GA,CG,GG,CG,CA,,,TT,AA,,CC,CC,AA,CC,TT,GG,,CC,,,,,GG,GG,GG,,,,GA,,,GG,CC,GG,AA,,GG,CC,AA,CC,CT,GG,GG,GG,AA,,"-9, +9",AG,CT,TC,TT,AC,TT,TT,,,,,,,,,AG,CT,CG,AG,CG,GG,TT,CC,CT,TT,GG,GA,GG,AG,AA,TT,AC,GG,,CC,AG,GG,GG,AA,AT,GG,TC,,CC,TT,,,,,,AA,GG,CT,GG,AA,GG,AA,AA,CC,GG,GG,CT,TT,TC,TT,,GG,TT,GG,AA,CC,,,GG,AA,AA,CC,AA,GC,GG,CT,GG,AA,AA,,,GG,GG,AA,GG,CG,CT,,,CT,AG,GG,CC,GG,GG,GG,GA,CC,CC,AA,GC,TC,AA,AG,TT,TC,4G4G,AA,GG,CC,AA,GG,CC,GG,CT,,CC,AA,CC,CC,,,CC,GG,CT,GA,CC,CC,TT,GG,CC,CC,GG,CG,CG,AC,CT,TT,CC,TT,CC,,,CC,GT,TC,GT,CT,GG,,AA,AA,GG,CC,TT,AA,,CC,GA,AA,CC,TT,,,,,,,,,,,,,,,,,,,,,,,,,,,,,,,,,,,,0.11821142066001472,-0.7751921092216447
IR-2171,,ID,CC,,,,,,,,,,,,,,,,,,,,,,,,,,,,,,,,,,,,,,,,,,,,,,,,,,,,,,,,,,,,,,,,,AG,CT,,,,,,,,,,,,,,,,,,,,,,,,,,,,,,,,,,,,,GG,,,,,,,,,,CC,,,,,,,,,,,,,,,,,,,,,,,,,,,,CT,,,,,,,GG,,,,,,,,,,,,,5G5G,,,,,,,,,,,,,,,,CC,,,,,,,,CC,CT,GA,CG,CG,,,,,,,,,TT,,,,,GG,,,,,,,,,,,,,,,,,,,,0.0,IR,03-1,Male,19.0,Caucasian,20.0,30.0,10.0,50.0,22.5,22.5,0.0,0.0,153.0,71.0,21.337,122.0,80.0,62.0,3.0,9.0,2.0,9.0,R,151.0,71.0,21.058,3.83,-0.4106179430795802,0.05253654978561323
IR-2172,,,,,,,,,,,,,,,,,,,,,,,,,,,,,,,,,,,,,,,,,,,,,,,,,,,,,,,,,,,,,,,,,,,,,,,,,,,,,,,,,,,,,,,,,,,,,,,,,,,,,,,,,,,,,,,,,,,,,,,,,,,,,,,,,,,,,,,,,,,,,,,,,,,,,,,,,,,,,,,,,,,,,,,,,,,,,,,,,,,,,,,,,,,,,,,,,,,,,,,,,,,,,,,,,,,,,,,,,,,,,,,,,,0.0,IR,03-1,Male,18.0,Caucasian,10.0,20.0,10.0,100.0,12.5,10.0,-2.5,-20.0,126.0,66.0,20.335,110.0,70.0,62.0,5.0,17.67,5.0,18.33,R,128.0,66.0,20.657,7.0,4.144103703791282e-17,-1.0900765763055393e-17
IR-2173,,,,,,,,,,,,,,,,,,,,,,,,,,,,,,,,,,,,,,,,,,,,,,,,,,,,,,,,,,,,,,,,,,,,,,,,,,,,,,,,,,,,,,,,,,,,,,,,,,,,,,,,,,,,,,,,,,,,,,,,,,,,,,,,,,,,,,,,,,,,,,,,,,,,,,,,,,,,,,,,,,,,,,,,,,,,,,,,,,,,,,,,,,,,,,,,,,,,,,,,,,,,,,,,,,,,,,,,,,,,,,,,,,0.0,IR,03-1,Female,21.0,Caucasian,12.5,25.0,12.5,100.0,12.5,12.5,0.0,0.0,132.0,64.0,22.655,122.0,88.0,60.0,7.33,18.0,8.33,16.67,R,129.0,64.0,22.14,6.33,4.144103703791282e-17,-1.0900765763055393e-17
IR-2174,CC,ID,TT,AA,TT,GG,,,CG,CA,,,TT,AA,,CC,CC,AA,CC,TT,GG,,CC,,,,,GG,GG,GG,,,,GG,,,AA,TT,GG,GG,,GG,CC,AA,CC,CC,GG,GG,GG,AA,,"+9, +9",AG,CC,TC,CC,AA,TT,TT,,,,,,,,,AG,CT,CG,AG,CC,GG,TC,CG,TT,TC,CG,GA,GG,AA,AA,TT,AC,GG,,CT,AA,CC,GG,,AT,GG,TC,,CC,CC,,,,,,AA,GG,CT,GG,TT,GG,AA,AA,CC,GA,GG,CT,TT,TC,CT,,GG,TT,,AA,CC,,,AA,CC,TT,CC,CC,GG,GG,CC,AA,,,,,GG,GG,AG,GA,CC,CT,,,CT,AG,GG,CC,GG,GG,GG,GA,TC,AC,AA,CC,TT,GG,AA,TC,CC,4G4G,AA,GG,CC,AA,GG,CC,GG,CC,,CC,AA,CT,CC,,,CC,GA,CT,AA,CC,CC,TT,GG,CT,CC,GG,CC,CC,AA,TT,CC,CT,TT,CT,,,CC,GG,CC,GG,CC,GA,,GA,AA,GT,CC,GT,AG,,,GG,GA,TC,TT,,,,,,,,,,,,,,,,,,,,,,,,,,,,,,,,,,,,0.7641149433638601,0.31408530328097856
IR-2175,CC,II,CT,GA,TC,GA,CC,GA,CG,CC,,,TT,AA,TT,CC,CC,AA,CC,TT,GG,CC,CC,TT,CC,GG,GG,GG,GG,GG,CC,TT,GG,GG,AA,GG,GG,CC,TT,GG,,GG,CC,AA,CC,CC,GG,GG,GG,AA,,"+9, +9",AA,TT,TT,TT,AC,TT,TT,,,,,,,,,AG,CC,GG,GG,CC,GG,TT,CC,CT,TC,CC,GG,AA,AG,AG,TC,CC,GG,AT,CT,AG,GG,GG,AA,AT,GG,TT,CT,CC,CC,,,,,,AA,GG,CC,GA,AA,GG,AA,AA,CC,GG,GG,CC,TT,CC,CC,,CC,TT,GA,AA,CA,,,AG,AC,AA,CT,CC,GC,GG,TT,GA,AA,AA,,,GA,GG,AG,GA,CC,CC,,,CC,GG,GG,CT,GG,GT,GG,GG,CC,CC,AA,GC,TT,AG,AG,TT,TT,4G4G,AA,GG,CC,AA,GG,CC,GG,CC,,CC,AG,CT,CC,,,CC,AA,CC,AA,CT,CT,TT,GG,CC,CC,GG,CG,CC,AA,CT,CT,TT,TT,CC,GT,AG,CC,GT,TC,GT,CT,GA,,GA,AA,GG,CC,TT,AA,,,GG,AA,CC,TT,,,,,,,0.0,IR,03-1,Female,18.0,Caucasian,12.5,25.0,12.5,100.0,12.5,15.0,2.5,20.0,154.0,67.3,23.903,102.0,72.0,64.0,7.0,28.33,7.33,29.0,R,150.0,66.5,23.845,10.33,-3.2617884301835205,-0.8197576536761041
IR-2176,CC,ID,CT,GA,TC,GA,CG,AA,CC,CC,,,TC,AG,GT,CC,TC,TA,CC,GT,AG,CT,CC,TT,CG,CG,GG,GG,GG,GA,CC,AT,GG,GG,AG,GA,GG,CC,GT,GA,,GG,CC,AA,CC,CC,GG,GG,GG,AA,,"-9, +9",AG,TT,CC,TT,AA,TT,CC,,,,,,,,,AG,CC,GG,GG,CC,GG,TT,CC,CT,CC,CC,GG,GG,AG,AG,TC,AA,GA,TT,TT,AG,GG,GG,AA,AT,GG,TC,TT,CC,CT,,,,,,AA,GG,CC,GG,TA,GG,AA,AA,CC,GA,GG,CC,TT,CC,CT,,CG,TT,GG,AT,CC,,,AG,AC,TT,CC,CA,GC,GG,CC,GA,GG,GG,,,GG,GG,AG,AA,CC,CT,,,CC,AG,GG,,GG,GG,GG,GG,TC,AC,AA,GC,TT,AA,AG,TT,TT,4G4G,AA,GG,CC,AA,GG,CC,GG,CC,,CC,AA,TT,CC,,,CC,GA,TT,AA,CT,CT,TT,GG,CC,CC,GG,CG,CC,AA,CT,TT,CT,TT,CC,GG,AA,CC,GG,CC,GG,CC,GG,,GA,AC,GT,CC,TT,AA,,TT,AA,GG,TT,TT,,,,,,,0.0,IR,03-1,Female,18.0,Caucasian,10.0,17.5,7.5,75.0,12.5,12.5,0.0,0.0,131.0,67.0,20.515,112.0,78.0,56.0,5.67,24.0,6.33,24.0,R,151.0,66.0,24.369,4.0,1.6609815044312408,-4.9231053960772115
IR-2177,CA,,,GG,CC,AA,CG,GG,CG,CC,,,TT,AG,,CC,CC,TA,CT,TT,GG,,CT,,,,,GT,GG,GG,,,,GA,,,GG,CC,GT,GG,,GG,CC,AA,CC,CC,GG,GG,GG,AA,,"+9, +9",AG,CT,TT,CC,AC,TA,CC,,,,,,,,,AG,CT,CG,AG,CC,GG,TT,CC,CC,TC,CG,GG,GG,AA,AA,TT,AC,GG,,CT,AA,CG,GG,AA,AA,GG,TC,,CC,CC,,,,,,AA,,CC,,AA,GG,AA,AA,CC,GG,GG,CC,TT,,CT,,CG,TT,GG,AT,CC,,,AG,AC,AA,CT,CA,GC,GC,CC,GA,AG,,,,GG,GG,AA,GA,CC,,,,CT,AG,GG,CC,,GG,GG,GG,CC,CC,AA,GG,TT,AG,AG,TT,TC,,AA,GG,CC,AA,GG,CC,GG,CC,,CC,AA,CC,CC,,,CC,GG,CC,AA,CT,CT,TC,GA,,,,,,AA,CT,CT,CC,TT,CC,,,,GG,CC,GG,CC,,,GA,AA,GG,CC,TT,AA,,,GG,GA,TC,TT,,,,,,,,,,,,,,,,,,,,,,,,,,,,,,,,,,,,-2.4164917708731153,-0.2524312046627719
IR-2178,CC,ID,TT,AA,TT,GG,CC,GG,GG,CC,,,TT,AG,,CC,CC,TA,CT,TT,GG,,CT,,,,,GT,GG,GG,,,,GA,,,GG,CC,GT,GA,,GG,CC,AA,CC,CC,GG,GG,GG,AA,,"+9, +9",AG,TT,TC,CT,AA,TA,TT,,,,,,,,,AG,CC,CC,GG,CC,GA,TT,CC,TT,CC,CG,GG,GA,AG,AA,TC,AA,GA,,,AG,GG,GG,AA,AA,GG,TT,,CC,CC,,,,,,AA,GG,CT,GG,TA,GG,AA,AA,CC,GA,GG,CC,TT,CC,CT,,CG,TT,GG,AA,CC,,,GG,AA,AA,CT,AA,GC,GG,TT,GG,AG,GG,,,GG,GG,AG,AA,CC,CC,,,TT,GG,GG,CT,GG,GG,GA,GG,TC,AC,AA,GC,TT,AG,AA,TT,TC,5G5G,AA,GG,CC,AA,GG,CC,GG,CC,,CC,AA,CC,CC,,,CC,GA,TT,AA,CT,CT,TT,GG,CC,CC,GG,CG,CG,AC,CC,TT,CC,TT,CC,,,CC,GG,CC,GG,CC,GG,,AA,AC,GT,CC,TT,AA,,CC,AA,AA,CC,TT,,,,,,,,,,,,,,,,,,,,,,,,,,,,,,,,,,,,-0.5600095686593677,-1.6610732763220986
IR-2179,CA,DD,CC,GG,CC,AA,GG,GA,CG,CC,,,TT,AA,TT,CC,CC,AA,CC,TT,GG,CC,CC,TT,CC,GG,GG,GG,GG,GG,TC,AT,GA,GA,AG,GA,GA,CT,GG,GA,,GG,CC,AA,CC,CC,GG,GG,GG,AA,,"-9, +9",GG,TT,TC,TT,AA,TA,TT,,,,,,,,,AG,CC,GG,GG,CC,GG,TT,CC,CC,TC,CG,GG,GG,AA,AA,TT,AC,GA,TT,CT,AA,GG,GG,AA,AA,GG,TT,CC,CC,CT,,,,,,AA,GG,CT,GG,AA,GG,AA,AA,CC,GG,GG,CC,TT,CC,CC,,CC,TT,GG,AA,CA,,,AA,CC,AA,CC,CC,GC,GC,CT,GA,AA,AA,,,GA,GG,AA,GG,CG,,,,CC,GG,GG,CC,GG,GT,GG,GG,CC,CC,AA,GG,TT,AG,AG,TT,TT,4G4G,AA,GG,CC,AA,GG,CC,GG,CC,,CT,AA,CT,CC,,,CC,GG,TT,GA,CT,CT,TT,GG,CC,CC,GG,GG,CC,AA,TT,CT,CC,TT,CC,GT,AG,CC,GG,CC,GG,CC,GG,,AA,AA,GG,CC,TT,AA,,TT,GG,GG,TT,TT,,,,,,,0.0,IR,03-1,Male,24.0,Caucasian,25.0,37.5,12.5,50.0,25.0,27.5,2.5,10.0,168.0,72.0,22.782,134.0,72.0,68.0,6.33,6.0,5.67,6.0,R,169.0,72.0,22.918,5.33,-1.6860586454547735,-1.2403720999590937
IR-2180,CC,DD,CT,GA,TC,GA,CG,GG,GG,CC,,,TT,AA,TT,CC,CC,AA,CC,TT,GG,CC,CC,TT,CC,GG,GG,GG,GG,GG,CC,TT,GG,GA,AG,GA,GG,CC,GT,GA,,GG,CC,AA,CT,CC,GG,GG,GG,AA,,"+9, +9",AG,CT,TT,CT,AC,TT,TT,,,,,,,,,AA,TT,GG,GG,CG,GG,TC,CG,CT,TC,CG,GG,GG,GG,AA,TT,AC,GA,AT,CT,AA,GG,GG,AA,AA,GG,TC,CT,CC,CC,,,,,,AA,GG,CC,GG,AA,GG,AA,AA,CC,GG,GG,CC,TT,CC,CT,,GG,TT,GA,AA,CC,,,AA,CC,TA,CT,CC,GG,GG,CT,GA,GG,GG,,,GG,GG,AG,AA,CC,CC,,,CT,GG,GG,CC,GG,TT,GA,GG,TT,AA,AA,CC,TC,AA,AG,TT,TT,4G5G,AA,GG,CT,AA,GG,CC,GG,CC,,CC,AG,CC,CC,,,CC,GA,CT,AA,CC,CC,CC,AA,CT,CC,GG,CG,CC,AA,TT,CT,CC,TT,CT,GT,AG,CC,GG,CC,GG,CC,GA,,GG,AA,GG,CC,TT,AA,,,GA,AA,CC,TT,,,,,,,0.0,IR,03-1,Male,36.0,Caucasian,30.0,40.0,10.0,33.3,32.5,32.5,0.0,0.0,191.0,71.0,26.636,134.0,84.0,68.0,5.0,17.0,5.0,15.0,R,190.0,70.0,27.259,5.67,-1.6468829187065885,-2.3953760584279364
IR-2181,CC,ID,CT,GA,TC,GA,GG,GG,GG,CC,,,TT,AA,,CC,CC,TA,CT,TT,GG,,CT,,,,,GT,GG,GG,,,,GG,,,GA,CT,GT,GG,,GG,CC,AA,CC,CC,GG,GG,GG,AA,,"-9, +9",AA,TT,TT,TT,AA,TT,TT,,,,,,,,,AG,CT,GG,GG,CC,GG,TT,CC,CT,TC,CC,GG,GG,GG,AG,CC,AC,GG,,CT,AA,CG,GA,AT,AT,GG,TT,,CC,CT,,,,,,AA,GG,CC,GG,AA,GG,AA,AA,CC,GG,GG,CC,TT,CC,CC,,CC,TT,GA,AT,CC,,,AA,CC,AA,CT,CC,GC,GG,CC,GA,GG,GG,,,GG,GG,AA,GA,CC,CT,,,CT,AG,GG,CC,GT,GT,GG,GA,CC,CC,AA,CC,TT,AG,AG,TT,TC,5G5G,AA,GG,CC,AA,GG,CC,GG,CC,,CC,AA,CT,CC,,,CC,GA,CT,AA,TT,TT,TT,GG,CC,CT,GA,CG,CG,AA,CC,TT,CT,TT,CC,,,CT,GT,TC,GT,CT,GG,,AA,AA,GG,CC,TT,AA,,TT,GA,GG,TT,TT,,,,,,,,,,,,,,,,,,,,,,,,,,,,,,,,,,,,-3.149366187884403,1.246349860804539
IR-2182,CC,,,AA,TT,GG,CC,GG,GG,CC,,,TT,AA,,CT,CC,TA,CC,TT,GG,,CC,,,,,GG,GG,GA,,,,GG,,,,CC,TT,GG,,,CC,AA,CC,,GG,,,AA,,"+9, +9",AG,CT,TT,CC,AA,,CC,,,,,,,,,GG,CC,CG,GG,CG,GA,TT,CC,TT,CC,CC,GG,AA,AA,AA,TT,AA,GA,,CC,AA,CG,GG,AA,,,TT,,CC,CC,,,,,,AA,GG,CC,,TA,GG,AA,AA,CC,GA,GG,CC,TT,,CT,,,,,,,,,AG,AC,TT,CC,CA,GC,GG,CC,GG,AG,GA,,,,,,GA,CC,,,,CC,AA,GT,CC,,GG,GG,GG,CC,CC,AA,,TT,AA,AA,TT,TC,,,,,,,,,,,CC,,CT,CC,,,CC,AA,CC,GG,CC,CC,TT,GG,,,,,,,,CC,CC,,CC,,,,GG,CC,GG,CC,,,GA,AA,GG,CC,TT,AA,,TT,GA,GG,TT,TT,,,,,,,,,,,,,,,,,,,,,,,,,,,,,,,,,,,,1.102437258400747,-0.490964265345085
IR-2183,AA,DD,CT,GA,TC,GA,CG,GA,CC,CA,,,TT,AG,,CC,TC,TA,CC,GT,AG,,CC,,,,,GG,GG,GA,,,,GG,,,GG,CC,GT,GA,,GG,CC,AA,CC,CC,GG,AA,GG,AA,,"+9, +9",AA,TT,TC,TT,AA,AA,TT,,,,,,,,,AA,CT,GG,GG,CC,GG,TT,CC,CT,CC,CC,GA,GA,AG,AG,TC,AA,GG,,CC,AA,CG,GG,AA,AA,GG,TT,,CC,CT,,,,,,AA,GG,CT,GA,AA,GG,AA,AA,CC,GG,GG,TT,TT,TT,CC,,CC,TT,AA,AA,CC,,,AG,AC,TT,CC,CA,GC,GC,CT,GA,AA,GA,,,GG,GG,AA,GG,CC,CC,,,CT,GG,GG,CC,GG,GT,GG,GA,TC,AC,AA,GG,TC,AA,GG,TT,TC,4G5G,AA,GG,CC,AA,AA,CC,GG,CC,,CC,AG,CC,CC,,,CC,GA,TT,AA,,CT,TT,GG,CC,CT,GG,CG,CG,AA,CT,CT,CT,TT,CC,,,CC,GG,CC,GG,CC,GG,,GG,AA,GG,CC,TT,AA,,CC,AA,AA,CC,TT,,,,,,,,,,,,,,,,,,,,,,,,,,,,,,,,,,,,0.5900747964784259,-2.2725163660869874
IR-2184,CA,DD,CC,GG,CC,AA,CC,GG,CC,AA,,,TT,AA,TT,CC,CC,AA,CC,TT,GG,CC,CC,TT,CC,GG,GG,GG,GG,GG,CC,TT,GG,GG,AA,GG,GA,CT,GG,GA,,GG,CC,AA,CC,CC,GG,GG,GG,AA,,"-9, -9",GG,TT,TT,TT,AC,TT,TT,,,,,,,,,AG,CC,CG,AG,CC,GG,TT,CC,CC,CC,CC,AA,AA,GG,AG,CC,AA,AA,TT,CT,AA,CG,GG,AA,AT,GG,TT,CT,CC,CC,,,,,,AA,GG,CT,GG,TA,GA,AA,AA,CC,GA,GG,CT,TT,TC,CT,,CG,TT,GG,AT,CA,,,AA,CC,AA,CC,CC,GC,GC,CC,GA,AA,GG,,,GG,GG,AA,GG,GG,CC,,,CT,GG,GG,CC,GG,GG,GG,GA,CC,CC,AA,CC,TC,AG,AG,TT,TT,4G5G,AA,GG,CC,AA,GG,CC,GG,CC,,CC,AG,CC,CC,,,CC,GG,CT,AA,TT,TT,TT,GG,CC,CC,GA,CG,CG,AA,CC,CC,CC,TT,CC,GT,AG,CC,GG,CC,GG,CC,GG,,GA,AC,GT,CC,TT,AA,,TT,GG,GG,TT,TT,,,,,,,0.0,IR,03-1,Male,20.0,Caucasian,25.0,32.5,7.5,30.0,30.0,30.0,0.0,0.0,159.0,71.0,22.174,130.0,58.0,76.0,4.0,10.67,5.67,11.0,R,157.0,70.0,22.525,3.5,-0.19041726225136954,0.09101507201185877
IR-2185,CA,II,CT,GA,TC,GA,CG,GA,CG,CC,,,TT,AG,GT,CC,CC,TA,CT,TT,GG,CC,CT,TT,CC,CG,GG,GT,GA,GG,CC,AT,GG,GA,GG,GA,GA,CT,GT,GG,,GG,CC,AA,CC,CT,GG,GG,GG,AA,,"-9, -9",AG,CT,TC,CT,AC,TT,TT,,,,,,,,,GG,CC,CG,AG,CC,GG,TT,CC,CT,CC,CG,GG,AA,AG,AA,TC,AC,GA,TT,CC,AG,GG,GG,AA,AT,GG,TT,CT,CC,CC,,,,,,AA,GG,CT,GG,TA,GG,AA,AA,CC,GG,GG,CC,TT,CC,TT,,GG,TT,GG,AA,CA,,,AG,AC,TA,CT,CC,GC,GC,CC,GA,AA,AA,,,GG,GG,AG,GA,CG,CT,,,TT,AG,GG,CT,GG,GG,GG,GA,TC,AC,AA,GC,TT,AG,AA,TC,TT,4G5G,AA,GG,CC,AA,GG,CC,GG,CT,,CC,AA,CT,CC,,,CC,GA,TT,AA,CT,CT,TT,GG,CC,CT,GA,CG,CG,AA,CC,CT,CC,TT,CC,GG,AA,CC,GT,TC,GT,CT,GG,,GA,AC,TT,CC,GT,AG,,CC,GG,AA,CC,TT,,,,,,,0.0,IR,03-1,Male,21.0,Caucasian,12.5,22.5,10.0,80.0,15.0,17.5,2.5,16.7,162.0,68.0,24.629,118.0,78.0,70.0,4.83,15.0,6.0,16.33,R,160.0,67.0,25.057,5.67,-1.4492608637586066,0.7868769192322213
IR-2186,CA,II,CT,GA,TC,GA,CC,GA,CG,CC,,,TC,AG,,CC,CC,TA,CT,TT,GG,,CT,,,,,GT,GA,GG,,,,GG,,,GA,CT,GG,GA,,GG,CC,AA,CC,CC,GG,,GG,AA,,"+9, +9",AA,TT,TT,CT,AA,TA,CC,,,,,,,,,AA,CC,CC,AA,CG,GA,TT,CC,CT,TC,CC,GG,GG,AG,AG,TC,AA,GA,,TT,AA,GG,GG,AA,TT,GG,TT,,CC,CC,,,,,,AA,GG,CC,GG,TA,GG,AA,AA,CC,GG,GG,CC,TT,CC,CC,,CC,TT,GA,AA,AA,,,AG,AC,TA,CT,CC,GG,GG,CC,GG,AA,AA,,,GG,GG,AA,GA,CC,CT,,,CT,AG,GG,CT,GT,GT,GA,GG,TC,AC,AA,CC,TT,GG,AA,TC,TC,5G5G,AA,GG,CC,AA,,CC,GG,CC,,CT,AG,CC,CC,,,CC,GA,TT,AA,CC,CC,TT,GG,CC,CT,GA,CG,CG,AA,TT,CC,TT,TT,CT,,,CT,GG,CC,GG,CC,GA,,GA,AA,GG,CC,TT,AA,,CC,GA,AA,TC,TT,,,,,,,,,,,,,,,,,,,,,,,,,,,,,,,,,,,,-3.1581598897823446,0.42133629912684245
IR-2187,AA,ID,CT,GA,TC,GA,CC,GG,CG,CA,,,TC,AA,TT,CC,CC,AA,CC,TT,GG,CC,CC,TT,CC,GG,GG,GG,GG,GG,CC,TT,GG,GG,AA,GG,GG,CC,GT,GA,,GG,CC,AA,CT,CC,AG,GA,GG,AA,,"-9, +9",AG,CC,TC,CC,AC,TT,,,,,,,,,,AG,CC,CG,AG,CC,GG,TT,CC,CT,TC,CG,GA,GG,AG,AG,TC,AC,GG,TT,CT,AA,CG,GG,AA,AT,GG,TT,CC,CC,CC,,,,,,AA,GG,CT,GG,AA,GG,AA,AA,CC,GG,GG,CC,TT,CC,CC,,CC,TT,GA,AA,CA,,,AG,AC,TA,CT,CA,GC,GG,CT,GG,AG,GA,,,GG,GG,AA,AA,CC,CC,,,CT,GG,GG,CC,GG,GT,GG,GG,TC,AC,AA,GC,TC,AG,AG,TT,TC,5G5G,AA,GG,CT,AA,GA,CC,AG,CC,,CC,AA,CC,CC,,,CC,GG,CT,AA,CC,CC,TT,GG,CC,CC,GG,GG,CC,AA,CT,TT,CC,TT,CC,GG,AA,CT,GT,TC,GT,CT,GG,,GA,AA,GG,CT,GT,AG,,,GA,GG,TT,TT,,,,,,,0.0,IR,03-1,Male,20.0,Caucasian,25.0,30.0,5.0,20.0,27.5,27.5,0.0,0.0,151.0,71.2,20.94,118.0,86.0,75.0,4.0,8.67,3.5,7.33,R,150.0,71.5,20.627,3.0,-1.3747348134909665,-1.046510023682149
IR-2188,CC,DD,CT,GA,TC,GA,CC,AA,CC,CC,,,TT,AG,GT,CC,CC,TA,CT,TT,GG,CC,CT,TT,CC,CG,GG,GT,GA,GG,CC,TT,GG,GG,AG,GG,GG,CC,GT,GG,,GG,CG,AA,CC,CC,AG,GA,GG,AA,,"-9, +9",AG,CT,TC,CT,AA,TA,TT,,,,,,,,,GG,CC,CG,GG,CG,GG,TT,CC,CT,TC,CC,GG,GG,AG,AG,TC,AC,GA,TT,CC,AA,GG,GG,AA,AT,GG,TC,CT,CC,CT,,,,,,AA,GG,TT,GG,AA,GG,AA,AA,CC,GG,GG,CT,TT,TC,CT,,CG,TT,GG,AA,CC,,,AG,AC,TA,CT,CA,GG,GG,TT,GG,AG,GA,,,GA,GG,AG,GG,CC,CT,,,CT,AG,GT,CT,GT,GT,GG,GA,TC,AC,AA,CC,CC,AG,AG,TT,CC,5G5G,AA,GG,CC,AA,GA,CG,AG,CC,,CC,AG,CC,CC,,,CC,GA,CT,AA,CT,CT,TT,GG,CC,CC,GG,GG,CG,AA,TT,CT,CC,TT,CC,GT,AG,CC,GG,CC,GG,CC,GA,,GG,AA,GG,CC,TT,AA,,CT,GA,GA,TC,TT,,,,,,,0.0,IR,03-1,Male,24.0,Caucasian,17.5,32.5,15.0,85.7,25.0,25.0,0.0,0.0,158.0,71.3,21.849,128.0,92.0,76.0,5.0,6.67,5.67,6.67,R,160.0,71.0,22.313,4.5,-1.6932473298638526,0.7529031681034993
IR-2189,CC,II,CT,GA,TC,GA,CC,GG,GG,CC,,,TT,GG,,CC,TC,TA,CT,GT,GG,,CT,,,,,GT,GA,GG,,,,GG,,,GG,CC,GG,AA,,GG,CC,AA,CC,CT,GG,GG,GG,AA,,"-9, +9",GG,TT,TC,CT,AA,TT,TC,,,,,,,,,GG,CC,CG,AG,CC,GG,TT,CC,CT,TC,CG,GG,GG,AA,AA,TT,AA,GA,,CT,AA,CC,GG,AA,AT,GG,TT,,CC,CC,,,,,,AA,GG,CT,GG,AA,GG,AA,AA,CC,GG,GG,CC,TT,CC,CC,,CG,TT,GG,AA,CC,,,GG,AA,AA,CT,AA,GG,GC,CT,GA,AA,AA,,,GG,GG,AA,GG,CC,CC,,,CT,GG,GT,CC,GG,GG,GG,GA,CC,CC,AA,GC,TT,GG,AA,TC,TC,4G5G,AA,GG,CC,AA,GG,CC,GG,CT,,CC,AA,CC,CC,,,CC,GA,TT,AA,CT,CT,TC,GA,CT,CC,GG,CG,CC,AA,TT,CT,CT,TT,CT,,,CT,TT,TT,TT,TT,GG,,AA,AC,GT,CC,TT,AA,,CC,AA,AA,CC,TT,,,,,,,,,,,,,,,,,,,,,,,,,,,,,,,,,,,,-1.9599496788426631,0.698792074660866
IR-2190,CC,II,CC,GG,CC,AA,CC,GG,CG,CA,,,TT,AG,GT,CC,CC,TA,CT,TT,GG,CC,CT,TT,CC,CG,GG,GT,GG,GG,TC,AT,GG,AA,GG,AA,GG,CC,GG,GA,,GG,CC,AA,CC,CC,GG,GG,GG,AA,,"+9, +9",GG,TT,CC,TT,,TA,TT,,,,,,,,,GG,CT,GG,GG,CC,GG,TT,CC,CC,TT,CC,GA,GG,AG,AG,TC,AA,AA,TT,CT,AG,GG,GA,AT,AT,GG,TT,CT,CC,CC,,,,,,AA,GG,CT,GA,AA,GG,AA,AA,CC,GG,GG,CC,TT,CC,CC,,CC,TT,GG,AA,CA,,,AA,CC,TA,CT,CC,GG,GG,CT,AA,AG,GA,,,GG,GG,AA,AA,CC,CT,,,TT,AG,GT,CC,GG,GT,GA,GG,TC,AC,AA,GG,TC,AG,AA,TT,TC,5G5G,AA,GG,CC,AA,GG,CC,GG,CC,,CT,AA,CC,CC,,,CC,AA,CC,AA,CC,CC,TC,GA,CC,CT,GA,CC,GG,AC,CC,CC,CC,TT,CT,GG,AA,CT,GG,CC,GG,CC,GG,,GG,CC,TT,CC,TT,AA,,CC,GA,AA,CC,TT,,,,,,,0.0,IR,03-1,Male,18.0,Caucasian,22.5,30.0,7.5,33.3,22.5,25.0,2.5,11.1,162.0,70.3,23.044,112.0,82.0,68.0,5.0,7.83,4.0,7.0,R,161.0,71.0,22.452,3.67,-1.13359587894946,0.20679307215175202
IR-2191,CC,DD,CT,GA,TC,GA,CG,GA,CC,CC,,,TT,AA,,CC,CC,AA,CC,TT,GG,,CC,,,,,GG,GG,GG,,,,GG,,,GG,CC,GT,GA,,GG,CC,AA,CC,CC,GG,GG,GG,AA,,"-9, +9",AA,CT,TT,CT,AC,TA,TT,,,,,,,,,GG,CC,GG,GG,CC,GG,TT,CC,TT,TC,CC,GG,GA,GG,AG,TC,AA,GA,,CC,AA,GG,GG,,TT,GG,TT,,CC,CT,,,,,,AA,GG,CT,GG,AA,GG,AA,AA,CC,GG,GG,CC,TT,CC,CC,,CG,TT,GA,AA,CC,,,GG,AA,TA,CC,AA,GC,GG,TT,GA,AG,GA,,,GG,GG,AA,GA,CG,CC,,,CT,GG,GG,CC,GG,GT,GG,GG,CC,CC,AA,GC,TT,AA,AG,TT,TC,4G5G,AA,GG,CC,AA,GG,CC,GG,CC,,CC,AG,CT,CC,,,CC,GG,TT,AA,TT,TT,TT,GG,CC,CC,GG,GG,CC,AA,TT,CC,CT,TT,CC,,,CT,GT,TC,GT,CT,GG,,GA,AC,TT,CC,GT,AG,,CT,GA,GA,TC,TT,,,,,,,,,,,,,,,,,,,,,,,,,,,,,,,,,,,,-2.2945767534072856,-0.9299218593249222
IR-2192,CA,DD,CC,GG,CC,AA,CC,GA,CG,CC,,,TT,AA,,CT,CC,AA,CC,TT,GG,,CC,,,,,GG,GG,GG,,,,GA,,,GA,CT,GG,GA,,GG,CC,AA,CC,CC,GG,GA,GG,AA,,"+9, +9",AG,CT,TC,TT,AC,TT,TT,,,,,,,,,AG,CT,CG,AG,CC,GA,TT,CC,CC,TC,CC,GG,GG,AG,AG,CC,AA,GA,,CC,AA,GG,GG,AA,AA,GG,TC,,CC,CC,,,,,,AA,GG,CC,GA,AA,GG,AT,AA,CC,GG,GG,CC,TT,CC,CC,,CG,TT,GA,AA,CA,,,,AA,TA,CT,AA,GG,GG,CT,GG,AA,GA,,,GA,GG,GG,GG,CG,CC,,,CC,GG,GG,CC,GG,GG,GG,GG,TC,AC,AA,GC,TT,AA,AG,TT,TT,4G5G,AA,GG,CC,AA,GA,CC,GG,CC,,CT,AG,CT,CC,,,CC,GG,CT,GA,CT,CT,TC,GA,CC,CT,GA,CG,CG,AA,TT,CT,CC,TT,CC,,,CT,GT,TC,GT,CT,GA,,GG,AC,GT,CC,TT,AA,,,GG,GG,TT,TT,,,,,,,,,,,,,,,,,,,,,,,,,,,,,,,,,,,,-0.8878007140879115,1.162435663603403
IR-2193,CC,DD,CC,GG,CC,AA,CC,GG,CG,CC,,,TT,AG,GT,CC,CC,TA,CT,TT,GG,CC,CT,CT,CC,CG,GG,GT,GG,GG,TC,AA,GG,GA,GG,AA,GG,CC,GT,GA,,GG,CC,AA,CC,CC,GG,GG,GG,AA,,"-9, -9",GG,CT,TC,CT,AC,TA,TC,,,,,,,,,AG,CT,GG,GG,CC,GG,TT,CC,CC,CC,CC,GA,GA,AG,AG,CC,AA,GG,AT,CT,AA,CG,,,AA,GG,TT,CT,CC,CT,,,,,,AA,,CT,GG,AA,GG,AA,AA,CC,GG,GG,CC,TT,CC,CC,,CG,TT,GA,AA,CC,,,AA,CC,TA,CC,CC,GC,GG,CT,GA,AG,GA,,,GG,GG,AG,GA,,CT,,,TT,AG,GT,CC,GG,GG,GG,GG,TC,AC,AA,CC,TT,AG,AA,TT,TT,4G5G,AA,GG,CC,AA,GG,CC,GG,CC,,CC,AA,TT,CG,,,CC,GG,TT,AA,CC,CC,TC,GA,CC,CC,GG,CG,CC,AA,TT,TT,CC,TT,CC,TT,GG,CT,GG,CC,GG,CC,GG,,GA,AC,GT,CC,TT,AA,,,GA,GG,TT,TT,,,,,,,0.0,IR,03-1,Female,20.0,Caucasian,10.0,15.0,5.0,50.0,10.0,10.0,0.0,0.0,114.0,61.0,21.538,118.0,72.0,68.0,9.0,14.67,10.33,16.0,R,121.0,61.5,22.49,8.0,-2.8721131022240005,-0.9478055871936358
IR-2194,CA,,,GA,TC,GA,,GA,,CC,,,TC,AG,,CC,CC,TA,CT,TT,GG,,CT,,,,,GT,GG,GG,,,,GA,,,GG,CC,GT,,,,CC,AA,CT,,AG,GG,GG,AA,,"+9, +9",AG,CT,TT,TT,AA,TA,,,,,,,,,,AG,CC,,AA,,GG,TT,,CT,TC,,GG,GG,,AA,TT,AA,AA,,CC,AA,,,,TT,GG,TT,,CC,CC,,,,,,,,TT,GA,AA,GG,,,,,,CC,TT,TC,CT,,,TT,GG,AA,CC,,,AG,CC,TA,CC,CA,GG,,CC,AA,AA,GA,,,GG,GG,AA,,CC,CC,,,CT,GG,GG,CT,GG,,GG,,,,,GC,TT,AG,AG,TT,CC,4G5G,,,,AA,GG,,AG,,,CT,AA,CC,CC,,,CG,GG,TT,AA,,CT,TT,GG,,,AA,GG,CC,AA,TT,CC,CC,,CC,,,CC,GT,TC,GT,CT,GA,,GA,AA,GT,CT,GT,AG,,CT,,GA,TC,TT,,,,,,,,,,,,,,,,,,,,,,,,,,,,,,,,,,,,-1.0817775280668742,1.6948810239932162
IR-2195,CA,,TT,AA,TT,GG,CC,GG,GG,CC,TT,GG,TT,AG,GT,CC,CC,TA,CT,TT,GG,CC,CT,CT,CC,CG,GG,GT,GG,GG,TC,AA,GG,GA,AG,GA,GA,CT,GT,GG,,GG,CC,AA,CC,CC,GG,GG,GG,AA,,"+9, +9",GG,TT,TT,TT,AA,AA,TC,,,,,,,,,AA,CC,GG,GG,CC,GG,TC,CG,TT,CC,CC,GG,GG,GG,GG,CC,AA,GA,AA,CT,AA,GG,GG,AA,,GG,CC,CC,CC,CC,,,,,,AA,GG,CT,GG,TA,GA,AA,AA,CC,GA,GG,CC,TT,CC,CC,,CC,TT,GA,AA,CC,,,AA,CC,AA,CC,CC,GG,GG,TT,GA,AA,AG,GG,CC,GA,GG,AG,AA,CC,CC,,,TT,GG,GG,CC,GG,GG,GG,GG,TC,AC,AA,GC,TC,AA,AA,TT,TT,5G5G,AA,GG,CC,AA,GG,CC,GG,CC,,TT,AA,CT,CC,,,CG,GA,TT,AA,CT,CT,TT,GG,CC,CC,GG,CG,CC,AA,CC,CC,CT,,CC,GG,AA,CC,GT,TC,GT,CT,GA,CC,AA,AC,GT,CC,TT,AA,CC,CT,GA,GA,TC,TT,,,,,,,0.0,IR,03-2,Female,23.0,Caucasian,10.0,22.5,12.5,125.0,17.5,17.5,0.0,0.0,182.0,64.0,31.237,122.0,80.0,58.0,8.33,22.33,7.67,23.0,R,184.0,62.0,33.65,8.67,-1.3589583831118817,1.3671705633949216
IR-2196,CA,ID,TT,AA,TT,GG,,GG,CG,CA,TT,GG,TT,AG,GT,CC,CC,TA,CT,TT,GG,CC,CT,CT,CC,CG,GG,GT,GG,GG,TC,AT,GG,GA,AG,GA,GG,CC,GT,GG,,GG,CC,AA,CC,CC,GG,GG,GG,AA,,"-9, +9",AG,CT,CC,CT,AA,TA,CC,,,,,,,,,AG,CC,CG,AG,CG,GA,TT,CC,TT,TC,CG,GA,GG,GG,GG,CC,CC,GG,AA,CC,AG,GG,GG,AA,TT,GG,TT,CC,CC,CC,,,,,,AA,GG,CT,GG,TA,GA,AA,AA,CC,GA,GG,CC,TT,CC,CC,,CC,,GG,AA,AA,,,AA,CC,TT,CC,CC,GG,GG,CT,GA,AG,AG,GC,TT,GG,GG,AG,GA,CC,CT,,,TT,AG,GG,CC,GG,GG,GG,GG,TT,AA,AA,GC,TT,AG,AA,TT,TC,4G5G,AA,GG,CC,AA,GG,CC,GG,CC,,CC,AA,CC,CC,,,CC,GA,TT,AA,TT,CT,TT,GG,CC,CC,GG,CC,CG,AC,TT,CT,CC,,CC,GT,AG,CC,GT,TC,GT,CT,GA,CC,GG,AA,GG,CC,TT,AA,CC,TT,GA,GG,TT,TT,,,,,,,0.0,IR,03-2,Male,19.0,Caucasian,32.5,45.0,12.5,38.5,30.0,35.0,5.0,16.7,164.0,66.5,26.071,116.0,72.0,76.0,7.33,15.0,7.67,11.33,R,163.0,66.5,25.912,5.5,-1.9192210762626871,-0.07988517358528106
IR-2197,CC,,CC,GG,CC,AA,CC,GG,GG,CC,TT,GG,TT,AG,GT,CC,CC,TA,CT,TT,GG,CC,CT,TT,CC,CG,GG,GT,GG,GG,TC,AT,GG,GA,AG,GG,GG,CC,GT,GA,,GG,CC,AA,CC,CC,GG,GG,GG,AA,,"-9, -9",AG,TT,TC,TT,AC,TA,TC,,,,,,,,,AA,TT,GG,GG,CC,GG,TT,CC,CC,TT,CG,GG,GG,AA,AA,TT,AC,GG,AA,CC,AG,GG,GG,AA,TT,GG,TC,CC,CC,CC,,,,,,AA,GG,CT,GG,AA,GG,AA,AA,CC,GG,GG,CC,TT,CC,CC,,CG,TT,GG,AA,CC,,,AG,AC,AA,CC,CA,GC,GG,CT,GG,AG,AG,GG,TC,GG,,AG,AA,CC,CC,,,CC,GG,GG,CC,GG,GG,GG,GA,CC,CC,,GC,TC,AG,AA,TT,TC,5G5G,AA,GG,CC,AA,GG,CC,GG,CC,,CT,AA,CT,CC,,,CC,GA,CT,GA,CC,CC,TT,GG,CC,CC,GG,CG,CC,AA,CT,TT,CC,,CC,GG,AA,CT,GT,TC,GT,CT,GA,CC,GA,AC,GT,CC,TT,AA,CC,CT,GA,GA,TC,TT,,,,,,,0.0,IR,03-2,Male,25.0,Caucasian,30.0,52.5,22.5,75.0,30.0,35.0,5.0,16.7,217.0,67.7,33.284,124.0,82.0,62.0,4.33,16.67,5.33,16.33,R,216.0,67.7,33.131,6.0,-2.694661042635365,-0.6270980366585207
IR-2198,CA,DD,CC,GG,CC,AA,CG,GA,CG,CC,TT,GG,TT,AG,,CC,CC,TT,CC,TT,GG,,CT,,,,,TT,GG,GG,,,,GG,,,GG,CC,GG,AA,,GG,CC,AA,CC,CT,GG,GG,GG,AA,,"+9, +9",AG,CT,TT,CC,AC,TT,TC,,,,,,,,,AA,CC,GG,GG,GG,GG,TC,CG,CC,TT,CG,GG,GG,GG,AA,CC,AA,GG,,TT,AA,GG,GG,AA,AA,GG,CC,,CC,CC,,,,,,AG,GG,TT,GG,TA,GG,AA,AA,CC,GA,GG,TT,TT,TT,CC,,CG,TT,GA,AA,CC,,,AA,CC,TT,CC,CC,GG,GG,CC,GA,AA,AG,GG,TC,GG,GG,AG,GG,CC,CC,,,CC,GG,GT,CC,GG,GG,GG,GG,TC,AC,AA,GC,TC,AA,AG,TT,TT,4G5G,AA,GG,CC,AA,GG,CC,GG,CT,,CC,GG,CC,CC,,,CC,GG,CC,GG,CT,CT,TC,GA,CC,CC,GA,CC,CG,AC,CT,TT,CC,,CC,,,CC,GT,CC,GT,CC,GG,CC,GG,AA,GT,CC,GT,AG,CC,CT,GG,GA,TC,TG,,,,,,,0.0,IR,03-2,Male,26.0,Other,25.0,37.5,12.5,50.0,27.5,35.0,7.5,27.3,121.0,67.8,18.505,120.0,70.0,80.0,5.67,6.67,5.33,9.0,R,123.0,67.8,18.811,4.0,3.6788394940033653,5.240751947455598
IR-2199,CC,II,TT,AA,TT,GG,CC,GA,CC,CA,TT,GG,TT,AG,,CC,CC,TA,CT,TT,GG,,CT,,,,,GT,GA,GG,,,,GG,,,GA,CT,GT,GG,,GG,CC,AA,CT,CC,AG,GG,GG,AA,,"+9, +9",AG,CT,TC,CT,AA,TA,TC,,,,,,,,,AG,CC,CG,AG,CG,GG,TT,CC,TT,TT,GG,GA,GA,GG,AG,TC,CC,GG,,,AA,CG,GG,AA,AA,TT,TT,,CC,CC,,,,,,AA,GG,CT,GG,AA,GG,AA,AA,CC,GG,GG,CC,TT,CC,CC,,CG,TT,GA,AT,CC,,,AA,CC,TA,CC,CC,GG,GG,TT,GG,AG,AG,GG,TC,GA,GG,AG,GA,CG,CC,,,CC,GG,GG,CC,GG,GT,GG,GG,TC,AC,AA,GG,TT,AG,AA,TT,TC,5G5G,AA,GG,CT,AA,GG,CC,AG,CC,,CC,AA,CC,CC,,,CC,GA,TT,GA,CT,CT,TT,GG,CC,CC,GG,GG,CC,AA,CT,TT,CT,,CT,,,CC,GG,CC,GG,CC,GG,CC,GG,AA,GT,CC,GT,AG,CC,CC,GA,AA,CC,TT,,,,,,,0.0,IR,03-2,Male,24.0,Other,17.5,32.5,15.0,85.7,22.5,25.0,2.5,11.1,135.0,72.6,18.006,110.0,76.0,76.0,3.33,4.67,4.0,4.67,R,137.0,72.6,18.273,3.67,-1.1274579889675065,-1.0821596114953065
IR-2200,CC,DD,CC,GG,CC,AA,CC,GA,CG,CC,TT,GG,TT,AG,,CC,CC,TA,CT,TT,GG,,CT,,,,,GT,GA,GG,,,,GG,,,GG,CC,TT,GG,,GG,CC,AA,CC,CC,GG,GG,GG,AA,,"-9, +9",AG,CT,TC,TT,AA,TT,TC,,,,,,,,,AG,CT,GG,GG,CC,GA,TT,CC,CC,CC,CC,GG,GG,AG,AG,TC,AA,GA,,,AA,CG,GG,AA,TT,GG,TT,,CC,CC,,,,,,AA,GG,CT,GG,AA,GG,AA,AA,CC,GG,GG,CC,TT,CC,CT,,CG,TT,GG,AA,CC,,,AG,AC,TA,CC,CA,GC,GG,TT,GA,AA,AG,GG,CC,GG,GG,AG,GA,CC,CC,,,CC,GG,GG,CC,GG,GG,GA,GA,TC,AC,AA,CC,TT,AG,AA,TT,TT,4G5G,AA,GG,CC,AA,GG,CC,GG,CC,,CC,AA,CC,CC,,,CC,GA,CC,GA,CT,CT,TC,GA,CC,CC,GG,GG,CC,AA,CT,TT,CC,,CC,,,CC,GT,TC,GT,CT,GG,CC,AA,AA,GG,CC,TT,AA,CC,CT,AA,GA,TC,TT,,,,,,,,,,,,,,,,,,,,,,,,,,,,,,,,,,,,-2.602802677792982,0.5324309700502691
IR-2201,CC,DD,CT,GA,TC,GA,CG,GA,CG,CC,TC,GG,TT,AG,GT,CC,CC,TA,CT,TT,GG,CC,CT,CT,CC,CG,GG,GT,GG,GG,TC,AT,GG,GA,AG,GA,GG,CC,TT,GG,,GG,CC,AA,CT,CC,AG,GG,GG,AA,,"+9, +9",AG,TT,TT,TT,AC,TT,TT,,,,,,,,,AG,CT,CG,GG,CC,GA,TT,CC,CT,TT,CG,GG,GA,AG,AG,,AC,GG,AA,CT,AA,CG,GA,AT,TT,GG,TC,TT,CC,CT,,,,,,AA,GG,TT,GG,AA,GG,AA,AA,CC,GG,GG,CC,TT,CC,CT,,CG,TT,GG,AT,CC,,,AG,AC,TT,CC,CA,GG,GG,CC,,AA,AG,GG,CC,GG,GG,AA,GG,CC,CT,,,CT,AG,GG,CC,GG,GT,GG,GG,CC,CC,AA,GC,TT,AA,GG,TT,CC,5G5G,AA,GG,CT,AA,GG,CC,AG,CC,,CC,AA,CT,CC,,,CC,GA,CT,GA,CT,CT,TT,GG,CC,CT,GA,CG,CG,AA,CT,CT,CC,,CC,GT,AG,CC,GG,CC,GG,CC,GG,CC,GA,AA,GT,CT,GT,AG,CC,CT,GA,GA,TC,TT,,,,,,,0.0,IR,03-2,Male,,Caucasian,32.5,42.5,10.0,30.8,35.0,35.0,0.0,0.0,208.0,68.0,31.623,168.0,88.0,87.0,6.67,16.33,10.0,15.0,R,210.0,68.0,31.927,7.17,-1.2978710540395257,0.4723681065722014
IR-2202,,,,,,,,,,,,,,,,,,,,,,,,,,,,,,,,,,,,,,,,,,,,,,,,,,,,,,,,,,,,,,,,,,,,,,,,,,,,,,,,,,,,,,,,,,,,,,,,,,,,,,,,,,,,,,,,,,,,,,,,,,,,,,,,,,,,,,,,,,,,,,,,,,,,,,,,,,,,,,,,,,,,,,,,,,,,,,,,,,,,,,,,,,,,,,,,,,,,,,,,,,,,,,,,,,,,,,,,,,,,,,,,,,0.0,IR,03-2,Male,24.0,Other,12.5,20.0,7.5,60.0,12.5,15.0,2.5,20.0,118.0,68.5,17.679,118.0,70.0,79.0,8.83,12.33,7.33,12.0,R,119.0,68.5,17.829,8.67,4.144103703791282e-17,-1.0900765763055393e-17
IR-2203,CC,DD,CC,GA,TC,GA,,,,CA,TT,GG,TC,AA,,CC,CC,AA,CC,TT,GG,,CC,,,,,GG,GG,GG,,,,GA,,,,CT,GT,GG,,,CG,AA,CC,CC,AG,GG,GG,AA,,"-9, +9",AG,TT,TC,TT,CC,TT,TT,,,,,,,,,AA,TT,CG,AG,,GA,,CC,CT,TT,CG,GA,GG,AG,AA,,,GG,,CT,AA,GG,,,,,TC,,,,,,,,,,,CT,GA,,,,AA,CC,,GG,CT,,TC,CT,,,,,,,,,,,,,CA,GG,GG,CC,GA,,,,TT,,GG,AA,AA,,CC,,,,GG,TT,TT,GT,TT,GG,,,,,GC,TT,,AG,TT,TC,4G5G,AA,,,,,,,,,CC,,CC,,,,CC,GA,,,CC,,,,CC,CT,AA,GG,CG,,,CT,CT,,CC,,,CC,TT,TT,TT,TT,,CC,GG,AC,TT,CT,GT,AG,CC,,,,TT,,,,,,,,0.0,IR,03-2,Male,30.0,Other,10.0,25.0,15.0,150.0,12.5,22.5,10.0,80.0,105.0,66.5,16.692,116.0,78.0,75.0,2.33,5.33,2.5,5.33,R,108.0,66.5,17.169,5.0,1.3776787878071468,2.002854380757493
IR-2204,,,,,,,,,,,,,,,,,,,,,,,,,,,,,,,,,,,,,,,,,,,,,,,,,,,,,,,,,,,,,,,,,,,,,,,,,,,,,,,,,,,,,,,,,,,,,,,,,,,,,,,,,,,,,,,,,,,,,,,,,,,,,,,,,,,,,,,,,,,,,,,,,,,,,,,,,,,,,,,,,,,,,,,,,,,,,,,,,,,,,,,,,,,,,,,,,,,,,,,,,,,,,,,,,,,,,,,,,,,,,,,,,,,,,,,,,,,,,,,,,,,,,,,,,,,,,,,4.144103703791282e-17,-1.0900765763055393e-17
IR-2205,,,,,,,,,,,,,,,,,,,,,,,,,,,,,,,,,,,,,,,,,,,,,,,,,,,,,,,,,,,,,,,,,,,,,,,,,,,,,,,,,,,,,,,,,,,,,,,,,,,,,,,,,,,,,,,,,,,,,,,,,,,,,,,,,,,,,,,,,,,,,,,,,,,,,,,,,,,,,,,,,,,,,,,,,,,,,,,,,,,,,,,,,,,,,,,,,,,,,,,,,,,,,,,,,,,,,,,,,,,,,,,,,,,,,,,,,,,,,,,,,,,,,,,,,,,,,,,4.144103703791282e-17,-1.0900765763055393e-17
IR-2206,CA,DD,CT,GA,TC,GA,CG,GA,CC,CA,TC,GG,TT,GG,GG,CC,CC,TT,TT,TT,GG,CC,TT,TT,CC,CC,GG,TT,GA,GG,TC,AT,GG,GA,GG,GG,AA,TT,GG,GG,,GG,CC,AA,CC,CC,GG,GG,GG,AA,,"-9, +9",AG,CT,TC,CT,AA,AA,TT,,,,,,,,,AA,CT,CG,GG,CC,GA,TT,CC,CT,CC,CG,GA,AA,AG,AG,TC,AA,AA,AT,TT,AA,GG,GG,AA,AT,GG,TT,CT,CC,CC,,,,,,AG,GG,CC,GA,AA,GG,AA,AA,CC,GG,GG,CC,TT,CC,CC,,CG,TT,AA,AA,CA,,,AA,CC,TT,CC,CC,GG,GG,CC,GG,AA,AG,GG,CC,GG,GG,AA,GG,CC,CC,,,CT,GG,GG,CC,GT,GG,GG,GG,CC,CC,AA,GG,TT,AG,AA,TT,TT,4G5G,AA,GG,CC,AA,GG,CC,GG,CC,,CC,AA,CC,CC,,,CG,GG,CT,AA,CT,CT,TT,GG,CC,CC,GG,CG,CC,AA,TT,CT,CC,,CT,GT,AG,CC,GG,CC,GG,CC,GG,CC,AA,AC,GT,CC,TT,AA,CC,TT,GG,GG,TT,TT,,,,,,,0.0,IR,03-2,Male,24.0,Caucasian,17.5,27.5,10.0,57.1,22.5,25.0,2.5,11.1,129.0,67.2,20.082,130.0,88.0,76.0,4.0,9.67,4.83,10.0,R,128.0,67.2,19.926,4.17,-1.3546095821849264,3.6567123377481043
IR-2207,CC,,,AA,TT,GG,,,,CA,,,TT,AA,,CC,CC,AA,CC,TT,GG,,CC,,,,,GG,GG,GG,,,,GA,,,,CC,TT,GG,,,CC,AA,CC,CC,GG,GA,GG,AA,,"+9, +9",AG,TT,TC,TT,AA,,TT,,,,,,,,,AA,CT,GG,AG,,GG,,,TT,CC,GG,GA,GA,AG,,,,,,CT,AA,CG,,,,,TC,,,,,,,,,,,CC,,,,,,,,,CC,,,TT,,,,,,,,,,,,,CC,GG,GC,CC,,,,,,,,,,,,,,,GG,GT,CT,,GG,,,,,,,,,,,TC,,,,,,,,,,,,,CT,,,,,GG,,,,,,,,,,,,,,CT,CT,,,,,,GG,CC,GG,CC,,,,AA,GG,CC,TT,AA,,,,,TT,,,,,,,,,,,,,,,,,,,,,,,,,,,,,,,,,,,,,0.08019542714413068,-0.8682029747877773
IR-2208,,,,,,,,,,,,,,,,,,,,,,,,,,,,,,,,,,,,,,,,,,,,,,,,,,,,,,,,,,,,,,,,,,,,,,,,,,,,,,,,,,,,,,,,,,,,,,,,,,,,,,,,,,,,,,,,,,,,,,,,,,,,,,,,,,,,,,,,,,,,,,,,,,,,,,,,,,,,,,,,,,,,,,,,,,,,,,,,,,,,,,,,,,,,,,,,,,,,,,,,,,,,,,,,,,,,,,,,,,,,,,,,,,0.0,IR,03-2,Female,34.0,Caucasian,17.5,27.5,10.0,57.1,20.0,25.0,5.0,25.0,151.0,66.5,24.004,126.0,80.0,86.0,9.33,20.33,9.33,23.67,R,157.0,66.5,24.958,10.33,4.144103703791282e-17,-1.0900765763055393e-17
IR-2209,CA,DD,,GG,CC,AA,,,,CA,,,TT,AA,TT,CC,CC,AA,CC,TT,GG,CC,CC,TT,CC,GG,GG,GG,GG,GG,CC,AT,GG,GG,AG,GA,,CT,GT,GG,,,CC,AA,CC,CC,GG,GA,GG,AA,,"-9, +9",GG,CT,TC,CT,AC,,TC,,,,,,,,,AG,CT,CG,AG,CC,GA,,,CC,TT,GG,GA,GG,AA,AA,TT,,,TT,TT,AA,GG,GG,AA,,,TT,CT,,,,,,,,AA,GG,CC,GG,AA,GG,AA,AA,CC,GG,GG,CC,,,CC,,,,,,,,,AA,CC,AA,CT,CC,GC,GG,CC,,,,,,,,,,,,,,,GG,GG,CC,,GG,GG,GA,CC,CC,AA,,,,,,TC,,,,,,,,,,,,,CT,CC,,,CC,GG,,,,,,,,,,,,,,CT,CC,,,GT,AG,,GG,CC,GG,CC,,,,CC,TT,CC,TT,AA,CC,TT,GA,GG,TT,,,,,,,,0.0,IR,04-1,Male,,Caucasian,22.5,47.5,25.0,111.1,30.0,40.0,10.0,33.3,145.0,68.0,22.045,122.0,74.0,61.0,8.0,12.33,7.0,14.33,R,140.0,67.6,21.537,6.67,-0.7403802666547972,-1.6107456000313225
IR-2210,CC,ID,,GA,TC,GA,,,,CC,,,TT,GG,GG,CC,CC,TT,TT,TT,GG,CC,TT,TT,CC,CC,GG,TT,GG,GG,TT,AA,GG,AA,GG,GG,,CT,GT,GG,,,CG,AA,CC,CC,AG,GA,GG,AA,,"-9, +9",AG,TT,TC,TT,AA,,TT,,,,,,,,,AG,CT,GG,GG,CC,GG,,,CT,TC,CG,GG,GG,AG,AG,TC,,,AA,TT,AA,CG,GG,AA,,,TT,CT,,,,,,,,AA,GG,CT,GA,TA,GA,AA,AA,CC,GA,GG,CT,,,CT,,,,,,,,,GG,AA,AA,TT,AA,GG,GG,CC,,,,,,,,,,,,,,,GG,GG,CC,,GT,GG,GG,TT,AA,AA,,,,,,TC,,,,,,,,,,,,,CC,CC,,,CC,GA,,,,,,,,,,,,,,CT,CC,,,GT,AG,,GT,TC,GT,CT,,,,AC,TT,CC,GT,AG,CT,CT,GA,GA,TC,,,,,,,,0.0,IR,04-1,Male,22.0,Caucasian,30.0,45.0,15.0,50.0,32.5,40.0,7.5,23.1,180.0,72.3,24.208,128.0,84.0,60.0,11.67,19.33,9.67,20.0,L,182.0,72.2,24.544,8.83,-0.47322658415733543,3.6225558586140574
IR-2211,CC,DD,,GG,CC,AA,,,,CC,,,TC,AG,GT,CC,TC,AA,CC,TT,GG,CC,CC,TT,CC,GG,GG,GG,GG,GG,CC,TT,GG,GG,AA,GG,,CT,GT,GG,,,CC,AA,CC,CC,GG,GG,GG,AA,,"+9, +9",GG,TT,TT,TT,AA,,TT,,,,,,,,,GG,CC,CG,AG,CC,GA,,,CC,TC,CC,GG,GA,AA,AG,TC,,,AT,CC,AA,GG,GG,AA,,,TC,TT,,,,,,,,AA,GG,CC,GG,TA,GA,AA,AA,CC,GA,GG,CT,,,CT,,,,,,,,,GG,AA,TA,CC,AA,GG,GG,TT,,,,,,,,,,,,,,,AG,GT,CC,,GG,GG,AA,CC,CC,AA,,,,,,CC,,,,,,,,,,,,,CC,CC,,,CC,,,,,,,,,,,,,,,CT,CT,,,GT,AG,,GT,TC,GT,CT,,,,AC,TT,CC,GT,AG,CC,CT,GA,GA,TT,,,,,,,,0.0,IR,04-1,Male,24.0,Caucasian,25.0,50.0,25.0,100.0,27.5,45.0,17.5,63.6,184.0,67.5,28.39,122.0,84.0,64.0,17.0,24.0,16.33,26.5,R,185.0,67.5,28.544,16.33,0.45824880088334335,-0.19358069680017384
IR-2212,CA,DD,,GG,CC,AA,,,,CC,,,TT,AA,TT,CC,TT,AA,CC,TT,GG,CC,CC,TT,CC,GG,GG,GG,GG,GG,CC,TT,GG,GG,AA,GG,,CT,GT,GG,,,CC,AA,CC,CC,GG,GG,GG,AA,,"+9, +9",GG,CT,TC,CT,AA,,TC,,,,,,,,,AG,CT,CG,AG,CC,GA,,,CC,TT,CC,GG,GA,AG,AG,TC,,,AT,CT,AA,GG,GA,AT,,,TC,CT,,,,,,,,AA,GG,CC,GA,TA,GA,AA,AA,CC,GA,GG,CC,,,CC,,,,,,,,,AG,AC,AA,TT,CA,GG,GG,CC,,,,,,,,,,,,,,,GG,GG,CC,,GT,GG,GA,TC,AC,AA,,,,,,TC,,,,,,,,,,,,,CT,CC,,,CC,GA,,,,,,,,,,,,,,TT,CC,,,GT,AG,,GT,TC,GT,CT,,,,AA,GG,CC,GT,AG,CT,TT,GG,GG,TT,,,,,,,,0.0,IR,04-1,Female,18.0,Caucasian,10.0,25.0,15.0,150.0,12.5,17.5,5.0,40.0,135.0,66.0,21.787,108.0,68.0,66.0,19.67,25.0,25.67,29.67,R,140.0,66.0,22.594,26.0,0.4897113887126531,-0.29056451794998206
IR-2213,CC,ID,,GA,TC,GA,,,,CC,,,TT,AG,GT,CC,CC,TA,CT,TT,GG,CC,CT,CT,CC,CG,GG,GT,GG,GG,TC,AT,GG,GA,AG,GA,,CC,GT,GA,,,CC,AA,CC,CC,GG,GG,GG,AA,,"-9, +9",AG,TT,TT,TT,AA,,CC,,,,,,,,,GG,TT,GG,GG,CC,AA,,,CT,TC,CC,GG,GG,AG,AG,TC,,,TT,CC,AA,GG,GG,AA,,,CC,CT,,,,,,,,AA,GG,CC,GG,AA,GG,AA,AA,CC,GG,GG,CC,,,CT,,,,,,,,,AG,AC,AA,CC,CC,GC,GG,CC,,,,,,,,,,,,,,,AG,GT,CC,,GT,GG,GG,TC,AC,AA,,,,,,TT,,,,,,,,,,,,,CT,CC,,,CC,,,,,,,,,,,,,,,CT,CC,,,GT,AG,,GT,TC,GT,CT,,,,AC,GT,CC,TT,AA,CC,CC,GG,AA,,,,,,,,,0.0,IR,04-1,Female,21.0,Caucasian,12.5,27.5,15.0,120.0,17.5,25.0,7.5,42.9,136.0,64.0,23.342,124.0,84.0,70.0,13.33,21.5,11.33,20.67,R,136.0,64.0,23.342,12.67,-2.652382183484439,1.0855473073145383
IR-2214,CC,ID,,GG,CC,AA,,,,CA,,,TT,AG,GT,CC,CC,TA,CT,TT,GG,CC,CT,TT,CC,CG,GG,GT,GA,GG,TC,AT,GG,GA,AG,GA,,CC,GT,GA,,,CC,AA,CT,CC,AG,GG,GG,AA,,"+9, +9",GG,CT,TC,CT,AC,,TC,,,,,,,,,AG,CC,GG,GG,CC,GA,,,CC,CC,CG,GA,GG,AG,AG,TC,,,AT,CT,AA,GG,GG,AA,,,TC,CT,,,,,,,,AA,GG,CC,GG,TA,GG,AA,AA,CC,GG,GG,CT,,,CT,,,,,,,,,AG,AC,TA,CT,CA,GC,GG,CC,,,,,,,,,,,,,,,AG,GG,CC,,GG,GG,GA,CC,CC,AA,,,,,,TC,,,,,,,,,,,,,CC,CC,,,CC,GA,,,,,,,,,,,,,,CC,CC,,,TT,GG,,GG,CC,GG,CC,,,,CC,TT,CC,TT,AA,TT,TT,GA,GG,TT,,,,,,,,0.0,IR,04-1,Female,20.0,Caucasian,12.5,22.5,10.0,80.0,12.5,17.5,5.0,40.0,160.0,64.0,27.461,118.0,74.0,82.0,38.0,40.0,38.0,38.67,R,162.0,64.0,27.804,30.0,-1.6562858540744436,-0.14134552542832923
IR-2215,CC,ID,,AA,TT,GG,,,,CC,,,TT,AG,GT,CC,CC,TA,CT,TT,GG,CC,CT,TT,CC,CG,GG,GT,GA,GG,CC,TT,GA,GG,AG,GG,,CC,GG,AA,,,CC,AA,CC,CC,GG,GG,GG,AA,,"-9, +9",GG,CT,TT,CT,AA,,TT,,,,,,,,,AG,CC,CG,AG,CC,GG,,,TT,TC,CC,GG,GG,AG,AG,TC,,,TT,CT,AA,GG,GA,AT,,,TT,CT,,,,,,,,AA,GG,CC,AA,AA,GG,AA,AA,CC,GG,GG,CT,,,CC,,,,,,,,,AG,AC,TT,CC,CA,GG,GG,CC,,,,,,,,,,,,,,,AG,GT,CT,,GG,GG,GA,TC,AC,AG,,,,,,TT,,,,,,,,,,,,,CT,CC,,,CC,AA,,,,,,,,,,,,,,CC,CT,,,GT,AG,,GT,CC,GT,CC,,,,AA,GT,CC,GT,AG,CT,CT,GG,GA,TC,,,,,,,,0.0,IR,04-1,Female,18.0,Caucasian,15.0,25.0,10.0,66.7,15.0,25.0,10.0,66.7,137.0,70.5,19.377,110.0,74.0,91.0,8.67,15.33,7.67,15.0,R,135.0,70.5,19.095,8.5,-1.988682901023998,1.384871000051055
IR-2216,CA,ID,,GA,TC,GA,,,,CC,,,TT,AG,TT,CC,TT,TA,CC,GT,AG,CT,CC,TT,CC,CG,GG,GG,GG,AA,CC,AT,GG,GG,AG,GA,,CC,TT,GG,,,CC,AA,CT,CC,AG,GG,GG,AA,,"-9, +9",GG,TT,TT,TT,AA,,TT,,,,,,,,,GG,CC,CG,AG,CC,GG,,,CT,TC,CC,GG,GA,AG,AA,TC,,,TT,CT,AA,CG,GG,AA,,,TC,CT,,,,,,,,AA,GG,CC,GG,AA,GG,AA,AA,CC,GG,GG,CC,,,CT,,,,,,,,,AG,AC,TA,CT,CA,GG,GG,TT,,,,,,,,,,,,,,,GG,GG,CC,,GG,GG,GG,TT,AA,AA,,,,,,CC,,,,,,,,,,,,,CC,CC,,,CG,GA,,,,,,,,,,,,,,CT,CT,,,GT,AG,,GT,TC,GT,CT,,,,AC,GT,CC,TT,AA,CC,CT,GA,GA,TC,,,,,,,,0.0,IR,04-1,Male,22.0,Caucasian,32.5,50.0,17.5,53.8,35.0,40.0,5.0,14.3,175.0,68.4,26.295,124.0,84.0,84.0,10.0,13.67,9.67,17.0,R,172.0,67.7,26.382,6.33,0.4228093788715134,-2.8276384489253323
IR-2217,CC,ID,,GG,CC,AA,,,,CA,,,TT,AA,TT,CC,CC,AA,CC,TT,GG,CC,CC,TT,CC,GG,GG,GG,GG,GG,CC,TT,GG,GG,AA,GG,,CT,GT,GG,,,CC,AA,CC,CC,GG,AA,GG,AA,,"-9, -9",AG,CT,TT,CC,AA,,TT,,,,,,,,,AA,CT,GG,GG,CC,GA,,,CC,CC,CC,GG,GG,GG,GG,CC,,,TT,CT,AA,CG,GG,AA,,,TC,CC,,,,,,,,AA,GG,CT,GG,TA,GG,AA,AA,CC,GG,GG,CT,,,CC,,,,,,,,,GG,AA,TT,CC,AA,GG,GG,CC,,,,,,,,,,,,,,,GG,GG,CC,,GT,GG,GG,TC,AC,AG,,,,,,TT,,,,,,,,,,,,,CC,CC,,,CG,GA,,,,,,,,,,,,,,TT,CC,,,GG,AA,,GG,CC,GG,CC,,,,AC,GT,CC,TT,AA,CC,TT,GA,GG,TT,,,,,,,,0.0,IR,04-1,Male,20.0,Caucasian,22.5,35.0,12.5,55.6,22.5,27.5,5.0,22.2,131.0,70.0,18.794,124.0,88.0,66.0,6.67,12.67,5.67,11.33,R,130.0,70.4,18.44,10.67,-0.19026319618272047,-0.7064290106838943
IR-2218,CC,II,,GA,TC,GA,,,,CC,,,TT,AG,,CC,TT,TA,CC,GT,AG,,CC,,,,,GG,GG,AA,,,,GG,,,,CC,GT,GA,,,CC,AA,CC,CC,GG,GA,GG,AA,,"-9, +9",GG,CC,TC,CC,AA,,TC,,,,,,,,,AG,TT,CG,AG,CC,GG,,,CT,TC,CC,GG,GA,GG,AG,CC,,,,TT,AA,GG,GA,AT,,,TC,,,,,,,,,AA,GG,TT,GG,TA,GG,AA,AA,CC,GA,GG,CC,,,CC,,,,,,,,,AG,AC,TT,CC,CA,GG,GG,CC,,,,,,,,,,,,,,,GG,GG,CC,,TT,GG,GG,CC,CC,AA,,,,,,CC,,,,,,,,,,,,,CC,CC,,,CC,GA,,,,,,,,,,,,,,CT,CC,,,,,,TT,TT,TT,TT,,,,AC,GT,CC,TT,AA,CC,TT,AA,GG,TT,,,,,,,,,,,,,,,,,,,,,,,,,,,,,,,,,,,,,1.7695678562954071,-0.965416509832598
IR-2219,CC,ID,,GG,CC,AA,,,,CC,,,TC,GG,GG,CC,CC,TT,TT,TT,GG,CC,TT,TT,CC,CC,GG,TT,AA,GG,CC,TT,GG,GG,GG,GG,,CC,GG,AA,,,CC,AA,CT,CC,GG,GA,GG,AA,,"-9, +9",AG,CT,TC,CT,AA,,TC,,,,,,,,,AG,CC,CC,AG,CC,GA,,,CC,TC,CC,GG,GA,AG,AG,TC,,,AT,CC,AA,GG,GG,AA,,,TT,CC,,,,,,,,AA,GG,CC,GG,AA,GG,,AA,CC,GG,GG,CC,,,CC,,,,,,,,,AG,AC,TT,CC,CA,GC,GG,CT,,,,,,,,,,,,,,,GG,GG,CT,,GT,GG,GG,TC,AC,AA,,,,,,TC,,,,,,,,,,,,,CT,CC,,,CC,GG,,,,,,,,,,,,,,CT,CC,,,GT,AG,,GT,TC,GT,CT,,,,AC,TT,CC,TT,AA,CT,TT,GG,GG,TT,,,,,,,,0.0,IR,04-1,Male,20.0,Caucasian,27.5,47.5,20.0,72.7,25.0,40.0,15.0,60.0,151.0,68.4,22.689,118.0,74.0,68.0,6.67,12.83,6.0,13.0,R,160.0,68.5,23.971,7.83,-2.4822821759047704,2.103033961396846
IR-2220,CC,DD,,GA,TC,GA,,,,CA,,,TT,AA,TT,CC,TC,AA,CC,TT,GG,CC,CC,TT,CC,GG,GG,GG,GG,GG,CC,TT,GG,GG,AA,GG,,CC,TT,GG,,,CC,AA,CC,CC,GG,GA,GG,AA,,"-9, -9",AG,CT,TT,CC,AA,,TC,,,,,,,,,AA,TT,GG,GG,CG,GG,,,CT,TC,CC,GA,GA,AG,AG,TC,,,TT,CC,AA,GG,GG,AA,,,TC,CC,,,,,,,,AA,GG,CT,GG,AA,GG,AA,AA,CC,GG,GG,CC,,,CT,,,,,,,,,AA,CC,AA,CT,CC,GG,GG,CC,,,,,,,,,,,,,,,GG,GG,CC,,GT,GG,GA,TC,AC,AA,,,,,,TT,,,,,,,,,,,,,CC,CC,,,CC,GG,,,,,,,,,,,,,,CC,CC,,,GT,AG,,TT,TT,TT,TT,,,,AA,GG,CC,TT,AA,CC,TT,GG,GG,TT,,,,,,,,0.0,IR,04-1,Female,19.0,Caucasian,12.5,30.0,17.5,140.0,12.5,27.5,15.0,120.0,122.0,65.4,20.052,116.0,80.0,61.0,8.5,15.33,7.67,14.17,R,118.0,65.5,19.335,5.67,-1.3772489885516979,0.6276097626199022
IR-2221,CA,ID,,GA,TC,GA,,,,CA,,,TT,AG,GT,CC,TC,TA,CT,TT,GG,CC,CT,TT,CC,CG,GG,GT,GG,GG,CC,TT,GG,GG,AA,GG,,CC,TT,GG,,,CC,AA,CC,CC,GG,GA,GG,AA,,"+9, +9",AG,CC,TC,CC,AA,,TT,,,,,,,,,AA,TT,GG,GG,CC,GA,,,CT,TC,CC,GA,GA,AG,AG,TC,,,TT,CC,AA,GG,GG,AA,,,TT,CT,,,,,,,,AA,GG,CT,GG,TA,GG,AA,AA,CC,GG,GG,CC,,,CT,,,,,,,,,GG,AA,TA,CC,AA,GG,GC,TT,,,,,,,,,,,,,,,GG,GG,CC,,GG,GG,GG,,AC,AA,,,,,,TC,,,,,,,,,,,,,CC,CC,,,CC,GA,,,,,,,,,,,,,,CT,CC,,,GG,AA,,GT,TC,GT,CT,,,,AA,GG,CC,TT,AA,CT,CT,GA,GA,TC,,,,,,,,0.0,IR,04-1,Male,22.0,Caucasian,27.5,50.0,22.5,81.8,32.5,40.0,7.5,23.1,167.0,70.0,23.959,120.0,82.0,71.0,6.0,13.33,6.0,14.0,R,168.0,70.5,23.762,5.17,-1.442856686173856,0.8811035336683782
IR-2222,CC,ID,,GG,CC,AA,,,,CC,,,TT,AG,GT,CC,CC,TA,CT,TT,GG,CC,CT,TT,CC,CG,GG,GT,GA,GG,TC,AT,GG,GA,GG,GA,,CC,GT,GA,,,CC,AA,CT,CC,AG,GG,GG,AA,,"-9, +9",GG,CT,TT,CC,AA,,TT,,,,,,,,,GG,CC,GG,GG,CC,GG,,,CC,TT,CG,GG,GA,AG,AG,TC,,,,TT,AA,GG,GA,AT,,,TT,CT,,,,,,,,AA,GG,CT,GA,AA,GG,AA,AA,CC,GG,GG,CC,,,CT,,,,,,,,,AG,AC,TA,CT,CA,GG,GG,CC,,,,,,,,,,,,,,,GG,GG,CC,,GT,GA,GG,TT,AA,AA,,,,,,TT,,,,,,,,,,,,,CT,CC,,,CC,AA,,,,,,,,,,,,,,CT,CC,,,GT,AG,,GT,CC,GT,CC,,,,AA,GT,CC,GT,AG,CT,CT,GG,GA,TC,,,,,,,,0.0,IR,04-1,Male,18.0,Caucasian,32.5,60.0,27.5,84.6,32.5,55.0,22.5,69.2,185.0,71.2,25.655,122.0,78.0,90.0,7.33,13.33,7.33,14.17,R,189.0,71.0,26.357,6.33,-1.6868052580623272,1.089732258332567
IR-2223,CA,ID,,GG,CC,AA,,,,CC,,,TT,AA,TT,CC,CC,AA,CC,TT,GG,CC,CC,TT,CC,GG,GG,GG,GG,GG,CC,TT,GG,GG,AA,GG,,TT,GG,GG,,,CC,AA,CC,CC,GG,AA,GG,AA,,"-9, +9",AA,CT,TT,CT,AC,,CC,,,,,,,,,AA,CT,CG,AG,CC,GG,,,CC,TC,CG,GG,GG,GG,GG,CC,,,AT,TT,AA,GG,AA,TT,,,TT,CC,,,,,,,,AA,GG,CT,GG,AA,GG,AA,AA,CC,GG,GG,CC,,,CC,,,,,,,,,AG,AC,AA,CT,CA,CC,GG,CT,,,,,,,,,,,,,,,AG,GG,CC,,GT,GA,GG,TC,AC,AA,,,,,,CC,,,,,,,,,,,,,CC,CC,,,CC,GA,,,,,,,,,,,,,,CT,CT,,,GT,AG,,GG,CC,GG,CC,,,,AA,GG,CC,TT,AA,CT,CT,AA,GA,TC,,,,,,,,0.0,IR,04-1,Female,19.0,Caucasian,12.5,20.0,7.5,60.0,12.5,20.0,7.5,60.0,133.0,67.0,20.828,122.0,80.0,78.0,11.5,20.33,13.67,20.67,R,132.0,66.5,20.984,19.5,-1.1385248432327155,-0.5885846483357058
IR-2224,CA,II,,AA,TT,GG,,,,CA,,,TT,AG,,CC,CC,TA,CT,TT,GG,,CT,,,,,GT,GG,GG,,,,GA,,,,CC,GT,GA,,,CC,AA,CT,CC,AG,GG,GG,AA,,"-9, +9",GG,CT,CC,CT,AA,,TC,,,,,,,,,AA,TT,CG,AG,CC,GG,,,TT,TT,CG,GA,GG,AG,AG,TC,,,,CT,AA,GG,GG,AA,,,TC,,,,,,,,,AA,GG,CC,GG,AA,GG,AA,AA,CC,GG,GG,CT,,,CC,,,,,,,,,AG,AC,AA,CT,CA,GG,GG,CT,,,,,,,,,,,,,,,AG,GG,CC,,GG,GG,GG,TT,AA,AA,,,,,,TT,,,,,,,,,,,,,CC,CG,,,CC,GG,,,,,,,,,,,,,,CT,CC,,,,,,GT,TC,GT,CT,,,,AC,GT,CC,TT,AA,CT,CC,GA,AA,TC,,,,,,,,,,,,,,,,,,,,,,,,,,,,,,,,,,,,,-2.133733932810508,0.154211688330663
IR-2225,CA,ID,,GA,TC,GA,,,,CA,,,TT,AA,TT,CC,CC,AA,CC,TT,GG,CC,CC,TT,CC,GG,GG,GG,GG,GG,CC,TT,GG,GG,AA,GG,,CT,GG,GA,,,CC,AA,CC,CC,GG,GA,GG,AA,,"-9, -9",AA,TT,TC,TT,AA,,TT,,,,,,,,,GG,CT,CG,GG,CG,GG,,,CT,CC,CG,GA,GG,AA,AG,CC,,,AT,CC,AA,CG,GG,AA,,,TT,CT,,,,,,,,AA,GG,CC,GG,AA,GG,AA,AA,CC,GG,GG,CT,,,CC,,,,,,,,,AG,AC,TA,CC,CA,CC,GG,TT,,,,,,,,,,,,,,,GG,GG,CC,,TT,GG,GA,CC,CC,AA,,,,,,TC,,,,,,,,,,,,,CC,CC,,,CC,AA,,,,,,,,,,,,,,TT,CC,,,GG,AA,,TT,TT,TT,TT,,,,AA,TT,CC,GT,AG,TT,TT,GA,GG,TT,,,,,,,,0.0,IR,04-1,Female,18.0,Caucasian,12.5,22.5,10.0,80.0,15.0,17.5,2.5,16.7,157.0,66.2,25.185,122.0,76.0,72.0,20.33,28.0,18.33,25.67,L,155.0,66.2,24.864,14.67,-1.7771748269492678,0.6252546172403357
IR-2226,CA,ID,,AA,TT,GG,,,,CC,,,TT,AA,TT,CC,CC,AA,CC,TT,GG,CC,CC,TT,CC,GG,GG,GG,GG,GG,CC,TT,GG,GG,AA,GG,,CT,GG,GA,,,CC,AA,CC,CC,GG,GG,GG,AA,,"-9, +9",AA,TT,TC,TT,AA,,TT,,,,,,,,,AG,CC,CG,AG,CC,GG,,,TT,TT,CC,GG,GA,AA,AA,TT,,,AT,CT,AA,GG,GG,AA,,,TC,CC,,,,,,,,AA,GG,CC,GG,AA,GG,AA,AA,CC,GG,GG,CC,,,CC,,,,,,,,,AA,CC,TT,CC,CC,CC,GG,CC,,,,,,,,,,,,,,,GG,GG,CT,,GG,GA,GG,TT,AA,AA,,,,,,CC,,,,,,,,,,,,,CT,CC,,,CC,GA,,,,,,,,,,,,,,TT,CC,,,GT,AG,,GG,CC,GG,CC,,,,AC,GT,CC,TT,AA,CT,TT,GA,GG,TT,,,,,,,,0.0,IR,04-1,Female,29.0,Caucasian,17.5,25.0,7.5,42.9,17.5,25.0,7.5,42.9,120.0,63.4,20.987,120.0,82.0,60.0,9.0,21.17,8.33,19.33,R,120.0,63.6,20.856,8.33,-0.9421810738815245,-1.0791590519718266
IR-2227,CC,ID,,GA,TC,GA,,,,CA,,,TT,GG,GG,CC,TC,TT,TT,TT,GG,CC,TT,CC,CC,CC,GG,TT,GG,GG,TT,AA,GG,AA,GG,AA,,CT,GG,GG,,,CC,AA,CC,CC,GG,GG,GG,AA,,"+9, +9",AG,TT,TC,CT,AC,,TT,,,,,,,,,AG,CT,GG,GG,GG,GG,,,CT,TT,CG,GA,GG,AA,AG,TC,,,AT,CT,AA,GG,GA,AT,,,TC,CT,,,,,,,,AA,GG,CT,GG,AA,GG,AA,AA,CC,GG,GG,CT,,,CT,,,,,,,,,AA,AC,TT,CC,CC,GG,GG,CT,,,,,,,,,,,,,,,GG,GG,CC,,GT,GG,GG,TT,AA,AA,,,,,,TC,,,,,,,,,,,,,CT,CC,,,CG,GG,,,,,,,,,,,,,,CC,TT,,,TT,GG,,GG,CC,GG,CC,,,,AC,GT,CC,TT,AA,CT,CC,GA,AA,TC,,,,,,,,0.0,IR,04-1,Male,19.0,Caucasian,22.5,47.5,25.0,111.1,22.5,37.5,15.0,66.7,149.0,72.2,20.094,118.0,80.0,60.0,5.5,8.67,3.5,9.0,R,154.0,72.7,20.484,5.33,-0.9732453261116396,2.4254871581465145
IR-2228,CC,II,,GA,TC,GA,,,,CC,,,TT,AA,TT,CC,CC,AA,CC,TT,GG,CC,CC,TT,CC,GG,GG,GG,GG,GG,CC,TT,GG,GG,AG,GG,,CT,GT,GG,,,CC,AA,CT,CC,AG,GG,GG,AA,,"-9, -9",AG,TT,CC,TT,AA,,TT,,,,,,,,,AA,TT,CG,GG,CC,GG,,,CT,TC,CC,GG,GA,AA,AA,TT,,,AT,CT,AA,GG,GA,AT,,,TT,CC,,,,,,,,AA,GG,CC,GG,TA,GG,AA,AT,CC,GG,GG,CC,,,TT,,,,,,,,,AG,AA,TA,CC,CA,GG,GG,CT,,,,,,,,,,,,,,,GG,GG,CT,,GG,GG,GG,TC,CC,AA,,,,,,CC,,,,,,,,,,,,,CC,CC,,,CC,GA,,,,,,,,,,,,,,CT,CT,,,GT,AG,,TT,TT,TT,TT,,,,AC,GT,CC,TT,AA,CC,,GG,GG,TT,,,,,,,,0.0,IR,04-1,Male,20.0,Caucasian,32.5,52.5,20.0,61.5,32.5,50.0,17.5,53.8,141.0,68.3,21.249,120.0,78.0,62.0,6.0,15.0,5.17,14.33,R,142.0,68.1,21.525,4.33,-0.9122349892648531,1.570740518168236
IR-2229,CC,ID,,GA,TC,GA,,,,CC,,,TT,AA,TT,CC,TC,AA,CC,TT,GG,CC,CC,TT,CC,GG,GG,GG,GG,GG,CC,AT,GG,GG,AG,GA,,CC,GT,GA,,,CC,AA,CC,CC,GG,AA,GG,AA,,"-9, +9",AG,CT,TT,CT,AA,,TT,,,,,,,,,AG,CC,GG,AG,CG,GA,,,CT,CC,CG,GG,GG,AA,AA,TT,,,AT,CT,AA,CG,GG,AA,,,TT,CT,,,,,,,,AA,GG,CC,GG,AA,GG,AT,AA,CC,GG,GG,CC,,,CC,,,,,,,,,AA,CC,TA,CT,CC,GG,GG,CT,,,,,,,,,,,,,,,GG,GG,CC,,GG,GG,GG,TT,AA,AG,,,,,,CC,,,,,,,,,,,,,CC,CC,,,CC,GA,,,,,,,,,,,,,,TT,CC,,,GG,AA,,GT,TC,GT,CT,,,,AC,TT,CC,TT,AA,CT,TT,GA,GG,TT,,,,,,,,0.0,IR,04-1,Male,20.0,Caucasian,27.5,47.5,20.0,72.7,27.5,45.0,17.5,63.6,188.0,77.1,22.233,116.0,76.0,58.0,8.0,10.67,6.67,11.83,R,187.0,77.4,21.944,5.33,-1.1022458733457636,-0.3933973090649705
IR-2230,CC,ID,,GA,TC,GA,,,,CA,,,TT,GG,GG,CC,CC,TT,TT,TT,GG,CC,TT,TT,CC,CC,GG,TT,AA,GG,CC,TT,GG,GG,GG,GG,,CC,GT,GA,,,CC,AA,CC,CC,GG,GG,GG,AA,,"-9, +9",AA,TT,TT,TT,AA,,TC,,,,,,,,,GG,CC,CG,AG,CC,GG,,,CT,CC,CC,GA,GG,AG,AG,TC,,,AT,CT,AA,GG,GA,AT,,,TT,CC,,,,,,,,AA,GG,CC,GG,AA,GG,AA,AA,CC,GG,GG,CC,,,CC,,,,,,,,,GG,AA,TA,CC,AA,GC,GG,TT,,,,,,,,,,,,,,,GG,GG,CC,,GG,GA,GA,TC,AC,AA,,,,,,CC,,,,,,,,,,,,,CC,CC,,,CC,GG,,,,,,,,,,,,,,TT,TT,,,GG,AA,,GG,CC,GG,CC,,,,AA,GG,CC,TT,AA,CT,CT,GG,GA,TC,,,,,,,,0.0,IR,04-1,Female,21.0,Caucasian,12.5,27.5,15.0,120.0,17.5,27.5,10.0,57.1,134.0,67.5,20.675,118.0,80.0,74.0,13.0,20.0,11.0,18.67,R,140.0,67.6,21.537,15.83,-2.3945561917448908,2.767297534225797
IR-2231,CA,ID,,AA,TT,GG,,,,CC,,,TT,AA,TT,CC,CC,AA,CC,TT,GG,CC,CC,TT,CC,GG,GG,GG,GG,GG,CC,TT,GG,GG,AG,GG,,CC,TT,GG,,,CC,AA,CC,CC,GG,GG,GG,AA,,"-9, -9",GG,TT,CC,TT,AA,,TC,,,,,,,,,AA,CT,CC,AA,CC,GG,,,TT,TC,CC,GG,GG,GG,AG,CC,,,AT,CC,AG,CG,GG,AA,,,TC,CC,,,,,,,,AA,GG,CT,GA,TA,GG,AA,AA,CC,,,CT,,,CC,,,,,,,,,AG,AA,TT,CC,CA,GG,GG,CC,,,,,,,,,,,,,,,GG,GG,CC,,GT,GG,,,CC,AA,,,,,,TT,,,,,,,,,,,,,,CC,,,CC,GA,,,,,,,,,,,,,,TT,CT,,,GT,AG,,GG,CC,GG,CC,,,,AC,GT,CC,TT,AA,CT,CT,GA,GA,TC,,,,,,,,0.0,IR,04-1,Female,22.0,Caucasian,15.0,25.0,10.0,66.7,12.5,17.5,5.0,40.0,123.0,66.0,19.851,124.0,84.0,74.0,13.33,21.0,11.67,22.67,L,123.0,65.8,19.971,14.33,-0.6639600545833572,-0.6051925064652877
IR-2232,CC,DD,,GG,,AA,,,,,,,TT,AA,,CC,,AA,CC,TT,GG,,CC,,,,,GG,GG,GG,,,,GA,,,,CT,GT,GG,,,CC,AA,CC,CC,GG,GG,GG,AA,,"-9, +9",AG,TT,TT,TT,AA,,TC,,,,,,,,,AG,CT,CC,AG,CC,GA,,,CC,TC,CC,AA,GA,GG,AA,TC,,,,CC,AA,GG,GG,AA,,,TT,,,,,,,,,AA,GG,CT,GG,AA,GG,AA,AA,CC,GG,GG,CT,,,CT,,,,,,,,,AA,AC,TA,CT,CC,GG,GG,CT,,,,,,,,,,,,,,,GG,GG,CC,,GT,AA,GG,TT,AA,AA,,,,,,TC,,,,,,,,,,,,,CT,CC,,,CC,GA,,,,,,,,,,,,,,TT,CT,,,,,,GG,CC,GG,CC,,,,AC,GT,CC,TT,AA,CT,CT,GA,,TC,,,,,,,,,,,,,,,,,,,,,,,,,,,,,,,,,,,,,-1.0473385616395026,-1.42527884814477
IR-2233,CC,,,GA,TC,GA,,,,CC,,,TT,AA,TT,CT,CC,TA,CC,TT,GG,CT,CC,TT,CC,CG,GA,GG,GG,GA,CC,AT,GA,GG,AG,GG,,CT,GT,GG,,,CC,AA,CC,CC,GG,GG,GG,AA,,"+9, +9",AG,CT,TC,CT,AA,,TC,,,,,,,,,GG,CC,CG,AG,,GG,,,CT,TC,CC,GG,GG,AG,,,,,AT,CC,AA,CG,,,,,CC,CC,,,,,,,,,,CT,,,,,,,,,CT,,,CT,,,,,,,,,AG,CC,TA,CC,CA,GC,GG,CT,,,,,,,,,,,,,,,GG,GT,CT,,GG,,,,,,,,,,,TC,,,,,,,,,,,,,CC,CG,,,CC,GG,,,,,,,,,,,,,,CC,,,,GT,AG,,GT,TC,GG,CC,,,,AC,GT,CC,TT,AA,,,,,TC,,,,,,,,0.0,IR,04-2,Male,26.0,Caucasian,42.5,55.0,12.5,29.4,42.5,47.5,5.0,11.8,191.0,71.0,26.636,128.0,84.0,49.0,5.17,8.83,5.5,9.0,R,184.0,71.0,25.66,7.0,0.17526169006661485,-0.19431559266700116
IR-2234,,,,,,,,,,,,,,,,,,,,,,,,,,,,,,,,,,,,,,,,,,,,,,,,,,,,,,,,,,,,,,,,,,,,,,,,,,,,,,,,,,,,,,,,,,,,,,,,,,,,,,,,,,,,,,,,,,,,,,,,,,,,,,,,,,,,,,,,,,,,,,,,,,,,,,,,,,,,,,,,,,,,,,,,,,,,,,,,,,,,,,,,,,,,,,,,,,,,,,,,,,,,,,,,,,,,,,,,,,,,,,,,,,,,,,,,,,,,,,,,,,,,,,,,,,,,,,,4.144103703791282e-17,-1.0900765763055393e-17
IR-2235,CC,,,GA,TC,GA,,,,CA,,,TT,AG,GT,CC,TC,TA,CC,GT,AG,CT,CC,TT,CG,CG,GG,GG,GG,GA,CC,AT,GG,GA,AG,GA,,CC,GT,GA,,,CC,AA,CC,CC,GG,GA,GG,AA,,"-9, +9",AG,CT,TT,CT,AC,,TT,,,,,,,,,GG,CC,GG,GG,,GA,,,CT,TC,CG,AA,GA,AG,,,,,AT,CC,AA,GG,,,,,TC,CT,,,,,,,,,,TT,,,,,,,,,CT,,,CC,,,,,,,,,AG,AC,AA,CC,CA,GG,GG,TT,,,,,,,,,,,,,,,GG,GG,CC,,GT,,,,,,,,,,,TC,,,,,,,,,,,,,CT,CC,,,CC,GA,,,,,,,,,,,,,,CT,,,,GG,AA,,GG,CC,GG,CC,,,,AC,GT,CC,TT,AA,,,,,TT,,,,,,,,0.0,IR,04-2,Male,18.0,Caucasian,27.5,35.0,7.5,27.3,27.5,30.0,2.5,9.1,126.0,69.2,18.498,120.0,80.0,52.0,4.67,8.83,4.5,10.17,R,124.0,69.2,18.204,4.67,2.383102845153171,-3.2679746802963945
IR-2236,CC,,,GA,TC,GA,,,,CC,,,TT,AA,,CC,CC,AA,CC,TT,GG,,CC,,,,,GG,GG,GG,,,,GG,,,,CC,TT,GG,,,CC,AA,CC,CC,GG,GG,,AA,,"+9, +9",GG,TT,TT,CT,CC,,CC,,,,,,,,,AG,TT,GG,GG,,GA,,,CT,TC,CG,GG,GG,AG,,,,,,CT,AA,CG,,,,,TT,,,,,,,,,,,CC,,,,,,,,,CC,,,CC,,,,,,,,,AG,AC,TT,CC,CA,GG,GG,TT,,,,,,,,,,,,,,,GG,GG,CC,,GT,,,,,,,,,,,TC,,,,,,,,,,,,,CT,CG,,,CC,GG,,,,,,,,,,,,,,TT,,,,,,,GG,CC,GG,CC,,,,AA,GG,CC,TT,AA,,,,,TC,,,,,,,,,,,,,,,,,,,,,,,,,,,,,,,,,,,,,-0.9366854492833443,-0.901860286096828
IR-2237,CC,,,GG,CC,AA,,,,CA,,,TT,GG,GG,CC,TC,TT,CT,GT,AG,CT,CT,CT,CG,CC,GG,GT,GG,GA,TT,AA,GG,AA,GG,AA,,TT,GG,GG,,,CC,AA,CC,CT,GG,GG,GG,AA,,"-9, -9",AG,CT,TC,CT,AA,,TT,,,,,,,,,AA,TT,CG,GG,,GA,,,CC,TC,CG,GA,GA,AA,,,,,TT,CT,AA,GG,,,,,TC,CC,,,,,,,,,,CT,,,,,,,,,CT,,,CT,,,,,,,,,AA,CC,AA,TT,CC,GC,GG,CT,,,,,,,,,,,,,,,AG,GG,CC,,GT,,,,,,,,,,,TT,,,,,,,,,,,,,CT,CC,,,CC,GA,,,,,,,,,,,,,,CC,,,,GT,AG,,GG,CC,GG,CC,,,,AA,GT,CC,TT,AA,,,,,TT,,,,,,,,0.0,IR,04-2,Male,19.0,Caucasian,35.0,47.5,12.5,35.7,35.0,42.5,7.5,21.4,173.0,72.1,23.395,118.0,82.0,67.0,5.83,10.83,5.83,13.67,R,192.0,72.1,25.965,14.33,2.963736709065553,-0.2122079265890049
IR-2238,CA,,,GG,CC,AA,,,,CA,,,TT,AA,TT,CC,CC,AA,CC,TT,GG,CC,CC,TT,CG,GG,GG,GG,GG,GG,CC,TT,GA,GG,AA,GG,,CC,GT,GA,,,CC,AA,CT,CC,AG,GG,GG,AA,,"-9, +9",AG,CT,TT,CT,CC,,TT,,,,,,,,,AG,CT,CG,GG,,GA,,,CC,CC,CG,GA,GG,AA,,,,,TT,CC,AG,,,,,,TT,CT,,,,,,,,,,CT,,,,,,,,,CC,,,TT,,,,,,,,,GG,AA,AA,CC,CA,GG,GG,CC,,,,,,,,,,,,,,,GG,GG,CC,,GT,,,,,,,,,,,,,,,,,,,,,,,,CT,CC,,,CG,GA,,,,,,,,,,,,,,CT,,,,TT,GG,,GT,TC,GT,CT,,,,AC,GT,CC,TT,AA,,,,,TC,,,,,,,,0.0,IR,04-2,Female,22.0,Caucasian,15.0,25.0,10.0,66.7,15.0,17.5,2.5,16.7,143.0,66.3,22.87,122.0,70.0,75.0,14.83,16.67,14.67,17.33,R,149.0,66.3,23.829,23.0,-0.18974559921354603,-1.3189220876060317
IR-2239,,,,,,,,,,,,,,,,,,,,,,,,,,,,,,,,,,,,,,,,,,,,,,,,,,,,,,,,,,,,,,,,,,,,,,,,,,,,,,,,,,,,,,,,,,,,,,,,,,,,,,,,,,,,,,,,,,,,,,,,,,,,,,,,,,,,,,,,,,,,,,,,,,,,,,,,,,,,,,,,,,,,,,,,,,,,,,,,,,,,,,,,,,,,,,,,,,,,,,,,,,,,,,,,,,,,,,,,,,,,,,,,,,,,,,,,,,,,,,,,,,,,,,,,,,,,,,,4.144103703791282e-17,-1.0900765763055393e-17
IR-2240,,,,,,,,,,,,,TT,AA,,CC,CC,AA,CC,TT,GG,,CC,,,,,GG,GG,GG,,,,GG,,,,,,,,,,,,,,,,,,,,,,,,,,,,,,,,,,,,,,,,,,,,,,,,,,,,,,,,,,,,,,,,,,,,,,,,,,,,,,,,,,,,,,,,,,,,,,,,,,,,,,,,,,,,,,,,,,,,,,,,,,,,,,,,,,,,,,,,,,,,,,,,,,,,,,,,,,,,,,,,,,,,,,,,,,,,,,,,,,,,,,,,,,,,,,,,0.0,IR,04-2,Female,22.0,Hispanic,15.0,22.5,7.5,50.0,15.0,15.0,0.0,0.0,120.0,63.0,21.255,108.0,68.0,,21.67,21.0,19.33,27.0,R,125.0,63.0,22.14,20.67,-0.3544004233263259,-0.2048259656667802
IR-2241,,,,,,,,,,,,,TT,AG,GT,CC,CC,TA,CT,TT,GG,CC,CT,TT,CC,CG,GG,GT,GA,GG,CC,TT,GG,GG,AG,GG,,,,,,,,,,,,,,,,,,,,,,,,,,,,,,,,,,,,,,,,,,,,,,,,,,,,,,,,,,,,,,,,,,,,,,,,,,,,,,,,,,,,,,,,,,,,,,,,,,,,,,,,,,,,,,,,,,,,,,,,,,,,,,,,,,,,,,,,,,,,,,,,,,,,,,,,,,,,,,,,,,,,,,,,,,,,,,,,,,,,,,,,,,,,,,0.0,IR,04-2,Male,33.0,Caucasian,27.5,32.5,5.0,18.2,25.0,32.5,7.5,30.0,138.0,70.5,19.519,126.0,84.0,,5.67,8.67,6.0,10.0,L,141.1,70.5,19.957,3.67,-1.5178765831001946,1.008957241983009
IR-2242,,,,,,,,,,,,,TT,AA,GT,CC,CC,TA,CT,GT,AG,CC,CT,TT,CC,GG,GG,GT,GG,GG,TC,AT,GG,GG,AG,GA,,,,,,,,,,,,,,,,,,,,,,,,,,,,,,,,,,,,,,,,,,,,,,,,,,,,,,,,,,,,,,,,,,,,,,,,,,,,,,,,,,,,,,,,,,,,,,,,,,,,,,,,,,,,,,,,,,,,,,,,,,,,,,,,,,,,,,,,,,,,,,,,,,,,,,,,,,,,,,,,,,,,,,,,,,,,,,,,,,,,,,,,,,,,,,0.0,IR,04-2,Male,25.0,Caucasian,42.5,47.5,5.0,11.8,42.5,45.0,2.5,5.9,206.0,73.3,26.99,120.0,78.0,,15.0,20.33,13.83,21.67,R,210.0,73.3,27.514,8.0,-0.24771981822800646,0.36533885159183865
IR-2243,,,,,,,,,,,,,TT,AA,TT,CC,CC,AA,CC,TT,GG,CC,CC,TT,CC,GG,GG,GG,GG,GG,CC,TT,GA,GG,AA,GG,,,,,,,,,,,,,,,,,,,,,,,,,,,,,,,,,,,,,,,,,,,,,,,,,,,,,,,,,,,,,,,,,,,,,,,,,,,,,,,,,,,,,,,,,,,,,,,,,,,,,,,,,,,,,,,,,,,,,,,,,,,,,,,,,,,,,,,,,,,,,,,,,,,,,,,,,,,,,,,,,,,,,,,,,,,,,,,,,,,,,,,,,,,,,,0.0,IR,04-2,Male,21.0,Caucasian,20.0,27.5,7.5,37.5,20.0,22.5,2.5,12.5,206.8,66.0,33.375,132.0,78.0,,36.0,34.67,33.33,38.0,L,210.0,66.3,33.636,23.33,-0.519572231186139,-0.14989363467718034
IR-2244,CC,,,GA,TC,GA,,,,CC,,,TT,GG,,CC,CC,TT,TT,TT,GG,,TT,,,,,TT,GA,GG,,,,GA,,,,CT,GT,GG,,,CC,AA,CC,CT,GG,GA,GG,AA,,"-9, +9",GG,TT,TC,TT,AC,,TC,,,,,,,,,GG,CC,GG,GG,,GA,,,CT,TC,CC,GA,GA,AG,,,,,,CT,GG,GG,,,,,TC,,,,,,,,,,,CT,,,,,,,,,CC,,,CT,,,,,,,,,AG,AC,TA,CT,CA,GC,GC,CT,,,,,,,,,,,,,,,GG,GG,CC,,GG,,,,,,,,,,,TC,,,,,,,,,,,,,CC,CC,,,GG,AA,,,,,,,,,,,,,,TT,CC,,,,,,GG,CC,GG,CC,,,,AA,GT,CC,TT,AA,,,,,TC,,,,,,,,,,,,,,,,,,,,,,,,,,,,,,,,,,,,,-0.8802042291804784,2.4331447641001884
IR-2245,CA,,,GG,CC,AA,,,,CA,,,TT,AG,GT,CC,TC,AA,CC,GT,AG,CT,CC,TT,CG,CG,GG,GG,GG,GA,CC,AT,GG,GA,AG,GA,,CT,GT,GG,,,CC,AA,CT,CC,AG,GG,GG,AA,,"-9, +9",AG,TT,TC,TT,AA,,TC,,,,,,,,,AG,CT,CG,AG,,GG,,,CC,TC,CC,GA,GG,AG,,,,,AT,CT,AA,GG,,,,,TT,CT,,,,,,,,,,CC,,,,,,,,,CC,,,CC,,,,,,,,,AG,AC,AA,CT,CA,CC,GG,CC,,,,,,,,,,,,,,,GG,GG,CC,,GT,,,,,,,,,,,TC,,,,,,,,,,,,,CC,CC,,,CG,GG,,,,,,,,,,,,,,TT,CC,,,GG,AA,,TT,TT,TT,TT,,,,AA,GG,CC,TT,AA,,,,,TC,,,,,,,,0.0,IR,05-1,Female,18.0,Caucasian,15.0,22.5,7.5,50.0,15.0,15.0,0.0,0.0,160.0,67.3,24.834,110.0,70.0,82.0,25.33,34.0,23.0,34.67,R,160.0,67.0,25.057,16.73,0.7747737319516157,-1.6420314563053549
IR-2246,CC,,,GG,CC,AA,,,,CC,,,TT,AA,TT,CC,CC,AA,CC,TT,GG,CC,CC,TT,CC,GG,GG,GG,GG,GG,CC,TT,GG,GA,AG,GA,,CC,GT,GA,,,CC,AA,CT,CC,AG,GG,GG,AA,,"+9, +9",GG,TT,TT,TT,AC,,CC,,,,,,,,,AA,CC,GG,GG,,GG,,,CC,CC,CG,GG,GA,AA,,,,,TT,CC,AA,GG,,,,,TT,CC,,,,,,,,,,CT,,,,,,,,,CC,,,CC,,,,,,,,,AG,AC,TA,CC,CA,GG,GG,CC,,,,,,,,,,,,,,,AG,GG,CC,,GG,,,,,,,,,,,TT,,,,,,,,,,,,,CC,CC,,,CG,GA,,,,,,,,,,,,,,CC,TT,,,GT,AG,,GG,TC,GG,CT,,,,AA,GG,CC,TT,AA,,,,,CC,,,,,,,,0.0,IR,05-1,Male,20.0,Caucasian,22.5,35.0,12.5,55.6,27.5,32.5,5.0,18.2,190.0,71.1,26.422,120.0,85.0,58.0,15.0,25.0,17.0,25.0,R,190.0,70.5,26.874,10.07,-0.7927694943828087,-0.6774833055863713
IR-2247,CC,,,AA,TT,GG,,,,CA,,,TT,AA,TT,CC,CC,AA,CC,TT,GG,CC,CC,TT,CC,GG,GG,GG,GG,GG,CC,TT,GG,GA,AG,GA,,CC,GT,GA,,,CC,AA,CC,CC,GG,GG,GG,AA,,"+9, +9",AG,CT,TC,CT,AA,,TC,,,,,,,,,AA,TT,GG,GG,,GG,,,TT,CC,CC,GA,GG,AA,,,,,TT,CT,AA,CG,,,,,TC,CC,,,,,,,,,,CT,,,,,,,,,CC,,,CC,,,,,,,,,AG,AC,TA,CC,CA,GG,GG,CT,,,,,,,,,,,,,,,AG,GG,CT,,GG,,,,,,,,,,,TC,,,,,,,,,,,,,CC,CG,,,CC,GA,,,,,,,,,,,,,,CT,CC,,,GT,AG,,GG,CC,GG,CC,,,,AA,GG,CC,TT,AA,,,,,TC,,,,,,,,0.0,IR,05-1,Male,19.0,Caucasian,32.5,60.0,27.5,84.6,32.5,42.5,10.0,30.8,178.0,70.6,25.105,140.0,80.0,54.0,5.0,11.67,4.33,12.0,R,183.0,70.5,25.884,3.97,-0.3211681972188653,-0.7986626559985678
IR-2248,CA,,,GA,TC,GA,,,,CC,,,TT,AA,TT,CC,CC,AA,CC,TT,GG,CC,CC,TT,CC,GG,GG,GG,GG,GG,CC,TT,GG,GG,AA,GG,,CT,GT,GG,,,CC,AA,CC,CC,GG,GG,GG,AA,,"+9, +9",AG,TT,TT,TT,AA,,CC,,,,,,,,,AA,CT,GG,GG,,GG,,,CT,TC,CC,GG,GA,AG,,,,,AA,CC,AG,CG,,,,,TC,CC,,,,,,,,,,CC,,,,,,,,,CC,,,CC,,,,,,,,,AG,AC,TT,CC,CA,GG,GG,CT,,,,,,,,,,,,,,,GG,GG,CC,,GT,,,,,,,,,,,TT,,,,,,,,,,,,,CC,CC,,,CC,AA,,,,,,,,,,,,,,CT,CC,,,GT,AG,,GG,CC,GG,CC,,,,AC,GT,CC,TT,AA,,,,,TC,,,,,,,,0.0,IR,05-1,Female,17.0,Caucasian,17.5,30.0,12.5,71.4,22.5,30.0,7.5,33.3,165.0,67.0,25.84,120.0,80.0,68.0,20.33,29.0,21.67,28.67,R,164.0,67.0,25.683,10.8,-0.7742030018102642,-0.12485952831683457
IR-2249,CC,,,GA,TC,GA,,,,CA,,,TT,AG,,CC,CC,TA,CT,TT,GG,,CT,,,,,GT,GA,GG,,,,GG,,,,,TT,GG,,,CC,AA,CT,CT,AG,GG,GG,AA,,"-9, -9",AA,TT,TT,TT,AA,,TC,,,,,,,,,AG,TT,CC,AG,,GG,,,CT,TC,CC,GA,GA,GG,,,,,,TT,AA,GG,,,,,TC,,,,,,,,,,,CC,,,,,,,,,CC,,,CT,,,,,,,,,GG,AA,TT,CC,AA,GC,,CT,,,,,,,,,,,,,,,GG,GG,CC,,GT,,,,,,,,,,,TT,,,,,,,,,,,,,CC,CC,,,CC,AA,,,,,,,,,,,,,,TT,CC,,,,,,GG,CC,GG,CC,,,,AA,GT,CT,GT,AG,,,,,TT,,,,,,,,,,,,,,,,,,,,,,,,,,,,,,,,,,,,,-0.1741442702912848,1.2622902415546906
IR-2250,CC,,,AA,TT,GG,,,,CA,,,TT,AG,TT,CC,CC,AA,CC,TT,GG,CC,CC,TT,CC,GG,GG,GG,GG,GG,CC,AT,GG,GG,AG,GA,,CT,GT,GG,,,CC,AA,CC,CC,GG,GG,GG,AA,,"-9, -9",GG,TT,TT,TT,AC,,CC,,,,,,,,,AG,CC,GG,GG,,GA,,,TT,TT,CG,GA,GG,AA,,,,,AT,CC,AA,CG,,,,,TC,CC,,,,,,,,,,CT,,,,,,,,,CC,,,CC,,,,,,,,,AG,AC,TT,CC,CA,GG,GG,TT,,,,,,,,,,,,,,,GG,GG,CC,,GT,,,,,,,,,,,TC,,,,,,,,,,,,,CT,CC,,,CC,GG,,,,,,,,,,,,,,CT,CT,,,GT,AG,,GT,TC,GT,CT,,,,AA,GG,CC,TT,AA,,,,,TC,,,,,,,,0.0,IR,05-1,Female,19.0,Caucasian,15.0,27.5,12.5,83.3,15.0,20.0,5.0,33.3,132.0,65.0,21.964,104.0,74.0,78.0,10.0,18.33,10.33,15.33,R,137.0,65.1,22.726,7.33,-0.5557814658302695,0.05682035353747868
IR-2251,CC,,,GG,CC,AA,,,,CC,,,TT,AG,GT,CC,CC,TA,CT,TT,GG,CC,CT,CT,CC,CG,GG,GT,GG,GG,TC,AT,GG,GA,AG,GA,,CC,GT,GA,,,CC,AA,CC,CC,AG,GG,GG,AA,,"-9, +9",GG,TT,TT,TT,AC,,TC,,,,,,,,,AG,CC,CG,AG,,GG,,,CC,CC,CC,GG,GA,GG,,,,,AT,TT,AA,GG,,,,,TT,CC,,,,,,,,,,CC,,,,,,,,,CC,,,CC,,,,,,,,,AA,CC,TA,CT,CC,GG,GG,CT,,,,,,,,,,,,,,,AG,GG,CC,,GT,,,,,,,,,,,TT,,,,,,,,,,,,,CC,CC,,,CG,AA,,,,,,,,,,,,,,CC,CT,,,GT,AG,,GT,TC,GT,CT,,,,AA,GG,CC,TT,AA,,,,,TC,,,,,,,,0.0,IR,05-1,Male,20.0,Caucasian,32.5,52.5,20.0,61.5,30.0,42.5,12.5,41.7,205.0,76.0,24.951,119.0,78.0,50.0,8.33,16.33,10.33,17.33,R,205.0,75.4,25.349,6.63,-2.583937167158624,1.5179353193782237
IR-2252,CC,,,GA,TC,GA,,,,CC,,,TT,AG,,CC,TC,TA,CC,GT,AG,,CC,,,,,GT,GA,GG,,,,GG,,,,CC,TT,GG,,,CC,AA,CC,CC,GG,GG,GG,AA,,"-9, +9",AG,CT,TT,CT,AC,,TT,,,,,,,,,AG,CC,CG,AG,,GG,,,TT,TC,CC,GG,GG,AG,,,,,,CT,AA,CC,,,,,TC,,,,,,,,,,,CC,,,,,,,,,CC,,,CC,,,,,,,,,AG,AC,TT,CC,AA,GC,GG,TT,,,,,,,,,,,,,,,GG,GG,CC,,TT,,,,,,,,,,,TT,,,,,,,,,,,,,CT,CC,,,CC,GA,,,,,,,,,,,,,,CT,CC,,,,,,GT,TC,GT,CT,,,,AC,GT,CC,TT,AA,,,,,TT,,,,,,,,2.0,IR,05-1,,,,32.5,,,,40.0,,,,257.0,73.7,33.262,122.0,80.0,70.0,11.0,25.33,11.33,24.0,R,254.0,74.0,32.608,7.6,-0.6958320309501086,-0.7174274194583152
IR-2253,CA,,,GG,CC,AA,,,,CA,,,TT,AG,GT,CC,CC,TA,CT,TT,GG,CC,CT,TT,CC,CG,GG,GT,GA,GG,CC,TT,GA,GG,AG,GG,,CC,TT,GG,,,CC,AA,CC,CC,GG,AA,GG,AA,,"-9, -9",GG,TT,TC,TT,AC,,TT,,,,,,,,,AA,CT,CC,AG,,GG,,,CC,TT,CG,GA,GG,AA,,,,,AA,CT,AA,GG,,,,,TT,CC,,,,,,,,,,CT,,,,,,,,,CC,,,CC,,,,,,,,,GG,AA,TA,CT,AA,GG,GC,CT,,,,,,,,,,,,,,,AG,GG,CC,,GT,,,,,,,,,,,TC,,,,,,,,,,,,,CC,CC,,,CC,GG,,,,,,,,,,,,,,TT,CT,,,GT,AG,,TT,TT,TT,TT,,,,AC,GT,CC,TT,AA,,,,,CC,,,,,,,,0.0,IR,05-1,Female,18.0,Caucasian,15.0,30.0,15.0,100.0,15.0,25.0,10.0,66.7,165.0,65.5,27.037,115.0,65.0,60.0,20.33,29.67,18.67,30.0,R,162.0,65.4,26.627,9.87,-2.6917882325776583,1.6364647070819396
IR-2254,CA,,,GA,TC,GA,,,,CA,,,TT,AA,TT,CC,CC,AA,CC,TT,GG,CC,CC,TT,CC,GG,GG,GG,GG,GG,CC,TT,GG,GA,AG,GA,,CC,TT,GG,,,CC,AA,CC,CC,GG,GG,GG,AA,,"-9, +9",AG,TT,TT,TT,AA,,,,,,,,,,,AG,CT,GG,GG,,GG,,,CT,TC,CC,GA,GG,AG,,,,,TT,TT,AA,CG,,,,,TT,CC,,,,,,,,,,CT,,,,,,,,,CT,,,CC,,,,,,,,,GG,AA,TA,CC,AA,GC,GG,CT,,,,,,,,,,,,,,,GG,GT,CC,,GG,,,,,,,,,,,TC,,,,,,,,,,,,,CC,CC,,,CC,GA,,,,,,,,,,,,,,TT,CC,,,TT,GG,,GG,CC,GG,CC,,,,AC,TT,CC,GT,AG,,,,,TT,,,,,,,,0.0,IR,05-1,Female,20.0,Caucasian,20.0,30.0,10.0,50.0,17.5,20.0,2.5,14.3,135.0,64.0,23.17,100.0,60.0,56.0,13.67,21.33,14.33,20.67,L,136.0,64.1,23.269,7.93,0.1968634379883865,0.03517736020379894
IR-2255,CA,,,GA,TC,GA,,,,CA,,,TT,AG,GT,CC,CC,TA,CT,TT,GG,CC,CT,TT,CC,CG,GG,GT,GA,GG,TC,AT,GG,GA,AG,GA,,CC,GT,GA,,,CC,AA,CC,CC,GG,GG,GG,AA,,"+9, +9",AA,CT,TT,CT,AC,,TC,,,,,,,,,AG,CT,CG,GG,,GA,,,CT,CC,CG,GA,GG,AA,,,,,,CT,AA,GG,,,,,TT,CT,,,,,,,,,,CT,,,,,,,,,CC,,,CC,,,,,,,,,AA,CC,TA,CC,CC,GG,GG,CT,,,,,,,,,,,,,,,AG,GG,CC,,GT,,,,,,,,,,,CC,,,,,,,,,,,,,CT,CC,,,CC,GA,,,,,,,,,,,,,,CT,CC,,,GT,AG,,GT,TC,GT,CT,,,,AA,GG,CC,TT,AA,,,,,CC,,,,,,,,0.0,IR,05-1,Female,19.0,Caucasian,12.5,25.0,12.5,100.0,12.5,17.5,5.0,40.0,145.0,71.8,19.773,110.0,70.0,56.0,10.33,17.67,12.0,15.67,R,146.0,72.0,19.799,4.67,-1.9626858554824227,1.2678914096319531
IR-2257,,,,AA,TT,GG,,,,CC,,,TT,AG,GT,CC,CC,TA,CT,TT,GG,CC,CT,TT,CC,GG,GG,GT,GA,GG,TC,AT,GG,GA,AG,GA,,CC,TT,GG,,,CC,AA,CC,CC,GG,GA,GG,AA,,"-9, +9",AA,CT,TT,TT,CC,,TT,,,,,,,,,GG,CC,CC,AA,,GG,,,TT,,CG,GG,GA,AG,,,,,AT,CT,AA,CG,,,,,CC,CC,,,,,,,,,,CT,,,,,,,,,CC,,,CT,,,,,,,,,AG,AC,AA,CC,CA,GC,GC,CT,,,,,,,,,,,,,,,GG,GG,TT,,GG,,,,,,,,,,,TC,,,,,,,,,,,,,CT,CC,,,CG,AA,,,,,,,,,,,,,,CT,CT,,,GG,AG,,GG,CC,GG,CC,,,,AC,GT,CC,TT,AA,,,,,TT,,,,,,,,0.0,IR,05-1,Female,19.0,Caucasian,10.0,17.5,7.5,75.0,10.0,10.0,0.0,0.0,123.0,62.5,22.136,100.0,60.0,60.0,9.67,22.67,9.67,20.33,R,124.0,62.6,22.245,7.63,-1.3577852895262568,0.7161785966748804
IR-2258,CC,,,AA,TT,GG,,,,CC,,,TT,AA,TT,CC,CC,AA,CC,TT,GG,CC,CC,TT,CC,GG,GG,GG,GG,GG,CC,TT,GA,GG,AA,GG,,CC,TT,GG,,,CC,AA,CC,CC,GG,GG,GG,AA,,"-9, -9",AG,TT,TT,CT,AC,,TT,,,,,,,,,AG,CC,CG,AG,,GA,,,TT,TT,CC,GG,GA,AG,,,,,AT,TT,AA,CG,,,,,TC,CC,,,,,,,,,,CT,,,,,,,,,CC,,,CC,,,,,,,,,GG,AA,TA,CC,AA,GC,GG,CC,,,,,,,,,,,,,,,GG,GG,CT,,GG,,,,,,,,,,,TC,,,,,,,,,,,,,CT,CC,,,CG,GA,,,,,,,,,,,,,,CT,CC,,,GT,AG,,GT,TC,GT,CT,,,,AC,GT,CC,TT,AA,,,,,TT,,,,,,,,0.0,IR,05-1,Female,19.0,Caucasian,12.5,22.5,10.0,80.0,12.5,17.5,5.0,40.0,138.0,64.5,23.319,110.0,70.0,78.0,11.33,21.33,10.0,19.0,R,138.0,65.0,22.962,7.53,-1.0101318310662961,-0.5468368907341202
IR-2259,CA,,,GG,CC,AA,,,,CC,,,TT,GG,GG,CC,TC,TT,CT,GT,AG,CT,CT,TT,CG,CC,GG,GT,GA,GA,CC,AT,GG,GA,GG,GA,,CC,GG,GA,,,CC,AA,CT,CC,AG,GG,GG,AA,,"-9, +9",GG,TT,TT,CT,AA,,TT,,,,,,,,,AG,CT,GG,GG,,GG,,,CC,CC,CC,GG,GA,AG,,,,,AT,CC,AA,CG,,,,,TT,CT,,,,,,,,,,CT,,,,,,,,,CC,,,TT,,,,,,,,,AG,AC,TA,CC,AA,GC,GG,CC,,,,,,,,,,,,,,,GG,GG,CC,,TT,,,,,,,,,,,TT,,,,,,,,,,,,,TT,CC,,,GG,GG,,,,,,,,,,,,,,CT,CC,,,GG,AA,,GG,CC,GG,CC,,,,CC,TT,CC,TT,AA,,,,,TC,,,,,,,,0.0,IR,05-1,Female,19.0,Caucasian,15.0,25.0,10.0,66.7,12.5,20.0,7.5,60.0,162.0,68.0,24.629,110.0,70.0,76.0,11.0,24.0,11.33,25.0,R,165.0,67.5,25.458,8.33,1.6722972501064266,-2.238548229457396
IR-2260,AA,,,GA,TC,GA,,,,CC,,,TT,AG,GT,CC,CC,TA,CT,TT,GG,CC,CT,TT,CC,CG,GG,GT,GA,GG,CC,TT,GG,GG,AG,GG,,CC,TT,GG,,,CC,AA,CC,CC,GG,GA,GG,AA,,"-9, +9",GG,TT,TC,CC,AA,,TC,,,,,,,,,GG,CC,CG,GG,,GA,,,CT,TT,CC,GG,GA,AG,,,,,TT,TT,AA,CG,,,,,TC,TT,,,,,,,,,,CT,,,,,,,,,CT,,,TT,,,,,,,,,GG,AA,TA,TT,AA,GG,GG,CT,,,,,,,,,,,,,,,GG,GT,CC,,TT,,,,,,,,,,,TT,,,,,,,,,,,,,CC,CC,,,CC,GG,,,,,,,,,,,,,,TT,CT,,,GT,AG,,GG,CC,GG,CC,,,,AA,GT,CC,GT,AG,,,,,TT,,,,,,,,0.0,IR,05-1,Female,22.0,Caucasian,12.5,22.5,10.0,80.0,12.5,15.0,2.5,20.0,124.0,64.1,21.216,114.0,68.0,60.0,7.0,16.33,5.67,18.0,R,124.0,64.4,21.019,5.27,-1.3667598259691758,1.3059390954724048
IR-2261,CA,,,GA,TC,GA,,,,CA,,,TC,GG,GG,CC,TC,TT,TT,TT,GG,CC,TT,TT,CC,CC,GG,TT,AA,GG,CC,TT,GG,GG,AA,GG,,CC,GG,AA,,,CC,AA,CT,CC,AG,GG,GG,AA,,"-9, +9",AG,CT,TC,CT,AC,,CC,,,,,,,,,AG,CT,CG,AG,,GG,,,TT,CC,CC,AA,AA,AA,,,,,,CT,AG,CG,,,,,TT,CC,,,,,,,,,,CT,,,,,,,,,CC,,,CC,,,,,,,,,AA,CC,TA,CT,CC,GC,GG,TT,,,,,,,,,,,,,,,AG,GG,CC,,GG,,,,,,,,,,,TC,,,,,,,,,,,,,CC,CC,,,CC,GG,,,,,,,,,,,,,,TT,CC,,,GG,AA,,GG,CC,GG,CC,,,,AA,GG,CC,TT,AA,,,,,TC,,,,,,,,0.0,IR,05-1,Male,19.0,Caucasian,27.5,52.5,25.0,90.9,32.5,45.0,12.5,38.5,183.0,71.5,25.165,124.0,82.0,52.0,8.0,13.33,5.67,13.33,R,190.0,71.8,25.91,6.4,-0.7764437033943375,2.1233637464019477
IR-2262,CA,,,GA,TC,GA,,,,CC,,,TT,AG,GT,CC,TC,TA,CC,TT,GG,CC,CC,TT,CC,GG,GG,GG,GG,GG,CC,AT,GG,AA,GG,AA,,CC,GT,GA,,,CC,AA,CC,CC,GG,,GG,AA,,"-9, +9",GG,TT,TT,TT,AA,,TC,,,,,,,,,AG,CC,GG,GG,,GA,,,CT,TT,CG,GG,GA,AG,,,,,TT,CT,AA,GG,,,,,TC,CT,,,,,,,,,,CT,,,,,,,,,CT,,,CT,,,,,,,,,,AC,TA,CC,CC,GG,GG,CC,,,,,,,,,,,,,,,GG,GG,CC,,GG,,,,,,,,,,,TC,,,,,,,,,,,,,CC,CC,,,CC,AA,,,,,,,,,,,,,,CT,CC,,,GT,AG,,GT,CC,GT,CC,,,,AC,TT,CC,TT,AA,,,,,TC,,,,,,,,0.0,IR,05-1,Female,20.0,Caucasian,12.5,27.5,15.0,120.0,10.0,20.0,10.0,100.0,134.0,66.0,21.626,126.0,84.0,76.0,12.33,19.0,13.67,18.67,R,134.0,66.8,21.111,8.03,-0.07515623428526716,-0.8219067710324592
IR-2263,CA,,,GA,TC,GA,,,,CA,,,TT,AA,TT,CC,CC,AA,CC,TT,GG,CC,CC,TT,CC,GG,GG,GG,GG,GG,CC,TT,GG,GG,AA,GG,,CC,GG,AA,,,CC,AA,CT,CC,AG,GG,GG,AA,,"-9, -9",AA,TT,TC,TT,AA,,TC,,,,,,,,,GG,CC,CG,AG,,GG,,,CT,TC,CC,GA,GG,AA,,,,,AA,CC,AA,GG,,,,,TT,CC,,,,,,,,,,CT,,,,,,,,,CC,,,CC,,,,,,,,,AA,CC,AA,CT,CC,GG,GG,TT,,,,,,,,,,,,,,,GG,GG,CC,,GT,,,,,,,,,,,TT,,,,,,,,,,,,,TT,CC,,,CC,GA,,,,,,,,,,,,,,CT,CC,,,TT,GG,,GT,TC,GT,CT,,,,AA,GT,CC,GT,AG,,,,,TT,,,,,,,,0.0,IR,05-1,Female,19.0,Caucasian,15.0,27.5,12.5,83.3,15.0,22.5,7.5,50.0,128.0,63.0,22.672,116.0,78.0,86.0,13.67,20.0,16.33,20.0,R,131.0,63.1,23.13,9.53,-0.6768067089759567,0.2244896738567918
IR-2264,CA,,,GA,TC,GA,,,,CA,,,TT,AG,,CC,CC,TA,CT,TT,GG,,CT,,,,,GT,GG,GG,,,,GA,,,,CC,GT,GA,,,CC,AA,CT,CC,AG,GG,GG,AA,,"-9, +9",AG,CT,TC,CT,AA,,TC,,,,,,,,,AA,CT,CC,AA,,GA,,,CT,TC,CC,GA,GG,AA,,,,,,CT,AA,GG,,,,,TT,,,,,,,,,,,CT,,,,,,,,,CC,,,CT,,,,,,,,,AA,CC,TT,CC,CC,GC,GG,CC,,,,,,,,,,,,,,,AG,GG,CC,,GT,,,,,,,,,,,TC,,,,,,,,,,,,,TT,CG,,,CC,GG,,,,,,,,,,,,,,TT,CT,,,,,,GG,CC,GG,CC,,,,CC,TT,CC,TT,AA,,,,,CC,,,,,,,,,,,,,,,,,,,,,,,,,,,,,,,,,,,,,-1.515602249366881,-0.23979370068316302
IR-2265,,,,GG,CC,AA,,,,CC,,,TT,AG,,CC,CC,TA,CT,TT,GG,,CT,,,,,GT,GG,GG,,,,GG,,,,TT,GG,GG,,,CC,AA,CT,CC,AG,GG,GG,AA,,"-9, -9",AA,CT,TT,CT,AA,,TT,,,,,,,,,AG,CC,GG,GG,,GG,,,CC,CC,CC,GG,GG,AA,,,,,,CT,AG,CG,,,,,TC,,,,,,,,,,,TT,,,,,,,,,CC,,,TT,,,,,,,,,AG,AC,AA,CC,CA,GC,GG,CC,,,,,,,,,,,,,,,GG,GG,CC,,GG,,,,,,,,,,,TC,,,,,,,,,,,,,CC,CC,,,CG,AA,,,,,,,,,,,,,,CT,CT,,,,,,TT,TT,TT,TT,,,,AC,TT,CC,GT,AG,,,,,TC,,,,,,,,,,,,,,,,,,,,,,,,,,,,,,,,,,,,,-1.1914882192118443,2.0559966949171993
IR-2266,CA,,,GA,TC,GA,,,,CA,,,TT,AG,GT,CC,CC,TA,CT,TT,GG,CC,CT,TT,CC,GG,GG,GT,GG,GG,CC,TT,GG,GA,AG,GA,,CC,TT,GG,,,CC,AA,CC,CC,GG,GG,GG,AA,,"-9, -9",GG,CT,TT,CT,AA,,CC,,,,,,,,,AG,CC,CG,AA,,GA,,,CT,TT,CC,GA,AA,AA,,,,,TT,CT,AA,GG,,,,,TT,TT,,,,,,,,,,TT,,,,,,,,,CC,,,CC,,,,,,,,,AG,AC,TA,CC,CA,GC,GG,CT,,,,,,,,,,,,,,,GG,GG,CC,,GG,,,,,,,,,,,TT,,,,,,,,,,,,,CT,CC,,,CC,GG,,,,,,,,,,,,,,TT,CC,,,TT,GG,,GT,TC,GT,CT,,,,AC,GT,CC,TT,AA,,,,,TT,,,,,,,,0.0,IR,05-1,Male,19.0,Caucasian,30.0,40.0,10.0,33.3,30.0,30.0,0.0,0.0,153.0,69.3,22.397,128.0,78.0,66.0,5.67,12.0,5.0,12.67,R,156.0,69.1,22.968,4.93,-1.7808930887542465,0.9130279278476068
IR-2267,CC,,,GG,TC,GA,,,,CC,,,TT,AA,TT,CC,CC,AA,CC,TT,GG,CC,CC,TT,CC,GG,GG,GG,GG,GG,CC,TT,GG,GG,AA,GG,,CT,GG,GA,,,CC,AA,CC,CC,GG,GG,GG,AA,,"+9, +9",AG,TT,TT,TT,AA,,TT,,,,,,,,,AG,CT,GG,GG,,GA,,,CT,CC,GG,GG,GA,AG,,,,,TT,CC,AA,GG,,,,,TC,TT,,,,,,,,,,CC,,,,,,,,,CC,,,CC,,,,,,,,,AG,AC,AA,CT,CA,GG,GG,CT,,,,,,,,,,,,,,,GG,GG,CC,,GT,,,,,,,,,,,TT,,,,,,,,,,,,,CC,CC,,,CG,GG,,,,,,,,,,,,,,CC,TT,,,GG,AA,,TT,TT,TT,TT,,,,AC,GT,CC,TT,AA,,,,,TT,,,,,,,,0.0,IR,05-1,Male,19.0,Caucasian,22.5,35.0,12.5,55.6,20.0,27.5,7.5,37.5,141.0,70.3,20.057,110.0,70.0,60.0,3.67,7.33,4.0,6.67,R,142.0,70.9,19.859,4.13,-1.8179882574088284,0.8570056718886184
IR-2268,CC,,,GG,CC,AA,,,,CC,,,TT,GG,GG,CC,CC,TT,TT,TT,GG,CC,TT,CT,CC,CC,GG,TT,GA,GG,TT,AA,GG,AA,GG,AA,,CC,TT,GG,,,CC,AA,CC,CC,GG,GA,GG,AA,,"+9, +9",GG,TT,CC,TT,AC,,CC,,,,,,,,,AA,CT,GG,GG,,GG,,,CC,TT,CC,GA,GA,AA,,,,,AT,CC,AA,CG,,,,,CC,CC,,,,,,,,,,CC,,,,,,,,,CT,,,CC,,,,,,,,,AG,AC,AA,CC,CA,GG,GG,CC,,,,,,,,,,,,,,,AG,GG,CC,,GG,,,,,,,,,,,TT,,,,,,,,,,,,,CC,CC,,,CC,GG,,,,,,,,,,,,,,CC,CC,,,TT,GG,,GT,TC,GT,CT,,,,AC,GT,CC,TT,AA,,,,,TC,,,,,,,,0.0,IR,05-1,Female,19.0,Caucasian,12.5,27.5,15.0,120.0,15.0,17.5,2.5,16.7,150.0,68.5,22.473,110.0,70.0,70.0,15.67,28.0,16.0,27.0,R,146.0,68.4,21.938,10.13,-1.4518667831070673,4.259864717583102
IR-2269,CC,,,AA,TT,GG,,,,CC,,,TT,GG,GG,CC,TC,TT,CT,GT,AG,CT,CT,TT,CG,CC,GG,GT,GG,GA,TT,AA,GG,AA,GG,AA,,CC,TT,GG,,,CG,AA,CC,CC,AG,GA,GG,AA,,"-9, +9",AA,CT,TT,CT,AA,,TT,,,,,,,,,AA,CT,CG,AG,,GG,,,TT,TC,CC,GG,GG,AG,,,,,,CC,AA,CG,,,,,TC,CC,,,,,,,,,,CT,,,,,,,,,CT,,,CC,,,,,,,,,AG,AC,AA,TT,CA,GC,GG,CT,,,,,,,,,,,,,,,GG,GG,CC,,GT,,,,,,,,,,,TC,,,,,,,,,,,,,CT,CC,,,CC,GG,,,,,,,,,,,,,,CC,CC,,,TT,GG,,GT,TC,GT,CT,,,,AC,GT,CC,TT,AA,,,,,TT,,,,,,,,0.0,IR,05-1,Female,18.0,Caucasian,17.5,30.0,12.5,71.4,17.5,25.0,7.5,42.9,128.0,64.3,21.764,122.0,72.0,70.0,6.0,13.5,6.0,12.67,R,131.0,64.6,22.068,4.47,2.174800955827699,-0.23204021753011653
IR-2270,CA,,,GA,TC,GA,,,,CC,,,TT,AG,GT,CC,CC,TA,CT,TT,GG,CC,CT,TT,CC,CG,GG,GT,GA,GG,CC,AT,GG,GA,GG,GA,,CC,GT,GA,,,CG,AA,CC,CC,AG,GG,GG,AA,,"-9, -9",GG,CT,TC,CT,AC,,TT,,,,,,,,,AG,CC,GG,GG,,GG,,,CT,CC,CG,GG,GA,AG,,,,,TT,CT,AA,GG,,,,,TC,CT,,,,,,,,,,CC,,,,,,,,,CC,,,CC,,,,,,,,,GG,AA,TA,CC,AA,GG,GC,CC,,,,,,,,,,,,,,,GG,GG,CC,,GG,,,,,,,,,,,CC,,,,,,,,,,,,,CT,CC,,,CC,AA,,,,,,,,,,,,,,CT,CT,,,GG,AA,,GG,CC,GG,CC,,,,AA,GT,CC,GT,AG,,,,,TT,,,,,,,,0.0,IR,05-1,Female,18.0,Caucasian,10.0,20.0,10.0,100.0,12.5,15.0,2.5,20.0,112.0,62.6,20.092,105.0,65.0,64.0,11.33,16.0,10.33,15.0,R,117.0,62.1,21.328,6.47,-0.6767739972594692,0.9195723860720195
MA-603,CA,DD,TT,AA,TT,GG,CG,GA,CC,CC,TT,,TT,AG,GT,CC,CC,AA,CC,TT,GG,CC,CC,TT,CC,GG,GG,GG,GG,GG,CC,TT,GA,GG,AA,GG,GG,CC,GT,GA,,GG,CC,AA,CC,CC,GG,GG,GG,AA,,"-9, +9",AG,TT,TT,CT,CC,,TC,,,,,,,,,AA,CT,GG,GG,CG,GG,TT,CC,TT,TC,CG,GA,GA,AG,AA,TT,,,AT,CT,AG,GG,GG,AA,AT,GG,TC,TT,CC,CC,,,,,,AA,GG,CC,GG,,GG,,AA,CC,GG,GG,CC,,CC,CT,,CG,TT,GA,AT,CC,,,,,TA,CC,CA,GG,GC,CT,,AA,GA,GG,CC,GG,GG,AA,GG,CG,CT,,,TT,AG,GG,CC,GG,GT,GA,GA,TC,AC,AA,,,,,,TC,4G5G,AA,GG,CC,AA,GG,CC,GG,CC,,CC,AA,CT,CC,GG,GG,CC,GA,TT,AA,,,,,CC,CT,GA,CG,CG,AA,CT,TT,TT,TT,,GT,AG,CT,GT,TC,GT,CT,GG,,GA,AA,TT,CC,TT,AA,TT,TT,GA,GG,TT,TT,,,,,,,0.0,MA,02-1,Male,25.0,Caucasian,25.0,32.5,7.5,30.0,25.0,25.0,0.0,0.0,143.0,68.0,21.741,124.0,88.0,80.0,4.0,7.0,4.0,6.0,R,150.0,68.0,22.805,3.67,-2.827444736676717,-1.2094178937223676
MA-611,CA,DD,CT,GA,TC,GA,CC,GG,CG,CA,TT,,TT,GG,GG,,CC,TA,TT,TT,GG,CC,TT,TT,CC,CC,GG,TT,AA,GG,CC,TT,GA,GG,AA,GG,GA,CT,GT,GG,,GG,CC,AA,CT,CC,AG,GA,GG,AA,CC,"-9, +9",GG,CC,TC,CT,AA,,TT,GG,CC,GG,TT,CC,AA,CC,GG,AA,CT,GG,GG,CC,GG,TT,CC,CT,,CG,GA,GG,AA,AA,TT,,,TT,TT,AA,CG,GG,AA,AT,GG,TC,TT,CC,CC,GG,TT,CC,GG,AA,AA,GG,CC,GA,AA,GG,AA,AA,CC,GG,GG,CT,,TC,TT,,GG,TT,GG,AT,CA,GG,CC,,,TA,CC,CC,GC,GG,CC,,GG,GG,GG,TT,GG,GG,AA,GG,CC,CC,AA,GG,CT,GG,GT,CT,GG,GT,GA,GA,TC,AC,AA,,,,,,TC,4G5G,AA,GG,CT,AA,GA,CC,AG,CC,GG,CT,AG,CT,CC,GG,GG,CC,GG,TT,AA,,,,,CC,CC,GG,GG,CC,AA,TT,CC,CT,TT,,GT,AG,CT,GG,TT,TT,TT,AA,,GA,AC,GT,CC,TT,AA,CT,TT,GA,GG,TT,TT,,,,,,,0.0,MA,02-1,Female,26.0,Caucasian,7.5,15.0,7.5,100.0,10.0,10.0,0.0,0.0,151.0,62.5,27.175,122.0,85.0,75.0,12.67,22.33,14.67,22.0,R,148.0,62.5,26.635,11.67,-3.496144390593527,3.579895876741939
MA-612,CC,DD,CT,GA,TC,GA,CC,AA,CC,CA,TT,,TT,AG,GT,CC,TC,TA,CC,GT,AG,CT,CC,TT,CG,CG,GG,GG,GG,GA,TC,AA,GG,AA,GG,AA,GG,CC,GG,GA,,GG,CC,AA,CC,CC,GG,GG,GG,AA,CC,"-9, +9",GG,TT,CC,TT,AA,,TC,GG,CC,GG,TT,CC,AA,CC,GG,AG,CT,CC,AA,CG,GG,TT,CC,CT,TC,CC,GG,GG,GG,,CC,,,TT,CT,AA,CG,GG,AA,TT,GG,TT,CT,CC,CC,GG,TT,CC,GG,AA,AA,GG,CT,GG,TT,GA,AA,AA,CC,GA,GG,CC,,CC,CC,,CC,TT,GA,AA,CC,GG,GG,,,TA,CT,CA,GC,GC,CC,,AG,GA,GG,CC,AA,GG,AG,GA,CG,CC,CC,GG,CT,GG,GG,CC,GT,GT,GA,GG,TT,AA,AA,,,,,,TT,4G4G,AA,GG,CC,AA,GG,CC,GG,CC,GA,CC,AA,CT,,GT,GG,CG,GA,TT,AA,,,,,CC,CC,GG,CG,CG,AC,TT,CT,CC,TT,,GG,AA,CT,GT,TC,GT,CT,GG,,AA,AA,GT,CC,GT,AG,TT,CT,AA,GA,TC,TT,,,,,,,0.0,MA,02-1,Male,25.0,Caucasian,20.0,32.5,12.5,62.5,20.0,20.0,0.0,0.0,191.0,67.5,29.47,132.0,80.0,116.0,12.67,16.33,14.0,16.33,R,187.0,67.5,28.853,14.0,0.8868032823067611,-3.196685292431134
MA-613,CA,DD,CT,GA,TC,GA,CC,GG,GG,CA,TT,,TT,AA,TT,CC,CC,AA,CC,TT,GG,CC,CC,TT,CC,GG,GG,GG,GG,GG,CC,TT,GA,GG,AA,GG,GG,CC,GG,GA,,GG,CC,AA,CT,CC,GG,GA,GG,AA,,"+9, +9",GG,TT,TT,CT,CC,,CC,,,,,,,,,AA,CT,GG,GG,CC,GG,CC,,CT,CC,CC,GG,GG,GG,AA,CC,,,TT,CC,AG,GG,GG,AA,TT,GG,TT,CT,CC,CC,,,,,,AA,GG,TT,GA,AA,GG,AA,AA,CC,GG,GG,CC,,CC,CT,,CG,TT,GG,AA,CC,,,,,,CC,CA,GC,GG,CC,,AA,AA,GC,TC,GG,GG,AA,,,CT,,,,AG,GG,CC,TT,GT,GG,,,CC,AA,,,,,,CC,4G5G,AA,GG,CT,AA,GA,CC,GG,CC,,CC,AA,CC,CG,GT,GG,CG,GG,,GG,,,,,CC,CC,GG,CG,CC,AA,CT,TT,CC,TT,,GG,AA,CT,GT,TC,GG,CC,GA,,GG,AC,GT,CC,TT,AA,TT,CT,GA,GA,TC,TT,,,,,,,0.0,MA,02-1,Female,39.0,Caucasian,10.0,12.5,2.5,25.0,10.0,10.0,0.0,0.0,135.0,66.0,21.787,120.0,78.0,84.0,6.67,14.0,7.67,13.67,R,135.0,66.0,21.787,8.0,-1.8828588176035805,-0.9518371782870029
MA-614,CA,ID,CC,GG,CC,AA,CG,AA,CC,CA,TT,,TT,AA,TT,CC,CC,AA,CC,TT,GG,CC,CC,TT,CC,GG,GG,GG,GG,GG,CC,TT,GA,GG,AA,GG,GG,,GG,AA,,GG,CC,AA,CC,CC,AG,GG,GG,AA,CC,"-9, -9",GG,TT,TT,TT,AA,,TT,GG,CC,GG,TT,CC,AA,CC,GG,AA,CT,CG,AG,CC,GG,TT,CC,CC,CC,CC,GG,GG,AG,AG,TC,,,AT,CT,AA,GG,GG,AA,AT,GG,TT,CC,CC,CC,GG,TT,CC,GG,AA,AA,GG,CC,GG,AA,GG,AA,AA,CC,GG,GG,CT,,TT,CT,,CG,TT,GG,AA,CA,GG,CG,,,TA,CC,AA,CC,GG,CT,,AA,GA,GG,CC,GG,GA,AG,GA,CC,CC,CC,GG,CC,GG,GG,CC,GG,GG,GG,GG,TC,AC,AA,,,,,,TC,4G4G,AA,GG,CC,AA,GG,CC,AG,CC,AA,CC,AG,CC,,GG,GG,CC,AA,CC,AA,,,,,CC,CT,GA,CG,CG,AA,CT,CC,CT,TT,,GT,AG,CC,GG,CC,GG,CC,GG,,GG,AA,TT,CC,GG,GG,TT,TT,GG,GG,TT,TT,,,,,,,0.0,MA,02-1,Female,21.0,Caucasian,17.5,25.0,7.5,42.9,15.0,20.0,5.0,33.3,163.0,65.5,26.709,118.0,72.0,72.0,11.67,27.33,14.33,21.33,R,164.0,65.5,26.873,14.33,-1.210663565128247,-1.00174730106088
MA-615,CC,ID,CT,GA,TC,GA,CG,AA,CC,CC,TT,,TC,AA,TT,CC,CC,AA,CC,TT,GG,CC,CC,TT,CC,GG,GG,GG,GG,GG,CC,TT,GG,GG,AA,GG,GG,CC,,GG,,GG,CC,AA,CC,CC,GG,GG,GG,AA,CC,"+9, +9",AG,CT,TC,CT,AA,,TC,GG,CC,GG,TT,CC,AA,CC,GG,AG,CT,CC,AA,CG,GG,TT,CC,CT,TC,CC,GG,GA,AA,AA,TT,,,AA,CC,AG,GG,GG,,AT,GG,TT,CT,CC,CT,GG,TT,CC,GG,AA,AA,GG,CT,GA,AA,GG,AA,AA,CC,GG,GG,CC,,TC,CT,,CG,TT,GA,AA,CA,GG,CG,,,TA,CC,CA,CC,,CT,,AA,AA,GC,TC,GG,GG,AA,AA,CC,CC,CC,GG,CT,GG,GG,CC,GT,GG,GA,GG,TC,AC,AA,,,,,,CC,4G5G,AA,GG,CC,AA,GG,CC,GG,CC,AA,CT,AG,CT,CC,GG,GG,CC,GA,CT,AA,,,,,CC,CC,GA,CG,CG,AA,TT,TT,,TT,,GT,AG,CC,GT,TC,GT,CT,GA,,AA,AA,GG,CC,TT,AA,CC,TT,GA,GG,TT,TT,,,,,,,0.0,MA,02-1,Male,25.0,Caucasian,20.0,32.5,12.5,62.5,22.5,22.5,0.0,0.0,148.0,69.0,21.853,110.0,78.0,60.0,7.0,14.67,9.0,13.67,L,156.0,69.0,23.035,8.67,-2.39826645573188,-1.20290554439726
MA-616,CA,DD,CC,GG,CC,AA,CC,GG,CC,CC,TT,,TT,AG,GT,CC,TC,TA,CC,GT,AG,CT,CC,TT,CG,CG,GG,GG,GG,GA,CC,TT,GG,GG,AA,GG,GG,CC,,GG,,GG,CC,AA,TT,CC,AA,GG,GG,AA,,"-9, +9",AA,TT,TC,CC,AC,,TC,,,,,,,,,AA,CT,GG,GG,CC,GG,TT,CC,CC,TT,CC,AA,GG,AA,AA,TT,,,AA,CC,AA,GG,GG,AA,AA,GG,TC,CT,CC,CT,,,,,,AA,GG,CC,GA,AA,GG,,AA,CC,GG,GG,CC,,CC,CC,,CC,TT,GG,AA,CC,,,,,AA,CT,CA,CC,GG,CT,,AA,GG,GG,TC,AA,GG,AG,AA,CC,CC,,,CT,GG,GG,CC,GG,,GA,GG,TT,AA,AA,,,,,,TT,4G5G,AA,GG,TT,AA,GG,CC,AA,CC,,CC,AA,CT,CC,GT,GG,CC,GG,CT,GA,,,,,CC,CC,GG,CG,CC,AA,CT,,CC,TT,,GT,AG,CT,TT,TT,TT,TT,GG,,AA,AC,GT,CC,TT,AA,CC,TT,GA,GG,TT,TT,,,,,,,0.0,MA,02-1,Male,22.0,Caucasian,32.5,40.0,7.5,23.1,40.0,35.0,-5.0,-12.5,212.0,72.0,28.749,142.0,78.0,80.0,7.0,12.0,7.67,11.67,R,198.0,72.0,26.851,6.0,-0.11404239961249496,-3.229289579798024
MA-617,CC,ID,CC,AA,TT,GG,CG,GA,CG,CA,TT,,TC,AA,TT,CC,CC,AA,CC,TT,GG,CC,CC,TT,CC,GG,GG,GG,GG,GG,CC,AT,GG,GG,AG,GA,GG,,,GA,,GG,CC,AA,CT,CT,AG,GG,GG,AA,CC,,GG,CT,CC,TT,AC,,,GG,CC,GG,TT,CC,AG,CC,GG,AA,CC,CG,AG,CC,GA,TT,CC,TT,TT,CG,GG,GG,AA,AA,TT,,,TT,CT,AA,CG,GG,AA,AT,GG,TC,CT,CC,CC,GG,TT,CC,GG,AA,AA,GG,CC,GA,TA,GG,AA,AA,CC,GG,GG,CC,,TT,CT,,GG,TT,GG,,CA,GG,CG,,,TT,CC,CC,GC,GG,TT,,AG,GA,GG,TC,GG,GG,AA,GG,CG,CC,CC,GG,TT,AG,GG,CC,GG,GG,GG,GG,TT,AA,AA,,,,,,TC,4G5G,AA,GG,CT,AA,GG,CC,AG,CT,GG,CC,AG,CC,CC,GT,GG,CC,GA,CC,AA,,,,,CC,CC,GA,CC,CC,AA,CT,CC,CC,TT,,GT,AG,CC,GG,CC,GG,CC,GG,,AA,CC,TT,CC,TT,AA,TT,CT,GA,GA,,TT,,,,,,,0.0,MA,02-1,Female,23.0,Caucasian,10.0,22.5,12.5,125.0,10.0,15.0,5.0,50.0,165.0,63.5,28.767,120.0,86.0,70.0,26.67,35.33,27.67,34.67,R,160.0,64.0,27.461,25.33,0.6207914917763221,-1.5735725526967395
MA-618,CA,DD,TT,AA,TT,GG,CC,GG,GG,CA,TT,,TT,AA,TT,CC,CC,AA,CC,TT,GG,CT,CC,TT,CC,GG,GG,GG,GG,GG,CC,TT,GA,GG,AA,GG,GG,CC,GT,GA,,GG,CC,AA,CC,CC,GG,GG,GG,AA,CC,"-9, -9",AG,CC,TT,CC,CC,,TT,GG,CC,GG,TT,CC,AA,CC,GG,AA,TT,GG,GG,CG,GG,TT,CC,TT,TC,CC,GG,GG,AA,AA,TT,,,AT,CT,,GG,GG,AA,AA,GG,TT,CC,CC,CC,GG,TT,CC,GG,AA,AA,GG,CC,GG,AA,GG,AA,AA,CC,GG,GG,CC,,CC,TT,,GG,TT,GG,AA,CA,GG,CC,,,TT,CC,CA,CC,GG,CC,,AG,GA,GC,TC,GG,GG,AG,GA,CC,CC,CC,GG,TT,GG,GG,CT,GG,GG,GG,GA,TC,AC,AA,,,,,,TT,4G5G,AA,GG,CC,AA,GG,CC,GG,CC,GA,CC,AG,CC,CC,TT,GG,CC,GA,TT,AA,,,,,CC,CT,GA,CG,CG,AA,CT,TT,CC,TT,,GT,AG,CT,GT,TC,GT,CT,GG,,GG,AA,TT,CC,GG,GG,CC,CT,GA,GA,TC,TT,,,,,,,0.0,MA,02-1,Female,22.0,Caucasian,12.5,27.5,15.0,120.0,17.5,20.0,2.5,14.3,248.0,66.0,40.024,110.0,70.0,80.0,26.33,34.67,20.67,37.33,R,250.0,66.0,40.347,29.0,-1.2085891302245122,-1.6114693173072423
MA-619,CC,ID,TT,GG,CC,AA,CG,GA,CC,AA,TT,,CC,GG,,CC,TC,TA,CC,GT,AG,,CC,,,,,GG,GG,GA,,,,GA,,,GG,CC,GT,GA,,GG,CG,AA,CT,CC,AA,GA,GG,AA,,"-9, -9",AG,TT,TT,TT,CC,,TT,,,,,,,,,AA,CT,CG,AG,CC,GG,TT,CC,CC,TT,CG,GA,GG,AA,AA,TT,,,,TT,AG,GG,GA,AT,AT,GG,TT,,CC,CT,,,,,,AA,GG,CT,GG,TA,GA,AA,AA,CC,AA,GG,CT,,TC,CT,,CG,TT,GG,,CC,,,,,AA,CC,CA,GG,GG,CC,,GG,,GG,TC,GG,GG,AA,GA,CC,CT,,,CT,AG,GG,CT,GT,GG,GG,GG,TT,AA,AA,,,,,,TT,4G5G,AA,GG,CT,AA,GA,CG,AA,CC,,CT,AA,CT,CC,GT,GG,CC,AA,CT,GA,,,,,CC,CC,GG,GG,CC,AA,,CC,CC,TT,,,,CC,GG,CC,GG,CC,GG,,GG,AC,GT,CC,TT,AA,CT,TT,GG,GG,TT,TT,,,,,,,0.0,MA,02-1,Male,34.0,Asian,17.5,27.5,10.0,57.1,22.5,22.5,0.0,0.0,157.0,57.0,33.971,110.0,80.0,90.0,13.33,18.67,15.67,16.0,R,155.0,57.0,33.538,9.33,5.292154023229227,-3.5781609494621915
MA-620,CA,ID,CT,GA,TC,GA,CC,GG,CG,CA,TT,,TT,AG,GT,CC,CC,TA,CT,TT,GG,CC,CT,CT,CC,CG,GG,GT,GG,GG,CC,TT,GG,GG,AA,GG,GA,CT,GT,GG,,GG,CC,AA,CC,CC,GG,AA,GG,AA,CC,"-9, +9",AA,TT,TT,TT,AA,,TC,,,,TT,CC,AA,CC,GG,AA,TT,CG,AG,CG,GG,TC,CG,CT,TT,CC,GA,GG,GG,GG,CC,,,AA,CT,AA,GG,GG,AA,TT,GG,TT,CC,CC,CT,GG,TT,CC,GG,AA,AA,GG,CT,GG,AA,GG,AA,AA,CC,GG,GG,CT,,TC,CT,,CG,TT,GG,AA,CC,GG,CG,,,TA,CC,CC,GC,GG,CT,,AG,GA,GC,TT,AA,GG,GG,GA,CC,CT,CC,GG,CT,AG,GG,CT,TT,GG,GG,GG,TC,AC,AA,,,,,,TC,4G4G,AA,GG,CC,AA,AA,CC,GG,CC,GA,CC,AA,CC,CC,GG,GG,CC,GA,CC,GA,,,,,CC,CT,GG,CG,CG,AA,CT,CC,CC,TT,,TT,GG,CC,GT,TC,GT,CT,GG,,GA,AA,GG,CC,TT,AA,TT,CT,AA,GA,TC,TT,,,,,,,0.0,MA,02-1,Female,34.0,Caucasian,15.0,17.5,2.5,16.7,17.5,17.5,0.0,0.0,203.0,65.0,33.777,122.0,82.0,80.0,21.67,21.0,23.33,20.67,R,206.0,65.0,34.276,20.33,-2.7528596318792258,1.218485374256644
MA-621,CC,ID,CC,GG,CC,AA,CC,GG,CG,CC,TT,,TT,AA,GT,CC,TC,TA,CC,TT,GG,CT,CC,TT,CG,CG,GG,GG,GG,GG,CC,AT,GG,GA,AG,GA,GA,CT,GT,GG,,GG,CC,AA,CC,CC,GG,GG,GG,AA,CC,"-9, +9",AA,CT,TC,CT,AA,,TC,GG,CC,GG,TT,CC,AA,CC,GG,AA,TT,CG,AG,CC,GG,TT,CC,CC,TC,CC,GA,GG,AG,AG,TC,,,TT,TT,AA,GG,GA,AT,TT,GG,TT,CT,CC,CC,GG,TT,CC,GG,AA,AA,GG,CT,GG,TA,GA,AA,AA,CC,GA,GG,CC,,CC,CC,,CC,TT,GA,TT,CC,GG,GG,,,AA,TT,CA,GG,GG,CC,,AA,GA,GG,CC,AA,GG,AG,GA,CG,CT,CC,GG,CT,AG,GG,CT,GG,GG,GA,GG,TT,AA,AA,,,,,,CC,5G5G,AA,GG,CC,AA,GG,CC,,CC,GA,CC,AA,CT,CC,GG,GG,CC,GA,CT,AA,,,,,CC,CT,GA,CC,CG,AA,TT,CC,CC,TT,,GG,AA,CT,GT,TC,GT,CT,GG,,GA,AC,TT,CC,TT,AA,CT,CT,AA,GA,TC,TT,,,,,,,0.0,MA,02-1,Male,21.0,Caucasian,30.0,40.0,10.0,33.3,40.0,42.5,2.5,6.3,317.0,74.0,40.696,118.0,74.0,70.0,16.33,17.67,21.0,21.33,R,320.0,74.0,41.081,18.0,-1.1094325805403191,-2.001482895565695
MA-622,,ID,CT,,,,CG,GA,CC,CC,TT,,TT,AA,TT,CC,CC,AA,CC,TT,GG,CC,CC,TT,CC,GG,GG,GG,GG,GG,CC,TT,GG,GA,GG,GA,GA,CT,GT,GG,,GG,CC,AA,CC,CC,GG,GA,GG,AA,CC,,,,,,,,TT,GG,CC,GG,TT,CC,AA,CC,GG,GG,CC,CG,AG,CG,,TT,CC,,,CC,GA,GA,AG,AG,CC,,,AT,CC,AA,CG,GG,AA,AT,GG,,TT,CC,CT,GG,TT,CC,GG,AA,AA,GG,,GG,AA,GG,AA,AA,CC,GG,GG,,,CC,,,GG,TT,GG,AA,CC,GG,CG,,,AA,TT,,,GG,CC,,GG,GG,GG,TC,GG,GG,AA,GA,CC,CT,CC,GG,CT,AG,GG,CT,GG,GT,GA,GA,TC,AC,AA,,,,,,TC,5G5G,AA,GG,CC,AA,GA,CC,GG,CC,GA,CC,AA,CC,CC,GT,GC,CG,,TT,GA,,,,,CC,CC,GG,GG,CC,AA,CT,TT,CC,TT,,GG,AA,TT,,,GG,CC,GG,,GA,,,,,,CC,CT,GA,GA,TC,TT,,,,,,,0.0,MA,02-1,Male,21.0,Caucasian,22.5,30.0,7.5,33.3,25.0,27.5,2.5,10.0,132.0,68.0,20.068,108.0,72.0,70.0,5.0,9.67,6.0,8.0,R,132.0,68.0,20.068,3.67,-1.8314846783963663,-1.511478319186073
MA-623,CC,II,CT,GA,TC,GA,CC,GA,CG,AA,TC,,TT,AG,GT,CC,CC,AA,CC,TT,GG,CC,CC,TT,CC,GG,GG,GG,GG,GG,CC,TT,GG,GG,AA,GG,GG,CC,GT,GA,,GG,CC,AA,CC,CC,GG,GA,GG,AA,CC,"+9, +9",AG,CT,TT,CT,AA,,TT,GG,CC,GG,TT,CC,AA,CC,GG,AG,CT,CC,AG,CC,GG,TT,CC,CT,TC,CC,GG,GG,AA,AG,TC,,,AT,CT,AA,GG,GA,AT,TT,GG,TT,CT,CC,CC,GG,TT,CC,GG,AA,AA,GG,CT,GG,AA,GG,AA,AA,CC,GG,GG,CC,,CC,CC,,CC,TT,GG,AT,CC,GG,GG,,,TA,CT,CC,CC,GG,TT,,AG,GG,GG,TC,GG,GG,AG,GG,,CC,CC,GG,CT,GG,GG,CT,GT,GG,GG,GG,CC,CC,AA,,,,,,TT,4G5G,AA,GG,CC,AA,GA,CC,GG,CC,GG,CC,AG,CC,CC,GT,GC,CC,GG,TT,AA,,,,,CC,CC,GA,CC,CG,AA,TT,TT,CT,TT,,GT,AG,CC,GG,CC,GG,CC,GG,,GA,AA,GT,CT,GT,AG,CC,CT,GA,GA,TC,TT,,,,,,,0.0,MA,02-1,Male,28.0,Caucasian,27.5,40.0,12.5,45.5,30.0,27.5,-2.5,-8.3,195.0,73.0,25.724,112.0,86.0,80.0,9.67,13.33,9.0,12.0,R,195.0,73.0,25.724,7.0,-0.8396515621951433,-1.179787513811895
MA-624,CA,ID,TT,GG,TC,AA,CG,GG,GG,CC,TT,,TC,AA,TT,CC,CC,AA,CC,TT,GG,CC,CC,TT,CC,GG,GG,GG,GG,GG,CC,TT,GG,GG,AA,GG,GG,CC,GG,AA,,GG,CC,AA,CC,CC,GG,GG,GG,AA,CC,"-9, +9",GG,TT,TT,TT,AA,,TC,GG,CC,GG,TT,CC,,CC,GG,GG,CC,GG,AG,CG,GA,TT,CC,CC,TC,CC,GG,GA,AG,GG,CC,,,AT,CT,AG,CG,GG,AA,AA,GG,CC,CC,CC,CC,GG,TT,CC,GG,AA,AA,GG,CC,GG,AA,GG,AA,AA,CC,GG,GG,CC,,CC,CT,,CG,TT,GG,AT,CC,GG,GG,,,TA,CT,CA,GG,GC,CT,,AG,GG,GG,CC,GG,GG,AG,GA,CC,CC,CC,GG,CT,GG,GG,CT,TT,GG,GG,GG,TC,AC,AA,,,,,,TT,5G5G,AA,GG,CC,AA,GG,CC,GG,CC,GA,CC,AG,CT,CC,GT,GG,CC,GA,TT,AA,,,,,CC,CT,GG,CG,CG,AA,CT,CT,CC,TT,,GT,AG,CT,GT,TC,GT,CT,GG,,GA,AC,TT,CC,GT,AG,TT,TT,GG,GG,TC,TT,,,,,,,0.0,MA,02-1,Male,24.0,Caucasian,25.0,40.0,15.0,60.0,27.5,32.5,5.0,18.2,150.0,65.0,24.959,122.0,88.0,75.0,6.0,15.0,5.67,13.33,R,151.0,64.8,25.28,5.0,-2.015320475563326,-1.026602864614651
MA-625,CC,ID,CC,GG,CC,AA,CC,GG,CG,CC,TT,,TT,AG,,CC,CC,TA,CT,TT,GG,,CT,,,,,GT,GA,GG,,,,GG,,,GG,CC,GG,AA,,GG,CC,AA,CC,CC,GG,AA,GG,AA,,"-9, -9",GG,CT,TT,CT,AC,,CC,,,,,,,,,AG,CC,CG,AA,CC,GA,TT,CC,CC,TC,CC,GA,GG,AA,AA,TT,,,,CC,AA,CG,GG,AA,AA,GG,TC,,CC,CT,,,,,,AA,GG,CC,GA,AA,GG,AA,AA,CC,GG,GG,CT,,TC,TT,,GG,TT,GG,,CC,,,,,TA,CT,CA,GG,GG,CT,,AA,AA,GG,CC,GG,GG,GG,GA,CC,TT,,,CC,AA,GG,CT,GG,GG,GG,GA,TC,AC,AA,,,,,,TT,4G5G,AA,GG,CC,AA,AA,CC,GG,CC,,CC,AG,CC,,GT,GC,CC,GG,TT,GG,,,,,CC,CC,GG,CG,CG,AC,CT,CC,CC,TT,,,,CT,GG,CC,GG,CC,GG,,AA,AC,GT,CC,TT,AA,CT,CT,GG,GA,TC,TT,,,,,,,,,,,,,,,,,,,,,,,,,,,,,,,,,,,,-2.0337886710485655,0.1271102536986635
MA-626,CC,DD,CT,GA,TC,GA,CC,GG,CG,CA,TT,,TT,AG,GT,CC,CC,TA,CT,TT,GG,CC,CT,TT,CC,CG,GG,GT,GA,GG,CC,AT,GG,GG,AG,GA,GG,CC,GG,GA,,GG,CC,AA,CC,CC,GG,GG,GG,AA,CT,"-9, +9",AG,CT,TC,CT,AA,,TT,GG,CC,GG,TT,CC,AG,CC,GG,AA,CC,GG,AG,CC,GG,TT,CC,CT,TC,CC,GA,GA,GG,GG,CC,,,AT,TT,AA,GG,GA,AT,TT,GG,TT,CT,CC,CT,GG,TT,CC,GG,AA,AA,GG,CT,GA,TA,GA,AA,AA,CC,GA,GG,CT,,TC,CT,,CG,TT,GG,AA,CC,GC,GG,,,AA,CC,CC,GC,GG,CT,,AA,GG,GG,TC,GA,GG,AG,GA,CC,CC,CA,GG,TT,GG,GT,CC,GG,GG,GG,AA,CC,CC,AA,,,,,,TC,5G5G,AA,GG,CC,AA,GG,CC,GG,CC,GA,CC,AG,CC,CC,TT,GG,CC,GA,TT,AA,,,,,CC,CT,GA,CG,CG,AA,TT,CC,CT,TT,,GT,AG,CC,GG,CC,GG,CC,GG,,GA,AA,GT,CC,GT,AG,CC,CT,GA,GA,TC,TT,,,,,,,0.0,MA,02-1,Male,25.0,Caucasian,25.0,35.0,10.0,40.0,30.0,35.0,5.0,16.7,190.0,75.3,23.557,134.0,72.0,70.0,4.0,12.33,5.0,14.33,R,189.0,75.3,23.433,4.0,-1.1964373005531386,1.4960118793783737
MA-627,CC,II,CT,GA,TC,GA,CG,GG,CC,CA,TT,,TT,GG,,CC,TC,TT,CT,TT,GG,,CT,,,,,GT,GG,GA,,,,GA,,,GG,CC,TT,GA,,GG,GG,AA,CC,CC,AA,GG,GG,AA,,"+9, +9",AG,CT,TT,CT,AC,,TC,,,,,,,,,AG,CT,CG,AG,CG,GG,TT,CC,CT,CC,CG,AA,GA,GG,AG,TC,,,,CC,AA,GG,GG,AA,AA,GG,TT,,CC,CT,,,,,,AA,GG,CC,AA,TT,GA,AA,AA,CC,AA,GG,CT,,TC,CC,,CG,TT,GA,AT,CA,,,,,TT,CC,AA,GC,GG,CT,,AA,AA,GC,TC,GG,GG,AA,GA,CC,CC,,,CC,GG,GG,CC,GG,GT,GG,GG,TC,AC,AA,,,,,,TT,4G5G,AA,GG,CC,AA,GG,GG,AA,CC,,CT,AA,CT,CC,GT,GG,CC,GG,CT,,,,,,CC,CT,GG,CG,CG,AA,TT,CT,CT,TT,,,,CC,GG,CC,GG,CC,GG,,GA,AA,GG,CC,TT,AA,TT,TT,GA,GG,TT,TT,,,,,,,0.0,MA,02-1,Male,23.0,Asian,27.5,30.0,2.5,9.1,30.0,30.0,0.0,0.0,174.0,64.5,29.403,140.0,84.0,100.0,11.67,15.67,10.33,15.33,R,170.0,64.5,28.727,12.33,2.2396029442835887,0.4303978932806541
MA-628,CA,ID,TT,AA,TT,GG,CC,GA,CC,CC,TT,,TT,AG,GT,CC,CC,TA,CT,TT,GG,CC,CT,TT,CC,CG,GG,GT,GA,GG,CC,TT,GG,GG,AG,GG,GG,CC,GG,GA,,GG,CC,AA,CC,CC,GG,GG,GG,AA,CC,"-9, -9",AG,CT,TC,CT,AC,,TT,GG,CC,GG,TT,CC,AA,CC,GG,AA,CT,GG,GG,CG,GG,TT,CC,TT,TC,CC,GA,GG,AA,AA,TT,,,TT,TT,AA,GG,GG,AA,AA,GG,TC,CC,CC,CT,GG,TT,CC,GG,AA,AA,GG,CT,GG,TA,GG,AA,AA,CC,GG,GG,CC,,TC,CT,,CG,TT,GA,AT,CA,GG,CC,,,TA,CT,CA,GC,GG,CC,,AG,GA,GG,TC,AA,GG,AG,AA,CC,CC,CC,GG,CT,GG,GG,CC,GG,GT,GG,GG,TC,AC,AA,,,,,,CC,4G5G,AA,GG,CC,AA,GG,CC,GG,CC,GG,CT,AA,CC,CC,,,CC,GG,TT,GA,,,,,CC,CC,GG,CG,CC,AA,CT,CT,CC,TT,,GT,AG,CC,GG,CC,GG,CC,GG,,GA,AA,GG,CC,TT,AA,TT,TT,GG,GG,TT,TT,,,,,,,0.0,MA,02-1,Male,24.0,Caucasian,22.5,45.0,22.5,100.0,27.5,32.5,5.0,18.2,150.0,72.0,20.341,,,,2.33,6.0,3.0,4.0,R,150.0,72.0,20.341,3.0,-3.0153034037560427,-1.864197163499345
MA-629,CC,II,CT,GA,TC,GA,CG,GA,CG,CA,TT,,TT,GG,GG,CC,CC,TT,TT,TT,GG,CC,TT,CT,CC,CC,GG,TT,GA,GG,CC,AT,GG,GG,AG,GG,GG,CC,GT,GG,,GG,CC,AA,CC,CC,GG,GG,GG,AA,CC,"-9, -9",AG,CT,TT,TT,AC,,TT,GG,CC,GG,TT,CC,AG,CC,GG,AG,CC,GG,GG,CC,GG,TT,CC,CT,TC,CC,GG,GG,AG,AA,TC,,,AT,CT,AA,GG,GG,AA,TT,GG,TT,CT,CC,CC,GG,TT,CC,GG,AA,AA,GG,CT,AA,AA,GG,AA,AA,CC,GG,GG,CC,,CC,CT,,CG,TT,GG,AA,CC,GG,CC,,,TA,CT,CA,GG,GG,CT,,AA,,GG,TC,GG,GG,AG,GG,CG,CT,CC,GG,CT,AG,GG,CC,GT,GG,GG,GA,TC,AC,AA,,,,,,CC,4G5G,AA,GG,CC,AA,GG,CC,GG,CC,GA,CC,AG,CT,CG,TT,GC,CC,AA,TT,GA,,,,,CC,CT,GG,CG,CG,AA,TT,CT,CT,TT,,GT,AG,CC,GG,CC,GG,CC,GG,,AA,AC,GT,CC,TT,AA,TT,CT,GA,GA,TC,TG,,,,,,,0.0,MA,02-1,Male,21.0,Caucasian,30.0,37.5,7.5,25.0,32.5,30.0,-2.5,-7.7,232.0,67.0,36.332,,,,14.67,23.67,12.67,22.67,R,236.0,67.0,36.959,20.67,-2.9241591662856115,3.1698296222439883
MA-630,CC,II,CC,GG,CC,AA,CG,GA,CG,CA,TT,,TT,AG,GT,CC,CC,TA,CT,TT,GG,CC,CT,TT,CC,CG,GG,GT,GA,GG,CC,TT,GG,GG,AA,GG,GG,CC,GT,GA,,GG,CC,AA,CC,CC,GG,GG,GG,AA,CC,"-9, +9",AG,CT,TT,TT,AA,,TT,GG,CC,GG,TT,CC,AA,CC,GG,GG,CC,GG,GG,CC,GA,TT,CC,CC,CC,CC,GG,GG,GG,AA,CC,,,AA,CT,AA,GG,GG,AA,TT,GG,TT,TT,CC,CC,GG,TT,CC,GG,AA,AA,GG,TT,GG,TA,GG,AA,AA,CC,GG,GG,TT,,TT,CT,,CG,TT,GG,AA,CC,GG,CG,,,AA,TT,CA,GG,GG,CT,,AA,GA,GG,CC,GG,GG,AG,GA,CC,CC,CC,GG,CT,GG,GG,CC,GT,GG,GG,GA,TC,AC,AA,,,,,,CC,4G5G,AA,GG,CC,AA,GG,CC,GG,CC,GA,CC,AG,CT,CC,TT,GG,CC,AA,CT,AA,,,,,CC,CC,GA,CG,CG,AA,TT,CT,CC,TT,,GG,AA,CC,GG,CC,GG,CC,GG,,GA,AA,GT,CC,TT,AA,CT,CC,GG,AA,CC,TG,,,,,,,0.0,MA,02-1,Male,20.0,Caucasian,32.5,37.5,5.0,15.4,35.0,35.0,0.0,0.0,170.0,68.0,25.846,,,,6.67,15.67,7.33,17.0,R,171.0,68.0,25.998,6.67,-0.9876437115922477,0.7613791798349973
MA-631,CA,DD,CT,GA,TC,GA,GG,GG,CC,CA,TT,,TT,AG,GT,CC,CC,TA,CT,TT,GG,CC,CT,TT,CC,CG,GG,GT,GA,GG,CC,TT,GA,GG,AG,GG,GG,CC,GG,GA,,GG,CC,AA,CC,CC,GG,GG,GG,AA,,"-9, +9",AG,TT,TC,TT,AC,,TC,,,,,,,,,AG,CC,CG,AG,CC,GG,TT,CC,CT,TC,CG,AA,GG,AG,AG,CC,,,AA,TT,AA,CG,GG,AA,TT,GG,TT,CT,CC,CC,,,,,,AA,GG,CT,GG,AA,GG,AA,AA,CC,GG,GG,CC,,CC,CC,,CG,TT,,AT,CC,,,,,TT,CC,AA,GG,GC,CT,,AG,GA,GC,TT,GG,GG,AG,AA,CC,CT,,,TT,AG,GG,CC,GG,GT,GG,GA,TC,AC,AA,,,,,,CC,4G5G,AA,GG,CC,AA,GG,CC,GG,CC,,CC,AA,CC,CC,GT,GG,CC,GG,CT,AA,,,,,CC,CT,GA,CC,CG,AA,TT,CT,CT,TT,,GT,AG,CC,GG,CC,GG,CC,GG,,GA,AC,TT,CC,TT,AA,CC,CT,GA,GA,TC,TT,,,,,,,0.0,MA,02-1,Female,22.0,Caucasian,12.5,17.5,5.0,40.0,12.5,12.5,0.0,0.0,151.0,63.0,26.746,,,,13.67,25.67,15.67,27.67,R,145.0,63.0,25.683,15.0,-3.100334017867818,0.08031453570882631
MA-632,,II,CT,GA,TC,GA,CC,GA,CG,CC,TT,,TC,AA,TT,CC,CC,AA,CC,TT,GG,CC,CC,TT,CC,GG,GG,GG,GG,GG,CC,TT,GG,GG,AG,GG,GA,CT,GG,GA,,GG,CC,AA,CT,CC,AG,GA,GG,AA,,,,TT,,TT,,,TT,,,,,,,,,GG,CC,CG,AG,CC,GG,TT,CC,CT,,CC,GG,GA,AA,AA,TT,,,AT,TT,AA,GG,GG,AA,AT,GG,,TT,CC,CC,,,,,,AA,GG,,GG,TA,GA,AA,AA,CC,GA,GG,,,TC,,,CC,TT,GG,AA,CA,,,,,TA,CC,,GG,GC,TT,,AA,AA,GG,CC,GG,GG,AG,GA,CG,CC,,,CC,GG,GG,CT,GG,GT,GG,GA,TC,AC,AA,,,,,,TC,5G5G,AA,GG,CT,AA,GA,CC,AG,CC,,CC,AG,CT,CG,TT,GG,CC,,TT,GA,,,,,CC,CC,GG,CG,CC,AA,TT,CT,CC,TT,,GT,AG,CT,,,GT,CT,GG,,AA,,GT,CC,,,CC,CT,AA,GA,TC,TT,,,,,,,0.0,MA,02-1,Female,33.0,Caucasian,15.0,20.0,5.0,33.3,15.0,12.5,-2.5,-16.7,187.0,63.5,32.602,112.0,82.0,70.0,20.67,19.33,17.67,22.67,R,185.0,63.5,32.254,20.0,-0.9331649533439981,-0.37850356269579316
MA-633,CC,ID,CT,GA,TC,GA,CG,GA,CG,CC,TC,,TC,AG,,CC,TC,TA,CC,GT,AG,,CC,,,,,GT,GG,GA,,,,GG,,,GA,CT,GT,GG,,GG,CC,AA,CC,CT,GG,GG,GG,AA,,"+9, +9",GG,CT,CC,TT,AC,,TT,,,,,,,,,AG,CC,CC,AA,CC,GG,TT,CC,CT,TT,CC,GG,GG,AG,AG,TC,,,,CC,AA,CG,GG,AA,AA,GG,TT,,CC,CC,,,,,,AA,GG,TT,GG,AA,GG,AA,AA,CC,GG,GG,CC,,TC,CC,,CC,TT,GA,AT,CC,,,,,AA,CT,CC,GG,GG,CT,,AG,GA,GG,TC,GG,GG,AG,GA,CC,CC,,,CC,GG,GT,CT,GT,GT,GA,GG,TC,AC,AA,,,,,,TT,5G5G,AA,GG,CC,AA,GG,CC,GG,CT,,CC,AA,CC,CC,TT,GC,CC,GG,CT,GA,,,,,CT,CC,GG,CG,CC,AA,CC,CT,CC,TT,,,,CT,GT,TC,GT,CT,GG,,GG,AC,TT,CC,GT,AG,CC,CT,GA,GA,TC,TT,,,,,,,0.0,MA,02-1,Male,26.0,Asian,20.0,27.5,7.5,37.5,20.0,25.0,5.0,25.0,146.0,71.0,20.361,138.0,82.0,100.0,5.67,8.33,6.0,10.33,R,140.0,71.0,19.524,5.67,1.1795935735047232,-0.7212200404913748
MA-634,CC,ID,CT,GA,TC,GA,CC,GA,CC,CC,TT,,TT,AG,GT,CC,TC,TA,CT,TT,GG,CC,CT,TT,CC,GG,GG,GT,GA,GG,CC,TT,GG,GG,AG,GG,GG,CC,GT,GG,,GG,CC,AA,CC,CC,GG,,GG,AA,,"-9, +9",AG,CT,TT,TT,AA,,TC,,,,,,,,,AG,CC,GG,GG,CC,GG,TC,CG,CT,TC,CC,GA,,,AA,TC,,,AT,CC,AA,CG,GA,AT,AT,GG,TC,CC,CC,CC,,,,,,AA,GA,CC,GG,AA,GG,AA,AA,CC,GG,GG,CC,,CC,CC,,,TT,,AT,,,,,,TT,CC,CA,GG,GG,CT,,,GA,GG,TC,GA,GG,AG,AA,CC,CC,,,CT,GG,GG,CC,GT,GG,GA,GG,TC,AC,AA,,,,,,TC,4G4G,AA,GG,CC,AA,,CC,GG,CC,,CT,AA,,CC,GG,GG,CC,GA,TT,AA,,,,,CC,CT,GA,CG,CG,AA,,CC,CC,TT,,GG,AA,CT,GG,CC,GG,CC,GG,,GA,AA,GG,CC,TT,AA,,CT,AA,GA,TC,TT,,,,,,,0.0,MA,02-1,Female,23.0,Caucasian,12.5,22.5,10.0,80.0,12.5,15.0,2.5,20.0,164.0,67.0,25.683,102.0,79.0,86.0,12.0,24.0,12.33,23.0,R,169.0,67.0,26.466,19.0,-2.007865781976763,0.9158641334781016
MA-635,CA,DD,CC,GA,CC,GA,CC,GA,CC,CA,TC,,TT,AA,TT,,CC,AA,CT,TT,GG,CT,CT,TT,CG,GG,GG,GG,GG,GG,CC,TT,GG,GG,AA,GG,GG,CC,GT,GA,,GG,CC,AA,CT,CT,AG,,GG,AA,CC,"+9, +9",GG,TT,TT,CT,AC,,TC,,,,TT,CC,,CC,,AA,CT,GG,GG,CC,GG,TT,CC,CT,CC,GG,AA,AA,GG,AG,TC,,,TT,CT,AA,GG,GG,,TT,GG,TT,CC,CC,CT,GG,TT,CC,GG,AA,AA,GG,CT,GG,TA,,AA,AA,CC,GG,GG,CT,,TT,TT,,,TT,GG,AA,CA,GG,GG,,,TA,,CA,GC,GG,CT,,AG,GA,GG,TC,GG,GG,AA,GA,CC,CC,CC,GG,CT,GG,GG,CC,GT,GG,GG,GA,TC,AC,AA,,,,,,TC,4G5G,AA,GG,CT,AA,,CC,AG,CT,GA,CT,AA,TT,CG,GG,GG,CC,GG,CT,AA,,,,,CC,CC,GG,GG,CC,AA,CT,CT,CC,TT,,GG,AA,CT,GG,CC,GG,CC,GA,,GA,AA,GG,CC,TT,AA,,CT,GA,GA,TT,TT,,,,,,,0.0,MA,02-1,Female,22.0,Caucasian,12.5,22.5,10.0,80.0,10.0,15.0,5.0,50.0,144.0,67.2,22.417,118.0,70.0,80.0,17.0,13.67,12.0,20.0,R,146.0,67.5,22.527,9.0,0.56843406346596,-2.2516361991482743
MA-636,CC,DD,CC,GG,CC,AA,CG,GA,CG,CC,TT,,TT,AG,GT,CC,TC,TA,CC,GT,AG,CT,CC,TT,CG,CG,GG,GG,GG,GA,CC,AA,GG,GA,GG,AA,GA,CT,GG,GA,,GG,CC,AA,CT,CC,AG,GA,GG,AA,,"-9, +9",GG,CT,CC,CT,AA,,TT,,,,,,,,,AA,CT,CG,GG,CC,AA,TT,CC,CC,TC,CC,GG,GG,AG,AA,TT,,,AT,CT,AA,GG,GG,AA,AA,GG,TT,TT,CC,CC,,,,,,AA,GG,CT,GG,AA,GG,AA,AA,CC,GG,GG,CC,,CC,CC,,CC,TT,GA,AT,CC,,,,,TA,CT,CA,CC,GG,CT,,AA,GA,GG,TC,GG,GG,AA,GA,CC,CC,,,CC,GG,GG,CC,GT,GG,GG,GG,TC,AC,AA,,,,,,TC,5G5G,AA,GG,CT,AA,GA,CC,,CC,,CC,AA,CT,CC,GT,GC,CC,GG,CT,AA,,,,,CC,CC,GG,CG,CC,AA,TT,CT,CC,TT,,GT,AG,CC,GG,CC,GG,CC,GG,,GG,AA,GT,CC,GT,AG,CT,TT,AA,GA,TT,TT,,,,,,,0.0,MA,02-1,Female,23.0,Caucasian,12.5,17.5,5.0,40.0,12.5,12.5,0.0,0.0,123.0,62.0,22.495,130.0,82.0,70.0,14.0,22.67,13.0,23.0,R,122.0,62.5,21.956,14.0,1.4333851908680382,-4.115080170796855
MA-637,,,,,,,,,,,,,CC,GG,,CC,TT,TT,CC,GG,AA,,CC,,,,,GG,GG,AA,,,,AA,,,,,,,,,,,,,,,,,,,,,,,,,,,,,,,,,,,,,,,,,,,,,,,,,,,,,,,,,,,,,,,,,,,,,,,,,,,,,,,,,,,,,,,,,,,,,,,,,,,,,,,,,,,,,,,,,,,,,,,,,,,,,,,,,,,,,,,,,,,,,,,,,,,,,,,,,,,,,,,,,,,,,,,,,,,,,,,,,,,,,,,,,,,,,,,,,,,,,,,,,,,,,,,,,,,,,,,,,,,,,4.6145395580621615,-3.4803809193014774
MA-638,,,,,,,,,,,,,TC,AG,,CC,TC,TA,CC,GT,AG,,CC,,,,,GG,GG,GA,,,,GA,,,,,,,,,,,,,,,,,,,,,,,,,,,,,,,,,,,,,,,,,,,,,,,,,,,,,,,,,,,,,,,,,,,,,,,,,,,,,,,,,,,,,,,,,,,,,,,,,,,,,,,,,,,,,,,,,,,,,,,,,,,,,,,,,,,,,,,,,,,,,,,,,,,,,,,,,,,,,,,,,,,,,,,,,,,,,,,,,,,,,,,,,,,,,,,,,,,,,,,,,,,,,,,,,,,,,,,,,,,,,1.7241045522970209,-2.024339422135686
MA-639,CC,ID,CT,GA,TC,GA,,,,CC,TT,,TC,GG,,CC,TT,TT,CC,GG,AA,,CC,,,,,GG,GG,AA,,,,GA,,,GG,CC,GG,AA,,GA,CC,AA,CC,CT,GG,GA,GA,AA,,"-9, -9",,,,,CC,,TC,,,,,,,,,AA,CT,GG,GG,CC,GG,TT,CC,CT,TC,CG,GA,GG,AA,AA,TT,,,,CC,AA,GG,GA,AT,AA,GG,TT,,CC,CT,,,,,,AA,GG,CT,GG,TA,GG,AT,AT,CA,GA,GA,CC,,CC,TT,,GG,TT,GG,AT,CC,,,,,TT,CC,CA,GC,GG,CC,,,,GG,TT,GG,GG,AA,AA,CC,CT,,,CC,AG,GG,CC,GG,GT,GG,GA,TC,AC,AA,,,,,,TC,4G5G,AA,GA,CC,AA,GA,CC,GG,CT,,TT,AA,CT,CC,,,CG,AA,TT,AA,,,,,CC,CC,GA,CC,CG,AA,CT,TT,CC,TT,,,,CC,GG,CC,GG,CC,GG,,GG,,,,,,CC,TT,GA,GG,TT,TT,,,,,,,0.0,MA,02-1,Female,18.0,Asian,12.5,20.0,7.5,60.0,12.5,15.0,2.5,20.0,123.0,60.0,24.019,130.0,94.0,100.0,17.33,22.67,18.0,23.0,R,126.0,59.0,25.446,12.0,10.9852428837931,-2.0305271619133456
MA-640,CC,ID,CT,GA,TC,GA,CG,GA,CG,CC,TT,,TT,AG,GT,CC,CC,TA,CT,TT,GG,CC,CT,CT,CC,CG,GG,GT,GG,GG,TC,TT,GA,GA,AG,GA,GG,CC,GT,GA,,GG,CC,AA,CC,CC,GG,GA,GG,AA,,"-9, +9",AA,TT,TC,TT,AA,,TC,,,,,,,,,AG,CT,GG,GG,CC,GG,TT,CC,CT,CC,CG,GG,GA,AA,AA,TT,,,AT,CC,AA,GG,GG,AA,AT,GG,CC,CC,CC,CC,,,,,,AA,GG,CT,GA,AA,GG,AT,AA,CC,GG,GG,CC,,CC,CT,,CG,TT,GG,AA,CA,,,,,AA,CC,CA,CC,GG,CC,,AA,AA,GC,TC,GG,GA,AG,AA,CC,CT,,,CT,AG,GG,CT,GT,GG,GG,GA,TC,AC,AA,,,,,,TC,4G5G,AA,GG,CC,AA,GA,,GG,CC,,CC,AA,CT,CC,GT,GG,CG,GA,CT,AA,,,,,CC,CC,GG,CG,CG,AC,TT,TT,CC,TT,,GG,AA,CT,GG,CC,GG,CC,GG,,AA,AC,GT,CC,TT,AA,CC,TT,GG,GG,TT,TT,,,,,,,0.0,MA,02-1,Female,20.0,Caucasian,15.0,22.5,7.5,50.0,15.0,15.0,0.0,0.0,161.0,59.5,31.97,132.0,78.0,80.0,15.67,34.33,25.33,33.67,R,166.0,59.7,32.743,29.0,-2.177626679970837,0.7663297965987368
MA-641,CA,ID,CT,GA,TC,GA,CC,GA,CC,CC,TT,,TT,AA,GT,CC,CC,AA,CC,TT,GG,CT,CC,TT,CG,CG,GG,GG,GG,GG,CC,TT,GG,GA,AA,GG,GG,CC,GG,GA,,GG,CC,AA,CT,CC,AG,GG,GG,AA,CC,"-9, +9",GG,TT,TC,TT,AC,,TC,GG,CC,GG,TT,CC,,CC,GG,AG,CT,GG,GG,CC,GG,TT,CC,CT,CC,CC,GA,GG,AG,AG,TC,,,,CT,AA,GG,GG,AA,AT,GG,TT,CC,CC,CT,GG,TT,CC,GG,AA,AA,GG,CC,GG,AA,GG,AA,AA,CC,GG,GG,CC,,CC,TT,,GG,TT,GG,AA,CA,GG,CG,,,AA,CT,AA,GC,GG,CC,,AA,GA,GG,CC,GG,GG,AG,GG,CC,CT,CA,GG,CT,AG,GT,CC,GT,GG,GG,GG,CC,CC,AA,,,,,,TC,5G5G,AA,GG,CT,AA,GG,CC,AG,CC,GA,CC,AA,CC,CG,TT,GC,CC,GA,TT,AA,,,,,CC,CT,GA,CG,CG,AA,TT,CC,CC,TT,,GG,AA,CC,GG,CC,GG,CC,GA,,AA,AC,GT,CC,TT,AA,CC,CT,GA,GA,TC,TT,,,,,,,0.0,MA,02-1,Male,25.0,Caucasian,30.0,50.0,20.0,66.7,32.5,40.0,7.5,23.1,203.0,69.5,29.545,126.0,82.0,70.0,6.67,7.33,8.0,8.0,L,206.0,69.5,29.981,8.0,-1.3319617197565738,-2.729205593860032
MA-642,CC,II,TT,AA,TT,GG,CC,AA,CC,CC,TT,,TT,AG,,CC,CC,TA,CT,TT,GG,,CT,,,,,GT,GG,GG,,,,GA,,,GG,CC,TT,GG,,GG,CC,AA,CT,CC,AG,GG,GG,AA,,"-9, -9",GG,TT,TT,TT,AC,,CC,,,,,,,,,AA,CC,GG,GG,CC,GG,TT,CC,TT,TC,CC,GG,GA,AG,AA,TC,,,,CT,AA,GG,GG,AA,AT,GG,TC,,CC,CC,,,,,,AA,GG,CC,GG,AA,GG,AA,AA,CC,GG,GG,CT,,TC,CC,,CC,TT,AA,AA,CA,,,,,TA,CC,AA,GC,GG,CT,,AG,GG,GG,TC,GG,GG,AA,GA,CC,CC,,,TT,GG,GG,CT,GG,GG,GG,GG,TC,AC,AA,,,,,,,5G5G,AA,GG,CT,AA,GG,CC,AG,CC,,CT,AA,CC,CG,GG,GG,CG,GG,CT,GA,,,,,CC,CC,GG,CG,CC,AA,CT,TT,CC,TT,,,,CC,GG,CC,GG,CC,GG,,AA,AC,TT,CC,GT,AG,CC,TT,GA,GG,TT,TT,,,,,,,0.0,MA,02-1,Male,30.0,Hispanic,27.5,35.0,7.5,27.3,30.0,30.0,0.0,0.0,173.0,66.5,27.502,122.0,82.0,80.0,6.33,12.33,6.0,13.67,R,174.0,67.0,27.249,3.0,-1.3590835370035683,-0.93586859182114
MA-643,CC,DD,TT,AA,TT,GG,CC,GG,CG,CC,TT,,TT,AA,TT,CC,CC,TA,CC,TT,GG,CC,CC,TT,CC,GG,GG,GG,GG,GG,CC,TT,GG,GG,AA,GG,GA,CT,GT,GG,,GG,CC,AA,CC,CC,GG,GA,GG,AA,,"-9, +9",GG,CT,TT,CT,CC,,TC,,,,,,,,,GG,CC,CG,AG,CG,GG,TC,CG,TT,TC,CC,GA,GG,GG,GG,CC,,,AT,CC,AA,CG,GG,AA,AT,GG,TC,CC,CC,CC,,,,,,AA,GG,CT,GG,AA,GG,AA,AA,CC,GG,GG,CC,,CC,CC,,CG,TT,GG,AT,CC,,,,,TA,CC,CA,GG,GG,CT,,AA,,GG,CC,GG,GG,AA,AA,CC,CC,,,CT,GG,GG,CC,GG,GT,GG,GG,TT,AA,AA,,,,,,TT,5G5G,AA,GG,CC,AA,GA,CC,GG,CC,,CC,AG,CC,CC,GT,GG,CC,GA,CT,AA,,,,,CC,CT,GA,CG,CG,AA,TT,CT,CC,TT,,GG,AA,CT,GG,CC,GG,CC,GG,,GG,AA,GT,CC,GG,GG,TT,CT,GA,GA,TC,TT,,,,,,,0.0,MA,02-1,Male,24.0,Caucasian,25.0,37.5,12.5,50.0,25.0,27.5,2.5,10.0,152.0,68.5,22.773,118.0,78.0,80.0,4.0,7.0,4.0,8.0,R,153.0,68.5,22.923,4.0,-1.0013790654813406,-0.4482194146547067
MA-644,CC,II,,GA,TC,GA,GG,GA,CG,CC,TT,,TT,AG,GT,CC,TC,TA,CC,GT,AG,CT,CC,TT,CG,CG,GG,GG,GG,GA,CC,AT,GG,GA,AG,GA,GG,CC,GT,GA,,GG,CC,AA,CC,CC,GG,GG,GG,AA,,"-9, +9",GG,TT,TC,CT,AC,,TT,,,,,,,,,AA,CT,GG,GG,CC,GG,TT,CC,CT,TC,CC,GG,GG,GG,GG,CC,,,AA,CT,AA,GG,GG,AA,AA,GG,TC,CT,CC,CC,,,,,,AA,GG,CT,GG,TA,GG,AA,AA,CC,GA,GG,CC,,CC,CC,,CC,TT,GG,AA,CC,,,,,AA,CT,CA,GC,GG,CC,,AG,GA,GC,TT,GG,GG,AA,AA,CC,CC,,,CC,GG,GG,CT,GG,GT,GG,GA,CC,CC,AA,,,,,,TT,4G4G,AA,GG,CC,AA,GG,CC,GG,CC,,CC,AA,CT,CC,GT,GC,CC,GG,CT,AA,,,,,CC,CT,GA,CG,CG,AA,TT,CC,,TT,,GG,AA,CT,GT,TC,GT,CT,GA,,GG,AA,GT,CC,TT,AA,TT,TT,GG,GG,TT,TT,,,,,,,0.0,MA,02-1,Female,20.0,Caucasian,12.5,17.5,5.0,40.0,12.5,12.5,0.0,0.0,151.0,66.5,24.004,132.0,72.0,80.0,14.0,22.67,13.33,15.33,R,152.0,66.5,24.163,15.0,1.2551973914535115,-2.9590621184970223
MA-645,AA,II,TT,AA,TT,GG,CG,AA,CC,CA,TT,,TC,GG,,CC,TC,TT,CT,GT,AG,,CT,,,,,GT,GG,GA,,,,GA,,,GA,CT,GT,GG,,GG,CG,AA,CC,CC,AG,GG,GG,AA,,"-9, -9",AG,TT,TT,TT,AA,,TT,,,,,,,,,GG,CC,CG,AG,CC,GG,TT,CC,TT,CC,CG,GG,GG,AG,AG,TC,,,,CT,AA,CG,GG,AA,AA,GG,TC,,CG,CC,,,,,,AA,GG,CC,GA,AA,GG,AA,AA,CC,GG,GG,CC,,CC,TT,,GG,TT,GG,TT,CC,,,,,TT,CC,CA,GG,GG,CC,,AA,AA,CC,TT,GG,GG,AA,GA,CC,CT,,,CC,AG,GT,CC,GT,GG,GG,GA,CC,CC,AA,,,,,,TT,4G5G,AA,GG,CC,AA,GG,CG,AG,CC,,CC,AA,CC,CC,GT,GG,CC,AA,TT,GA,,,,,CC,CT,GA,CC,CG,AA,CT,CC,CC,TT,,,,CC,GT,TC,GT,TT,GG,,GG,AC,TT,CT,GT,AG,CC,CT,GG,AA,TC,TT,,,,,,,0.0,MA,02-1,Male,23.0,Asian,17.5,27.5,10.0,57.1,20.0,20.0,0.0,0.0,153.0,64.7,25.694,150.0,74.0,90.0,12.33,18.67,14.67,18.33,R,159.0,64.7,26.702,3.0,2.925492174621382,0.58017572924399
MA-646,CA,DD,TT,AA,TT,GG,CC,GA,CG,CC,TT,,TT,AG,GT,CC,CC,TA,CT,TT,GG,CC,CT,CT,CC,CG,GG,GT,GG,GG,TC,AT,GG,GA,AG,GA,GG,CC,TT,GG,,GG,CC,AA,CC,CC,GG,GA,GG,AA,CC,"-9, +9",AG,CC,TT,CT,AC,,TC,GG,CC,GG,TT,CC,AA,CC,GG,AG,CC,GG,GG,CC,GG,TT,CC,TT,CC,CG,GG,GG,AG,AG,TC,,,AA,CT,AA,GG,GG,AA,AT,GG,TT,CT,CC,CT,GG,TT,CC,GG,AA,AA,GG,CC,GG,AA,GG,AA,AA,CC,GG,GG,CC,,CC,CT,,CG,TT,GG,AT,CC,GG,GG,,,TA,CC,CC,GC,GG,CC,,AA,GA,GG,CC,GG,GG,AA,GA,CG,CC,CC,GG,CT,GG,GG,CC,GG,TT,GG,GG,TC,AC,AA,,,,,,TC,4G5G,AA,GG,CC,AA,GA,CC,GG,CC,GA,CC,AA,CC,CC,GT,GG,CC,GA,CT,AA,,,,,CC,CC,GA,CC,CG,AA,CT,CT,CC,TT,,GG,AA,CC,GG,CC,GG,CC,GA,,GA,AA,GT,CC,GT,AG,TT,TT,GG,GG,TT,TT,,,,,,,0.0,MA,02-1,Female,19.0,Caucasian,12.5,17.5,5.0,40.0,15.0,17.5,2.5,16.7,137.0,67.5,21.138,120.0,80.0,80.0,10.33,15.67,11.67,13.67,R,133.0,67.5,20.521,13.0,-2.2023448997467447,-1.2439297456888256
MA-647,CC,II,CC,GG,CC,AA,CC,AA,CC,CC,TT,,TT,GG,,CC,TT,TT,CC,GG,AA,,CC,,,,,GG,GG,AA,,,,GG,,,GG,CC,GT,GA,,GG,CC,AA,CC,CT,GG,GG,GG,AA,CC,"-9, -9",AG,CT,TC,CT,CC,,TC,,,,,,,,,AA,CT,GG,GG,CC,GA,TT,CC,CC,TC,CG,GG,GG,AA,AA,TT,,,,TT,GG,GG,GG,AA,AT,GG,TT,,CC,CC,GG,TT,CC,GG,AA,AA,GG,CT,GG,TA,GA,AA,AA,CC,GA,GG,TT,,TT,CT,,CG,TT,GG,AT,CC,CC,GG,,,TT,CC,CA,GG,GG,TT,,GG,GG,GG,TT,GG,GG,AA,GA,CC,CC,CC,GT,CT,GG,GG,CC,TT,GG,GA,GG,TT,AA,AA,,,,,,TT,4G5G,AA,GG,CC,AA,GG,CC,GG,CT,GA,CC,AA,CT,CC,GT,GC,CC,GA,CC,GA,,,,,CC,CC,GG,CC,CG,AC,TT,TT,CC,TT,,,,CC,GT,TC,GT,CT,GG,,GG,AA,GT,CT,GT,AG,,TT,GA,GG,TT,TT,,,,,,,0.0,MA,02-1,Male,19.0,Asian,12.5,22.5,10.0,80.0,15.0,17.5,2.5,16.7,145.0,71.0,20.221,122.0,74.0,80.0,5.0,10.0,7.33,11.33,R,143.0,71.0,19.942,5.67,9.268787869129662,-3.345476513807071
MA-648,CA,ID,TT,AA,TT,GG,CC,GA,CG,CA,TT,,TT,AA,TT,CC,CC,AA,CC,TT,GG,CC,CC,TT,CC,GG,GG,GG,GG,GG,CC,TT,GG,GG,AA,GG,GG,CC,TT,GG,,GG,CC,AA,CC,CC,GG,GA,GG,AA,CC,"-9, -9",AG,CC,TC,CC,AA,,TC,GG,CC,GG,TT,CC,AA,CC,GG,AG,TT,CG,GG,CC,GA,TT,CC,TT,TT,CC,GG,GG,AG,AG,TC,,,AT,CT,AA,CG,,AA,TT,GG,TT,TT,CC,CC,GG,TT,CC,GG,AA,AA,GG,CC,GA,AA,GG,AA,AA,CC,GG,GG,CC,,TC,CC,,CG,TT,AA,AT,,GG,CG,,,AA,TT,CC,GG,GG,CC,,AA,AA,GC,TC,GG,GG,AA,GA,CC,CC,CC,GG,CT,GG,GG,CC,GT,GT,GA,GG,TC,AC,AA,,,,,,TC,4G5G,AA,GG,CC,AA,GA,CC,GG,CC,GG,CT,AA,CT,CC,TT,GG,CG,GG,TT,AA,,,,,CC,CT,GA,CC,CG,AA,CT,TT,CC,TT,,GT,AG,CC,GG,CC,GG,CC,GG,,GA,AC,GT,CC,TT,AA,CC,CT,GA,GA,TC,TT,,,,,,,0.0,MA,02-1,Male,19.0,Caucasian,27.5,42.5,15.0,54.5,35.0,37.5,2.5,7.1,308.0,70.5,43.564,150.0,88.0,90.0,20.67,24.67,21.33,26.33,R,312.0,71.5,42.904,23.0,-2.413240984735717,-1.6244905267611094
MA-649,CC,DD,CC,GG,CC,AA,CC,GG,GG,AA,TC,,TT,AG,GT,CC,CC,TA,CT,TT,GG,CC,CT,TT,CC,CG,GG,GT,GA,GG,CC,TT,GA,GG,AG,GG,GG,CC,TT,GG,,GG,CC,AA,CC,CC,GG,GA,GG,AA,CC,"-9, +9",AG,TT,TT,CT,AA,,TC,GG,CC,GG,TT,CC,AA,CC,GG,GG,CC,CG,AG,GG,GG,TT,CC,CC,CC,CC,GG,GA,AG,AA,TC,,,AT,CC,AA,CG,GG,AA,AT,GG,TT,CC,CC,CC,GG,TT,CC,GG,AA,AA,GG,CT,GG,AA,GG,AA,AA,CC,GG,GG,CT,,TT,CC,,CC,TT,GA,TT,CC,GG,CC,,,AA,CT,CA,GG,GG,CC,,AA,AA,GG,CC,GG,GG,AA,GA,CG,CC,CA,GG,CC,GG,GT,CC,GG,,AA,GG,TT,AA,AA,,,,,,TC,5G5G,AA,GG,CC,AA,GA,CC,GG,CC,GG,CT,AG,CT,,GT,GG,CG,GG,TT,AA,,,,,CC,CC,GA,CC,CG,AA,TT,CT,CC,TT,,GG,AA,CT,GT,TC,GT,CT,GG,,AA,AC,TT,CT,GT,AG,,TT,GA,GG,TT,TT,,,,,,,0.0,MA,02-1,Female,20.0,Caucasian,10.0,20.0,10.0,100.0,15.0,17.5,2.5,16.7,168.0,66.7,26.547,130.0,78.0,100.0,11.33,21.33,10.33,24.33,R,161.0,67.0,25.213,13.0,-3.1010642980354692,1.0695485118938455
MA-650,CA,ID,CT,GA,TC,GA,CC,GG,GG,CA,TT,,TT,AG,GT,CC,CC,AA,CC,TT,GG,CC,CC,TT,CC,GG,GG,GG,GG,GG,TC,AT,GG,GA,AG,GA,GG,CC,TT,GG,,GG,CC,AA,CT,CC,AG,GG,GG,AA,CT,"-9, +9",AG,CT,TT,CT,AA,,TC,GG,CC,GG,TT,CC,AA,CC,GG,AG,CC,GG,GG,CC,GG,TT,CC,CT,TC,CG,GG,GG,AG,AA,TC,,,TT,CT,AA,CG,GA,AT,AT,GG,TC,CT,CC,CC,GG,TT,CC,GG,AA,AA,GG,CC,GG,AA,GG,AA,AA,CC,GG,GG,CT,,TC,CT,,CG,TT,GG,AA,CC,GG,CG,,,TA,CT,CC,GG,GG,CC,,GG,GG,GG,TC,GG,GG,AG,AA,CC,CT,CC,GG,CC,AG,GG,CC,TT,GG,GG,GG,TT,AA,AA,,,,,,TC,5G5G,AA,GG,CT,AA,GG,CC,AG,CC,GA,CC,AA,CC,CG,TT,GC,CC,GA,CC,AA,,,,,CC,CT,GA,CG,CG,AA,TT,TT,CC,TT,,GG,AA,CT,GT,TC,GT,CT,GA,,GA,AA,GG,CC,TT,AA,CT,TT,GA,GG,TT,TT,,,,,,,0.0,MA,02-1,Male,19.0,Caucasian,32.5,45.0,12.5,38.5,27.5,35.0,7.5,27.3,201.0,70.0,28.837,120.0,70.0,80.0,14.33,25.0,13.67,23.67,L,204.0,70.0,29.268,12.33,-2.2905949811154143,-0.5243951387323088
MA-651,CA,ID,CT,GA,TC,GA,CG,GA,CG,CA,TC,,TT,AG,GT,CC,CC,TA,CT,TT,GG,CC,CT,CT,CC,CG,GG,GT,GG,GG,CC,AT,GG,GG,AG,GG,GG,CC,GT,GA,,GG,CG,AA,CC,CC,AG,GA,GG,AA,,"-9, +9",AG,TT,TT,TT,AC,,TC,,,,,,,,,AA,TT,CG,AG,CC,GA,TC,CG,CT,CC,CC,GG,AA,AA,AA,TT,,,AA,CC,AA,GG,GG,AA,AA,GG,TC,CC,CC,CC,,,,,,AA,GG,CT,GG,TA,GG,AA,AA,CC,GG,GG,CC,,CC,CC,,CG,TT,GA,AA,CC,,,,,TA,CT,AA,GC,GG,CC,,AG,GA,GG,CC,GG,GA,AA,AA,CC,CC,,,CT,GG,GT,CC,GG,GG,GG,GG,TT,AA,AA,,,,,,TT,4G5G,AA,GG,CC,AA,GA,CG,AG,CC,,CT,AG,CT,CC,TT,CC,CG,GA,TT,AA,,,,,CC,TT,AA,CC,GG,AA,TT,CT,CC,TT,,GT,AG,CT,GT,TC,GT,CT,GG,,GA,AA,GG,CC,TT,AA,TT,CT,GA,GA,TC,TT,,,,,,,0.0,MA,02-1,Female,19.0,Caucasian,12.5,20.0,7.5,60.0,12.5,15.0,2.5,20.0,122.0,64.5,20.616,124.0,64.0,80.0,6.33,22.0,6.0,25.33,R,125.0,64.5,21.123,9.67,-1.4519849459538243,2.000526184171769
MA-652,CC,DD,CT,GA,TC,GA,CG,GG,GG,CC,TT,,TT,AG,GT,CC,CC,TA,CT,TT,GG,CC,CT,TT,CC,CG,GG,GT,GA,GG,CC,TT,GG,GG,AA,GG,GG,CC,GT,GA,,GG,CC,AA,CC,CC,GG,GG,GG,AA,CC,"-9, +9",AG,CT,TT,CT,AC,,TC,GG,CC,GG,TT,CC,AG,CC,GG,AA,CT,GG,GG,CC,GG,TC,CG,CT,TC,CC,GG,GG,AA,AA,TT,,,AT,CT,AA,GG,GG,AA,AA,GG,TT,CC,CC,CC,GG,TT,CC,GG,AA,AA,GG,CC,GG,AA,GG,AA,AA,CC,GG,GG,CT,,TC,CC,,CG,TT,GA,AT,CC,GG,CG,,,TA,CC,CA,GG,GG,CT,,AA,AA,GG,CC,GG,GG,AA,GA,CC,CT,CC,GG,CC,AG,GG,CC,GT,GT,GG,GG,TT,AA,AA,,,,,,TC,4G4G,AA,GG,CC,AA,GG,CC,GG,CC,AA,CC,AG,CT,CC,TT,GC,CC,AA,TT,AA,,,,,CC,TT,AA,CC,GG,AA,CT,TT,CT,TT,,GT,AG,CC,GG,CC,GG,CC,GG,,AA,AA,TT,CC,GG,GG,CC,CC,GG,AA,CC,TT,,,,,,,0.0,MA,02-1,Female,19.0,Caucasian,7.5,15.0,7.5,100.0,7.5,7.5,0.0,0.0,104.0,60.5,19.975,92.0,62.0,90.0,10.67,15.0,11.67,15.0,R,106.0,60.5,20.359,8.67,-1.9751645652435321,1.012904024863834
MA-653,CA,ID,CT,GA,TC,GA,CG,GA,CC,CA,TT,,TT,AG,GT,CC,TC,TA,CC,TT,GG,CT,CC,TT,CC,CG,GG,GG,GG,GA,CC,TT,GG,GG,AA,GG,GA,CT,GT,GG,,GG,CC,AA,CC,CC,GG,,GG,AA,CC,"-9, +9",AG,TT,TT,TT,AA,,TT,GG,CC,GG,TT,CC,AA,CC,GG,AG,CT,CG,AG,CC,GA,TT,CC,CT,CC,CC,GA,GA,AG,AA,TC,,,TT,CT,AA,GG,GG,AA,AT,GG,TT,CC,CC,CC,GG,TT,CC,GG,AA,AA,GG,CC,GA,AA,GG,AA,AA,CC,GG,GG,CC,,CC,CT,,CG,TT,GG,AT,CC,GG,CC,,,AA,TT,CA,GC,GG,CT,,,GG,GG,TT,GG,GG,AA,GA,CG,CT,CA,GG,TT,AG,GT,CC,GT,GG,GG,GG,TT,AA,AA,,,,,,TT,4G4G,AA,GG,,AA,,CC,,CC,AA,CT,AG,CC,CG,GT,GG,CC,AA,TT,AA,,,,,CC,CC,GA,CG,CC,AA,CT,CT,CC,TT,,GT,AG,CC,GT,TC,GT,CT,GG,,GA,AA,GT,CT,GT,AG,TT,CT,GA,GA,TC,TT,,,,,,,0.0,MA,02-1,Female,18.0,Caucasian,12.5,20.0,7.5,60.0,15.0,15.0,0.0,0.0,147.0,68.2,22.218,100.0,70.0,70.0,10.33,14.67,12.0,21.0,R,146.0,68.0,22.197,16.0,-1.4669349203727127,-0.16624189573292106
MA-654,,,,,,,,,,,,,TT,GG,,CC,TC,TT,CT,GT,AG,,CT,,,,,GT,GG,GA,,,,GA,,,,,,,,,,,,,,,,,,,,,,,,,,,,,,,,,,,,,,,,,,,,,,,,,,,,,,,,,,,,,,,,,,,,,,,,,,,,,,,,,,,,,,,,,,,,,,,,,,,,,,,,,,,,,,,,,,,,,,,,,,,,,,,,,,,,,,,,,,,,,,,,,,,,,,,,,,,,,,,,,,,,,,,,,,,,,,,,,,,,,,,,,,,,,,,,,,,,,,,,,,,,,,,,,,,,,,,,,,,,,1.4199729399571028,-0.325084330745608
MA-656,,,,,,,,,,,,,,,,,,,,,,,,,,,,,,,,,,,,,,,,,,,,,,,,,,,,,,,,,,,,,,,,,,,,,,,,,,,,,,,,,,,,,,,,,,,,,,,,,,,,,,,,,,,,,,,,,,,,,,,,,,,,,,,,,,,,,,,,,,,,,,,,,,,,,,,,,,,,,,,,,,,,,,,,,,,,,,,,,,,,,,,,,,,,,,,,,,,,,,,,,,,,,,,,,,,,,,,,,,,,,,,,,,,,,,,,,,,,,,,,,,,,,,,,,,,,,,,4.144103703791282e-17,-1.0900765763055393e-17
MA-657,,,,,,,,,,,,,,,,,,,,,,,,,,,,,,,,,,,,,,,,,,,,,,,,,,,,,,,,,,,,,,,,,,,,,,,,,,,,,,,,,,,,,,,,,,,,,,,,,,,,,,,,,,,,,,,,,,,,,,,,,,,,,,,,,,,,,,,,,,,,,,,,,,,,,,,,,,,,,,,,,,,,,,,,,,,,,,,,,,,,,,,,,,,,,,,,,,,,,,,,,,,,,,,,,,,,,,,,,,,,,,,,,,,,,,,,,,,,,,,,,,,,,,,,,,,,,,,4.144103703791282e-17,-1.0900765763055393e-17
MA-658,CA,DD,CC,GG,CC,AA,CC,AA,CC,CA,TT,,CC,AG,,CC,TC,TA,CC,GT,AG,,CC,,,,,GG,GG,GA,,,,GA,,,GG,CC,TT,GG,,GG,CC,AA,CT,CC,AG,GG,GG,AA,,"-9, -9",GG,TT,TC,TT,AC,,TT,,,,,,,,,AA,CC,CG,AG,CC,GA,TT,CC,CC,TT,GG,GG,GG,AG,AA,TT,,,,CT,AA,GG,GG,AA,AT,GG,CC,,CC,TT,,,,,,AA,GG,CC,GG,TT,AA,AA,AA,CC,AA,GG,CC,,CC,CC,,CC,TT,AA,AA,CC,,,,,TT,CC,CA,GC,GG,CT,,GG,GG,GG,,GG,GG,AA,AA,CC,CC,,,CT,GG,GT,CC,GG,GG,GG,GG,CC,CC,AA,,,,,,TC,4G5G,AA,GG,CT,AA,GG,CC,AG,CC,,CC,AA,CC,CC,GG,GG,CC,GA,CT,GA,,,,,CC,CC,GG,CC,CG,AC,CT,CT,CC,TT,,,,CC,GG,CC,GG,CC,GG,,GG,AC,GT,CC,TT,AA,,TT,GA,GG,TT,TT,,,,,,,,,,,,,,,,,,,,,,,,,,,,,,,,,,,,4.327443258627588,-3.675413701197841
MA-659,CC,ID,CC,GG,CC,AA,CG,GA,CC,CA,TT,,TC,GG,,CC,TC,TT,CT,GT,AG,,CT,,,,,GT,GA,GA,,,,AA,,,GG,CC,GT,GG,,GG,CC,AA,CC,CC,GG,GA,GG,AA,,"-9, -9",AG,CT,TT,TT,AC,,TC,,,,,,,,,AG,CT,GG,GG,CC,GG,TT,CC,CC,TC,CC,GA,GG,AA,AA,TT,,,,CT,AA,CG,GG,AA,AT,GG,TT,,CC,CC,,,,,,AA,GG,CT,GG,AA,GG,AA,AA,CC,GG,GG,CC,,CC,CC,,CG,TT,GA,AA,CC,,,,,TT,CC,CC,GG,GG,CT,,GG,GA,GG,TC,GG,GG,AG,GA,CC,CC,,,CC,GG,GG,CC,TT,GG,GA,GA,TC,AC,AA,,,,,,TC,5G5G,AA,GG,CC,AA,GA,CC,GG,CC,,CC,AA,CC,CC,GT,GG,CC,GA,CT,GG,,,,,CC,CC,GA,CC,CG,AA,CT,CT,CC,TT,,,,CC,GG,CC,GG,CC,GG,,GA,AA,GT,CC,GT,AG,,TT,GA,GG,TT,TT,,,,,,,0.0,MA,02-3,Female,19.0,Asian,10.0,12.5,2.5,25.0,10.0,10.0,0.0,0.0,113.0,63.2,19.888,120.0,78.0,66.0,9.0,16.67,10.0,16.0,R,112.0,64.0,19.223,10.67,2.4190958946225343,-0.835240216040935
MA-660,CA,ID,CT,GA,TC,GA,CC,GG,CC,CC,TT,,TC,AA,,CC,CC,AA,CC,TT,GG,,CC,,,,,GG,GG,GG,,,,GG,,,GG,CC,GG,GA,,GA,CC,AA,CC,CC,GG,GA,GA,AA,,"-9, -9",AA,TT,TT,TT,AA,,TC,,,,,,,,,AA,TT,GG,GG,CC,GG,TT,CC,CT,TT,CC,AA,GG,AA,AA,TT,,,,CT,AG,GG,GG,AA,AT,GG,TT,,CC,TT,,,,,,AA,GG,CT,GG,AA,GG,AA,AA,CC,GG,GG,CT,,TC,TT,,GG,TT,GG,AA,CC,,,,,TA,CC,CC,GG,GG,CC,,GG,GG,GG,TT,GG,GG,AG,GG,CG,CC,,,CT,GG,GG,CC,GG,GT,GG,GG,TT,AA,AA,,,,,,TC,4G5G,AA,GA,CC,AA,GA,CC,GG,CC,,CC,AG,CC,,GT,GC,CC,GA,CT,GA,,,,,CC,CC,AA,CC,CG,AA,TT,CT,CC,TT,,,,CC,GG,CC,GG,CC,GA,,GG,AC,TT,CT,GT,AG,,TT,AA,GG,TT,TT,,,,,,,0.0,MA,02-3,Female,31.0,Asian,10.0,12.5,2.5,25.0,15.0,12.5,-2.5,-16.7,141.0,64.0,24.2,120.0,82.0,66.0,23.67,30.67,21.33,31.67,R,143.0,64.0,24.543,28.67,3.5443906021607283,-3.2703126379445235
MA-661,CC,II,TT,AA,TT,GG,CC,GA,CC,CA,TT,,TT,GG,,CC,TC,TT,CT,GT,AG,,CT,,,,,GG,GA,GA,,,,GG,,,GG,CC,TT,GG,,GA,CC,AA,CT,CC,AG,GA,GA,AA,,"-9, -9",GG,CT,TC,TT,AA,,TC,,,,,,,,,AA,CC,GG,GG,CC,GG,TT,CC,TT,TT,CC,GA,GA,AG,AA,TC,,,,CT,AA,GG,GA,AT,AA,GG,TT,,CC,CC,,,,,,AA,GG,CC,GG,AA,GG,AA,AA,CC,GG,GG,CC,,CC,CC,,CG,TT,GG,AA,CA,,,,,AA,CC,CC,GC,GG,TT,,GG,GG,GG,TT,GG,GG,AA,AA,CC,CC,,,TT,GG,GG,CC,GT,GG,GG,GA,TC,AC,AA,,,,,,TT,4G5G,AA,GA,CT,AA,GA,CC,AG,CC,,CT,AA,CT,CC,GT,GG,CC,GA,CT,GG,,,,,CC,CC,GG,CG,CC,AA,TT,CT,CC,TT,,,,CC,GG,CC,GG,CC,GG,,GA,AC,TT,CC,TT,AA,,TT,AA,GG,TT,TT,,,,,,,0.0,MA,02-3,Male,27.0,Asian,27.5,30.0,2.5,9.1,30.0,27.5,-2.5,-8.3,154.0,67.0,24.117,112.0,70.0,68.0,6.0,13.0,7.33,10.33,R,158.0,67.2,24.597,7.0,4.179764001043226,-3.423134909261555
MA-662,,,,,,,,,,,,,TT,AG,,CC,CC,TA,CT,TT,GG,,CT,,,,,GT,GA,GG,,,,GG,,,,,,,,,,,,,,,,,,,,,,,,,,,,,,,,,,,,,,,,,,,,,,,,,,,,,,,,,,,,,,,,,,,,,,,,,,,,,,,,,,,,,,,,,,,,,,,,,,,,,,,,,,,,,,,,,,,,,,,,,,,,,,,,,,,,,,,,,,,,,,,,,,,,,,,,,,,,,,,,,,,,,,,,,,,,,,,,,,,,,,,,,,,,,,,,,,,,,,,,,,,,,,,,,,,,,,,,,,,,,-1.2626884983522464,1.1556883022607398
MA-663,,,,,,AA,,,,,,,,,,,,,,,,,,,,,,,,,,,,,,,,,,,,,,,,,,,,,,,,,,,,,,,,,,,,,,,,,,,,,,CC,,,,,,,,,,,,,,,,,,,,,,,,,,,,,,,,,,,,,,,,,,,,,,,,,,,,,,,,,,,,,,,,,,,,,,,,,,,,,,,,,,,,,,,,,,,,,,,,,,,,,,,,,,,,,,,,,,,,,,,,,,,,,,,,,,,,,,,,,,,,,,,,,,,,,,,,,,,,,,,,,,,,,,,,,,,,,,,,,,,0.023734944679637306,-0.029286199041929112
MA-667,CC,DD,CT,GA,TC,GA,CC,GG,GG,AA,TT,,TT,AA,TT,CC,CC,AA,CC,TT,GG,CC,CC,TT,CC,CG,GG,TT,GG,GG,TC,AT,GG,GA,AG,GA,GA,CT,GG,GA,,GG,CC,AA,CC,CC,GG,GA,GG,AA,,"-9, -9",GG,CT,TT,CT,AC,,TC,,,,,,,,,AG,CT,CG,AG,CC,GG,TT,CC,CT,TT,CC,GG,GA,AA,AA,TT,,,TT,CC,AG,CG,GG,AA,AT,GG,TC,CC,CC,CC,,,,,,AA,GG,CC,GA,AA,GG,AA,AA,CC,GG,GG,CC,,TC,CT,,GG,TT,GA,AA,CA,,,,,TA,CT,CA,GC,GG,CC,,AA,AA,CC,TT,GG,GG,AA,GG,CG,CT,,,CT,AG,GG,CC,GG,GT,GA,GG,TT,AA,AA,,,,,,TT,5G5G,AA,GG,CC,AA,GA,CC,GG,CC,,CC,AA,CC,CC,GT,GG,CC,GG,TT,AA,,,,,CC,CT,GA,GG,CG,AA,CT,CT,CC,TT,,GT,AG,CT,GT,TC,GT,CT,GG,,AA,CC,TT,CC,TT,AA,,TT,GA,GG,TT,TT,,,,,,,0.0,MA,02-3,Male,33.0,Caucasian,32.5,42.5,10.0,30.8,35.0,35.0,0.0,0.0,156.0,71.0,21.755,110.0,78.0,60.0,3.67,8.0,4.0,7.0,R,154.0,71.0,21.476,3.0,-2.6167304933574047,-0.14001050394049738
MA-668,CA,II,CT,GA,TC,GA,CC,GA,CC,CC,TT,,TT,AG,GT,CC,CC,TA,CT,TT,GG,CC,CT,TT,CC,CG,GG,GT,GG,GG,TC,AT,GG,GA,AG,GG,GG,CC,GT,GA,,GG,CC,AA,CC,CC,GG,AA,GG,AA,,"-9, +9",AG,TT,TT,TT,AA,,TT,,,,,,,,,AG,CC,GG,GG,CC,GG,TT,CC,CT,CC,CG,GA,GG,AG,AA,TT,,,AT,CT,AA,GG,GG,AA,AT,GG,TC,CT,CC,CC,,,,,,AA,GG,CT,GA,AA,GG,AA,AA,CC,GG,GG,TT,,TT,CC,,CC,TT,GA,AT,CC,,,,,TA,CC,CA,,GG,CC,,AA,AA,GG,CC,GG,GG,AG,GG,CC,CC,,,CC,GG,GG,CC,GG,GG,GG,GG,CC,CC,AA,,,,,,TC,4G4G,AA,GG,CC,AA,AA,CC,GG,CC,,CT,AA,CT,CC,GT,GG,CG,GG,TT,GA,,,,,CC,CC,GG,GG,CC,AA,CT,TT,CC,TT,,GT,AG,CC,GT,TC,GT,CT,GG,,GA,AA,GT,CC,GT,AG,,CT,GA,GA,TC,TT,,,,,,,0.0,MA,02-3,Male,23.0,Caucasian,25.0,25.0,0.0,0.0,30.0,22.5,-7.5,-25.0,120.0,67.5,18.515,116.0,72.0,80.0,4.0,5.33,4.67,4.67,R,121.0,67.5,18.67,3.0,-2.1345195489543616,0.7847370845459376
MA-669,,,,,,,,,,,,,TC,GG,,CC,TT,TT,CC,GG,AA,,CC,,,,,GG,GG,AA,,,,AA,,,,,,,,,,,,,,,,,,,,,,,,,,,,,,,,,,,,,,,,,,,,,,,,,,,,,,,,,,,,,,,,,,,,,,,,,,,,,,,,,,,,,,,,,,,,,,,,,,,,,,,,,,,,,,,,,,,,,,,,,,,,,,,,,,,,,,,,,,,,,,,,,,,,,,,,,,,,,,,,,,,,,,,,,,,,,,,,,,,,,,,,,,,,,,,,,,,,,,,,,,,,,,,,,,,,,,,,,,,,,4.2838972228306575,-3.1939482766749934
MA-670,,,,,,,,,,,,,TT,AG,,CC,CC,TA,CT,TT,GG,,CT,,,,,GT,GA,GG,,,,GG,,,,,,,,,,,,,,,,,,,,,,,,,,,,,,,,,,,,,,,,,,,,,,,,,,,,,,,,,,,,,,,,,,,,,,,,,,,,,,,,,,,,,,,,,,,,,,,,,,,,,,,,,,,,,,,,,,,,,,,,,,,,,,,,,,,,,,,,,,,,,,,,,,,,,,,,,,,,,,,,,,,,,,,,,,,,,,,,,,,,,,,,,,,,,,,,,,,,,,,,,,,,,,,,,,,,,,,,,,,,,-1.2626884983522464,1.1556883022607398
MA-671,CC,DD,CT,GG,CC,AA,CC,GA,CG,CC,TT,,TT,AA,TT,CC,CC,AA,CC,TT,GG,CC,CC,TT,CC,GG,GG,GG,GG,GG,CC,TT,GG,GG,AA,GG,GG,CC,GT,GA,,GG,CC,AA,CC,CC,GG,GG,GG,AA,,"-9, +9",AG,TT,TT,TT,AC,,TC,,,,,,,,,AG,CT,CG,AG,CC,GG,TT,CC,CC,TC,CC,GA,GG,AG,AA,TC,,,AT,CT,AG,GG,GG,AA,AT,GG,TC,CT,CC,CT,,,,,,AA,GG,CT,GG,TA,GA,AA,AA,CC,GA,GG,CT,,TC,CT,,CG,TT,GA,AT,CA,,,,,TA,TT,CA,GG,GG,CT,,AG,GA,GG,TC,GG,GG,AG,GA,CC,CT,,,CC,GG,GG,CC,GG,GT,GG,GG,TC,AC,AA,,,,,,TC,5G5G,AA,GG,CC,AA,GG,CC,GG,CC,,CC,AA,CT,CC,TT,GG,CC,GA,TT,GA,,,,,CC,CC,GG,CG,CG,AC,TT,CC,CT,TT,,TT,GG,CC,GG,CC,GG,CC,GG,,AA,AA,TT,CC,GT,AG,,TT,GG,GG,CC,TT,,,,,,,0.0,MA,02-3,Female,37.0,Caucasian,25.0,30.0,5.0,20.0,22.5,27.5,5.0,22.2,244.0,71.0,34.027,124.0,80.0,60.0,40.33,41.0,37.33,41.67,L,250.0,69.5,36.385,23.33,-0.29352286436294456,-1.6333343629744144
MA-672,CA,II,CC,GG,CC,AA,CG,GA,CG,CA,TT,,TT,AG,GT,CC,CC,TA,CT,TT,GG,CC,CT,CT,CC,CG,GG,GT,GG,GG,TT,AA,GG,AA,GG,AA,GG,CC,GG,AA,,GG,CC,AA,CC,CC,GG,GG,GG,AA,CC,"+9, +9",AG,CT,TC,CC,AA,,TC,GG,CC,GG,TT,CC,AA,CC,GG,AA,CT,GG,GG,CC,GA,TT,CC,CC,TC,CG,GG,GA,AA,AA,TT,,,TT,CT,AA,CG,GG,AA,TT,GG,CC,CT,CC,CT,GG,TT,CC,GG,AA,AA,GG,CT,GG,AA,GG,AA,AA,CC,GG,GG,CC,,CC,CC,,CG,TT,GA,AA,CC,GG,CG,,,TA,CT,CC,GC,GG,CT,,AA,,GC,TC,AA,GG,AG,GG,CC,CC,CC,GG,CT,GG,GG,CC,GG,GT,GG,GA,TC,AC,AA,,,,,,TT,4G5G,AA,GG,CC,AA,GG,CC,GG,CC,GA,CC,GG,CC,CC,TT,GG,CC,GA,CT,GA,,,,,CC,CC,GG,CC,CC,AA,CC,CC,CC,TT,,GG,AA,CT,GT,TC,GT,CT,GA,,GA,AC,GT,CC,TT,AA,,TT,GG,GG,TT,TT,,,,,,,0.0,MA,02-3,Female,19.0,Caucasian,17.5,30.0,12.5,71.4,17.5,20.0,2.5,14.3,115.0,64.0,19.738,104.0,70.0,60.0,9.0,10.0,6.33,15.33,R,123.0,64.0,21.111,10.67,-3.4335351917211447,0.7592443038424207
MA-673,CA,DD,CC,GG,CC,AA,GG,GA,CC,,TT,,,,,,,,,,,,,,,,,,,,,,,,,,GG,,,,,GG,,,,,,,,,CC,"-9, -9",AA,CC,TT,CT,AC,,,GG,CC,GG,TT,CC,AA,CC,GG,AA,TT,,,CC,GG,TT,CC,CC,TC,,,,,AA,TT,,,,,,,GG,AA,AA,GT,TT,,CC,TT,GG,TT,CC,GG,AG,AG,GG,CT,GG,AA,GG,AA,AA,CC,GG,GG,CC,,CC,CT,,GG,TT,GG,AA,CA,CC,GG,,,TA,CC,CA,GG,,,,AG,GG,GG,TC,GG,GG,AG,AA,CC,CC,CC,GT,TT,,,,GG,,GG,GG,TT,AA,AA,,,,,,,4G5G,AA,GG,CC,AA,GA,CC,GG,CC,GA,CC,AA,,CC,TT,GC,CC,GA,CT,GA,,,,,CC,CC,GG,CC,CG,AC,TT,,,TT,,,,CC,GG,CC,,,GG,,GA,AC,TT,CT,GT,AG,,CT,GG,GA,,TT,,,,,,,0.0,MA,02-3,Female,25.0,Asian,10.0,12.5,2.5,25.0,10.0,7.5,-2.5,-25.0,108.0,60.0,21.09,90.0,64.0,70.0,8.67,13.33,6.33,13.67,R,97.5,60.2,18.913,6.67,3.59607493887121,-0.8110349158534829
MA-674,AA,DD,CC,GG,CC,AA,CG,GA,CC,CA,TT,,CC,AG,,CC,TC,TA,CC,GT,AG,,CC,,,,,GG,GG,GA,,,,GA,,,GG,CC,TT,GG,,GA,CC,AA,CC,CC,GG,GA,GA,AA,CC,"-9, -9",GG,TT,TT,TT,CC,,TT,GG,CC,GG,TT,CC,AA,CC,GG,AA,CC,CG,AG,CC,GG,TT,CC,CC,TT,CG,GA,GG,AA,AA,TT,,,,CT,AG,GG,GA,AT,AA,TT,CC,,CC,TT,GG,TT,CC,GG,AA,AA,GG,CC,GG,TA,GG,AA,AA,CC,GG,GG,CC,,CC,CT,,GG,TT,GG,AA,CC,GC,CG,,,TA,CC,AA,GG,GG,CC,,GG,GG,GG,TT,GG,GG,AA,AA,CC,CC,CC,GG,TT,GG,GG,CC,GT,GG,GA,GG,TT,AA,AA,,,,,,TC,4G4G,AA,GA,CC,AA,GA,CC,GG,CC,GG,CC,AA,CT,CC,GG,GC,CC,GG,CC,GA,,,,,CC,CC,GG,CC,CC,AA,TT,TT,CC,TT,,,,CC,GG,CC,GG,CC,GG,,GG,AA,GT,CC,GT,AG,,TT,GG,GG,TT,TT,,,,,,,0.0,MA,02-3,Male,24.0,Asian,30.0,30.0,0.0,0.0,37.5,27.5,-10.0,-26.7,140.0,68.0,21.285,120.0,62.0,60.0,8.33,16.0,9.0,16.67,R,140.0,68.0,21.285,5.33,6.591561976777435,-5.810678368948972
MA-675,CC,DD,CC,GG,CC,AA,CG,GG,CC,CC,TT,,TT,AA,GT,CC,CC,TA,CC,GT,GG,CT,CC,TT,CC,GG,GG,GG,GG,GA,TC,AT,GG,GA,AG,GA,GA,CT,GG,GA,,GG,CC,AA,CC,CC,GG,GA,GG,AA,,"-9, +9",AG,CT,TC,CC,AA,,CC,,,,,,,,,AA,CC,GG,GG,CC,GG,TT,CC,CC,CC,CC,GA,GG,AA,AA,TT,,,TT,CT,AA,GG,GG,AA,TT,GG,TT,CC,CC,CT,,,,,,AA,GG,CC,GG,TA,GG,AA,AA,CC,GA,GG,CC,,CC,CT,,CG,TT,GA,AT,CC,,,,,TA,CC,CC,GG,GG,CT,,AG,GA,GG,CC,GG,GG,AG,GG,CG,TT,,,CT,AA,GG,CC,GT,GT,GA,GA,TC,AC,AA,,,,,,TC,4G5G,AA,GG,CC,AA,GA,CC,GG,CC,,CC,AA,CT,CC,TT,GG,CG,GG,TT,GA,,,,,CC,CC,GG,CG,CC,AA,CT,CC,CC,TT,,GT,AG,CT,TT,TT,TT,TT,GG,,GG,AA,GG,CC,TT,AA,,CC,GA,AA,CC,TT,,,,,,,0.0,MA,02-3,Male,34.0,Caucasian,27.5,30.0,2.5,9.1,30.0,25.0,-5.0,-16.7,,,,,,,,,,,,181.0,69.0,26.726,6.33,-1.027249048207349,-0.997269594848115
MA-676,CA,ID,TT,AA,TT,GG,GG,GA,CG,CC,TT,,TT,AG,GT,CC,TC,AA,CC,GT,AG,CT,CC,TT,CG,CG,GG,GG,GG,GA,CC,AT,GA,GA,AG,GA,GG,CC,GT,GA,,GG,CC,AA,CC,CC,GG,,GG,AA,,"-9, +9",AG,CT,TC,CT,AA,,TT,,,,,,,,,AG,TT,CG,AG,CC,GG,TT,CC,TT,TC,CC,GG,GG,AA,AA,TT,,,TT,CT,AA,GG,GG,AA,AT,GG,TT,TT,CC,CT,,,,,,AA,GG,TT,GG,AA,GG,AA,AA,CC,GG,GG,CC,,CC,CT,,CG,TT,GA,AA,CC,,,,,AA,CC,CA,GG,GG,CC,,AG,GA,GG,TC,GG,GA,AG,GA,CC,CC,,,TT,GG,GG,CC,GT,GT,GG,GG,TT,AA,AA,,,,,,TC,4G4G,AA,GG,CC,AA,,CC,GG,CC,,CC,AG,CC,CC,GT,GG,CG,GA,CT,AA,,,,,CT,CC,GG,CG,CC,AA,TT,CT,CT,TT,,GT,AG,CT,GG,CC,GG,CC,GA,,AA,AA,GT,CC,GT,AG,,CT,GA,GA,TC,TT,,,,,,,0.0,MA,02-3,Male,22.0,Caucasian,35.0,42.5,7.5,21.4,37.5,37.5,0.0,0.0,174.0,69.7,25.179,122.0,78.0,72.0,5.0,15.33,7.33,14.0,R,183.0,69.5,26.634,5.67,0.8744879925768295,-4.38523968925795
MA-677,CA,II,CC,GA,TC,GA,GG,GG,CG,CC,TT,,TT,AA,TT,CC,CC,AA,CC,TT,GG,CC,CC,TT,CC,GG,GG,GG,GG,GG,CC,TT,GG,GG,AA,GG,GG,CC,GT,GG,,GG,CC,AA,CC,CC,GG,GA,GG,AA,CC,"-9, +9",AG,TT,TT,TT,AC,,TT,GG,CC,GG,TT,CC,AA,CC,GG,AG,CT,CC,AA,CC,GA,TT,CC,CT,TT,CG,GG,GG,AG,AG,TC,,,AT,CC,AG,GG,GG,,TT,GG,TC,CC,CC,CC,GG,TT,CC,GG,AA,AA,GG,CT,GG,AA,GG,AA,AA,CC,GG,GG,CT,,TC,CC,,CG,TT,GA,,CC,GG,CG,,,TA,CC,CA,GC,GG,CC,,AA,AA,GC,TC,GG,GG,AG,AA,CC,CC,CC,GG,CT,AG,GG,CT,GG,GT,GG,GG,TT,AA,AA,,,,,,TT,4G4G,AA,GG,CC,AA,GA,CC,GG,CC,GA,TT,AA,CT,CC,GG,GG,CC,GA,CT,AA,,,,,CC,CC,AA,CC,GG,AA,TT,CT,CC,TT,,TT,GG,CT,GT,TC,GG,CT,GG,,GA,AA,GT,CC,TT,AA,,CC,GG,AA,TT,TT,,,,,,,0.0,MA,02-3,Male,23.0,Caucasian,22.5,30.0,7.5,33.3,30.0,27.5,-2.5,-8.3,125.0,64.0,21.454,140.0,80.0,72.0,7.67,14.0,9.33,16.67,R,119.0,64.0,20.424,6.33,-2.5021923343435124,-1.0173510392260383
MA-678,CC,II,CC,GG,CC,AA,CG,GA,CG,CC,TT,,TT,AA,TT,CC,CC,AA,CC,TT,GG,CC,CC,TT,CC,GG,GG,GG,GG,GG,CC,TT,GG,GG,AA,GG,GG,CC,GT,GA,,GG,CC,AA,CC,CC,GG,GG,GG,AA,CC,"+9, +9",GG,CC,TC,CC,AC,,TT,GG,CC,GG,TT,CC,AA,CC,GG,AA,CT,CC,AG,CC,GG,TT,CC,CC,TC,CG,GG,GG,GG,AG,CC,,,AA,CC,AA,CG,GG,AA,AT,GG,TT,CC,CC,CT,GG,TT,CC,GG,AA,AA,GG,CC,GA,AA,GG,AA,AA,CC,GG,GG,CC,,CC,CC,,CC,TT,GA,AT,CC,GG,CG,,,TA,CC,CC,GC,GG,CC,,GG,GG,GG,TT,GG,GG,AG,GA,CC,CT,CC,GG,CC,AG,GG,CT,GT,GG,GG,GG,TC,AC,AA,,,,,,TT,4G5G,AA,GG,CC,AA,GG,CC,GG,CC,GG,CC,AG,CT,CC,GT,GG,CG,GG,TT,AA,,,,,CT,CT,GA,CC,CG,AA,TT,CT,TT,TT,,GT,AG,CT,GT,TC,GT,CT,GG,,GA,AC,GT,CC,TT,AA,,TT,GG,GG,TT,TT,,,,,,,0.0,MA,02-3,Female,21.0,Caucasian,20.0,27.5,7.5,37.5,20.0,20.0,0.0,0.0,183.0,66.7,28.917,128.0,82.0,78.0,14.67,29.67,15.0,28.33,R,183.0,67.0,28.659,14.0,-2.4944729502839125,-1.2092743068185658
MA-679,CA,ID,TT,AA,TT,GG,CC,GA,CG,AA,TT,,TT,GG,GG,CC,CC,TT,TT,TT,GG,CC,TT,CT,CC,CC,GG,TT,GA,GG,TC,AT,GG,GA,GG,GA,GG,CC,TT,GG,,GG,CC,AA,CC,CC,GG,GG,GG,AA,CT,"-9, +9",AG,CT,TT,CT,AC,,TC,GG,CC,GG,TT,CC,AA,CC,GG,AA,TT,CG,AG,CC,GG,TC,CG,TT,TC,CC,GG,GA,AG,AG,TC,,,TT,CT,AA,GG,GG,AA,TT,GG,TC,CC,CC,CC,GG,TT,CC,GG,AA,AA,GG,TT,GG,AA,GG,AA,AA,CC,GG,GG,CC,,TC,CC,,CC,TT,GG,AA,CC,GG,GG,,,TT,CC,CC,GC,GG,CT,,AG,GA,GG,TC,GG,GG,AG,GA,CC,CC,CC,GG,CT,GG,GG,CC,GG,GG,GA,GG,TC,AC,AA,,,,,,TC,4G5G,AA,GG,CC,AA,GG,CC,GG,CC,GG,CC,AG,CC,CC,GT,GG,CC,GG,TT,AA,,,,,CC,CT,GA,CG,CG,AA,CC,TT,CT,TT,,GT,AG,CT,TT,TT,TT,TT,GG,,GA,AC,GT,CC,TT,AA,,CT,GA,GA,TC,TT,,,,,,,0.0,MA,02-3,Female,21.0,Caucasian,15.0,22.5,7.5,50.0,12.5,12.5,0.0,0.0,95.0,60.2,18.428,100.0,70.0,60.0,5.67,13.0,5.0,14.0,R,96.0,60.2,18.622,4.33,-3.3551290031605436,3.8645945755102633
MA-680,CA,DD,CC,GG,CC,AA,CG,GG,CG,CC,TT,GG,TT,AA,TT,CC,CC,AA,CC,TT,GG,CC,CC,TT,CC,GG,GG,GG,GG,GG,CC,AT,GA,GA,AG,GA,GG,CC,GT,GG,,,CC,AA,CC,CC,GG,GG,,AA,,"+9, +9",AG,TT,TT,CT,AA,TT,TT,,,,,,,,,AG,CC,CC,AA,GG,GG,TT,CC,CC,CC,CG,GA,GG,AG,AG,TC,AA,GA,TT,CT,AG,CG,GG,AA,AA,GG,TC,CT,CC,CC,,,,,,AA,GG,CC,GG,TA,GG,AA,AA,CC,GA,GG,CC,TT,TC,CC,,CC,TT,GG,AA,CC,,,GG,AA,TA,CT,AA,GG,GG,CC,GG,AA,AA,GG,TC,GG,GA,AA,GG,CC,CC,,,CC,GG,GG,CC,GT,GT,AA,GG,TT,AA,AA,GC,TT,AG,AA,TT,TC,4G5G,AA,,,AA,GG,CC,GG,CC,,CC,AA,CT,CC,,,CC,GA,CT,AA,CT,CT,TC,GA,CC,CT,GA,CC,CG,AA,CT,CC,CC,,CC,GT,AG,CT,GT,TC,GT,CT,GG,,AA,AA,GT,CC,TT,AA,CC,TT,GG,GG,TT,TT,,,,,,,0.0,MA,03-1,Male,25.0,Caucasian,25.0,37.5,12.5,50.0,30.0,32.5,2.5,8.3,218.0,73.0,28.758,120.0,80.0,60.0,8.0,16.67,10.0,14.0,R,206.0,73.0,27.175,11.0,-1.6874051876524927,-0.6995442133414568
MA-681,,,,,,,,,,,,,,,,,,,,,,,,,,,,,,,,,,,,,GG,,,,,GG,,,,,,,,,,,,,,,,,,,,,,,,,,,,,,,,,,,,,,,,,,,,,,,,,,AA,GG,,,,,,,,,,,,,,,,,,,,,,,,,,CG,TT,GG,TT,CC,,,,,,,,,,,,,,,,GG,GG,AG,,,,,,,,,,,,,,,,,,,,,,,,AA,GG,CC,AT,GA,CC,GG,CC,,,AA,,,,,,,,,,,,,,,,,,AA,CT,,,,,,,,,,,,,,,,,,,,,,,,,,,,,,,,0.0,MA,03-1,Male,24.0,Asian,20.0,22.5,2.5,12.5,22.5,20.0,-2.5,-11.1,157.0,73.0,20.711,110.0,70.0,76.0,9.33,17.0,7.67,17.0,R,158.0,73.0,20.843,10.67,-0.36238933139124385,-0.2871863291726946
MA-682,CC,ID,TT,GA,TC,GA,CC,AG,CG,CA,TT,GG,TT,AG,GT,CC,CC,AA,CC,TT,GG,CC,CC,TT,CC,GG,GG,GG,GG,GG,CC,TT,GG,GA,AG,GA,GG,CC,TT,GG,,GG,CC,AA,CT,CC,AA,GG,GG,AA,,"+9, +9",AG,TT,CC,TT,CC,TT,TC,,,,,,,,,GG,CC,CG,AG,CG,GA,TT,CC,CT,TC,CC,GG,GA,AG,AG,CC,AC,GG,TT,TT,AA,GG,GG,AA,AT,GG,TC,CT,CC,CC,,,,,,AA,GG,CT,GA,TA,GG,AA,AA,CC,GG,GG,CC,TT,CC,CT,,CC,TT,AA,AT,CC,,,AG,AC,TA,CT,CA,GC,GG,CT,GG,AA,AG,GC,TC,GG,GG,AA,GA,CC,CT,,,CC,AG,GG,CC,GT,GT,GG,GA,CC,CC,AA,CC,CC,GG,AA,TT,TC,4G5G,AA,GG,CT,AA,GG,CC,AA,CC,,CC,GG,CC,CG,,,CC,GA,CT,AA,CC,CC,TT,GG,CC,CC,GA,CC,CG,AA,CT,TT,CC,,CC,GT,AG,CC,GG,CC,GG,CC,GG,,GA,AA,GG,CC,TT,AA,CC,CT,GG,GA,TC,TT,,,,,,,0.0,MA,03-1,Male,39.0,Caucasian,30.0,,,,30.0,,,,198.0,73.0,26.12,110.0,78.0,66.0,5.67,14.67,8.67,14.67,L,201.0,73.0,26.516,5.0,-1.5247240912795454,-0.26795702648315833
MA-683,CC,ID,TT,AA,TT,GG,CC,GG,CG,CC,TT,GG,TT,AA,,CC,CC,AA,CC,TT,GG,,CC,,,,,GG,GG,GG,,,,GA,,,GA,CC,TT,GG,,,CC,AA,CT,CC,AG,,,AA,,"+9, +9",GG,TT,TT,TT,AA,TA,CC,,,,,,,,,AG,CC,CC,AG,CC,GA,TT,CC,TT,TC,GG,GA,GG,AA,AA,TT,AC,GG,,CT,AA,CG,GA,AT,,,TC,,CC,CT,,,,,,AA,GG,CC,GG,TA,GA,AA,AA,CC,GA,GG,CC,TT,CC,CC,,,,,,,,,GG,AA,TA,CC,AA,GG,GG,CT,GG,AA,GG,GG,CC,,,,GA,CG,CC,,,CT,GG,GG,CC,GT,GG,GA,GG,TT,AC,AA,GC,TT,AA,AG,TT,CC,4G5G,,,,,,,,,,CC,,CC,CC,,,CC,AA,CT,GA,TT,TT,TT,GG,CC,CC,GG,GG,CC,,,TT,CC,,CC,,,CT,GG,CC,GG,CC,GG,,GG,AA,GG,CC,TT,AA,CC,TT,AA,GG,TT,TT,,,,,,,,,,,,,,,,,,,,,,,,,,,,,,,,,,,,0.3786619775818923,-1.3402487412166366
MA-684,CA,,,GG,CC,AA,CC,AA,GG,CC,TT,GG,TT,AG,,CC,CC,TT,CT,TT,GG,,CT,,,,,GG,GG,GA,,,,GG,,,,CT,GG,GA,,,CC,AA,CC,CC,AG,,,AA,,"-9, -9",GG,CT,TT,CT,AA,TT,TC,,,,,,,,,AG,CC,CG,GG,CC,GG,TT,CC,CC,TC,CC,GG,GA,AG,AA,TT,AA,GG,,CC,AA,GG,GA,AT,,,CC,,CC,CC,,,,,,AA,GG,TT,,,GG,AA,,CA,GA,GG,CT,TT,,CC,,,,,,,,,AG,AA,TT,CC,CA,GC,GG,CC,GG,AA,AG,GC,TC,,,,GG,CC,,,,CC,GG,GT,CC,,GG,GG,GG,TT,AC,AA,,TT,AA,,,TT,,,,,,,,,,,CC,,CC,CC,,,CC,GG,CC,,CC,,TT,GG,,,,,,,,TT,CC,,,,,,GG,TT,GG,CT,,,GG,AA,TT,CC,GT,AG,,CT,GG,GG,TT,TG,,,,,,,,,,,,,,,,,,,,,,,,,,,,,,,,,,,,2.792151735072194,3.496400718816154
MA-685,CC,ID,TT,GG,CC,AA,CC,GA,CG,CC,TT,,TT,AG,GT,CC,CC,TA,CT,TT,GG,CC,CT,TT,CC,GG,GG,GG,GG,GG,CC,TT,GG,GA,AG,GA,GA,CT,GG,GA,,GG,CC,AA,CC,CC,GG,GG,GG,AA,,"-9, +9",GG,TT,TC,CT,AC,,TC,,,,,,,,,AG,CT,CC,AA,CC,GA,TT,CC,CC,TC,CG,GG,GG,AA,AA,TT,,,AT,CT,AA,CC,GG,AA,AT,GG,TT,CC,CC,CT,,,,,,AA,GG,CT,GG,AA,GG,AA,AA,CC,GG,GG,CC,,TC,CT,,CG,TT,GA,AA,CC,,,,,TT,CC,CA,GC,GG,CT,,AA,AA,GC,TC,GG,GG,AA,AA,CC,CC,,,CC,GG,GG,CC,GG,GT,GG,GG,TT,AA,AG,,,,,,TT,5G5G,AA,GG,CC,AA,GG,CC,GG,CC,,CC,GG,CC,CC,GT,GG,CC,GA,CT,GA,,,,,CC,CC,AA,CC,GG,AA,TT,CT,CC,TT,,GG,AA,CC,GT,TC,GT,CT,GG,,GG,AC,GT,CC,TT,AA,CT,CC,GA,AA,CC,TT,,,,,,,0.0,MA,02-3,Male,25.0,Caucasian,37.5,42.5,5.0,13.3,37.5,35.0,-2.5,-6.7,170.0,70.5,24.045,126.0,80.0,72.0,4.0,10.0,4.0,6.0,R,172.0,70.5,24.328,3.0,-2.243446938103861,0.08221512317162154
MA-686,CC,DD,CC,AA,TT,GG,CC,GA,,CC,TT,,TT,AG,,CC,CC,TA,CT,TT,GG,,CT,,,,,GT,GA,GG,,,,GG,,,GA,CT,GG,GG,,GG,CC,AA,CC,CC,GG,GG,GG,AA,CC,"-9, -9",AG,CT,TT,CT,AC,,TC,GG,CC,GG,TT,CC,,CC,GG,AA,CC,CC,AG,CG,GG,TC,CG,TT,TC,CC,GA,GA,AA,AG,TC,,,,TT,AA,GG,GG,AA,AT,GG,TT,,CC,CT,GG,TT,CC,GG,AA,AA,GG,CT,GG,AA,GG,AA,AA,CC,GG,GG,CC,,CC,CC,,CC,TT,GA,AA,,GG,CG,,,TT,CC,CA,CC,GG,CT,,AA,AA,CC,TT,GG,GG,AG,GA,CC,CC,CC,GG,TT,AG,GG,CC,GG,GG,GG,GG,TC,AC,AA,,,,,,TT,4G5G,AA,GG,CC,AA,GG,CC,GG,CC,GA,CC,AA,CT,CC,GG,GG,CC,GA,TT,AA,,,,,CC,CT,GA,CG,CG,AA,,CT,CC,TT,,,,CC,GG,CC,GG,CC,GA,,GG,AC,GT,CC,TT,AA,,CT,GG,GA,TC,TG,,,,,,,,,,,,,,,,,,,,,,,,,,,,,,,,,,,,-2.1770356146907424,0.0714708797016138
MA-687,,ID,TT,,,,,,,,,,,,,,,,,,,,,,,,,,,,,,,,,,,,,,,,,,,,,,,,,,,,,,,,,,,,,,,,,AA,CC,,,,,,,,,,,,,,,,,,,,,,,,,,,,,,,,,,,,,GG,,,,,,,,,,CC,,,,,,,,,,,,,,,,,,,,,,,,,,,,CT,,,,,,,GT,,,,,,,,,,,,,5G5G,,,,,,,,,,,,,,,,CC,,,,,,,,,CT,GA,CC,CG,,,,,,,,,CC,,,,,GA,,,,,,,,,,,,,,,,,,,,,,,,,,,,,,,,,,,,,,,,,,,,,,,,,0.10235233927086114,0.13045323360455147
MA-688,CA,II,CC,GG,CC,AA,CG,AA,CC,CC,TC,,TT,AA,TT,CC,CC,AA,CC,TT,GG,CC,CC,TT,CC,CG,GG,GG,GG,GG,CC,TT,GG,GG,AA,GG,GG,CC,GT,GA,,GG,CC,AA,CC,CC,GG,GA,GG,AA,,"-9, +9",AA,TT,TC,TT,CC,,TT,,,,,,,,,GG,CC,CC,AA,CC,GG,TC,CG,CC,TC,CC,GG,GG,AG,AG,TC,,,AT,TT,AA,CG,GG,AA,TT,GG,TT,CT,CC,CC,,,,,,AA,GG,CC,GG,AA,GG,AA,AA,CC,GG,GG,CT,,TC,CC,,CG,TT,AA,AA,CA,,,,,,,CA,GC,GG,CC,,AA,GG,GG,CC,GG,GG,AA,GG,CC,CT,,,CT,AG,GG,CC,GT,GT,GG,GG,TC,AC,AA,,,,,,TC,5G5G,AA,GG,CC,AA,GA,CC,GG,CC,,CT,AA,CC,CC,GT,GG,CG,AA,CC,AA,,,,,CT,CT,GA,CC,CG,AA,,CT,CT,TT,,GG,AA,CC,GG,CC,GG,CC,GG,,AA,AC,TT,CC,GT,AG,,TT,GA,GG,TT,TT,,,,,,,0.0,MA,02-3,Male,18.0,Caucasian,32.5,42.5,10.0,30.8,32.5,30.0,-2.5,-7.7,173.0,72.7,23.011,142.0,82.0,72.0,3.0,4.0,4.0,6.0,R,182.0,72.5,24.342,3.67,-1.2904289964911482,-1.1197663457018099
MA-689,CA,II,TT,AA,TT,GG,GG,GG,CC,CC,TT,,TT,AG,GT,CC,CC,TA,CT,TT,GG,CC,CT,TT,CC,CG,GG,GT,GG,GG,TC,AT,GG,GA,AG,GG,GA,CT,GT,GG,,GG,CC,AA,CC,CC,GG,GG,GG,AA,,"-9, +9",GG,TT,TC,TT,AC,,TT,,,,,,,,,AG,CT,CG,GG,CC,GG,TT,CC,TT,TC,CG,AA,GA,AG,GG,CC,,,TT,CT,AG,CG,GA,AT,AT,GG,TT,CT,CC,TT,,,,,,AA,GG,CC,AA,TA,GG,AA,AA,CC,GA,GG,CC,,CC,CC,,CC,TT,GA,AA,CC,,,,,,,CA,CC,GG,TT,,AA,GA,GG,CC,GG,GG,AG,GA,CC,TT,,,CT,AA,GT,CC,GG,GG,GG,GG,TC,AC,AA,,,,,,TT,5G5G,AA,GG,CC,AA,GG,CC,GG,CC,,CC,AG,CC,CC,GT,GG,CG,GA,TT,AA,,,,,CC,CC,GG,CC,CG,AC,TT,CT,CT,TT,,GG,AA,CT,GT,TC,GT,CT,GA,,AA,AC,GT,CC,TT,AA,,TT,GA,GG,TT,TT,,,,,,,0.0,MA,02-3,Male,22.0,Caucasian,27.5,40.0,12.5,45.5,30.0,35.0,5.0,16.7,182.0,73.0,24.009,130.0,70.0,90.0,5.0,11.33,6.0,11.33,R,195.0,73.0,25.724,7.0,-2.124552628718561,1.0620019103503167
MA-690,CC,DD,CT,GA,TC,GA,CC,GG,GG,CC,TT,GG,TT,AA,TT,CC,CC,AA,CC,TT,GG,CC,CC,TT,CC,GG,GG,GG,GG,GG,CC,TT,GG,GG,AA,GG,GG,CC,GT,GG,,GG,CC,AA,CC,CC,GG,GA,GG,AA,,"-9, -9",AG,TT,CC,TT,AA,TT,TC,,,,,,,,,AA,TT,CG,AG,CG,GG,TT,CC,CT,TC,CC,GG,GG,GG,GG,CC,AA,GA,AT,CT,AG,CG,GG,AA,AT,GG,TT,CT,CC,CT,,,,,,AA,GG,CT,GG,AA,GG,AA,AA,CC,GG,GG,CC,TT,CC,CC,,GG,TT,AA,AT,CA,,,AA,CC,TA,CT,CC,GC,GG,CC,GA,AG,GG,GG,TC,GG,GG,AA,GA,CC,CT,,,CT,AG,GT,CC,GG,GT,GA,GG,TT,AA,AA,GC,TC,AG,AG,TC,TT,4G4G,AA,GG,CC,AA,GA,CC,GG,CC,,CC,AG,CC,CC,,,CG,GG,TT,AA,CC,CC,TT,GG,CC,CC,GG,CG,CC,AA,CC,CC,CC,,CC,GT,AG,CC,GT,TC,GT,CT,GG,,AA,AA,GT,CC,GT,AG,CC,CT,GA,GA,TC,TT,,,,,,,0.0,MA,03-1,Male,24.0,Caucasian,22.5,37.5,15.0,66.7,25.0,30.0,5.0,20.0,178.0,73.0,23.482,128.0,80.0,72.0,7.0,14.33,9.0,15.67,R,181.0,73.0,23.877,9.0,-2.7705521450308175,-0.38660074068665623
MA-691,CA,DD,CT,GG,CC,AA,CG,AG,GG,CC,TT,GG,TT,AG,GT,CC,CC,TT,CT,TT,GG,CC,CT,TT,CC,CG,GG,GT,GA,GG,CC,TT,GA,GG,AG,GG,GG,CC,TT,GG,,GG,CG,AA,CC,CC,AG,GG,GG,AA,,"-9, +9",GG,TT,TT,CT,AA,AA,TT,,,,,,,,,AA,CT,GG,GG,CG,GA,TT,CC,CC,,CC,GA,GA,AG,AA,TC,AC,GA,AA,CT,AG,CG,GA,AT,AT,GG,TT,CC,CC,CC,,,,,,AA,GG,CT,GG,TA,GG,AA,AA,CC,GA,GG,CT,TT,CC,CC,,CC,TT,GG,AA,AA,,,AG,AC,AA,CC,CA,GG,GG,CT,,AA,AA,GC,TC,GG,GG,AA,GA,CC,CT,,,CT,AG,GG,,GG,GT,GG,AA,CC,CC,AA,GC,TT,AG,AA,TT,TC,5G5G,AA,GG,CC,AA,GG,CG,AG,CC,,TT,AA,CT,CC,,,CC,GA,TT,AA,CT,CC,TT,GG,CC,CC,GA,CG,CG,AA,TT,TT,CC,,CC,GG,AA,CC,GG,CC,GG,CC,GG,,AA,AA,GT,CT,GT,AG,CC,TT,GA,GG,TT,TT,,,,,,,0.0,MA,03-1,Female,22.0,Caucasian,15.0,22.5,7.5,50.0,15.0,20.0,5.0,33.3,170.0,66.0,27.436,118.0,78.0,72.0,18.0,25.0,15.67,27.67,R,168.0,66.0,27.113,13.33,-0.4208330936721528,0.9124628710687299
MA-692,CA,II,CC,GG,CC,AA,GG,AA,CC,CA,TT,GG,TT,AA,TT,CT,CC,TA,CC,TT,GG,CT,CC,TT,CC,CG,GA,GG,GG,GA,CC,TT,GA,GG,AG,GG,GG,CC,TT,GG,,GG,CC,AA,CT,CT,AA,GG,GG,AA,,"-9, +9",GG,CT,TT,CT,AC,TT,TT,,,,,,,,,GG,CC,GG,GG,CC,AA,TT,CC,CC,CC,GG,GG,GG,AG,AA,TC,AA,AA,TT,CT,AA,GG,GG,AA,AT,GG,TC,CC,CC,CC,,,,,,AA,GG,CT,GG,AA,GG,AA,AA,CC,GG,GG,CC,TT,CC,CT,,CG,TC,GG,AT,CC,,,AG,AC,TT,CC,CA,GC,GG,TT,GG,AG,AG,GC,TT,GG,GG,AG,GA,CG,CC,,,CC,GG,GG,CC,GG,GG,GG,GG,TT,AA,AG,CC,TT,AG,AA,TT,CC,4G5G,AA,GG,CT,AA,GG,CC,AA,CT,,CC,AG,CC,CG,,,GG,GG,TT,GA,CC,CC,TC,GA,CC,CC,GG,GG,CC,AA,TT,CT,TT,,CC,GG,AA,CC,GT,TC,GT,CT,GG,,GA,AA,GG,CC,TT,AA,CT,CT,GA,GA,TC,TT,,,,,,,0.0,MA,03-1,Male,25.0,Caucasian,32.5,50.0,17.5,53.8,35.0,37.5,2.5,7.1,185.0,70.0,26.542,120.0,78.0,54.0,4.0,18.0,5.0,18.0,R,186.0,70.0,26.685,4.0,1.2893484032759208,-0.25470030669923593
MA-693,AA,II,CT,GA,TC,GA,CC,GG,GG,AA,TC,GG,TT,AG,GT,CC,CC,TA,CT,TT,GG,CC,CT,CT,CC,CG,GG,GT,GG,GG,TC,AT,GG,GA,AG,GA,GG,CC,GT,GA,,GG,CC,AA,CC,CC,GG,AA,GG,AA,,"-9, +9",AG,CT,CC,CT,AA,TA,TT,,,,,,,,,AA,CC,CG,AG,CG,GG,TT,CC,CT,TT,CG,GG,GG,AA,AA,TT,CC,GG,AT,TT,AA,CG,GG,AA,TT,GG,TT,CC,CC,CT,,,,,,AA,GG,TT,GG,TT,GA,AA,AA,CC,AA,GG,CC,TT,TT,CT,,CG,TT,GA,AA,CC,,,AA,CC,AA,CT,CC,CC,GC,CC,GA,AG,AG,GG,TC,GG,GG,AG,GG,CG,CC,,,CT,GG,GG,CC,GT,GT,GG,GA,TC,AC,AA,GC,TT,GG,AA,TT,TT,5G5G,AA,GG,CC,AA,AA,CC,GG,CC,,CT,AG,CT,CC,,,CG,GA,CC,AA,CT,CT,TC,GA,CC,CC,GG,GG,CC,AA,CC,CC,CC,,CC,GT,AG,CC,GG,CC,GG,CC,GG,,GA,AC,GT,CC,TT,AA,CC,TT,GA,GG,TT,TT,,,,,,,0.0,MA,03-1,Female,22.0,Caucasian,12.5,15.0,2.5,20.0,15.0,15.0,0.0,0.0,169.0,69.0,24.954,118.0,78.0,84.0,12.67,23.33,15.0,20.67,R,165.0,69.0,24.364,18.0,-0.4076587536530754,0.1778165459772492
MA-694,CA,DD,TT,GG,CC,AA,CC,AA,GG,CA,TC,GG,TT,GG,GG,CC,TT,TT,CC,GG,AA,TT,CC,TT,GG,CC,GG,GG,GG,AA,CC,AT,GG,GA,GG,GA,GA,CT,GG,GA,,GG,CC,AA,CC,CC,GG,GG,GG,AA,,"-9, -9",GG,CC,TT,CT,AA,AA,TT,,,,,,,,,AG,CC,GG,GG,CC,GG,TT,CC,CC,CC,GG,GG,GG,AA,AA,TC,CC,GG,TT,TT,AG,GG,GG,AA,AA,GT,TT,TT,CC,CC,,,,,,AA,GG,CT,GG,TA,GA,AA,AA,CC,GA,GG,CC,TT,CC,TT,,GG,TT,GG,AA,CA,,,AG,AC,TA,CC,CA,GC,GG,CT,GA,GG,GG,GC,TT,GG,GG,AA,GA,CC,CC,,,CT,GG,TT,CC,GG,GG,GG,GA,TC,AC,AA,GC,TT,AG,AA,TT,TC,4G5G,AA,GG,CC,AA,GG,CC,GG,CC,,CT,AG,TT,CC,,,CC,GA,TT,AA,CT,CT,TT,GG,CC,CC,GA,CC,CG,AA,TT,CT,CC,,CC,GG,AA,CC,GG,CC,GG,CC,GG,,GA,AA,GT,CT,GT,AG,TT,TT,GA,GG,TT,TT,,,,,,,0.0,MA,03-1,Female,19.0,Caucasian,12.5,22.5,10.0,80.0,10.0,17.5,7.5,75.0,107.0,61.0,20.215,110.0,76.0,60.0,4.0,17.33,4.67,13.33,R,115.0,61.0,21.727,6.33,8.70248418320642,-5.569582580396259
MA-695,CA,ID,TT,AA,TT,GG,CG,AG,CG,CC,TC,GG,TT,AG,,CC,TC,TA,CC,GT,AG,,CC,,,,,GG,GG,GA,,,,GG,,,GG,CC,GT,GG,,GG,CC,AA,CC,CT,GG,GG,GG,AA,,"-9, +9",GG,CT,TT,CC,AA,TA,TC,,,,,,,,,AA,CC,CC,GG,CG,GG,TT,CC,TT,CC,CC,GG,GA,GG,GG,CC,AA,AA,,TT,AA,GG,GG,AA,AA,GG,CC,,CG,CC,,,,,,AG,GA,CT,GA,TA,GG,AA,AA,CC,GG,GG,CC,TT,CC,CT,,CG,TT,GG,AT,CC,,,AG,AC,TT,CC,CA,GC,GG,CT,GG,AA,AG,GG,CC,GA,GG,GG,GA,CG,CC,,,CC,GG,GG,CC,GG,GG,GG,GA,TC,AC,AA,GG,CC,AA,AG,TT,TT,4G5G,AA,GG,CC,AA,GG,CC,GG,CT,,CC,GG,CC,CC,,,CC,GG,CC,AA,TT,TT,TT,GG,CC,CC,GA,CG,CG,AA,CT,TT,CC,,CC,,,CC,GT,TC,GT,CT,GA,,GA,AA,GT,CT,TT,AA,CC,CC,GA,GA,CC,GG,,,,,,,0.0,MA,03-1,Female,19.0,African Am,12.5,25.0,12.5,100.0,10.0,12.5,2.5,25.0,134.0,66.5,21.302,122.0,82.0,76.0,12.0,17.33,11.33,15.67,R,137.0,66.5,21.779,10.67,4.807665471626308,3.149947594456263
MA-696,CC,II,CT,GA,TC,GA,CC,AG,CG,CA,TT,GG,TT,AA,TT,CT,CC,TA,CC,TT,GG,CT,CC,TT,CC,CG,GA,GG,GG,GA,CC,TT,GA,GG,AA,GG,,CC,TT,GG,,GG,CG,AA,CC,CC,AG,GA,GG,AA,,"-9, +9",AG,CT,TC,CT,AC,AA,TC,,,,,,,,,AG,CC,GG,GG,CG,GG,TT,CC,CT,CC,CG,GG,GG,AA,AA,,,,TT,CC,AA,GG,GG,AA,,GT,TT,CC,CC,CC,,,,,,AA,GG,CC,GG,,GA,AA,AA,CC,GA,GG,CC,TT,CC,TT,,GG,TT,GG,AT,,,,AG,AC,TA,CC,CA,GG,GC,CC,GA,AG,AG,GG,TC,GG,GA,AG,GA,CC,CC,,,CT,GG,GG,CC,GT,GT,GG,,,AC,AA,GC,TT,AG,AG,TT,TC,4G5G,AA,GG,CC,AA,GA,CG,AG,CC,,CT,AA,CC,CC,,,CC,AA,TT,GA,CT,CT,TT,GG,CC,TT,AA,CC,GG,AA,CT,CC,CC,,CC,GG,AA,CT,GT,TC,GT,CT,GG,,GA,AC,TT,CC,TT,AA,TT,CT,GA,GA,CC,TT,,,,,,,0.0,MA,03-1,Male,20.0,Caucasian,27.5,40.0,12.5,45.5,27.5,22.5,-5.0,-18.2,150.0,67.0,23.491,126.0,76.0,60.0,6.33,11.0,5.67,10.0,R,150.0,67.0,23.491,5.0,1.193916224711963,-0.5901527909589179
MA-697,CA,II,CC,GA,CC,GA,CC,AA,CC,CC,TT,GG,TT,AG,,CT,CC,TA,CC,TT,GG,,CC,,,,,GG,GG,GA,,,,GG,,,GG,CC,GG,GA,,GG,CC,AA,CC,CT,GG,GG,GG,AA,,"-9, -9",GG,TT,TT,CT,AA,TT,TC,,,,,,,,,AA,CT,GG,GG,CC,GG,TT,CC,CC,TC,CC,GG,GA,AA,AA,TC,AC,GA,,CT,AG,GG,GG,AA,AA,GG,TC,,CC,CC,,,,,,AG,GG,CT,GA,TA,GG,AA,AA,CC,GG,GG,CC,TT,CC,CC,,CG,TT,GG,AA,CC,,,AA,CC,TA,CC,CC,GG,GG,CC,GG,AA,AA,GG,CC,GG,GG,GG,GA,CG,CT,,,CC,AG,GG,CT,GT,GG,GG,GG,TT,AA,AA,GG,TT,AA,AG,TT,TT,5G5G,AA,GG,CC,AA,GG,CC,GG,CT,,CC,AG,CT,CC,,,CC,GG,CC,GG,CT,CC,TT,GG,CC,CT,AA,CC,CG,AA,CT,TT,CC,,CC,,,CC,GT,TC,GT,CT,GG,,GG,AA,GT,CT,TT,AA,CC,TT,GA,GG,TT,TG,,,,,,,0.0,MA,03-1,Male,29.0,Other,25.0,35.0,10.0,40.0,25.0,30.0,5.0,20.0,184.0,71.5,25.302,140.0,90.0,68.0,6.67,14.0,6.33,17.0,R,185.0,71.5,25.44,6.33,2.4008334291812865,2.780543428204457
MA-698,CC,II,CT,GA,TC,GA,CC,GG,GG,CA,TT,GG,TT,AG,,CC,CC,TA,CT,TT,GG,,CT,,,,,GT,GA,GG,,,,GG,,,GA,CT,GT,GG,,GG,CC,AA,CC,CC,GG,GA,GG,AA,,"-9, +9",AA,CT,TT,CC,AA,TA,TT,,,,,,,,,AG,CT,CG,AA,CC,GG,TC,CG,CT,CC,CC,GG,GA,AG,AA,TT,AC,AA,,CT,,CG,GG,AA,AA,GG,TT,,CC,CC,,,,,,AA,GG,TT,GG,TA,GG,AT,AT,CA,GA,GA,CC,TT,CC,TT,,GG,TT,GG,AT,CC,,,AG,AC,TA,CC,CA,GG,GG,CC,GG,AG,AA,GG,CC,GA,GG,AG,AA,CC,CC,,,CT,GG,GG,CC,GG,TT,GG,GG,TT,AC,AA,GC,TC,AA,GG,TT,TC,4G5G,AA,GG,CC,AA,GA,CC,GG,CC,,CC,AA,CC,CC,,,CC,GA,CT,GA,CC,CC,CC,AA,CC,CT,GA,CG,CG,AA,TT,CT,CT,,CC,,,CT,GG,CC,GG,CC,GG,,GG,AA,GT,CC,TT,AA,CT,TT,GG,GA,TT,TT,,,,,,,0.0,MA,03-1,Male,18.0,Hispanic,22.5,27.5,5.0,22.2,22.5,22.5,0.0,0.0,146.0,68.0,22.197,130.0,70.0,72.0,3.67,7.33,4.0,9.0,R,148.0,68.0,22.501,4.0,2.17195787444983,4.199954249358072
MA-699,CC,DD,CT,GA,TC,GA,CG,AG,CG,CA,TT,GG,TT,AG,GT,CC,CC,TA,CT,TT,GG,CC,CT,TT,CC,CG,GG,GT,GA,GG,CC,TT,GG,GG,AG,GG,GG,CC,TT,GG,,GG,CC,AA,CC,CC,GG,GG,GG,AA,,"-9, +9",AA,TT,TC,TT,AA,TA,TT,,,,,,,,,AG,CC,GG,AA,CC,GG,TC,CG,CT,TC,CG,GG,GG,AG,AG,TC,AC,GA,TT,TT,AG,GG,GG,AA,AT,GG,TT,CT,CC,CC,,,,,,AA,GG,CT,GG,TA,GG,AA,AA,CC,GA,GG,CT,TT,TC,CT,,CG,TT,GG,AT,CA,,,AA,CC,AA,CT,CC,GG,GG,CC,GG,AA,AG,GG,CC,GG,GG,AG,GA,CC,CC,,,TT,GG,GG,CC,GG,GG,GA,GA,TC,AC,AA,GG,TT,AA,GG,TT,TC,5G5G,AA,GG,CC,AA,GG,CC,GG,CC,,CC,AA,CT,CC,,,CC,GA,TT,GA,CC,CC,TC,GA,CC,CC,GG,CG,CC,AA,CT,CT,CC,,CC,GG,AA,CT,GT,TC,GT,TT,GA,,GG,AA,GG,CC,TT,AA,CC,CT,GA,GA,TC,TT,,,,,,,0.0,MA,03-1,Female,19.0,Caucasian,12.5,17.5,5.0,40.0,12.5,15.0,2.5,20.0,135.0,66.0,21.787,112.0,78.0,72.0,9.67,20.33,12.67,18.33,R,136.0,66.0,21.949,8.0,-2.532818184495058,0.9939091246220547
MA-700,CA,II,CT,GA,TC,GA,CC,GG,CG,CC,TT,GG,TT,AA,TT,CC,CC,AA,CC,TT,GG,CC,CC,TT,CC,GG,GG,GG,GG,GG,CC,AT,GG,GA,GG,AA,AA,TT,GG,GG,,GG,CC,AA,CC,CC,GG,GA,GG,AA,,"+9, +9",AA,CT,TT,CT,AC,TT,TC,,,,,,,,,AA,CT,GG,GG,CG,GG,TT,CC,CT,TC,CC,GA,GA,AG,AG,CC,AA,GA,AT,CC,AA,GG,GG,AA,TT,GG,TC,CC,CC,CC,,,,,,AA,GG,CC,GG,AA,GG,AA,AA,CC,GG,GG,CC,TT,CC,CC,,CG,TT,GA,AT,CC,,,AA,CC,TA,CT,CC,GG,GG,CT,GA,AA,AG,GG,CC,GG,GG,AA,GA,CG,CC,,,CT,GG,GG,CC,GG,TT,GG,GG,TT,CC,AA,GC,TC,AA,GG,TT,TT,5G5G,AA,GG,CC,AA,GA,CC,GG,CC,,CC,AA,CT,CC,,,CC,GG,TT,AA,TT,TT,TT,GG,CC,CC,GG,CG,CC,AA,TT,CC,CT,,CC,GT,AG,CC,GG,CC,GG,CC,GG,,GA,AA,GG,CC,TT,AA,CC,TT,GA,GG,TT,TT,,,,,,,0.0,MA,03-1,Male,20.0,Caucasian,30.0,37.5,7.5,25.0,30.0,30.0,0.0,0.0,176.0,67.0,27.562,120.0,78.0,88.0,9.0,9.33,9.33,10.33,R,178.0,67.0,27.876,11.33,-2.182552939055399,-0.6604958283356135
MA-701,CA,ID,TT,AA,TT,GG,CG,GG,CC,CC,TC,GG,TT,GG,GG,CC,CC,TT,TT,TT,GG,CC,TT,CT,CC,CC,GG,TT,GA,GG,TC,AT,GG,GA,GG,GA,GG,CC,GT,GA,,GG,CG,AA,CC,CC,AG,GA,GG,AA,,"-9, -9",GG,CT,CC,CC,AA,TA,CC,,,,,,,,,AG,CC,CG,GG,CG,GG,TT,CC,TT,,CC,AA,GA,AA,AA,TT,AA,AA,AT,CT,AA,CG,GA,AT,TT,GG,TC,CC,CC,CC,,,,,,AA,GG,CC,GG,AA,GG,AA,AA,CC,GG,GG,CC,TT,CC,CT,,CG,TT,GG,AA,CA,,,AG,AC,AA,CT,CC,GG,GG,CC,GG,AG,AG,GG,CC,GA,GG,AG,AA,CC,CT,,,TT,AG,GT,CT,GG,GG,GG,GA,TC,CC,AA,GC,TT,AA,AG,TC,TT,5G5G,AA,GG,CC,AA,GA,CG,AG,CC,,CC,AA,CC,CC,,,CC,GG,CT,AA,CT,CT,TT,GG,CC,CC,GG,CC,CG,AC,CC,TT,CT,,CT,GT,AG,CT,GG,CC,GG,CC,GG,,GA,AC,GT,CC,TT,AA,CC,CC,GG,AA,TC,TT,,,,,,,0.0,MA,03-1,Female,22.0,Caucasian,7.5,12.5,5.0,66.7,10.0,10.0,0.0,0.0,97.0,62.7,17.346,124.0,70.0,90.0,6.0,12.0,7.0,14.0,R,101.0,62.0,18.471,6.0,-0.6090727918327703,2.8274817974484168
MA-702,CA,ID,CT,GA,TC,GA,CC,AG,CC,CA,TC,GA,TT,AA,TT,CC,CC,AA,CC,TT,GG,CC,CC,TT,CC,GG,GG,GG,GG,GG,CC,TT,GG,GG,AA,GG,GA,CT,GG,GA,,GG,CG,AA,CC,CC,AG,,GG,AA,,"-9, +9",GG,CT,TC,CT,AA,TA,TT,,,,,,,,,AG,CC,CG,AG,CC,GG,TT,CC,CT,TC,CC,GA,GG,AG,AG,TC,AC,,AA,TT,AA,CC,GG,AA,AT,GG,TC,CT,CC,CC,,,,,,AA,GG,CT,GG,AA,GG,AA,AA,CC,GG,GG,CT,TT,TC,CC,,CC,TT,GG,AA,CC,,,AG,AC,TA,CC,CA,GG,GG,TT,GG,AA,AA,GG,CC,GG,AA,AG,GA,CC,CC,,,CT,GG,GG,CC,GT,GG,GG,GG,TT,AA,AA,GG,TT,GG,AA,TT,CC,4G5G,AA,GG,CC,AA,,CG,AG,CC,,CC,GG,CC,CC,,,CC,GA,TT,AA,TT,TT,TT,GG,CC,CC,GG,CC,CC,AA,CT,TT,CT,,CT,GT,AG,CT,GG,CC,GG,CC,GG,,GG,AA,GG,CC,TT,AA,CT,CC,GA,AA,CC,TT,,,,,,,0.0,MA,03-1,Male,38.0,Caucasian,35.0,47.5,12.5,35.7,35.0,35.0,0.0,0.0,242.0,73.0,31.925,136.0,92.0,72.0,9.0,13.0,12.0,17.67,R,245.0,73.0,32.32,8.67,-1.0236212423684499,-0.44753993671085834
MA-703,CA,II,CT,GA,TC,GA,CC,GG,GG,CC,TT,GG,TC,GG,GG,CC,CC,TT,TT,TT,GG,CC,TT,CT,CC,CC,GG,TT,GA,GG,TC,AT,GG,GA,AG,GA,GG,CC,GT,GG,,GG,CC,AA,CC,CC,GG,GG,GG,AA,,"+9, +9",AG,CT,TT,CT,AC,TA,CC,,,,,,,,,AG,CT,CG,GG,CC,GG,TT,CC,CT,TC,CG,GG,GA,AG,AA,TC,AC,GG,AT,CT,AA,GG,GG,AA,AT,GG,TT,CT,CC,CT,,,,,,AA,GG,CT,GG,AA,GG,AA,AA,CC,GG,GG,CC,TT,CC,CT,,CG,TT,GA,AT,CC,,,AG,AC,TT,CC,CA,GC,GC,TT,GG,AG,GG,GG,CC,GG,GG,AA,GA,CG,CC,,,CT,AG,GG,CC,GG,GT,GA,GG,TT,,AA,CC,TT,AG,AG,TT,TC,4G5G,AA,GG,CC,AA,GG,CC,GG,CC,,CT,AG,CC,CC,,,CC,GG,CT,AA,CT,CT,TT,GG,CC,CC,GG,CG,CC,AA,TT,CC,CC,,CC,TT,GG,CC,TT,TT,TT,TT,GG,,AA,AA,GT,CC,TT,AA,TT,TT,GA,GG,TT,TT,,,,,,,0.0,MA,03-1,Male,23.0,Caucasian,25.0,30.0,5.0,20.0,25.0,25.0,0.0,0.0,171.0,73.0,22.558,118.0,76.0,68.0,6.0,8.0,7.0,9.67,R,174.0,73.0,22.954,5.0,-3.5146820663109812,2.944463481574059
MA-704,AA,DD,CT,GA,TC,GA,GG,AG,CC,CA,TT,GG,TT,AG,GT,CC,TC,TA,CT,TT,GG,CC,CT,CT,CC,CG,GG,GG,GG,GG,CC,AT,GG,GG,AG,GG,GG,CC,GG,AA,,GG,CC,AA,CC,CT,GG,GG,GG,AA,,"+9, +9",AG,TT,TT,TT,AA,TT,TC,,,,,,,,,AA,TT,CG,AG,CG,GG,TT,CC,CT,CC,CG,GA,GG,GG,AG,TC,AA,AA,TT,CT,AA,GG,GG,AA,AA,GG,TT,CT,CC,CT,,,,,,AA,GG,CT,GG,TT,GA,AA,AA,CC,AA,GG,CT,TT,TC,CT,,CG,TT,GA,AA,CC,,,AG,AC,AA,CT,CA,GG,GG,CC,GG,AG,AG,GG,TC,GG,GG,AA,AA,CC,CT,,,CT,AG,GG,CC,GG,GT,GA,GG,TT,AC,AA,CC,TC,AG,AA,TT,TC,4G4G,AA,GG,CC,AA,GG,CC,GG,CT,,CC,AA,CC,CC,,,CC,GA,CT,AA,TT,TT,TT,GG,CC,CC,GG,GG,CC,AA,CT,CC,CT,,CT,GT,AG,CC,GT,TC,GT,CT,GG,,GA,AA,GG,CC,TT,AA,CC,TT,GA,GG,TT,TG,,,,,,,0.0,MA,03-1,Male,29.0,Caucasian,32.5,37.5,5.0,15.4,32.5,32.5,0.0,0.0,210.0,71.0,29.286,132.0,84.0,64.0,8.67,27.0,12.0,27.0,R,210.0,71.0,29.286,16.67,0.7425407007447379,1.1928726373642022
MA-705,CA,ID,CT,GA,TC,GA,CG,GG,GG,CC,TT,GG,TT,AA,TT,CC,TC,TA,CC,TT,GG,CC,CC,TT,CC,GG,GG,GG,GG,GG,CC,AT,GA,GG,AG,GA,GG,CC,GG,AA,,GG,CC,AA,CC,CC,GG,GG,GG,AA,,"-9, -9",AA,TT,TT,TT,AC,TA,TC,,,,,,,,,GG,CC,GG,GG,CC,AA,TC,CG,CT,TT,CG,GG,GG,AA,AA,TT,CC,GG,AT,CC,AG,GG,GG,AA,TT,GG,TC,CC,CC,CT,,,,,,AA,GG,TT,GA,TA,GA,AA,AA,CC,GA,GG,TT,TT,TT,CT,,CG,TT,GA,AT,CC,,,AG,AC,TA,CT,CA,CC,GG,CT,GA,AA,AG,GG,CC,GG,GG,AG,GA,CG,CT,,,CT,AG,GG,CT,GG,GT,GG,GG,TT,AC,AA,CC,TT,AG,AG,TT,TC,4G5G,AA,GG,CC,AA,GG,CC,GG,CC,,CC,AA,CC,CC,,,CC,GG,CT,AA,TT,TT,TT,GG,CC,CT,GA,CG,CG,AA,CT,CT,CC,,CC,GT,AG,CT,GT,TC,GT,CT,GA,,GA,AC,GT,CC,TT,AA,CT,CT,GA,GA,TC,TT,,,,,,,0.0,MA,03-1,Female,19.0,Caucasian,7.5,15.0,7.5,100.0,10.0,12.5,2.5,25.0,152.0,67.2,23.662,124.0,78.0,88.0,8.0,22.67,12.33,22.0,R,156.0,67.0,24.43,12.33,-1.1530862674331013,-0.7483157099942882
MA-706,CC,ID,CT,AA,TC,AA,CG,GG,CG,CA,TT,GA,TT,AG,GT,CC,TC,TA,CC,GT,AG,CT,CC,TT,CG,CG,GG,GG,GG,GA,TC,AA,GG,AA,GG,AA,GG,CC,GG,GA,,GG,CC,AA,CC,CC,AA,GG,GG,AA,,"+9, +9",AG,CT,TT,CT,AA,AA,TC,,,,,,,,,AA,CT,GG,GG,CC,GG,TC,CG,TT,TT,CC,GA,GG,AA,AA,TT,AA,AA,TT,CT,AA,GG,GA,AT,AT,GG,TC,CT,CC,CC,,,,,,AA,GG,CT,GA,AA,GG,AA,AA,CC,GG,GG,CC,TT,CC,CT,,CG,TT,GA,AA,CC,,,AG,AC,TA,CT,CA,GG,GG,CC,GG,AA,AA,CC,TT,GA,GG,GG,GA,CC,CT,,,TT,AG,GG,CC,GT,TT,GG,GG,TT,AC,AA,GC,TT,AG,AA,TT,TT,4G5G,AA,GG,CC,AA,GG,CC,AA,CC,,CC,AG,CC,CC,,,CC,GG,CT,GA,CT,CT,TT,GG,CC,CT,GA,GG,CG,AA,TT,TT,CC,,CC,TT,GG,CT,GG,TT,TT,TT,GG,,AA,AA,GT,CT,GT,AG,CT,CT,AA,GA,TC,TT,,,,,,,0.0,MA,03-1,Female,19.0,Caucasian,12.5,17.5,5.0,40.0,12.5,12.5,0.0,0.0,114.0,63.5,19.875,110.0,78.0,76.0,7.67,18.0,9.0,17.0,R,114.0,63.5,19.875,8.0,2.2417163766363193,-0.6294054974578454
MA-707,CC,II,CT,GA,TC,GA,CC,GG,CG,CC,TT,GG,TC,AG,GT,CC,TC,TA,CC,GT,AG,CT,CC,TT,CG,CG,GG,GG,GG,GA,CC,AT,GG,GA,AG,GA,GG,CC,GG,AA,,GG,CC,AA,CT,CC,AA,GA,GG,AA,,"+9, +9",GG,CT,TC,CT,AC,TT,TC,,,,,,,,,AA,CT,CC,AG,CC,GG,TT,CC,CT,TC,CC,GA,GA,AG,AA,TT,AC,,AA,CT,AA,CG,GG,AA,AA,GG,TC,CC,CC,CC,,,,,,AA,GG,CT,GA,AA,GG,AA,AA,CC,GG,GG,CC,TT,CC,CC,,CG,TT,GG,AA,CC,,,GG,AA,AA,CT,AA,GC,GC,CT,GG,AA,GG,GG,TC,AA,GG,GG,GG,CC,CC,,,CC,GG,GG,CC,GG,GG,AA,GG,TT,AA,AA,GC,TT,AG,AG,TT,TT,4G5G,AA,GG,CT,AA,GA,CC,AA,CC,,TT,AG,CC,CC,,,CC,GA,CT,AA,CC,CC,TT,GG,CC,CT,GA,CG,CG,AA,CT,,CC,,CT,TT,GG,CC,GG,CC,GG,CC,GG,,GG,CC,TT,CC,TT,AA,CC,CT,GA,GG,TC,TT,,,,,,,0.0,MA,03-1,Male,19.0,Caucasian,27.5,37.5,10.0,36.4,30.0,25.0,-5.0,-16.7,220.0,77.0,26.085,112.0,76.0,66.0,11.33,18.0,13.0,15.67,L,220.0,77.0,26.085,9.0,0.9761776535507788,-3.841919459231182
MA-708,CA,ID,,GG,CC,AA,,,,CC,,,TT,GG,GG,CC,TC,TT,CT,GT,AG,CT,CT,TT,CG,CC,GG,GT,GA,GA,CC,TT,GG,GG,AG,GG,,CT,GG,GG,,,CC,AA,CC,CC,GG,,,AA,,"+9, +9",AA,TT,TT,TT,AA,,TC,,,,,,,,,AG,CT,CG,AG,CC,GG,,,CC,TC,CG,GA,AA,AG,AA,TC,,,AT,CC,AA,GG,GG,AA,,,TT,CT,,,,,,,,AA,GG,CC,GG,TA,GG,AA,AA,CC,GA,GG,CT,,,TT,,,,,,,,,GG,AA,TA,CC,AA,GC,GG,CC,,,,,,,,,,,,,,,AG,GG,CC,,GT,GG,GG,CC,CC,AA,,,,,,TT,,,,,,,,,,,,,CC,CC,,,CC,GA,,,,,,,,,,,,,,CC,CT,,,GG,AA,,GG,CC,GG,CC,,,,AC,GT,CC,TT,AA,CT,TT,GA,GG,TT,,,,,,,,0.0,MA,03-1,Male,24.0,Caucasian,35.0,42.5,7.5,21.4,35.0,37.5,2.5,7.1,148.0,67.5,22.835,118.0,82.0,78.0,3.67,8.33,3.33,6.33,R,152.0,67.5,23.453,5.67,1.9137960717410274,-1.5806828268575073
MA-709,CC,II,,GA,TC,GA,,,,,,,CC,GG,,CC,TT,TT,CC,GG,AA,,CC,,,,,GG,GG,AA,,,,AA,,,,CC,TT,GG,,,CC,AA,CC,CC,GG,,,AA,,"-9, -9",GG,CC,TC,TT,AC,,TT,,,,,,,,,AA,CT,GG,GG,CC,GG,,,CT,TT,CG,GG,GA,AA,AA,TT,,,,TT,AG,GG,GG,AA,,,TT,,,,,,,,,AA,GG,CC,GG,TT,GA,AT,AT,CA,AA,GA,CT,,,CT,,,,,,,,,AG,AC,TA,CC,CA,GG,GG,CC,,,,,,,,,,,,,,,GG,GT,CC,,GG,GG,GA,TC,AC,AA,,,,,,TC,,,,,,,,,,,,,CT,CC,,,CG,GG,,,,,,,,,,,,,,TT,CC,,,,,,GG,CC,GG,CC,,,,AA,TT,TT,TT,AA,CT,TT,GA,GG,TT,,,,,,,,0.0,MA,03-1,Female,25.0,Asian,15.0,27.5,12.5,83.3,17.5,20.0,2.5,14.3,152.0,63.0,26.923,122.0,82.0,72.0,14.33,21.0,14.0,18.0,R,145.0,63.0,25.683,14.67,10.897297425622613,-0.20046556264390075
MA-711,CA,II,CT,GA,TC,GA,CG,GG,CG,CC,TT,GA,TT,AG,GT,CC,CC,TA,CT,TT,GG,CC,CT,CT,CC,CG,GG,GT,GG,GG,TC,AT,GA,GA,AG,GA,GG,CC,GG,AA,,GG,CC,AA,CC,CT,GG,GG,GG,AA,,"-9, +9",AG,TT,TC,TT,AA,TA,TC,,,,,,,,,GG,CC,CC,AG,CG,GG,TT,CC,CT,TC,CC,GA,GG,AG,AG,TC,AC,,AT,CT,AA,GG,GG,AA,TT,GG,CC,CT,CC,CC,,,,,,AA,GG,CC,GG,AA,GG,AA,AA,CC,GG,GG,CT,TT,TC,CT,,CG,TT,GG,AA,CC,,,AG,AA,TA,CT,CA,GG,GG,CT,GG,AA,AA,GG,CC,GA,GG,AG,GA,CG,CT,,,CC,AG,GG,CC,GT,TT,GA,GG,TT,AA,AA,CC,TT,AG,AA,TC,TT,4G5G,AA,GG,CC,AA,GG,CC,GG,CT,,CC,AA,CC,CC,,,CC,GG,TT,GA,CC,CC,TC,GA,CC,CT,GA,CC,CG,AA,TT,CT,CC,,CT,GT,AG,CC,GG,CC,GG,CC,GG,,GA,AC,GT,CC,TT,AA,CT,CC,GA,AA,CC,TT,,,,,,,0.0,MA,03-1,Male,32.0,Caucasian,27.5,32.5,5.0,18.2,32.5,30.0,-2.5,-7.7,178.0,68.0,27.062,138.0,90.0,66.0,6.67,8.67,7.33,7.67,R,173.0,68.0,26.302,6.33,-2.5419537452714907,0.3839373906137118
MA-712,CC,ID,CT,GA,TC,GA,CG,AA,CC,CC,TT,,TC,GG,,CC,TC,TT,CC,GG,AA,,CC,,,,,GG,GG,AA,,,,GA,,,GA,CT,GG,GG,,GA,CC,AA,CC,CC,GG,GA,GA,AA,,"-9, -9",AG,CT,TT,TT,AC,TT,TC,,,,,,,,,AG,CC,CG,AG,CC,AA,TC,CG,CT,TC,CG,GG,GA,AG,AA,TC,AA,,,CT,AG,GG,GA,AT,AT,GG,TT,,CC,CC,,,,,,AA,GG,TT,GA,TA,GG,AA,AA,CC,GG,GG,CT,TA,TC,TT,,GG,TT,GG,AA,CC,,,GG,AA,TA,CC,AA,GC,GG,CT,GG,GG,GG,GG,TT,GG,GG,AA,AA,CC,CC,,,CT,GG,GG,CC,GG,GG,GG,GG,TT,AA,AA,GC,TT,AA,AG,TT,TC,4G5G,AA,GA,CC,AA,GA,CC,GG,CC,,CC,AA,CC,CC,,,CC,GG,CT,GA,CC,CC,TT,GG,CC,CC,GA,CC,CC,AA,TT,TT,CC,,CT,,,CC,GG,CC,GG,CC,GG,,AA,AC,TT,CC,TT,AA,CT,CT,GA,GA,TC,TT,,,,,,,0.0,MA,03-1,Male,20.0,Asian,27.5,35.0,7.5,27.3,30.0,30.0,0.0,0.0,160.0,72.5,21.399,112.0,78.0,66.0,7.0,16.0,7.0,16.33,R,164.0,72.5,21.934,7.33,7.5804777990688335,-4.850628882068648
MA-713,CC,II,TT,AA,TT,GG,CC,GG,CG,AA,TT,GA,TT,AA,TT,CC,CC,AA,CC,TT,GG,CC,CC,TT,CC,GG,GG,GG,GG,GG,CC,TT,GG,GG,AA,GG,GG,CC,TT,GG,,GG,CC,AA,CC,CC,GG,GG,GG,AA,,"+9, +9",GG,TT,TT,TT,AC,TT,TC,,,,,,,,,AA,TT,CC,AA,CG,GA,TT,CC,TT,TC,CC,GA,GA,AA,AA,TT,AC,GG,AT,CC,AA,GG,GA,AT,AT,GG,TT,CT,CC,CC,,,,,,AA,GG,CC,GG,AA,GG,AA,AA,CC,GG,GG,CC,TT,CC,TT,,GG,TT,GG,AT,CC,,,AG,AC,TA,CT,CA,GG,GG,CT,GG,AG,GG,GG,CC,GG,GG,AA,AA,CC,CC,,,TT,GG,GG,CC,GG,GG,GG,GG,TT,CC,AA,GC,TT,AA,AA,TT,TC,5G5G,AA,GG,CC,AA,GG,CC,GG,CC,,TT,AA,CT,CC,,,CC,GA,TT,AA,CT,CT,TT,GG,CC,CC,GG,CG,CC,AA,TT,CC,CT,,CC,TT,GG,CC,GT,TC,GT,CT,GG,,AA,AA,GG,CC,TT,AA,TT,CT,GG,GA,TC,TT,,,,,,,0.0,MA,03-1,Male,25.0,Caucasian,15.0,25.0,10.0,66.7,12.5,12.5,0.0,0.0,129.0,69.0,19.048,136.0,82.0,84.0,4.33,8.33,4.33,7.33,R,134.0,69.0,19.786,5.0,-2.266585674876941,-1.9026556908896286
MA-714,CA,II,TT,AA,TT,GG,CC,AG,CG,CC,TT,GG,TT,AG,GT,CT,CC,TT,CT,TT,GG,CT,CT,TT,CC,CC,GA,GT,GA,GA,CC,AT,GG,GG,GG,GG,GG,CC,GT,GA,,GG,CC,AA,CT,CC,AA,GG,GG,AA,,"-9, -9",GG,CC,CC,CC,AA,TT,TC,,,,,,,,,AG,CT,CG,AA,CC,GG,TT,CC,TT,CC,CG,GG,GG,AG,AG,TC,AC,GA,AT,CT,AA,CG,GG,AA,AT,GG,CC,CC,CC,CC,,,,,,AA,GG,CC,GG,TA,GG,AA,AA,CC,GA,GG,CC,TT,CC,CC,,CC,TT,GA,TT,CC,,,AG,AC,TA,CT,CC,GG,GG,CT,GG,AG,GG,GG,TC,GG,GG,AA,GA,CG,CC,,,TT,GG,GG,CC,GG,GG,GA,GG,TT,AC,AA,GC,TT,AA,AG,TT,CC,4G5G,AA,GG,CT,AA,GG,CC,AA,CC,,CC,AA,CT,CC,,,CC,GA,TT,AA,CC,CC,TT,GG,CC,CC,GG,CC,CC,AA,TT,TT,CC,,CT,GG,AA,CC,GG,CC,GG,CC,GG,,AA,AA,GG,CC,TT,AA,CT,CT,GG,GA,TC,TT,,,,,,,0.0,MA,03-1,Male,21.0,Caucasian,22.5,32.5,10.0,44.4,35.0,30.0,-5.0,-14.3,148.0,69.5,21.54,118.0,80.0,84.0,2.67,7.0,3.33,6.67,R,150.0,69.5,21.831,,-0.16755087386833573,-0.4085917468423973
MA-715,CA,II,CC,GA,TC,GA,CC,AG,CC,,TT,GG,TT,AA,TT,CC,CC,AA,CC,TT,GG,CC,CC,TT,CC,GG,GG,GT,GG,GG,CC,TT,GA,GG,AA,GG,GG,CC,GT,GG,,GG,CC,AA,CT,CC,AA,GA,GG,AA,,"-9, +9",AG,TT,TT,TT,AA,TT,TT,,,,,,,,,AA,TT,GG,GG,CC,GG,TT,CC,CT,CC,CC,GA,GG,AG,AG,TC,AC,GG,AT,CT,AA,GG,GG,AA,AA,GG,TT,CC,CC,CC,,,,,,AA,GG,CT,GA,AA,GG,AA,AA,CC,GG,GG,CC,TT,CC,CT,,CG,TT,GG,AA,CA,,,AA,CC,AA,CT,CC,GC,GG,TT,GA,AG,AG,GG,CC,GG,GG,AG,GG,GG,CC,,,CT,GG,GG,CC,GT,GT,GG,GA,TC,CC,AA,GC,TT,AA,GG,TT,CC,4G4G,AA,GG,CT,AA,GA,CC,AA,CC,,CC,AA,CC,CC,,,CC,GA,CT,AA,CT,CT,TT,GG,CC,CT,AA,CG,CG,AA,CT,CT,,,CT,GG,AA,,GG,TT,TT,TT,GA,,AA,AA,GG,CC,TT,AA,CC,TT,GG,GG,TT,TT,,,,,,,0.0,MA,03-1,Male,18.0,Caucasian,27.5,37.5,10.0,36.4,37.5,27.5,-10.0,-26.7,190.0,72.5,25.412,126.0,78.0,60.0,12.33,5.67,11.67,5.67,L,186.0,72.5,24.877,6.33,-2.091687088661133,0.8234174449681751
MA-716,CA,ID,CT,GA,TC,GA,CG,GG,CG,CC,TC,GG,TT,AA,,CC,CC,AA,CC,TT,GG,,CC,,,,,GG,GG,GG,,,,GG,,,GG,CC,GT,GA,,GG,CC,AA,CC,CC,GG,GG,GG,AA,,"-9, -9",AG,CC,TC,CT,AC,TT,TC,,,,,,,,,AG,CC,CC,AA,CC,GG,TT,CC,CT,TC,CC,GA,GG,GG,AA,TT,AC,GA,,CT,AA,GG,GG,AA,AT,GG,,,CC,CC,,,,,,AA,GG,CC,GG,TA,GG,AA,AA,CC,GG,GG,CC,TT,CC,CT,,GG,TT,GA,AT,CA,,,GG,AA,AA,CC,AA,GC,GG,CC,GA,AA,AA,GG,CC,GG,GG,AG,GG,CG,CC,,,CT,GG,GG,CC,GT,GG,GG,GG,TT,AC,AA,CC,TC,AA,AG,TT,TC,5G5G,AA,GG,CC,AA,GG,CC,GG,CC,,CC,AA,CC,CC,,,CC,GA,CT,AA,CC,CC,TC,GA,CC,CC,GG,CC,CC,AA,CT,TT,CC,,CC,,,CC,GG,CC,GG,CC,GG,,GA,AA,GT,CC,TT,AA,CT,CC,AA,AA,CC,TT,,,,,,,0.0,MA,03-1,Male,22.0,Hispanic,25.0,37.5,12.5,50.0,25.0,27.5,2.5,10.0,150.0,73.0,19.788,108.0,74.0,68.0,4.0,5.0,3.33,6.33,R,148.0,72.5,19.794,4.0,-1.1645893918545223,-1.9242816925658728
MA-718,CC,ID,CC,GG,CC,AA,CG,GG,GG,CC,TT,GG,TT,AG,GT,CC,CC,TA,CT,TT,GG,CC,CT,TT,CC,CG,GG,GT,GA,GG,CC,TT,GA,GG,AA,GG,GG,CC,GG,GA,,GG,CC,AA,CC,CC,GG,GG,GG,AA,,"-9, +9",AG,TT,TC,CT,AA,TA,TT,,,,,,,,,AG,CT,GG,GG,CG,GG,TT,CC,CC,TT,CC,GG,GG,AA,AA,TT,CC,GG,TT,CT,AA,GG,GG,AA,AA,GG,,TT,CC,CT,,,,,,AA,GG,CC,GG,TA,GG,AA,AA,CC,GG,GG,CC,TT,CC,CT,,CG,TT,GG,AA,CC,,,AA,CC,TA,CT,CA,GG,GG,CT,GG,AA,GG,GG,CC,GA,GG,GG,GG,GG,CT,,,CC,AG,GG,CC,GG,GT,GG,GA,TC,AC,AA,GC,TT,GG,AA,TT,TT,5G5G,AA,GG,CC,AA,GG,CC,GG,CC,,CT,AG,CC,CC,,,CG,GG,TT,AA,CT,CT,TT,GG,CC,CC,GA,CC,CG,AA,TT,CT,TT,,CC,TT,GG,CC,GG,CC,GG,CC,GG,,GG,AC,GT,CC,TT,AA,CT,CT,GA,GA,TC,TT,,,,,,,2.0,MA,03-1,Male,19.0,Caucasian,17.5,,,,20.0,,,,134.0,67.0,20.985,124.0,72.0,60.0,5.0,8.67,5.33,8.0,L,,,,,-3.268999519494021,-0.04660844599798239
MA-719,CC,ID,CC,GG,CC,AA,CG,AA,CC,CC,TT,GG,CC,GG,,CC,TT,TT,CC,GG,AA,,CC,,,,,GG,GG,AA,,,,GA,,,GA,CT,GT,GG,,GG,CC,AA,CT,CC,AG,GA,GG,AA,,"-9, +9",AA,CC,TT,CC,AC,TT,TC,,,,,,,,,AA,CT,GG,GG,CC,GG,TT,CC,CC,TT,GG,GG,GG,AA,AA,TT,AA,GA,,CT,AG,GG,GG,AA,AT,GG,,,CC,CC,,,,,,AA,GG,CC,GG,AA,GG,AA,AA,CC,GG,GG,CT,TA,TC,TT,,GG,TT,GG,AA,CA,,,GG,AA,TA,CC,AA,GC,GG,CC,GA,AG,GG,GG,TT,GG,GG,AG,GA,CC,CC,,,CT,GG,GG,CC,GG,,GG,GG,TT,AA,AA,GC,TC,AA,GG,TT,TC,4G5G,AA,GG,CT,AA,GA,,AA,CC,,CT,AA,CT,CC,,,CC,GA,CC,GG,CT,CT,TC,GA,CC,CC,GG,GG,CC,AA,TT,TT,CC,,CT,,,CC,GG,CC,GG,CC,GG,,GG,AA,GG,CC,TT,AA,TT,TT,GA,GG,TT,TT,,,,,,,0.0,MA,03-1,Male,28.0,Asian,17.5,25.0,7.5,42.9,20.0,20.0,0.0,0.0,141.0,71.0,19.663,114.0,72.0,60.0,6.0,7.0,7.0,8.33,R,140.0,71.0,19.524,8.0,6.660083221032947,-5.210935283023526
MA-720,CA,DD,,GG,CC,AA,,,,CC,,,TT,AG,GT,CC,CC,TA,CT,TT,GG,CC,CT,CT,CC,CG,GG,GT,GG,GG,TC,AT,GG,GA,AG,GA,,CC,GT,GG,,,CC,AA,CC,CC,GG,GG,GG,AA,,"-9, +9",AA,TT,TT,TT,CC,,TC,,,,,,,,,AA,CC,GG,GG,CG,GA,,,CC,CC,CG,GG,GG,AG,,TC,,,TT,CT,AG,GG,GG,AA,,,,TT,,,,,,,,AG,GG,CT,GG,AA,GG,AA,AA,CC,GG,GG,CC,,,CC,,,,,,,,,AA,CC,TT,CT,CC,GG,GC,CT,,,,,,,,,,,,,,,GG,GG,CC,,GT,GA,GG,TC,AC,AA,,,,,,TT,,,,,,,,,,,,,CC,CG,,,CC,GA,,,,,,,,,,,,,,CT,CC,,,GT,AA,,GT,TC,GT,CT,,,,AA,GG,CC,TT,AA,CT,CT,GA,GA,TC,,,,,,,,0.0,MA,04-1,Female,32.0,Caucasian,15.0,25.0,10.0,66.7,12.5,20.0,7.5,60.0,,,,,,,,,,,,142.0,62.5,25.555,10.33,-2.004551839055216,1.8108060429850235
MA-721,CA,ID,,GG,CC,AA,,,,CA,,,TT,AG,,CC,CC,TA,CT,TT,GG,,CT,,,,,GT,GG,GG,,,,GA,,,,CC,TT,GG,,,CC,AA,CC,CC,GG,GA,GG,AA,,"-9, +9",GG,TT,TC,TT,AC,,TC,,,,,,,,,AG,CT,CC,AA,CG,GG,,,CC,CC,CG,GA,GG,AG,AA,TT,,,,CT,AA,GG,GG,AA,,,,,,,,,,,,AA,GG,CC,GG,TA,GG,AA,AA,CC,GG,GG,CC,,,CT,,,,,,,,,AA,CC,TT,CC,CC,GC,GG,CC,,,,,,,,,,,,,,,GG,GG,CC,,GT,GA,GG,TC,AC,AA,,,,,,TC,,,,,,,,,,,,,CC,CC,,,CC,GG,,,,,,,,,,,,,,CT,CT,,,,,,GT,TC,GT,CT,,,,AA,GT,CC,GT,AG,CC,TT,GG,GG,TT,,,,,,,,,,,,,,,,,,,,,,,,,,,,,,,,,,,,,-1.513215049011105,0.8068266569183848
MA-722,CC,ID,,GA,TC,GA,,,,CC,,,TT,AG,GT,CC,CC,TA,CT,TT,GG,CC,CT,TT,CC,CG,GG,GT,GA,GG,CC,TT,GG,GG,AA,GG,,CC,TT,GG,,,CC,AA,CC,CC,GG,AA,GG,AA,,,GG,TT,TC,TT,AA,,TC,,,,,,,,,AG,CT,CG,AG,CC,GG,,,CT,TC,CC,GG,GA,AA,AA,TT,,,AT,CT,AA,GG,GG,AA,,,,CC,,,,,,,,AA,GG,CC,GA,AA,GG,AA,AA,CC,GG,GG,CC,,,CC,,,,,,,,,GG,AA,TA,CT,AA,CC,GG,CT,,,,,,,,,,,,,,,GG,GG,CC,,TT,GA,GG,TC,AC,AA,,,,,,CC,,,,,,,,,,,,,CC,CG,,,CC,GA,,,,,,,,,,,,,,TT,CT,,,GT,AG,,GG,CC,GG,CC,,,,AA,GG,CC,TT,AA,CT,CT,GA,GA,TC,,,,,,,,0.0,MA,04-1,Male,22.0,Caucasian,35.0,40.0,5.0,14.3,35.0,37.5,2.5,7.1,236.0,75.0,29.495,130.0,98.0,80.0,14.0,15.33,15.33,17.33,R,227.0,75.0,28.37,9.0,-3.2227958090450635,0.3320037250062462
MA-723,CA,ID,,GG,CC,AA,,,,CA,,,TT,AG,GT,CC,CC,TA,CT,TT,GG,CC,CT,TT,CC,CG,GG,GT,GA,GG,TC,AT,GG,GA,GG,GA,,CC,TT,GG,,,CC,AA,CT,CC,AG,GG,GG,AA,,"-9, -9",AG,CT,TT,CC,AA,,TT,,,,,,,,,AG,CT,GG,GG,CC,AA,,,CC,CC,CC,GA,GG,AG,AG,TC,,,AT,CT,AG,CG,GG,AA,,,,CT,,,,,,,,AA,GG,CC,GG,AA,GG,AA,AA,CC,GG,GG,CC,,,CC,,,,,,,,,GG,AA,TA,CC,AA,GG,GG,CT,,,,,,,,,,,,,,,AG,GT,CC,,TT,GA,GG,TT,AA,AA,,,,,,TC,,,,,,,,,,,,,CT,CC,,,CC,GA,,,,,,,,,,,,,,CC,CC,,,GT,AG,,GT,TC,GT,CC,,,,CC,TT,CC,TT,AA,TT,TT,GA,GG,TT,,,,,,,,0.0,MA,04-1,Male,19.0,Caucasian,27.5,35.0,7.5,27.3,32.5,35.0,2.5,7.7,185.0,71.0,25.799,128.0,88.0,76.0,12.33,19.0,12.67,17.33,R,186.0,71.0,25.939,19.0,-2.3011850733104953,0.6949229315733639
MA-724,CC,DD,,AA,TT,GG,,,,CC,,,TC,GG,,CC,TC,TT,CT,GT,AG,,CT,,,,,GT,GG,GA,,,,AA,,,,CT,GT,GG,,,CC,AA,CC,CT,GG,GA,GG,AA,,,AG,TT,CC,TT,AC,,,,,,,,,,,AG,CC,GG,GG,CC,GG,,,TT,TT,CC,GG,GG,AG,GG,CC,,,,CT,AG,GG,GA,AT,,,,,,,,,,,,AA,GG,CC,GG,AA,GG,AA,AA,CC,GG,GG,CC,,,CC,,,,,,,,,AA,CC,TT,CT,CA,GC,GG,CC,,,,,,,,,,,,,,,GG,GG,CC,,,GG,GA,CC,CC,AA,,,,,,TT,,,,,,,,,,,,,TT,CC,,,CC,GG,,,,,,,,,,,,,,CT,TT,,,,,,GT,TC,GT,CT,,,,AC,TT,CC,TT,AA,CC,TT,,GG,TT,,,,,,,,,,,,,,,,,,,,,,,,,,,,,,,,,,,,,1.736624428097185,-0.8890123059618221
MA-725,CC,II,,GG,CC,AA,,,,CC,,,TT,AG,GT,CC,CC,TA,CT,TT,GG,CC,CT,TT,CC,CG,GG,GT,GA,GG,CC,TT,GG,GG,AG,GG,,CC,GG,GA,,,CC,AA,CT,CC,AG,GG,GG,AA,,"-9, +9",AA,CT,TT,CT,AA,,TT,,,,,,,,,AA,CT,CG,AG,CC,GG,,,CC,TC,CG,GG,GG,AA,AA,TT,,,AA,TT,AA,CG,GA,AT,,,,CT,,,,,,,,AA,GG,CC,GG,AA,GG,AA,AA,CC,GG,GG,CT,,,CT,,,,,,,,,AG,AC,TT,CC,CA,GC,GG,CC,,,,,,,,,,,,,,,GG,GG,CC,,GG,GG,GA,CC,CC,AA,,,,,,TT,,,,,,,,,,,,,CC,CC,,,CC,GA,,,,,,,,,,,,,,CT,CT,,,TT,GG,,GG,CC,GG,CC,,,,AC,TT,CC,GT,AG,CC,CT,GA,GA,TC,,,,,,,,0.0,MA,04-1,Female,18.0,Caucasian,15.0,27.5,12.5,83.3,15.0,20.0,5.0,33.3,185.0,71.0,25.799,122.0,88.0,78.0,16.67,30.33,17.33,27.67,R,174.0,71.0,24.265,16.33,-1.5094906577410152,0.14666637358782114
MA-726,CA,DD,,GG,CC,AA,,,,CC,,,TT,AG,GT,CC,CC,TA,CT,TT,GG,CC,CT,TT,CC,CG,GG,GT,GA,GG,TC,AT,GG,GG,GG,GA,,CC,GG,AA,,,CC,AA,CC,CC,GG,GA,GG,AA,,"-9, -9",AG,CT,TC,CT,AA,,TT,,,,,,,,,AG,CC,GG,GG,CC,GG,,,CC,TC,CG,GG,GA,AA,AA,TT,,,AT,CC,GG,GG,GG,AA,,,,CC,,,,,,,,AA,GG,CT,GG,AA,GG,AA,AA,CC,GG,GG,CT,,,CC,,,,,,,,,GG,AA,TA,CC,AA,GG,GG,TT,,,,,,,,,,,,,,,AG,GG,CC,,GT,GG,GG,TC,AC,AA,,,,,,TT,,,,,,,,,,,,,CC,CC,,,CC,GA,,,,,,,,,,,,,,CT,CC,,,GT,AG,,TT,TT,TT,TT,,,,AC,TT,CC,TT,AA,CT,TT,GA,GG,,,,,,,,,0.0,MA,04-1,Female,19.0,Caucasian,15.0,22.5,7.5,50.0,15.0,15.0,0.0,0.0,130.0,65.0,21.631,110.0,82.0,72.0,17.67,26.0,18.0,23.0,R,145.0,65.0,24.127,17.0,-2.3667515217278394,1.2669944741174624
MA-727,CC,DD,,AA,TT,GG,,,,CC,,,TT,AG,GT,CC,CC,AA,CC,TT,GG,CC,CC,TT,CC,GG,GG,GG,GG,GG,CC,TT,GG,GA,AG,GA,,CC,GT,GA,,,CC,AA,CC,CC,GG,GG,GG,AA,,"-9, +9",AG,TT,TC,TT,AA,,TC,,,,,,,,,AA,CC,CC,GG,CG,GG,,,TT,TT,CC,GG,GA,AG,AG,TC,,,AT,CT,AA,CG,GG,AA,,,,CC,,,,,,,,AA,GG,,GG,AA,GG,AA,AA,CC,GG,GG,CC,,,CC,,,,,,,,,AA,CC,TA,CC,CC,GG,GG,CT,,,,,,,,,,,,,,,GG,GG,CC,,GT,GG,GG,CC,CC,AA,,,,,,TT,,,,,,,,,,,,,CT,CC,,,CC,GG,,,,,,,,,,,,,,TT,CC,,,GG,AA,,GG,CC,GG,CC,,,,AA,GT,CC,TT,AA,CT,CC,GA,AA,CC,,,,,,,,0.0,MA,04-1,Female,20.0,Caucasian,17.5,30.0,12.5,71.4,20.0,20.0,0.0,0.0,150.0,67.0,23.491,108.0,80.0,66.0,11.67,22.33,12.0,22.0,R,155.0,67.0,24.274,14.33,-1.2279162809113373,-1.681831714394355
MA-728,CC,ID,,GG,CC,AA,,,,CA,,,TC,AA,,CC,CC,AA,CC,TT,GG,,CC,,,,,GG,GG,GG,,,,GG,,,,CC,GT,GG,,,CC,AA,CC,CC,GG,GA,GG,AA,,"-9, +9",AG,CT,TT,CT,AA,,TC,,,,,,,,,AA,TT,GG,GG,CG,GG,,,CC,TC,CG,GA,GG,GG,AG,CC,,,,CT,AA,CG,GG,AA,,,,,,,,,,,,AA,GG,CC,GG,AA,GG,AA,AA,CC,GG,GG,CC,,,TT,,,,,,,,,AG,AC,TA,CC,CC,GG,GC,CT,,,,,,,,,,,,,,,GG,GG,CC,,TT,GA,GA,TC,AC,AA,,,,,,CC,,,,,,,,,,,,,TT,CC,,,CC,GG,,,,,,,,,,,,,,CT,CC,,,,,,TT,TC,TT,CT,,,,AA,GT,CC,GT,AG,CT,CT,GA,GA,TC,,,,,,,,0.0,MA,04-1,Female,22.0,Hispanic,10.0,22.5,12.5,125.0,10.0,17.5,7.5,75.0,111.0,62.0,20.3,109.0,76.0,78.0,5.0,16.33,6.0,11.0,R,112.0,62.0,20.483,5.0,-1.4701588092872364,-0.48183972538857006
MA-729,CA,ID,,GG,CC,AA,,,,CA,,,TT,AG,GT,CC,CC,TA,CT,TT,GG,CC,CT,TT,CC,CG,GG,GT,GA,GG,CC,TT,GA,GG,AA,GG,,CC,TT,GG,,,CC,AA,CT,CC,AG,GG,GG,AA,,"-9, -9",GG,TT,TT,TT,AA,,TC,,,,,,,,,AG,CC,GG,GG,CC,GG,,,CC,TC,CC,GA,GG,AG,AG,TC,,,AT,CC,AG,GG,GA,AT,,,,CT,,,,,,,,AA,GG,CC,AA,AA,GG,AA,AA,CC,GG,GG,CT,,,CT,,,,,,,,,GG,AA,TA,CT,AA,GG,GG,CC,,,,,,,,,,,,,,,GG,GT,CC,,GT,GG,GG,TC,AC,AA,,,,,,TC,,,,,,,,,,,,,CC,CC,,,CG,GG,,,,,,,,,,,,,,TT,CC,,,GG,AA,,GT,TC,GT,CT,,,,AA,GG,CC,TT,AA,CT,CC,AA,AA,CC,,,,,,,,0.0,MA,04-1,Male,23.0,Caucasian,27.0,42.5,15.5,57.4,35.0,32.5,-2.5,-7.1,139.0,71.0,19.384,108.0,78.0,72.0,4.0,5.0,4.33,4.33,R,140.0,71.0,19.524,3.5,-1.9151024353675725,1.2072246568418248
MA-730,CC,II,,GA,TC,GA,,,,CC,,,TT,AG,,CC,CC,TA,CT,TT,GG,,CT,,,,,GT,GA,GG,,,,GG,,,,CC,TT,GG,,,CC,AA,CT,CC,AG,GG,GG,AA,,"-9, -9",GG,TT,TT,TT,AA,,TC,,,,,,,,,GG,CC,CG,GG,CC,GA,,,CT,CC,CC,GG,GG,AA,AG,CC,,,,CT,AG,GG,AA,TT,,,,,,,,,,,,AA,GG,CC,GG,AA,GG,AA,AA,CC,GG,GG,CC,,,CC,,,,,,,,,AG,AC,TA,CT,CA,GC,GG,CT,,,,,,,,,,,,,,,GG,GG,CC,,GG,GA,GG,TC,AC,AA,,,,,,TT,,,,,,,,,,,,,CT,CC,,,CC,GA,,,,,,,,,,,,,,CT,,,,,,,GG,CC,GG,CC,,,,AC,TT,CC,GT,AG,CT,CT,GA,GA,TC,,,,,,,,0.0,MA,04-1,Female,19.0,Hispanic,15.0,25.0,10.0,66.7,15.0,22.5,7.5,50.0,185.0,67.0,28.972,116.0,70.0,84.0,16.0,14.33,13.33,14.33,R,187.0,66.7,29.549,11.67,-1.4093315051916107,0.45270598937428924
MA-731,CA,ID,,GA,TC,GA,,,,CC,,,TC,AG,GT,CC,CC,TA,CT,TT,GG,CC,CT,CT,CC,CG,GG,GT,GG,GG,TC,AT,GG,GA,AG,GA,,CC,GT,GA,,,CC,AA,CC,CC,GG,GA,GG,AA,,"+9, +9",GG,TT,TC,TT,AC,,TC,,,,,,,,,AG,CT,CG,AA,CC,GG,,,CT,CC,CC,GA,GA,GG,AG,CC,,,TT,CT,AA,GG,GA,AT,,,,CC,,,,,,,,AA,GG,CT,GG,AA,GG,AT,AA,CC,GG,GG,CC,,,CT,,,,,,,,,AA,CC,TA,CT,CC,GG,GG,CT,,,,,,,,,,,,,,,AG,GT,CC,,GT,GG,GG,TC,AC,AA,,,,,,TC,,,,,,,,,,,,,CC,CC,,,CG,GG,,,,,,,,,,,,,,CC,CC,,,GG,AA,,GG,CC,GG,CC,,,,AA,GG,CC,TT,AA,CC,CC,GG,AA,CC,,,,,,,,0.0,MA,04-1,Male,23.0,Caucasian,25.0,30.0,5.0,20.0,32.5,35.0,2.5,7.7,194.0,72.0,26.308,128.0,80.0,94.0,10.33,13.0,9.0,12.67,R,194.0,71.0,27.055,10.67,-1.0931525721298423,0.9307058539837986
MA-732,CC,DD,,GA,TC,GA,,,,CC,,,TT,AA,TT,CC,CC,AA,CC,TT,GG,CC,CC,TT,CC,GG,GG,GG,GG,GG,CC,TT,GG,GG,AA,GG,,CC,GT,GA,,,CC,AA,CC,CC,GG,GA,GG,AA,,"-9, +9",AA,TT,TC,TT,AA,,TT,,,,,,,,,AG,CC,GG,GG,CC,GG,,,CT,TC,CG,GG,GG,AA,AA,TT,,,AT,CT,AA,GG,GG,,,,,CC,,,,,,,,AA,GG,CC,GG,AA,GG,AA,AA,CC,GG,GG,CC,,,CT,,,,,,,,,AG,AC,TT,CC,CA,GG,GG,CC,,,,,,,,,,,,,,,AG,GG,CC,,TT,GG,GA,CC,CC,AA,,,,,,TC,,,,,,,,,,,,,CC,CC,,,CC,AA,,,,,,,,,,,,,,CT,CC,,,GG,AA,,GT,TC,GT,CT,,,,AC,GT,CC,TT,AA,CC,CT,GG,GA,TC,,,,,,,,0.0,MA,04-1,Female,24.0,Caucasian,12.5,22.5,10.0,80.0,17.5,17.5,0.0,0.0,160.0,68.0,24.325,118.0,62.0,72.0,8.33,35.0,12.33,28.33,R,157.0,68.0,23.869,11.33,-2.0557208547261,-0.11755958474726713
MA-733,CA,ID,,,TC,,,,,CC,,,TT,GG,,CC,CC,TT,TT,TT,GG,,CT,,,,,TT,GG,GG,,,,AA,,,,CT,GT,GG,,,CC,AA,CC,CC,GG,GG,GG,AA,,"-9, +9",GG,TT,TC,TT,,,CC,,,,,,,,,AG,CC,GG,GG,CC,GG,,,,,CC,GG,GA,GG,AG,CC,,,,CC,AA,GG,GG,AA,,,,,,,,,,,,AG,GG,CC,GG,TA,GG,AA,AA,CC,GG,GG,CC,,,CC,,,,,,,,,AG,AC,TA,CT,CA,GG,GG,CT,,,,,,,,,,,,,,,AG,GG,CC,,GT,GG,GG,TT,AA,AA,,,,,,TC,,,,,,,,,,,,,CC,CG,,,CC,,,,,,,,,,,,,,,CC,CT,,,,,,GT,,GT,CC,,,,AA,TT,CT,GG,GG,CC,CC,GG,AA,CC,,,,,,,,0.0,MA,04-1,Female,23.0,Hispanic,7.5,17.5,10.0,133.3,10.0,10.0,0.0,0.0,137.0,63.0,24.266,110.0,76.0,66.0,10.0,27.0,10.0,27.67,R,139.0,63.0,24.62,12.33,-0.10399543548409823,2.7471737748061433
MA-734,CC,DD,,GG,CC,AA,,,,CC,,,TT,AG,GT,CC,CC,TA,CT,TT,GG,CC,CT,TT,CC,CG,GG,GT,GA,GG,CC,TT,GG,GA,AG,GA,,CT,GT,GG,,,CC,AA,CT,CC,AG,GG,GG,AA,,"+9, +9",AA,TT,TT,TT,AC,,TC,,,,,,,,,AG,CT,CG,GG,CC,GG,,,CC,CC,CC,GG,GA,AG,AA,TC,,,AT,CT,AG,GG,GG,AA,,,,CT,,,,,,,,AA,GG,CT,GG,AA,GG,AA,AA,CC,GG,GG,CC,,,CT,,,,,,,,,AG,AC,TA,CT,CA,GG,GG,CC,,,,,,,,,,,,,,,AG,GG,CT,,GT,GG,GG,TC,AC,AG,,,,,,CC,,,,,,,,,,,,,CC,CC,,,CC,GG,,,,,,,,,,,,,,CT,CC,,,GG,AA,,GG,CC,GG,CC,,,,AA,GG,CC,TT,AA,CC,CT,GG,GA,CC,,,,,,,,0.0,MA,04-1,Female,18.0,Caucasian,12.5,25.0,12.5,100.0,14.0,12.5,-1.5,-10.7,117.0,62.0,21.397,98.0,62.0,54.0,6.33,20.0,11.33,18.33,R,124.0,62.0,22.677,16.33,-1.8436196204260498,-0.0029018934593031047
MA-735,CA,ID,,GA,TC,GA,,,,CC,,,TT,AA,TT,CC,CC,AA,CC,TT,GG,CC,CC,TT,CC,GG,GG,GG,GG,GG,CC,TT,GG,GG,AA,GG,,CT,GT,GG,,,CC,AA,CC,CC,GG,AA,GG,AA,,"-9, +9",AG,TT,TT,TT,AC,,TT,,,,,,,,,AA,CT,GG,GG,CG,GA,,,CT,CC,CC,GA,GG,AA,AA,TT,,,TT,CT,AA,CG,GG,AA,,,,CC,,,,,,,,AA,GG,CC,GG,AA,GG,AA,AA,CC,GG,GG,CC,,,TT,,,,,,,,,AG,AC,TA,CC,CA,GG,GG,CT,,,,,,,,,,,,,,,AG,GG,CT,,GG,GA,GG,TC,AC,AA,,,,,,CC,,,,,,,,,,,,,CC,CC,,,CC,GA,,,,,,,,,,,,,,CT,CC,,,GT,AG,,GT,TC,GT,CT,,,,AC,GT,CC,TT,AA,CC,TT,,GG,TT,,,,,,,,0.0,MA,04-1,Male,23.0,Caucasian,27.5,47.5,20.0,72.7,37.5,40.0,2.5,6.7,155.0,69.0,22.887,124.0,80.0,72.0,5.33,7.0,5.67,7.0,R,156.0,69.0,23.035,16.33,-1.9211598107888588,-0.3141437605455589
MA-736,AA,DD,,AA,TT,GG,,,,CC,,,TT,AG,GT,CC,CC,TA,CT,TT,GG,CC,CT,TT,CC,CG,GG,GT,GA,GG,CC,TT,GA,GG,AA,GG,,CC,GT,GA,,,CC,AA,CC,CC,GG,GG,,AA,,"-9, +9",AA,CT,TT,TT,AA,,TC,,,,,,,,,AG,CT,GG,GG,CC,GA,,,TT,TC,CG,GG,GG,GG,GG,CC,,,TT,TT,AA,GG,GG,AA,,,,CC,,,,,,,,AA,GG,CC,GG,AA,GG,AA,AA,CC,GG,GG,CC,,,CT,,,,,,,,,GG,AA,TT,CC,AA,GC,GC,CT,,,,,,,,,,,,,,,GG,GG,CT,,GT,GG,GG,TT,AA,AA,,,,,,CC,,,,,,,,,,,,,CC,CC,,,CC,GA,,,,,,,,,,,,,,CC,CT,,,GT,AG,,GG,CC,GG,CC,,,,AA,GG,CC,TT,AA,TT,TT,,GG,TT,,,,,,,,0.0,MA,04-1,Female,23.0,Caucasian,22.5,33.5,11.0,48.9,15.0,15.0,0.0,0.0,130.0,68.0,19.764,118.0,70.0,84.0,5.0,15.33,6.33,13.67,R,133.0,68.0,20.22,5.33,-1.941416499746365,-0.080057097789173
MA-737,CC,ID,,GG,CC,AA,,,,CA,,,TT,AA,TT,CC,CC,AA,CC,TT,GG,CC,CC,TT,CC,GG,GG,GG,GG,GG,CC,TT,GA,GG,AA,GG,,CT,GG,GA,,,CC,AA,TT,CC,AA,GG,GG,AA,,"-9, -9",AA,CT,TC,CT,AA,,TC,,,,,,,,,AG,CT,CG,GG,CC,GG,,,CC,TC,CC,GA,GG,AA,AA,TT,,,TT,CT,AA,CG,GG,AA,,,,CC,,,,,,,,AA,GG,CC,AA,TT,GA,AA,AA,CC,GA,GG,CT,,,CC,,,,,,,,,AG,AC,AA,CT,CA,GG,GG,CC,,,,,,,,,,,,,,,GG,GG,CC,,GT,GG,GA,TC,AC,AA,,,,,,TC,,,,,,,,,,,,,CC,CG,,,CC,GG,,,,,,,,,,,,,,TT,CC,,,GT,AG,,GT,TC,GT,CT,,,,AC,TT,CC,GT,AG,TT,CT,,GA,TC,,,,,,,,0.0,MA,04-1,Male,19.0,Caucasian,25.0,32.5,7.5,30.0,25.0,30.0,5.0,20.0,225.0,73.0,29.682,122.0,82.0,60.0,12.67,24.67,15.67,24.0,R,235.0,73.0,31.001,12.33,-0.11574232053879675,0.6711496463156047
MA-738,AA,ID,,GG,CC,AA,,,,CA,,,TT,AG,GT,CC,TC,AA,CC,GT,AG,CT,CC,TT,CG,GG,GG,GG,GG,GA,CC,AT,GG,GA,AG,GA,,CC,GT,GG,,,CC,AA,CC,CC,GG,GG,GG,AA,,"-9, +9",AA,TT,TC,TT,AC,,TC,,,,,,,,,AG,CT,CG,AG,CG,GG,,,CC,CC,CC,GA,GG,GG,AG,CC,,,AA,CC,AA,CG,GG,AA,,,,CT,,,,,,,,AA,GG,CC,GG,AA,GG,AA,AA,CC,GG,GG,CC,,,CC,,,,,,,,,AG,AC,AA,TT,CA,CC,GG,CC,,,,,,,,,,,,,,,GG,GG,TT,,GT,GA,GG,TC,AC,AA,,,,,,TC,,,,,,,,,,,,,CC,CG,,,CG,GA,,,,,,,,,,,,,,CC,,,,TT,AG,,GG,CC,GG,CC,,,,AA,GG,CC,TT,AA,CT,TT,,,TT,,,,,,,,0.0,MA,04-1,Female,21.0,Caucasian,12.5,17.5,5.0,40.0,12.5,12.5,0.0,0.0,127.0,67.0,19.889,108.0,80.0,72.0,9.33,20.67,9.33,21.0,R,135.0,67.0,21.142,7.67,1.1178786150849835,-3.6129678741689255
MA-739,CC,ID,,GA,TC,GA,,,,CC,,,TT,AA,TT,CC,CC,AA,CC,TT,GG,CC,CC,TT,CC,GG,GG,GG,GG,GG,CC,TT,GG,GG,AG,GG,,CC,GT,GA,,,CC,AA,CC,CC,GG,GG,GG,AA,,"+9, +9",AA,CT,TT,CT,AA,,TT,,,,,,,,,AA,CT,CG,AG,CG,GA,,,CT,CC,CG,GG,GG,AA,AA,TT,,,AA,CT,AA,GG,GG,AA,,,,CT,,,,,,,,AA,GG,CT,GG,AA,GG,AA,AA,CC,GG,GG,CC,,,CC,,,,,,,,,AG,AC,TT,CC,CA,GG,GG,CT,,,,,,,,,,,,,,,GG,GG,CC,,GG,GG,GG,TT,AA,AA,,,,,,CC,,,,,,,,,,,,,CC,CC,,,CC,GA,,,,,,,,,,,,,,CT,CT,,,TT,GG,,GG,CC,GG,CC,,,,AA,GG,CC,TT,AA,CC,CT,GG,GA,TC,,,,,,,,0.0,MA,04-1,Female,19.0,Caucasian,7.5,15.0,7.5,100.0,7.5,10.0,2.5,33.3,129.0,68.0,19.612,119.0,62.0,60.0,10.0,19.33,12.33,20.67,R,130.0,68.0,19.764,,-1.2278006374600139,-0.9253781731032222
MA-740,CA,ID,,GG,CC,AA,,,,CC,,,TT,GG,GG,CC,TC,TT,CT,GT,AG,CT,CT,TT,CG,CC,GG,GT,GA,GA,CC,AT,GG,GA,GG,GA,,CC,GT,GG,,,CC,AA,CC,CC,GG,GA,GG,AA,,"-9, +9",AA,CT,TT,TT,AA,,TT,,,,,,,,,AG,CC,CC,AA,CC,GA,,,CC,TT,CC,GG,GG,AG,AG,TC,,,,CT,AG,GG,GG,AA,,,,CC,,,,,,,,AA,GG,CC,GA,TA,GG,AA,AA,CC,GA,GG,CT,,,CC,,,,,,,,,AG,AC,TT,CC,CC,GC,GG,CC,,,,,,,,,,,,,,,GG,GG,CT,,GT,GG,GG,TC,AC,AA,,,,,,TC,,,,,,,,,,,,,TT,CC,,,CG,GA,,,,,,,,,,,,,,CT,CC,,,GG,AA,,GG,CC,GG,CC,,,,AC,GT,CC,TT,AA,CC,CT,,GA,TT,,,,,,,,0.0,MA,04-1,Female,21.0,Caucasian,10.0,12.5,2.5,25.0,12.5,10.0,-2.5,-20.0,105.0,61.0,19.837,112.0,78.0,66.0,10.67,21.33,10.67,25.0,R,110.0,61.0,20.782,15.33,2.3147568410679913,-1.2715619871873458
MA-741,CA,ID,,GG,CC,AA,,,,CA,,,TT,GG,,CC,TC,TT,CT,GT,AG,,CT,,,,,TT,GG,GG,,,,GA,,,,,GG,GA,,,CC,AA,CC,CC,AG,GG,,AA,,"-9, +9",GG,CT,TT,CC,CC,,TT,,,,,,,,,AA,CT,GG,GG,CC,GG,,,CC,TC,CG,GA,GA,GG,AG,TC,,,,CC,AA,CG,GG,AA,,,,,,,,,,,,AA,GG,CC,GG,AA,GG,AA,AA,CC,GG,GG,TT,,,CC,,,,,,,,,GG,CC,TA,CC,CC,GG,GG,CC,,,,,,,,,,,,,,,GG,GT,CC,,GG,GG,GG,CC,CC,AA,,,,,,TC,,,,,,,,,,,,,CT,CC,,,CC,GG,,,,,,,,,,,,,,CT,,,,,,,GG,TC,GG,CT,,,,AA,GT,CC,TT,AA,CC,CT,GA,GA,TC,,,,,,,,0.0,MA,04-1,Male,19.0,Other,32.5,42.5,10.0,30.8,40.0,40.0,0.0,0.0,189.0,69.0,27.907,112.0,78.0,66.0,7.33,14.33,6.0,11.67,R,193.0,69.0,28.498,6.0,0.5603548382853513,0.37143160930944175
MA-742,CC,ID,,AA,TT,GG,,,,,,,TT,GG,,CC,CC,TT,TT,TT,GG,,TT,,,,,TT,GG,GG,,,,AA,,,,CC,GT,GG,,,CC,AA,CC,CC,GG,GA,,AA,,"-9, +9",AG,CT,TC,CT,AA,,CC,,,,,,,,,AG,CC,CG,GG,CC,GA,,,CT,TC,CC,GG,GA,AG,AG,TC,,,,CT,AA,GG,GG,AA,,,,,,,,,,,,AG,GG,CC,GG,AA,GG,AA,AA,CC,GG,GG,CC,,,CT,,,,,,,,,AG,AC,TA,CT,CA,GC,GG,CC,,,,,,,,,,,,,,,AG,GG,CC,,GT,GG,GG,TC,AC,AA,,,,,,,,,,,,,,,,,,,CT,CC,,,CC,GA,,,,,,,,,,,,,,CT,CC,,,,,,GT,TC,GT,CT,,,,AA,GG,CC,TT,AA,CT,TT,GA,GG,TT,,,,,,,,,,,,,,,,,,,,,,,,,,,,,,,,,,,,,-1.9237022620635817,2.138892171910729
MA-743,CC,DD,,GA,TC,GA,,,,CC,,,TT,AA,TT,CC,CC,AA,CC,TT,GG,CC,CC,TT,CC,GG,GG,GG,GG,GG,CC,AT,GG,GG,AG,GA,,CC,GG,AA,,,CC,AA,CT,CC,AG,GG,,AA,,"-9, +9",AG,CT,TT,CT,AC,,TC,,,,,,,,,GG,CC,CC,AG,CG,GG,,,CT,TC,CG,GG,AA,GG,GG,CC,,,AT,CT,AA,GG,GA,AT,,,,CC,,,,,,,,AA,GG,CC,GG,TA,GA,AA,AA,CC,GA,GG,CC,,,CC,,,,,,,,,GG,AA,TA,CT,AA,CC,GG,CT,,,,,,,,,,,,,,,GG,GG,CT,,GT,GG,GG,TC,AC,AA,,,,,,TC,,,,,,,,,,,,,CT,CG,,,CC,GG,,,,,,,,,,,,,,CC,CC,,,GT,AG,,GT,TC,GT,CT,,,,AA,TT,CC,GT,AG,CT,TT,,GG,TT,,,,,,,,0.0,MA,04-1,Male,19.0,Caucasian,25.0,30.0,5.0,20.0,30.0,30.0,0.0,0.0,152.0,68.0,23.109,120.0,82.0,60.0,3.67,8.0,4.0,7.67,L,162.0,68.0,24.629,4.33,-0.6593558598895778,-0.3547230390586675
MA-744,CC,DD,,GA,TC,GA,,,,CC,,,TT,AA,,CC,CC,AA,CC,TT,GG,,CC,,,,,GG,GG,GG,,,,GG,,,,CC,GG,AA,,,CC,AA,CT,CC,AG,GG,GG,AA,,"-9, +9",AG,CT,TT,CT,AC,,TC,,,,,,,,,GG,CC,CC,AG,CG,GG,,,CT,TC,CG,GG,AA,GG,GG,CC,,,,CT,AA,GG,GA,AT,,,,,,,,,,,,AA,GG,CC,GG,TA,GA,AA,AA,CC,GA,GG,CC,,,CC,,,,,,,,,GG,AA,TA,CT,AA,CC,GG,CT,,,,,,,,,,,,,,,GG,GG,CT,,GT,GG,GG,TC,AC,AA,,,,,,TC,,,,,,,,,,,,,CT,CG,,,CC,GG,,,,,,,,,,,,,,CC,CC,,,,,,GT,TC,GT,CT,,,,AA,TT,CC,GT,AG,CT,TT,GG,GG,TT,,,,,,,,,,,,,,,,,,,,,,,,,,,,,,,,,,,,,-0.4844030337875649,-0.42460082957088074
MA-745,CA,II,,GG,TC,GA,,,,CC,,,TT,GG,GG,CC,CC,TT,TT,TT,GG,CC,TT,CT,CC,CC,GG,TT,GA,GG,TC,AT,GG,GA,GG,GA,,CC,GT,GA,,,CC,AA,CT,CC,AG,GG,GG,AA,,"-9, -9",AG,TT,TC,TT,AC,,TT,,,,,,,,,AG,CT,CG,AG,CC,GG,,,CT,CC,CC,GG,GG,AG,AG,TC,,,TT,CC,AA,GG,GG,AA,,,,CC,,,,,,,,AA,GG,CC,GG,AA,GG,AA,AA,CC,GG,GG,CT,,,CT,,,,,,,,,AA,CC,TA,CT,CC,GG,GG,CT,,,,,,,,,,,,,,,GG,GG,CC,,GG,GG,GG,CC,CC,AA,,,,,,TC,,,,,,,,,,,,,CC,CC,,,CG,GG,,,,,,,,,,,,,,CT,CC,,,GT,AG,,GT,TC,GT,CT,,,,AC,GT,CC,TT,AA,CT,TT,GA,GG,TT,,,,,,,,0.0,MA,04-1,Female,30.0,Caucasian,12.5,17.5,5.0,40.0,12.5,12.5,0.0,0.0,151.0,65.0,25.125,112.0,72.0,90.0,14.0,25.67,15.33,28.33,R,153.0,65.0,25.458,9.0,-2.526832132152206,2.9044324557679175
MA-746,CA,ID,,GA,TC,GA,,,,CC,,,TT,AG,GT,CC,CC,TA,CT,TT,GG,CC,CT,TT,CC,CG,GG,GT,GG,GG,TC,AT,GG,AA,GG,AA,,CT,GT,GG,,,CC,AA,CT,CC,GG,GA,GG,AA,,"-9, -9",AG,TT,TT,TT,AA,,TC,,,,,,,,,AG,CC,CG,GG,CC,GG,,,CT,TC,CC,GG,GG,GG,AG,CC,,,AT,CT,AA,GG,GA,AT,,,,CC,,,,,,,,AA,GG,CC,GG,TT,GA,AA,AA,CC,GA,GG,CC,,,CT,,,,,,,,,GG,AA,AA,CT,CA,GC,GG,CC,,,,,,,,,,,,,,,AG,GG,CC,,TT,GG,GA,TC,AC,AA,,,,,,TC,,,,,,,,,,,,,CC,CC,,,CG,GG,,,,,,,,,,,,,,CT,,,,GG,AA,,GG,CC,GG,CC,,,,AA,GT,CC,GT,AG,CC,CC,GG,AA,CC,,,,,,,,0.0,MA,04-1,Female,19.0,Caucasian,12.5,17.5,5.0,40.0,10.0,12.5,2.5,25.0,111.0,62.5,19.976,,,54.0,4.0,15.33,7.67,16.0,R,115.0,62.0,21.031,4.0,-0.1793875023233498,0.678940870855563
MA-747,CC,ID,,AA,TT,GG,,,,CC,,,TT,AA,,CC,CC,AA,CC,TT,GG,,CC,,,,,GG,GG,GG,,,,GG,,,,CT,GT,GG,,,CC,AA,CC,CT,GG,GG,GG,AA,,"-9, +9",AA,CT,TT,CT,AA,,TT,,,,,,,,,AG,CC,GG,GG,GG,GG,,,TT,TC,CC,GG,GG,GG,AG,CC,,,,CT,AG,GG,GA,AT,,,,,,,,,,,,AG,GG,CC,GG,TA,GA,AA,AA,CC,GA,GG,CC,,,CC,,,,,,,,,AG,AC,TA,CT,CA,GC,GG,CT,,,,,,,,,,,,,,,GG,GG,CC,,GT,GG,GG,TC,AC,AA,,,,,,TC,,,,,,,,,,,,,CC,CG,,,CC,AA,,,,,,,,,,,,,,TT,CT,,,,,,GG,CC,GG,CC,,,,AC,TT,CC,TT,AA,TT,CT,GA,GA,,,,,,,,,0.0,MA,04-1,Female,26.0,Hispanic,15.0,30.0,15.0,100.0,20.0,25.0,5.0,25.0,235.0,71.0,32.772,138.0,90.0,78.0,,,,,R,,,,,0.663775374876281,-0.17855594019639648
MA-748,CC,II,,GA,TC,GA,,,,CC,,,TT,AG,GT,CC,TC,TA,CC,GT,AG,CT,CC,TT,CG,CG,GG,GG,GG,GA,CC,AT,GG,GG,AG,GA,,CC,GT,GG,,,CC,AA,CC,CC,GG,GG,GG,AA,,"-9, +9",AG,TT,TT,TT,AA,,TC,,,,,,,,,AG,CC,GG,GG,CC,GA,,,CT,TC,CC,GG,GG,GG,GG,CC,,,AT,CC,GG,GG,GG,AA,,,,CC,,,,,,,,AA,GG,CC,GG,AA,GG,AA,AA,CC,GG,GG,CC,,,CC,,,,,,,,,GG,AA,AA,CT,CA,GC,GG,TT,,,,,,,,,,,,,,,GG,GT,CC,,GG,GG,GG,TC,AC,AA,,,,,,CC,,,,,,,,,,,,,CC,CC,,,CG,GG,,,,,,,,,,,,,,CT,CT,,,GG,AA,,GT,TC,GG,CT,,,,AA,GG,CC,TT,AA,CC,CC,GG,AA,CC,,,,,,,,0.0,MA,04-1,Female,28.0,Caucasian,12.5,17.5,5.0,40.0,12.5,10.0,-2.5,-20.0,115.0,64.0,19.738,117.0,72.0,72.0,6.0,17.0,7.67,14.33,R,120.0,66.0,19.366,6.33,1.2502046721120232,-2.9477567208250752
MA-749,CC,ID,,GG,CC,AA,,,,CC,,,TT,AG,,CC,CC,TA,CT,TT,GG,,CT,,,,,GT,GG,GG,,,,GA,,,,CC,GT,GA,,,CC,AA,CC,CC,GG,GG,GG,AA,,"-9, +9",GG,CC,TT,CC,AA,,TT,,,,,,,,,GG,CC,GG,GG,CG,GA,,,CC,TC,CC,GG,GA,AG,AG,TC,,,,TT,AA,GG,GG,AA,,,,,,,,,,,,AA,GG,CC,GA,AA,GG,AA,AA,CC,GG,GG,CC,,,TT,,,,,,,,,AG,AC,TT,CC,AA,GC,GC,CT,,,,,,,,,,,,,,,GG,GG,CT,,GG,GG,GG,TT,AA,AA,,,,,,TT,,,,,,,,,,,,,CT,CC,,,CC,GG,,,,,,,,,,,,,,CT,CT,,,,,,GG,CC,GG,CC,,,,AA,GT,CC,TT,AA,CC,CT,GG,GA,TC,,,,,,,,,,,,,,,,,,,,,,,,,,,,,,,,,,,,,-1.5693737405610602,0.3288885296009013
MA-750,CC,II,,GG,CC,AA,,,,CA,,,TT,GG,GG,CC,CC,TT,TT,TT,GG,CC,TT,CC,CC,CC,GG,TT,GG,GG,TC,AA,GG,AA,GG,AA,,CC,TT,GG,,,CG,AA,CC,CC,AG,GA,GG,AA,,"-9, -9",AG,TT,TC,TT,AC,,TC,,,,,,,,,AG,CT,CG,AG,CG,GG,,,CC,CC,CC,GA,GG,AA,AA,TT,,,AT,CT,AA,GG,GG,AA,,,,CT,,,,,,,,AA,GG,CC,GG,AA,GG,AA,AA,CC,GG,GG,CC,,,CC,,,,,,,,,AG,,AA,CT,CA,GC,GG,CT,,,,,,,,,,,,,,,AG,GG,CC,,GG,GA,GG,TT,AA,AA,,,,,,,,,,,,,,,,,,,TT,CG,,,CC,GA,,,,,,,,,,,,,,CC,CC,,,GG,AA,,GG,CC,GG,CC,,,,AA,GT,CT,GT,AG,CC,TT,GA,GG,TT,,,,,,,,0.0,MA,04-1,Male,22.0,Caucasian,35.0,42.5,7.5,21.4,42.5,42.5,0.0,0.0,217.0,65.5,35.558,148.0,108.0,78.0,17.33,15.33,23.0,14.33,R,220.0,65.5,36.049,15.67,-0.5665076036577648,2.4826530972012746
MA-751,CA,DD,,AA,TT,GG,,,,CC,,,TT,AG,GT,CC,CC,TA,CT,TT,GG,CC,CT,CT,CC,CG,GG,GT,GG,GG,TC,AT,GG,GG,AG,GG,,CC,GG,AA,,,CC,AA,CC,CC,GG,GG,GG,AA,,"-9, +9",AA,TT,TT,TT,AA,,TC,,,,,,,,,AG,CC,CG,AG,CC,GG,,,CT,TC,CC,GG,GG,AA,AA,TT,,,TT,CT,AA,GG,GG,AA,,,,CT,,,,,,,,AA,GG,CC,GG,TA,GG,AA,AA,CC,GG,GG,CC,,,CC,,,,,,,,,AG,AC,AA,CC,CA,GG,GG,CC,,,,,,,,,,,,,,,GG,GG,CC,,GG,AA,GG,TT,AA,AA,,,,,,TC,,,,,,,,,,,,,CC,CC,,,CC,GG,,,,,,,,,,,,,,CT,CT,,,GG,AA,,GG,CC,GG,CC,,,,AC,GT,CC,TT,AA,CT,TT,GA,GG,TT,,,,,,,,0.0,MA,04-1,Male,23.0,Caucasian,27.5,35.0,7.5,27.3,27.5,30.0,2.5,9.1,156.0,67.5,24.07,110.0,78.0,66.0,6.33,13.67,5.33,13.33,R,164.0,67.5,25.304,19.33,-2.0754396164323134,0.3013128691015455
MA-752,CA,DD,,AA,TT,GG,,,,CA,,,TT,AA,,CC,CC,TA,CT,TT,GG,,CT,,,,,GT,GG,GG,,,,GA,,,,CC,TT,GG,,,CC,AA,CC,CC,GG,GG,GG,AA,,"-9, +9",AG,CT,TC,CT,AC,,TC,,,,,,,,,AG,CT,CG,AG,CG,GA,,,TT,TT,CC,GA,GG,AG,AG,TC,,,,CC,AA,GG,GG,AA,,,,,,,,,,,,AA,GG,CC,GA,AA,GG,AA,AA,CC,GG,GG,CC,,,CT,,,,,,,,,GG,AA,TT,CC,AA,GC,GG,TT,,,,,,,,,,,,,,,GG,GG,CC,,GG,GG,GG,TC,AC,AA,,,,,,TC,,,,,,,,,,,,,CT,CC,,,CC,GG,,,,,,,,,,,,,,CT,CC,,,,,,GG,CC,GG,CC,,,,CC,TT,CC,TT,AA,CC,CT,GG,GA,TC,,,,,,,,,,,,,,,,,,,,,,,,,,,,,,,,,,,,,-1.24030559091367,-0.5055630739535942
MA-753,CA,ID,,GA,TC,GA,,,,CC,,,TC,AA,TT,CC,CC,AA,CC,TT,GG,CC,CC,TT,CC,GG,GG,GG,GG,GG,CC,AT,GG,GG,AG,GA,,CC,GG,GG,,,CC,AA,CC,CC,GG,,GG,AA,,"-9, -9",GG,TT,TC,CT,AC,,TT,,,,,,,,,GG,CC,CG,AG,CC,GG,,,CT,TC,CC,GA,GG,AG,AG,TC,,,TT,CC,AA,CG,GG,AA,,,,CT,,,,,,,,AA,GG,CC,GG,TT,GA,AA,AA,CC,AA,GG,CC,,,CT,,,,,,,,,AG,AC,TA,CT,CA,GG,GG,CT,,,,,,,,,,,,,,,GG,GG,CT,,GT,GA,GG,TC,AC,AA,,,,,,TT,,,,,,,,,,,,,CC,CG,,,CC,GA,,,,,,,,,,,,,,CT,CC,,,GT,AG,,GG,CC,GG,CC,,,,AC,TT,CT,GT,AG,TT,CC,AA,AA,CC,,,,,,,,0.0,MA,04-1,Female,41.0,Caucasian,15.0,22.5,7.5,50.0,,,,,137.0,66.0,22.11,108.0,82.0,72.0,8.33,13.67,8.33,14.33,R,138.0,66.0,22.271,9.0,1.1714658470307253,-1.2311253743339399
MA-754,CC,DD,,GG,CC,AA,,,,CA,,,TT,AA,TT,CC,CC,AA,CC,TT,GG,CC,CC,TT,CC,GG,GG,GG,GG,GG,CC,AT,GG,GG,AG,GG,,CC,TT,GG,,,CC,AA,TT,CC,AA,GG,GG,AA,,"+9, +9",AG,CT,CC,CT,AA,,TC,,,,,,,,,GG,CC,GG,AG,CC,GG,,,CC,CC,CC,GA,GG,AG,AA,TC,,,AT,TT,AA,CG,GG,AA,,,,TT,,,,,,,,AA,GG,CC,GG,TA,GA,AT,AA,CC,GA,GG,CC,,,CT,,,,,,,,,AG,AC,AA,CT,CA,GG,GG,CC,,,,,,,,,,,,,,,GG,GG,CC,,GT,GA,GA,TC,AC,AA,,,,,,TC,,,,,,,,,,,,,CC,CC,,,CG,GG,,,,,,,,,,,,,,CT,CC,,,TT,GG,,GG,CC,GG,CC,,,,AA,GG,CC,TT,AA,TT,CT,GA,AA,TC,,,,,,,,0.0,MA,04-1,Female,25.0,Caucasian,10.0,15.0,5.0,50.0,10.0,12.5,2.5,25.0,114.0,62.5,20.516,122.0,68.0,72.0,8.0,17.33,9.0,14.0,R,120.0,62.5,21.596,8.33,0.13125933776672202,-0.4298394595307337
MA-755,AA,ID,,GA,TC,GA,,,,CC,,,TT,GG,,CC,CC,TT,TT,TT,GG,,TT,,,,,TT,GA,GG,,,,GA,,,,CC,GT,GA,,,CC,AA,CC,CC,GG,GG,GG,AA,,"-9, +9",AA,CT,TT,CT,AA,,TC,,,,,,,,,AG,CT,GG,GG,CC,GG,,,CT,TC,CC,GG,GA,AG,AG,TC,,,,CC,AA,GG,GG,AA,,,,,,,,,,,,AA,GG,CC,GA,AA,GG,AA,AA,CC,GG,GG,CC,,,CT,,,,,,,,,AG,AC,TT,CC,CA,GC,GG,TT,,,,,,,,,,,,,,,AG,GG,CC,,GT,GG,GG,TC,AC,AA,,,,,,CC,,,,,,,,,,,,,CC,CC,,,CC,GA,,,,,,,,,,,,,,TT,CT,,,,,,GT,TC,GT,CT,,,,AA,GT,CC,GT,AG,CT,CT,GG,GA,TC,,,,,,,,,,,,,,,,,,,,,,,,,,,,,,,,,,,,,-2.4541677343622132,2.974808694870287
MA-756,CA,II,,AA,TT,GG,,,,CA,,,TT,GG,GG,CC,CC,TT,TT,TT,GG,CC,TT,TT,CC,CC,GG,TT,AA,GG,CC,TT,GA,GG,AG,GG,,CC,GT,GA,,,CC,AA,CC,CT,GG,GG,GG,AA,,"-9, +9",AG,CT,TT,TT,AC,,TC,,,,,,,,,AG,CC,CG,AG,CC,GG,,,TT,CC,GG,GA,GA,AA,AA,TT,,,AA,TT,AA,GG,GG,AA,,,,CC,,,,,,,,AA,GG,CC,GG,TA,GG,AA,AA,CC,GG,GG,CC,,,CC,,,,,,,,,GG,AA,TA,CT,AA,GC,GG,CT,,,,,,,,,,,,,,,GG,GT,CC,,GG,GG,GA,CC,CC,AA,,,,,,TC,,,,,,,,,,,,,CC,CC,,,CC,GG,,,,,,,,,,,,,,CC,CC,,,GT,AG,,GT,TC,GT,CT,,,,AC,GT,CC,TT,AA,TT,TT,GG,GG,TT,,,,,,,,0.0,MA,04-1,Female,28.0,Caucasian,10.0,15.0,5.0,50.0,7.5,10.0,2.5,33.3,119.0,69.0,17.571,108.0,78.0,76.0,8.67,20.33,10.0,20.0,R,120.0,69.0,17.719,7.33,-1.4012185894717482,2.876713752502344
MA-757,CC,II,,GA,TC,GA,,,,CC,,,TC,AG,,CC,CC,TA,CT,TT,GG,,CT,,,,,GT,GA,GG,,,,GG,,,,CC,GG,AA,,,CC,AA,CC,CC,AG,GA,GG,AA,,"-9, +9",GG,CT,TT,CC,AA,,TT,,,,,,,,,AG,CC,CG,GG,CC,GG,,,CT,TC,CC,GG,GG,AG,AG,TC,,,,CT,AG,CG,GG,AA,,,,,,,,,,,,AA,GG,CC,GG,AA,GG,AA,AA,CC,GG,GG,CT,,,CT,,,,,,,,,AA,CC,AA,CT,CC,GC,GG,CT,,,,,,,,,,,,,,,GG,GG,CC,,GG,GG,GG,TC,AC,AA,,,,,,CC,,,,,,,,,,,,,CT,CC,,,CC,GA,,,,,,,,,,,,,,CC,CC,,,,,,GT,TT,GT,CC,,,,AC,GT,CC,TT,AA,CT,TT,GA,GG,TT,,,,,,,,,,,,,,,,,,,,,,,,,,,,,,,,,,,,,-1.9039616424898098,0.7760771953120268
MA-758,CC,ID,,GA,TC,GA,,,,CC,,,TT,AG,,CC,CC,TA,CT,TT,GG,,CT,,,,,GT,GA,GG,,,,GG,,,,CC,GT,GA,,,CC,AA,CT,CC,AG,GG,,AA,,"-9, -9",AG,TT,TT,TT,AA,,TC,,,,,,,,,AA,CT,CC,AG,GG,GA,,,CT,CC,CC,GA,GG,AG,AG,TC,,,,CT,AA,GG,GG,AA,,,,,,,,,,,,AA,GG,CC,GG,AA,GG,AA,AA,CC,GG,GG,CC,,,CC,,,,,,,,,AA,CC,TT,CC,CC,GG,GG,CC,,,,,,,,,,,,,,,GG,GG,CC,,TT,GA,GG,TT,AA,AA,,,,,,TC,,,,,,,,,,,,,CT,CC,,,CC,GA,,,,,,,,,,,,,,CC,CT,,,,,,GG,CC,GG,CC,,,,AC,TT,CC,TT,AA,CC,TT,GA,GG,TT,,,,,,,,,,,,,,,,,,,,,,,,,,,,,,,,,,,,,-2.3731589838471487,-0.013376926387693729
MA-759,AA,DD,,GA,TC,GA,,,,CA,,,TT,GG,,CC,TC,TT,CT,GG,AG,,CT,,,,,GT,GA,GA,,,,GG,,,,CT,GT,GG,,,CC,AA,CC,CC,AG,GG,GG,AA,,"+9, +9",GG,CT,TT,CC,AA,,TT,,,,,,,,,AA,CC,GG,GG,GG,GG,,,CT,TC,CC,GA,GA,AG,AA,CC,,,,TT,AA,GG,GG,AA,,,,,,,,,,,,AG,GG,CC,GG,TA,GG,AT,AT,CA,GA,GA,CT,,,CC,,,,,,,,,AA,CC,TT,CC,CC,GG,GG,CT,,,,,,,,,,,,,,,GG,GT,CC,,GG,GG,GG,TT,AA,AA,,,,,,CC,,,,,,,,,,,,,CC,CC,,,CC,GG,,,,,,,,,,,,,,TT,CT,,,,,,GG,CC,GG,CC,,,,AA,GT,CT,GT,AG,CT,TT,GG,GG,TT,,,,,,,,0.0,MA,04-1,Female,31.0,Other,15.0,17.5,2.5,16.7,15.0,17.5,2.5,16.7,154.0,62.0,28.164,128.0,80.0,84.0,,,,,R,,,,,7.134783133322686,5.186660057781149
MA-760,CA,,,AA,TT,GG,,,,CC,,,TT,AA,TT,CC,CC,AA,CC,TT,GG,CC,CC,TT,CC,GG,GG,GG,GG,GG,CC,TT,GG,GG,AA,GG,,CC,TT,GG,,,CC,AA,CC,CC,GG,GG,GG,AA,,"-9, +9",GG,CT,TT,TT,AA,,TC,,,,,,,,,AG,CT,GG,GG,,GG,,,TT,TC,CC,GG,GG,AA,,,,,AA,CT,AA,GG,,,,,TT,CT,,,,,,,,,,CT,,,,,,,,,CT,,,CT,,,,,,,,,AG,AC,TA,CC,CA,GG,GC,CC,,,,,,,,,,,,,,,GG,GG,CC,,GT,,,,,,,,,,,CC,,,,,,,,,,,,,CC,CC,,,CC,GG,,,,,,,,,,,,,,TT,CT,,,GG,AA,,GT,TC,GT,CT,,,,CC,TT,CC,TT,AA,,,,,CC,,,,,,,,0.0,MA,04-3,Female,25.0,Caucasian,15.0,17.5,2.5,16.7,15.0,15.0,0.0,0.0,144.0,66.5,22.892,114.0,60.0,60.0,5.0,20.0,5.33,16.67,R,146.0,65.0,24.293,7.33,-0.7688905438631979,-0.22883278440149873
MA-761,,,,,,,,,,,,,TT,AG,,CC,CC,TA,CT,TT,GG,,CT,,,,,GT,GG,GG,,,,GG,,,,,,,,,,,,,,,,,,,,,,,,,,,,,,,,,,,,,,,,,,,,,,,,,,,,,,,,,,,,,,,,,,,,,,,,,,,,,,,,,,,,,,,,,,,,,,,,,,,,,,,,,,,,,,,,,,,,,,,,,,,,,,,,,,,,,,,,,,,,,,,,,,,,,,,,,,,,,,,,,,,,,,,,,,,,,,,,,,,,,,,,,,,,,,,,,,,,,,,,,,,,,,,,,,,,,,,,,,,,,-1.1398197305765347,0.8445245237936987
MA-762,CA,,,AA,TT,GG,,,,CC,,,TT,AG,TT,CC,TC,TA,CC,GT,AG,CT,CC,TT,CC,CG,GG,GG,GG,GA,CC,TT,GG,GG,AA,GG,,CT,GT,GG,,,CC,AA,CT,CC,AG,GG,GG,AA,,"-9, +9",AA,CT,TT,CT,AC,,TC,,,,,,,,,AA,TT,CG,AG,,AA,,,TT,TT,CC,GG,GA,AG,,,,,AA,TT,AA,GG,,,,,TT,CC,,,,,,,,,,CC,,,,,,,,,CC,,,CC,,,,,,,,,AG,AC,TA,CT,CA,CC,GG,CT,,,,,,,,,,,,,,,GG,GG,CC,,GG,,,,,,,,,,,TC,,,,,,,,,,,,,CT,CC,,,CC,GA,,,,,,,,,,,,,,CT,CT,,,GT,AG,,GT,TC,GT,CT,,,,AA,GG,CC,TT,AA,,,,,TC,,,,,,,,0.0,MA,04-3,Female,20.0,Caucasian,12.5,12.5,0.0,0.0,12.5,15.0,2.5,20.0,148.0,66.7,23.387,100.0,70.0,64.0,19.67,27.67,13.67,25.33,R,159.0,66.5,25.276,29.67,0.7271573117723439,-2.4403220209849303
MA-763,CC,,,GA,TC,GA,,,,CC,,,TT,AG,GT,CC,CC,TA,CT,TT,GG,CC,CT,TT,CC,CG,GG,GT,GG,GG,TC,AT,GG,GA,AG,GA,,CC,TT,GG,,,CC,AA,CC,CC,GG,GG,GG,AA,,"+9, +9",AG,TT,CC,TT,AA,,TC,,,,,,,,,GG,CC,CG,AG,,GG,,,CT,TT,CG,GG,GG,AA,,,,,AT,CT,AA,CG,,,,,TC,CT,,,,,,,,,,CC,,,,,,,,,CC,,,CT,,,,,,,,,AG,AC,AA,TT,CA,GC,GC,CC,,,,,,,,,,,,,,,AG,GG,CC,,GT,,,,,,,,,,,TC,,,,,,,,,,,,,CC,CC,,,CG,AA,,,,,,,,,,,,,,CT,CC,,,GG,AA,,GT,CC,GT,CC,,,,AC,GT,CC,TT,AA,,,,,TT,,,,,,,,0.0,MA,04-3,Male,31.0,Caucasian,32.5,40.0,7.5,23.1,33.75,30.0,-3.75,-11.1,219.0,78.0,25.305,130.0,88.0,60.0,6.0,11.0,6.0,16.67,R,224.0,78.0,25.883,5.33,-2.388469655244852,0.7865070945728811
MA-764,AA,,,GG,CC,AA,,,,CC,,,TT,AG,GT,CC,TC,AA,CC,GT,AG,CT,CC,TT,CG,CG,GG,GG,GG,GA,CC,AT,GG,GA,AG,GA,,CC,TT,GG,,,CC,AA,CT,CC,AG,GG,GG,AA,,"+9, +9",AA,TT,TT,CT,CC,,CC,,,,,,,,,AA,CC,CG,AG,,GG,,,CC,TC,GG,GG,GG,AG,,,,,TT,TT,AA,GG,,,,,TT,CC,,,,,,,,,,CT,,,,,,,,,CT,,,CT,,,,,,,,,AA,CC,TA,CT,CC,GC,GG,CT,,,,,,,,,,,,,,,GG,GG,CC,,GT,,,,,,,,,,,TC,,,,,,,,,,,,,CT,CC,,,GG,GG,,,,,,,,,,,,,,CT,CC,,,GG,AA,,GG,CC,GG,CC,,,,AC,TT,CC,GT,AG,,,,,TT,,,,,,,,0.0,MA,04-3,Female,35.0,Caucasian,10.0,10.0,0.0,0.0,10.0,10.0,0.0,0.0,112.0,64.7,18.809,114.0,88.0,55.0,13.33,19.67,12.0,17.0,R,112.0,64.2,19.103,15.67,2.4791529109563433,-3.8975555465958114
MA-765,CC,,,GG,CC,AA,,,,AA,,,TT,AA,TT,CC,CC,AA,CC,TT,GG,CC,CC,TT,CC,GG,GG,GG,GG,GG,CC,TT,GG,GG,AA,GG,,CT,GT,GG,,,CC,AA,CC,CC,GG,,GG,AA,,"-9, -9",AA,TT,TT,CT,AC,,TC,,,,,,,,,AG,CC,CG,AG,,GA,,,CT,TC,CG,AA,GG,AA,,,,,AT,CT,AA,GG,,,,,TT,CC,,,,,,,,,,CT,,,,,,,,,CC,,,TT,,,,,,,,,GG,AA,AA,TT,AA,GC,GG,CC,,,,,,,,,,,,,,,AG,GG,CC,,GG,,,,,,,,,,,CC,,,,,,,,,,,,,CC,CC,,,CC,AA,,,,,,,,,,,,,,CC,CC,,,GT,AG,,GG,CC,GG,CC,,,,AA,GT,CT,GT,AG,,,,,TT,,,,,,,,0.0,MA,04-3,Male,20.0,Caucasian,27.5,35.0,7.5,27.3,30.0,35.0,5.0,16.7,202.0,76.0,24.586,112.0,68.0,59.0,5.67,11.33,6.67,10.33,L,208.0,75.5,25.652,6.33,0.32090052339943853,-0.4960495338496374
MA-766,CC,,,GG,CC,AA,,,,CC,,,TT,GG,GG,CC,CC,TT,TT,TT,GG,CC,TT,CT,CC,CG,GG,GT,GG,GG,TC,AT,GG,GA,AG,GA,,CT,,GG,,,CC,AA,CC,CC,GG,,GG,AA,,"-9, +9",AG,CT,TC,CT,AA,,,,,,,,,,,AA,CC,GG,GG,,GG,,,CC,,CG,GG,GG,AA,,,,,TT,CT,AA,CC,,,,,TT,CC,,,,,,,,,,CT,,,,,,,,,CC,,,CC,,,,,,,,,AG,AA,TA,,CA,GG,GG,CC,,,,,,,,,,,,,,,GG,GG,CC,,GT,,,,,,,,,,,CC,,,,,,,,,,,,,CT,CC,,,CC,GA,,,,,,,,,,,,,,TT,CT,,,GG,AA,,GG,TC,GG,CC,,,,AA,GG,CC,TT,AA,,,,,TT,,,,,,,,0.0,MA,04-3,Female,27.0,Caucasian,12.5,22.5,10.0,80.0,15.0,12.5,-2.5,-16.7,158.0,62.5,28.435,100.0,76.0,52.0,21.67,26.33,18.33,22.0,R,157.0,62.5,28.255,27.67,-1.591875419261188,2.1564316406141737
MA-767,CA,,,GA,TC,GA,,,,CC,,,TT,AG,GT,CC,CC,TA,CT,TT,GG,CC,CT,TT,CC,CG,GG,GT,GA,GG,CC,AT,GG,GA,GG,GA,,TT,GG,GG,,,CC,AA,CC,CC,GG,GG,GG,AA,,"-9, +9",AG,TT,TT,CT,AC,,TC,,,,,,,,,AA,CT,CG,AG,,GG,,,CT,TC,CC,GG,GA,GG,,,,,AT,CC,AA,CC,,,,,TC,CC,,,,,,,,,,TT,,,,,,,,,CT,,,CC,,,,,,,,,GG,AA,TA,CT,AA,GG,GG,CT,,,,,,,,,,,,,,,GG,GG,CC,,GT,,,,,,,,,,,TT,,,,,,,,,,,,,CT,CG,,,CC,GA,,,,,,,,,,,,,,CT,CC,,,TT,GG,,GT,TC,GT,CT,,,,AA,GG,CC,TT,AA,,,,,TC,,,,,,,,0.0,MA,04-3,Female,36.0,Caucasian,12.5,20.0,7.5,60.0,12.5,15.0,2.5,20.0,158.0,65.7,25.732,100.0,64.0,62.0,22.33,29.67,25.0,25.0,R,163.0,66.0,26.306,29.67,-2.310267172835169,1.8512558658694311
MA-768,CC,,,AA,TT,GG,,,,CC,,,TT,AA,TT,CC,CC,AA,CC,TT,GG,CC,CC,TT,CC,GG,GG,GG,GG,GG,CC,TT,GA,GG,AA,GG,,CC,GT,GG,,,CC,AA,CC,CT,GG,GA,GG,AA,,"+9, +9",GG,TT,TT,CC,AC,,TC,,,,,,,,,AA,TT,GG,GG,,GA,,,TT,TT,CG,GG,GA,AA,,,,,TT,TT,AA,GG,,,,,TT,CT,,,,,,,,,,CC,,,,,,,,,CC,,,CC,,,,,,,,,AG,AC,TA,CC,CA,GG,,CC,,,,,,,,,,,,,,,GG,GG,CC,,GG,,,,,,,,,,,TC,,,,,,,,,,,,,CC,CC,,,CC,GG,,,,,,,,,,,,,,CT,CC,,,GT,AG,,GG,CC,GG,CC,,,,AA,GG,CC,TT,AA,,,,,TC,,,,,,,,0.0,MA,04-3,Female,26.0,Caucasian,12.5,20.0,7.5,60.0,13.75,15.0,1.25,9.1,151.0,65.5,24.743,128.0,76.0,64.0,10.33,30.0,11.0,27.33,R,147.0,66.0,23.724,7.0,0.1310735788576007,-0.908946939458597
MA-769,CC,,,GA,TC,GA,,,,CC,,,TT,AA,TT,CC,CC,AA,CC,TT,GG,CC,CC,TT,CC,GG,GG,GG,GG,GG,CC,TT,GG,GA,AG,GA,,CT,GG,GA,,,CC,AA,TT,CC,AA,GG,GG,AA,,"+9, +9",AG,TT,TT,TT,AC,,TC,,,,,,,,,AA,CT,CC,AA,,GG,,,CT,CC,CC,GG,GG,AG,,,,,AT,TT,AA,GG,,,,,TC,TT,,,,,,,,,,TT,,,,,,,,,CT,,,CT,,,,,,,,,GG,AA,TA,CT,AA,GC,GG,TT,,,,,,,,,,,,,,,GG,GG,CC,,GT,,,,,,,,,,,TC,,,,,,,,,,,,,CC,CC,,,CG,AA,,,,,,,,,,,,,,TT,CT,,,GG,AA,,GG,CC,GG,CC,,,,AC,TT,CC,GT,AG,,,,,CC,,,,,,,,0.0,MA,04-3,Male,22.0,Caucasian,25.0,30.0,5.0,20.0,25.0,30.0,5.0,20.0,153.0,72.2,20.633,130.0,68.0,66.0,6.33,7.0,4.67,9.0,R,153.0,72.5,20.463,5.0,0.07281798154689492,-0.6078242203321841
MA-770,CC,,,GA,TT,GG,,,,CC,,,TT,GG,GG,CC,TC,TT,CT,GT,AG,CC,CT,TT,CG,CC,GG,GT,GG,GA,TC,AA,GG,GA,GG,AA,,CC,GT,GA,,,CC,AA,CC,CC,GG,GA,GG,AA,,"-9, +9",AA,CC,TT,CC,AC,,CC,,,,,,,,,GG,CC,GG,GG,,GG,,,TT,CC,CC,GG,GG,GG,,,,,TT,CT,AA,CC,,,,,TC,CT,,,,,,,,,,CC,,,,,,,,,CT,,,CT,,,,,,,,,GG,AA,TT,CC,AA,GC,GG,CC,,,,,,,,,,,,,,,GG,GG,CC,,GT,,,,,,,,,,,TC,,,,,,,,,,,,,CT,CC,,,CC,GA,,,,,,,,,,,,,,TT,CT,,,GT,AG,,GT,TC,GT,CT,,,,AC,GT,CC,TT,AA,,,,,CC,,,,,,,,0.0,MA,04-3,Female,21.0,Caucasian,15.0,22.5,7.5,50.0,17.5,15.0,-2.5,-14.3,134.0,63.2,23.584,108.0,72.0,67.0,9.67,15.0,11.0,16.33,L,130.0,63.2,22.88,9.67,1.914290869369092,-0.3013919247211173
MA-771,,,,,,,,,,,,,TT,AG,,CC,CC,TA,CT,TT,GG,,CT,,,,,GT,GA,GG,,,,GG,,,,,,,,,,,,,,,,,,,,,,,,,,,,,,,,,,,,,,,,,,,,,,,,,,,,,,,,,,,,,,,,,,,,,,,,,,,,,,,,,,,,,,,,,,,,,,,,,,,,,,,,,,,,,,,,,,,,,,,,,,,,,,,,,,,,,,,,,,,,,,,,,,,,,,,,,,,,,,,,,,,,,,,,,,,,,,,,,,,,,,,,,,,,,,,,,,,,,,,,,,,,,,,,,,,,,,,,,,,,,-1.2626884983522464,1.1556883022607398
MA-772,CC,,,GG,CC,AA,,,,CA,,,TT,AA,TT,CC,CC,AA,CC,TT,GG,CC,CC,TT,CC,GG,GG,GG,GG,GG,CC,AT,GG,GA,AG,GA,,CC,TT,GG,,,CC,AA,CC,CC,GG,AA,GG,AA,,"+9, +9",AG,TT,TC,TT,AC,,TC,,,,,,,,,GG,CC,GG,GG,,GG,,,CC,CC,GG,GA,GA,AA,,,,,AT,CC,AA,GG,,,,,TC,CC,,,,,,,,,,CC,,,,,,,,,CC,,,CT,,,,,,,,,AG,AC,TA,CC,CA,CC,GG,CT,,,,,,,,,,,,,,,AG,GG,CT,,GG,,,,,,,,,,,CC,,,,,,,,,,,,,CC,CC,,,CG,GA,,,,,,,,,,,,,,TT,CC,,,GT,AG,,GT,TC,GT,CT,,,,AA,GG,CT,TT,AA,,,,,CC,,,,,,,,0.0,MA,04-3,Male,20.0,Caucasian,22.5,30.0,7.5,33.3,25.0,30.0,5.0,20.0,146.0,69.5,21.249,120.0,80.0,69.0,3.67,8.0,3.33,6.0,R,148.0,69.5,21.54,4.0,-0.23657785129339945,-0.470539307129565
MA-773,,,,,,GA,,,,CA,,,TT,AG,GT,CC,CC,TA,CT,TT,GG,CC,CT,CT,CC,CG,GG,GT,GG,GG,CC,AT,GA,GA,AG,GA,,CT,GG,GA,,,CC,AA,CT,CC,AG,GA,GG,AA,,,,,,,,,TT,,,,,,,,,,,CG,AG,,,,,CT,,CG,GA,GA,AG,,,,,AA,CT,AG,GG,,,,,,CT,,,,,,,,,,,,,,,,,,,,,,,,,,,,,,,,,,,,,GC,,,,,,,,,,,,,,,,GG,GG,CC,,GT,,,,,,,,,,,TT,,,,,,,,,,,,,CC,CC,,,CC,,,,,,,,,,,,,,,CT,,,,GG,AA,,,,GT,CT,,,,,,,,,,,,,TT,,,,,,,,0.0,MA,04-3,Male,25.0,Caucasian,20.0,30.0,10.0,50.0,32.5,35.0,2.5,7.7,147.0,66.0,23.724,130.0,90.0,85.0,7.0,11.33,7.0,10.33,R,148.0,66.0,23.885,8.33,-1.4294226779752515,1.0922119175054457
MA-774,CC,,,GA,TC,GA,,,,CA,,,TC,GG,,CC,TT,TT,CC,GG,AA,,CC,,,,,GG,GG,GA,,,,GA,,,,CT,GG,GA,,,CC,AA,CC,CC,GG,GA,GA,AA,,"-9, +9",AG,CT,TT,CT,CC,,TC,,,,,,,,,AG,CT,GG,GG,,GG,,,CT,TT,CG,GA,GA,AA,,,,,,CT,AA,GG,,,,,TT,,,,,,,,,,,CT,,,,,,,,,CT,,,TT,,,,,,,,,AG,AC,AA,CC,CA,CC,GG,CT,,,,,,,,,,,,,,,GG,GG,CC,,TT,,,,,,,,,,,TT,,,,,,,,,,,,,CT,CC,,,CC,GA,,,,,,,,,,,,,,CT,CC,,,,,,GG,CC,GG,CC,,,,AA,TT,CT,GT,AG,,,,,TT,,,,,,,,0.0,MA,04-3,Male,25.0,Asian,22.5,30.0,7.5,33.3,25.0,25.0,0.0,0.0,125.0,64.7,20.992,138.0,88.0,72.0,7.67,12.0,6.0,11.0,R,127.0,65.0,21.132,4.0,5.300875235591851,-4.172377009267104
MA-775,CA,,,GA,TC,AA,,,,CC,,,TC,GG,GG,CC,TC,TT,CT,GT,AG,CT,CT,TT,CC,CC,GG,TT,AA,GG,CC,AT,GG,GG,GG,GA,,CT,GG,GA,,,CC,AA,CC,CC,GG,,GG,AA,,"-9, +9",AG,TT,TT,TT,AA,,CC,,,,,,,,,AG,CC,GG,GG,,GG,,,CC,TC,CC,GG,GG,AG,,,,,TT,CT,AA,GG,,,,,TC,CC,,,,,,,,,,TT,,,,,,,,,CC,,,CT,,,,,,,,,AG,AA,TA,CT,CA,GC,GG,CT,,,,,,,,,,,,,,,GG,GG,CT,,GT,,,,,,,,,,,TC,,,,,,,,,,,,,CC,CG,,,CC,GG,,,,,,,,,,,,,,TT,CC,,,GG,AA,,GG,CC,GG,CC,,,,CC,TT,CC,TT,AA,,,,,CC,,,,,,,,0.0,MA,04-3,Female,19.0,Caucasian,10.0,17.5,7.5,75.0,15.0,20.0,5.0,33.3,104.0,63.5,18.132,120.0,80.0,74.0,6.0,18.33,6.33,16.33,R,105.0,63.5,18.306,6.33,1.0855379753435905,0.27553700610356696
MA-776,CC,,,GG,CC,GA,,,,CA,,,TC,AG,,CC,TC,TA,CC,GT,AG,,CC,,,,,GG,GG,GA,,,,GA,,,,CC,GT,GA,,,CC,AA,CT,CC,AG,GG,GG,AA,,"-9, +9",GG,TT,TC,TT,AA,,TT,,,,,,,,,AG,CC,GG,AG,,GG,,,CT,TT,CG,GA,GG,AG,,,,,,TT,AG,GG,,,,,TT,,,,,,,,,,,CT,,,,,,,,,TT,,,TT,,,,,,,,,AG,AC,TA,CC,CA,GG,GG,CC,,,,,,,,,,,,,,,GG,GG,CC,,GG,,,,,,,,,,,TT,,,,,,,,,,,,,CT,CC,,,CC,GA,,,,,,,,,,,,,,CT,CC,,,,,,GG,CC,GG,CC,,,,AA,GT,CC,GT,AG,,,,,TT,,,,,,,,0.0,MA,04-3,Male,22.0,Asian,17.5,25.0,7.5,42.9,20.0,15.0,-5.0,-25.0,147.5,68.7,21.97,98.0,58.0,57.0,8.0,15.0,7.33,14.0,R,146.0,68.7,21.747,7.33,2.6017945945845624,-2.709108529468501
MA-777,,,,,,,,,,,,,TT,AG,,CC,CC,TA,CT,TT,GG,,CT,,,,,GT,GA,GG,,,,GG,,,,,,,,,,,,,,,,,,,,,,,,,,,,,,,,,,,,,,,,,,,,,,,,,,,,,,,,,,,,,,,,,,,,,,,,,,,,,,,,,,,,,,,,,,,,,,,,,,,,,,,,,,,,,,,,,,,,,,,,,,,,,,,,,,,,,,,,,,,,,,,,,,,,,,,,,,,,,,,,,,,,,,,,,,,,,,,,,,,,,,,,,,,,,,,,,,,,,,,,,,,,,,,,,,,,,,,,,,,,,-1.2626884983522464,1.1556883022607398
MA-778,CA,,,GA,TC,GA,,,,CA,,,TT,AG,GT,CC,TC,TA,CC,GT,AG,CT,CC,TT,CG,CG,GG,GG,GG,GA,CC,AT,GA,GA,AG,GA,,CC,TT,GG,,,CC,AA,CT,CC,AG,GG,GG,AA,,"-9, +9",AG,TT,TT,TT,AC,,TC,,,,,,,,,AG,CT,CG,AG,,GG,,,CT,CC,CG,GA,GG,AA,,,,,TT,CT,AA,GG,,,,,TT,CT,,,,,,,,,,CC,,,,,,,,,CC,,,CC,,,,,,,,,AG,AC,TA,CC,CA,GG,GG,TT,,,,,,,,,,,,,,,AG,GG,CC,,GG,,,,,,,,,,,TC,,,,,,,,,,,,,CC,CC,,,CC,GA,,,,,,,,,,,,,,TT,CC,,,GG,AA,,GG,CC,GG,CC,,,,AC,GT,CC,TT,AA,,,,,TT,,,,,,,,0.0,MA,04-3,Female,24.0,Caucasian,13.75,25.0,11.3,81.8,13.75,20.0,6.25,45.5,154.0,68.5,23.073,114.0,74.0,80.0,13.0,22.0,12.67,21.0,R,157.0,68.2,23.729,15.33,1.544867568709532,-3.384642505530675
MA-779,,,,,,,,,,,,,,,,,,,,,,,,,,,,,,,,,,,,,,,,,,,,,,,,,,,,,,,,,,,,,,,,,,,,,,,,,,,,,,,,,,,,,,,,,,,,,,,,,,,,,,,,,,,,,,,,,,,,,,,,,,,,,,,,,,,,,,,,,,,,,,,,,,,,,,,,,,,,,,,,,,,,,,,,,,,,,,,,,,,,,,,,,,,,,,,,,,,,,,,,,,,,,,,,,,,,,,,,,,,,,,,,,,0.0,MA,04-3,Male,27.0,Asian,20.0,30.0,10.0,50.0,22.5,25.0,2.5,11.1,144.0,66.5,22.892,118.0,80.0,69.0,9.0,11.0,9.33,10.67,R,146.0,65.0,24.293,8.67,4.144103703791282e-17,-1.0900765763055393e-17
MA-781,,,,,,,,,,,,,TT,AA,,CT,CC,TA,CC,TT,GG,,CC,,,,,GG,GG,GA,,,,AA,,,,,,,,,,,,,,,,,,,,,,,,,,,,,,,,,,,,,,,,,,,,,,,,,,,,,,,,,,,,,,,,,,,,,,,,,,,,,,,,,,,,,,,,,,,,,,,,,,,,,,,,,,,,,,,,,,,,,,,,,,,,,,,,,,,,,,,,,,,,,,,,,,,,,,,,,,,,,,,,,,,,,,,,,,,,,,,,,,,,,,,,,,,,,,,,,,,,,,,,,,,,,,,,,,,,,,,,,,,,,0.41468980845142617,-0.5251225945646113
MA-782,,,,,,,,,,,,,TT,GG,,CC,TT,TT,CC,GG,AA,,CC,,,,,GG,GG,GA,,,,GA,,,,,,,,,,,,,,,,,,,,,,,,,,,,,,,,,,,,,,,,,,,,,,,,,,,,,,,,,,,,,,,,,,,,,,,,,,,,,,,,,,,,,,,,,,,,,,,,,,,,,,,,,,,,,,,,,,,,,,,,,,,,,,,,,,,,,,,,,,,,,,,,,,,,,,,,,,,,,,,,,,,,,,,,,,,,,,,,,,,,,,,,,,,,,,,,,,,,,,,,,,,,,,,,,,,,,,,,,,,,,3.3532032688713262,-2.5850557366997458
MA-783,CC,,,GA,TC,GA,,,,CC,,,TT,AA,TT,CC,CC,AA,CC,TT,GG,CC,CC,TT,CC,GG,GG,GG,GG,GG,CC,TT,GA,GG,AA,GG,,CT,GT,GG,,,CC,AA,CC,CT,GG,GG,GG,AA,,"-9, +9",AG,TT,TT,CT,AC,,TC,,,,,,,,,AG,CC,GG,GG,,GG,,,CT,CC,CC,GG,GG,AG,,,,,AT,CC,AG,GG,,,,,TC,CC,,,,,,,,,,CT,,,,,,,,,CC,,,CC,,,,,,,,,GG,AA,TA,CT,CA,GC,GG,CT,,,,,,,,,,,,,,,GG,GG,CC,,TT,,,,,,,,,,,TC,,,,,,,,,,,,,CC,CC,,,CC,GG,,,,,,,,,,,,,,CT,CT,,,TT,GG,,GG,CC,GG,CC,,,,AA,GG,CC,TT,AA,,,,,CC,,,,,,,,0.0,MA,04-3,Male,35.0,Caucasian,37.5,45.0,7.5,20.0,37.5,40.0,2.5,6.7,217.0,68.5,32.511,148.0,80.0,72.0,12.0,14.33,13.0,11.0,R,219.0,69.7,31.691,15.0,-0.43309366148538514,-0.3222557346705024
MA-784,CA,,,GA,TC,GA,,,,CA,,,TT,AG,GT,CC,CC,TA,CT,TT,GG,CC,CT,TT,CC,CG,GG,GT,GA,GG,CC,TT,GA,GG,AG,GG,,CC,GG,GA,,,CC,AA,CC,CC,GG,GG,GG,AA,,"-9, +9",GG,TT,TT,TT,AA,,TT,,,,,,,,,AG,CT,CG,AG,,GG,,,CT,CC,CG,GA,GG,AG,,,,,AT,CT,AG,GG,,,,,TT,CT,,,,,,,,,,CC,,,,,,,,,CC,,,CC,,,,,,,,,AA,CC,TA,CT,CC,GC,GG,CT,,,,,,,,,,,,,,,AG,GG,CC,,GG,,,,,,,,,,,TC,,,,,,,,,,,,,CT,CC,,,CC,GG,,,,,,,,,,,,,,CT,,,,GT,AG,,GG,CC,GG,CC,,,,AA,GG,CC,TT,AA,,,,,TC,,,,,,,,0.0,MA,04-3,Male,24.0,Caucasian,20.0,30.0,10.0,50.0,25.0,20.0,-5.0,-20.0,176.0,73.2,23.091,130.0,80.0,67.0,7.0,18.67,8.33,16.0,R,178.0,73.0,23.482,8.33,-1.9871349763588102,0.6263977408736845
MA-785,CC,,,GA,TC,GA,,,,CC,,,TC,GG,,CC,TT,TT,CC,GG,AA,,CC,,,,,GG,GG,GA,,,,AA,,,,CC,GG,AA,,,CC,AA,CC,CC,GG,GA,GG,AA,,"-9, -9",AG,CT,TT,CT,AC,,TC,,,,,,,,,AA,TT,GG,GG,,GA,,,CT,TC,GG,GG,GG,GG,,,,,,TT,AA,GG,,,,,TT,,,,,,,,,,,TT,,,,,,,,,CT,,,CC,,,,,,,,,GG,AC,TT,CC,AA,GC,GG,TT,,,,,,,,,,,,,,,GG,GT,CC,,TT,,,,,,,,,,,TC,,,,,,,,,,,,,CT,CG,,,CC,AA,,,,,,,,,,,,,,TT,,,,,,,GG,CC,GG,CC,,,,AA,GT,CT,GT,AG,,,,,TT,,,,,,,,0.0,MA,04-3,Female,18.0,Asian,25.0,30.0,5.0,20.0,27.5,25.0,-2.5,-9.1,160.0,67.2,24.908,115.0,74.0,67.0,10.33,23.0,12.0,23.67,R,153.0,67.5,23.607,11.0,5.09105228492355,-3.4687355257891315
MA-788,CC,,,GG,CC,AA,,,,CC,,,TT,AG,GT,CC,TC,AA,CC,GT,AG,CT,CC,TT,CG,CG,GG,GG,GG,GA,CC,AT,GG,GA,AG,GA,,CC,,GA,,,CC,AA,CT,CC,AG,GG,GG,AA,,"-9, +9",AG,CT,TT,CT,AA,,CC,,,,,,,,,AG,CC,GG,GG,,GG,,,CC,TC,CC,GG,GA,AA,,,,,AT,CT,AA,GG,,,,,TT,CC,,,,,,,,,,TT,,,,,,,,,CC,,,CC,,,,,,,,,AG,AC,TA,CC,CA,GC,GG,CC,,,,,,,,,,,,,,,GG,GG,CC,,GG,,,,,,,,,,,CC,,,,,,,,,,,,,CT,CC,,,CC,GG,,,,,,,,,,,,,,TT,,,,GT,AG,,GT,TC,GT,CT,,,,AA,GG,CC,TT,AA,,,,,TT,,,,,,,,2.0,MA,04-3,Female,24.0,Caucasian,,17.5,,,12.5,12.5,0.0,0.0,128.0,65.0,21.298,120.0,74.0,71.0,13.67,24.67,13.33,23.0,R,141.0,65.5,23.104,12.33,1.6223311989624971,-2.5408636247252403
MA-789,,,,,,,,,,,,,TT,AA,TT,CT,CC,TA,CC,TT,GG,CT,CC,TT,CC,CG,GA,GG,GG,GG,CC,AT,GG,GG,AG,GG,,,,,,,,,,,,,,,,,,,,,,,,,,,,,,,,,,,,,,,,,,,,,,,,,,,,,,,,,,,,,,,,,,,,,,,,,,,,,,,,,,,,,,,,,,,,,,,,,,,,,,,,,,,,,,,,,,,,,,,,,,,,,,,,,,,,,,,,,,,,,,,,,,,,,,,,,,,,,,,,,,,,,,,,,,,,,,,,,,,,,,,,,,,,,,0.0,MA,04-3,Female,25.0,Caucasian,12.5,20.0,7.5,60.0,12.5,17.5,5.0,40.0,93.5,59.8,18.412,102.0,82.0,64.0,4.67,10.33,4.33,8.33,R,94.2,59.7,18.581,5.67,0.12455270497648203,-0.639372411984796
MA-790,CA,,,AA,TT,GG,,,,CC,,,TC,GG,,CC,TC,TA,CC,GT,AG,,CC,,,,,GG,GG,GA,,,,AA,,,,CT,GG,GA,,,CC,AA,CC,CC,GG,GG,GG,AA,,"-9, +9",GG,CC,TC,TT,CC,,TC,,,,,,,,,AA,CC,GG,GG,,GG,,,TT,TC,CC,GG,GA,AA,,,,,,TT,GG,GG,,,,,TC,,,,,,,,,,,CC,,,,,,,,,CC,,,CC,,,,,,,,,AG,AC,TA,CC,CA,GG,GG,CC,,,,,,,,,,,,,,,GG,GG,CC,,GG,,,,,,,,,,,TT,,,,,,,,,,,,,CC,CC,,,CG,GA,,,,,,,,,,,,,,CT,CC,,,,,,GG,CC,GG,CC,,,,AA,GT,CT,GT,AG,,,,,TT,,,,,,,,0.0,MA,05-1,Female,26.0,Asian,10.0,15.0,5.0,50.0,10.0,10.0,0.0,0.0,121.0,67.5,18.67,110.0,72.0,80.0,7.0,15.67,7.0,16.33,R,118.0,67.5,18.207,6.33,3.4200864755916336,-2.480119132210067
MA-791,CC,,,AA,TT,GG,,,,AA,,,TT,AG,GT,CC,CC,TA,CT,TT,GG,CC,CT,CT,CC,CG,GG,GT,GG,GG,TC,AT,GA,GA,AG,GA,,CT,GT,GG,,,CC,AA,CT,CT,GG,GG,GG,AA,,"-9, +9",AG,TT,TC,TT,CC,,TC,,,,,,,,,AA,CT,GG,GG,,GG,,,TT,TT,CC,AA,GG,AA,,,,,TT,CT,AG,GG,,,,,TT,CT,,,,,,,,,,CT,,,,,,,,,CT,,,CT,,,,,,,,,GG,AA,TA,CC,AA,GG,GG,CT,,,,,,,,,,,,,,,GG,GG,CC,,TT,,,,,,,,,,,TC,,,,,,,,,,,,,CT,CC,,,CC,GG,,,,,,,,,,,,,,TT,CT,,,GT,AG,,GT,TC,GT,CT,,,,AA,GG,CC,TT,AA,,,,,TC,,,,,,,,0.0,MA,05-1,Male,23.0,Caucasian,40.0,55.0,15.0,37.5,40.0,50.0,10.0,25.0,213.0,71.0,29.704,130.0,82.0,80.0,8.67,15.33,3.33,18.67,R,215.0,70.5,30.41,8.67,-0.9752865442822325,1.0976736208877094
MA-792,CA,,,AA,TT,GG,,,,CC,,,TT,AA,,CC,CC,AA,CC,TT,GG,,CC,,,,,GG,GG,GG,,,,AA,,,,CT,GG,GA,,,CC,AA,CC,CC,GG,GG,GG,AA,,"-9, +9",AG,CT,TT,CT,AC,,TC,,,,,,,,,AG,CC,CG,AG,,GA,,,TT,CC,CC,GG,GG,AA,,,,,,CT,AA,CG,,,,,TC,,,,,,,,,,,CC,,,,,,,,,CC,,,CC,,,,,,,,,GG,AA,AA,CT,CA,GG,GC,CT,,,,,,,,,,,,,,,AG,GG,CT,,GG,,,,,,,,,,,TT,,,,,,,,,,,,,CC,CC,,,CC,GA,,,,,,,,,,,,,,CT,CC,,,,,,GG,CC,GG,CC,,,,AC,GT,CC,TT,AA,,,,,CC,,,,,,,,0.0,MA,05-1,Female,36.0,Hispanic,7.5,12.5,5.0,66.7,7.5,10.0,2.5,33.3,118.0,,,115.0,59.0,76.0,9.0,22.33,11.67,19.67,R,128.0,61.5,23.791,7.33,-0.44763427000076317,-0.7632630775525666
MA-793,CC,,,GA,TC,GA,,,,CC,,,TT,AA,TT,CC,CC,AA,CC,TT,GG,CC,CC,TT,CC,GG,GG,GG,GG,GG,CC,AT,GG,GG,AG,GA,,CC,TT,GG,,,CC,AA,CC,CC,GG,,GG,AA,,"-9, +9",AA,CC,TT,CT,AA,,CC,,,,,,,,,GG,CC,CC,AA,,GA,,,CT,CC,CG,GA,GG,AG,,,,,AA,CT,AA,CG,,,,,TC,CC,,,,,,,,,,CT,,,,,,,,,CC,,,CC,,,,,,,,,AG,AA,TA,CC,CA,GG,GG,CT,,,,,,,,,,,,,,,AG,GG,CC,,GG,,,,,,,,,,,CC,,,,,,,,,,,,,CC,CC,,,CC,GA,,,,,,,,,,,,,,TT,CC,,,GT,AG,,GT,TC,GT,CT,,,,AC,GT,CC,TT,AA,,,,,TC,,,,,,,,0.0,MA,05-1,Male,23.0,Caucasian,14.0,25.0,11.0,78.6,15.0,20.0,5.0,33.3,120.0,69.5,17.465,118.0,70.0,80.0,3.0,5.0,2.67,7.0,L,118.0,69.5,17.174,4.0,-1.5683386175995466,0.3068305485320257
MA-794,CA,,,GG,CC,AA,,,,CA,,,TT,AA,,CC,CC,TA,CC,TT,GG,,CC,,,,,GG,GG,GG,,,,GG,,,,CC,TT,GA,,,CC,AA,CT,CT,AG,GG,GG,AA,,"-9, +9",GG,CT,TT,CC,AA,,TC,,,,,,,,,AG,CT,CG,AG,,GG,,,CC,CC,CC,GA,GA,AG,,,,,,CT,AA,GG,,,,,TT,,,,,,,,,,,CC,,,,,,,,,CC,,,CT,,,,,,,,,AG,AC,AA,CC,CC,GC,GC,CT,,,,,,,,,,,,,,,AG,GG,CT,,GG,,,,,,,,,,,TC,,,,,,,,,,,,,CC,CC,,,CG,GA,,,,,,,,,,,,,,CT,CC,,,,,,GG,TC,GG,CT,,,,AA,GT,CC,GT,AG,,,,,TC,,,,,,,,0.0,MA,05-1,Male,29.0,Hispanic,25.0,27.5,2.5,10.0,25.0,25.0,0.0,0.0,161.0,70.5,22.772,112.0,64.0,60.0,4.0,12.67,4.33,15.33,R,160.0,70.0,22.955,5.0,-0.254884854529527,0.11938990522756482
MA-795,CC,,,AA,TT,GG,,,,CC,,,CC,AA,TT,CC,CC,AA,CC,TT,GG,CC,CC,TT,CC,GG,GG,GG,GG,GG,CC,TT,GA,GG,AA,GG,,CC,GT,GA,,,CC,AA,CC,CT,GG,GA,GG,AA,,"-9, +9",AA,CC,TT,CT,AA,,TC,,,,,,,,,GG,CC,CG,AG,,AA,,,TT,CC,CC,GG,GA,AG,,,,,AT,CT,AA,GG,,,,,TC,CT,,,,,,,,,,CC,,,,,,,,,CT,,,CC,,,,,,,,,AG,CC,TA,CC,CA,GG,GG,CT,,,,,,,,,,,,,,,GG,GG,CC,,GT,,,,,,,,,,,TC,,,,,,,,,,,,,CC,CC,,,CG,GA,,,,,,,,,,,,,,TT,CT,,,TT,GG,,GG,CC,GG,CC,,,,AA,GT,CC,GT,AG,,,,,TC,,,,,,,,0.0,MA,05-1,Male,26.0,Caucasian,25.0,35.0,10.0,40.0,27.5,30.0,2.5,9.1,153.0,71.5,21.039,120.0,72.0,80.0,10.0,15.0,10.33,15.33,R,153.0,71.2,21.217,6.0,0.7108319259630868,-1.0013872209338184
MA-796,CA,,,AA,TT,GG,,,,CA,,,TT,GG,,CC,TT,TT,CC,GG,AA,,CC,,,,,GG,GG,AA,,,,GA,,,,CC,TT,GG,,,CC,AA,CC,CT,GG,GG,GG,AA,,"-9, +9",GG,TT,TT,TT,AC,,TT,,,,,,,,,AA,TT,GG,GG,,GG,,,TT,TT,CG,GA,GA,AG,,,,,,CT,GG,GG,,,,,TC,,,,,,,,,,,CT,,,,,,,,,CC,,,TT,,,,,,,,,AG,AC,TT,CC,CA,GC,GG,CT,,,,,,,,,,,,,,,GG,GG,CC,,GT,,,,,,,,,,,CC,,,,,,,,,,,,,CT,CC,,,CC,GA,,,,,,,,,,,,,,TT,CC,,,,,,GG,CC,GG,CC,,,,CC,TT,CC,TT,AA,,,,,TT,,,,,,,,0.0,MA,05-1,Female,25.0,Asian,7.5,12.5,5.0,66.7,10.0,12.5,2.5,25.0,126.0,63.5,21.967,98.0,72.0,70.0,9.67,20.0,9.33,20.33,R,127.0,63.0,22.495,10.33,5.073569883975133,-4.103835841028606
MA-797,CA,,,AA,TT,GG,,,,CA,,,TT,GG,,CC,CC,TT,TT,TT,GG,,TT,,,,,GT,GG,GG,,,,GA,,,,TT,GG,GA,,,CC,AA,CC,CC,GG,GG,GG,AA,,"+9, +9",AG,TT,TC,TT,AA,,TC,,,,,,,,,AA,CT,CG,AG,,GG,,,TT,TC,CC,GA,GG,AG,,,,,,TT,,GG,,,,,TC,,,,,,,,,,,CC,,,,,,,,,CC,,,CC,,,,,,,,,AA,AC,TA,CC,CC,GC,GG,CC,,,,,,,,,,,,,,,GG,GG,CC,,GG,,,,,,,,,,,TC,,,,,,,,,,,,,CC,CC,,,CC,GA,,,,,,,,,,,,,,CT,CT,,,,,,GG,CC,GG,CC,,,,AC,GT,CC,TT,AA,,,,,TC,,,,,,,,0.0,MA,05-1,Male,24.0,Other,22.5,32.5,10.0,44.4,22.5,27.5,5.0,22.2,152.0,68.5,22.773,118.0,74.0,80.0,5.0,9.0,5.0,10.67,R,152.0,68.0,23.109,5.33,-0.7698953001661084,1.4422297710240206
MA-798,CA,,,GA,TC,GA,,,,CA,,,TT,AG,,CC,CC,TA,CT,TT,GG,,CT,,,,,GT,GG,GG,,,,GA,,,,CT,GG,GA,,,CC,AA,CC,CC,GG,GG,GG,AA,,"+9, +9",GG,CT,TC,CC,AC,,TT,,,,,,,,,AG,CT,CG,GG,,GG,,,CT,TC,CG,GA,GG,AA,,,,,,TT,AA,CG,,,,,TT,,,,,,,,,,,TT,,,,,,,,,CC,,,CT,,,,,,,,,AA,CC,TA,CC,CC,GG,GG,CT,,,,,,,,,,,,,,,GG,GG,CT,,GT,,,,,,,,,,,TT,,,,,,,,,,,,,CC,CC,,,CC,GG,,,,,,,,,,,,,,CC,CT,,,,,,GG,TC,GG,CT,,,,AC,GT,CC,TT,AA,,,,,TT,,,,,,,,0.0,MA,05-1,Female,37.0,Hispanic,12.5,16.25,3.8,30.0,12.5,13.75,1.25,10.0,124.0,61.0,23.427,98.0,68.0,70.0,10.0,21.33,6.33,21.0,R,128.0,61.0,24.183,9.33,-1.064251309568892,1.162470918252331
MA-799,CC,,,AA,TT,GG,,,,CA,,,TT,AA,TT,CC,CC,AA,CC,TT,GG,CC,CC,TT,CC,GG,GG,GG,GG,GG,CC,AT,GG,GG,AG,GA,,CC,TT,GA,,,CC,AA,TT,CC,AA,GG,GG,AA,,"-9, +9",GG,TT,TT,TT,AC,,TC,,,,,,,,,AG,CT,GG,GG,,GG,,,TT,TC,CC,GA,GA,AA,,,,,AT,CT,AA,GG,,,,,TC,CT,,,,,,,,,,CT,,,,,,,,,CT,,,CC,,,,,,,,,AA,CC,TA,CT,CC,GG,GG,CC,,,,,,,,,,,,,,,GG,GG,CT,,GT,,,,,,,,,,,CC,,,,,,,,,,,,,CT,CC,,,CC,GA,,,,,,,,,,,,,,CT,CC,,,GT,AG,,GT,TC,GT,CT,,,,AA,GG,CC,TT,AA,,,,,TC,,,,,,,,0.0,MA,05-1,Male,20.0,Caucasian,27.5,32.5,5.0,18.2,27.5,30.0,2.5,9.1,147.0,71.5,20.214,102.0,70.0,70.0,5.67,14.33,4.33,21.33,R,147.0,71.0,20.5,5.33,-0.6900541921187439,0.156972976976266
MA-800,CA,,,AA,TT,GG,,,,CC,,,CC,AG,,CC,TC,TA,CC,GT,AG,,CC,,,,,GG,GG,GA,,,,GA,,,,CT,GG,GG,,,CC,AA,CC,CT,GG,,GG,AA,,"-9, -9",AG,CT,TT,CT,AC,,TC,,,,,,,,,GG,CC,GG,GG,,GG,,,TT,TT,CC,GG,GG,AG,,,,,,TT,GG,GG,,,,,TC,,,,,,,,,,,CT,,,,,,,,,CC,,,CT,,,,,,,,,AA,AC,TT,CC,CC,GC,GG,CT,,,,,,,,,,,,,,,GG,GG,CC,,,,,,,,,,,,,TT,,,,,,,,,,,,,TT,CC,,,CC,GA,,,,,,,,,,,,,,CT,CC,,,,,,GG,CC,GG,CC,,,,AA,GG,CC,TT,AA,,,,,TT,,,,,,,,,,,,,,,,,,,,,,,,,,,,,,,,,,,,,3.511866393923422,-3.3382904162942726
MA-801,CA,,,GG,CC,AA,,,,CA,,,TT,GG,,CC,CC,TT,TT,TT,GG,,TT,,,,,TT,GA,GG,,,,GG,,,,CT,GT,GG,,,CC,AA,CC,CC,GG,AA,GG,AA,,"-9, +9",GG,CT,TT,CC,AC,,TC,,,,,,,,,AA,CT,CG,GG,,GG,,,CC,CC,CC,GA,GG,AG,,,,,,CT,AG,GG,,,,,TC,,,,,,,,,,,TT,,,,,,,,,TT,,,CT,,,,,,,,,AG,AC,TT,CC,CC,GC,GG,CC,,,,,,,,,,,,,,,GG,GG,CC,,GG,,,,,,,,,,,TT,,,,,,,,,,,,,CT,CC,,,CC,GG,,,,,,,,,,,,,,CC,CC,,,,,,GT,TC,GT,CT,,,,AA,GT,CC,GT,AG,,,,,TC,,,,,,,,0.0,MA,05-1,Male,20.0,Other,22.5,25.0,2.5,11.1,22.5,20.0,-2.5,-11.1,206.0,72.0,27.936,110.0,82.0,90.0,10.67,15.33,7.33,15.0,R,196.0,72.0,26.579,11.0,-0.09069642444632864,3.5671427994124736
MA-802,CC,,,GA,TC,GA,,,,CC,,,TT,GG,,CC,CC,TT,CT,TT,GG,,CT,,,,,GT,GA,GG,,,,GG,,,,TT,GG,GG,,,CC,AA,CC,CC,GG,,GG,AA,,"-9, +9",AA,TT,TT,CC,AA,,TC,,,,,,,,,AA,CT,GG,GG,,GG,,,CT,TC,CC,GG,GG,GG,,,,,,CC,AA,GG,,,,,TT,,,,,,,,,,,CC,,,,,,,,,CT,,,CT,,,,,,,,,AG,AA,TT,CC,CC,GG,GG,CC,,,,,,,,,,,,,,,GG,GG,CC,,GG,,,,,,,,,,,TT,,,,,,,,,,,,,CC,CC,,,GG,GG,,,,,,,,,,,,,,TT,CT,,,,,,GG,CC,GG,CC,,,,AC,TT,CC,GT,AG,,,,,TC,,,,,,,,0.0,MA,05-1,Female,35.0,African Am,10.0,17.5,7.5,75.0,15.0,15.0,0.0,0.0,122.0,65.0,20.3,96.0,68.0,70.0,5.0,15.67,6.0,23.33,R,123.0,65.0,20.466,6.67,-0.3846589270557192,1.67961377562486
MA-803,CA,,,AA,TT,GG,,,,CC,,,TT,AG,GT,CC,CC,AA,CC,TT,GG,CC,CC,TT,CC,GG,GG,GG,GG,GG,CC,TT,GA,GG,AA,GG,,CC,GT,GA,,,CC,AA,CC,CC,GG,GG,,AA,,"-9, +9",AG,TT,TT,TT,AC,,TC,,,,,,,,,AG,CC,CG,AG,,GG,,,TT,CC,CC,GA,GG,AA,,,,,AT,CT,AA,CG,,,,,TT,CT,,,,,,,,,,CT,,,,,,,,,CC,,,TT,,,,,,,,,AG,AC,TA,CT,CA,GC,GG,CT,,,,,,,,,,,,,,,AG,GT,CC,,GG,,,,,,,,,,,TT,,,,,,,,,,,,,CC,CC,,,CC,GG,,,,,,,,,,,,,,,CC,,,GG,AA,,GT,TC,GT,CT,,,,AC,TT,CC,GT,AG,,,,,TT,,,,,,,,0.0,MA,05-1,Female,19.0,Caucasian,15.0,20.0,5.0,33.3,17.5,15.0,-2.5,-14.3,226.0,64.0,38.789,112.0,78.0,80.0,31.67,45.33,31.33,43.33,R,230.0,64.0,39.475,36.0,-0.8016002196417449,-0.2368449213511097
MA-804,CA,,,GA,TC,GA,,,,CC,,,TC,GG,,CC,TC,TT,CT,GT,AG,,CT,,,,,GT,GA,GA,,,,GA,,,,CT,GG,AA,,,CC,AA,CC,CT,GG,GG,GG,AA,,"-9, +9",GG,TT,TC,TT,AA,,TC,,,,,,,,,AG,CT,GG,GG,,GG,,,CT,TC,CC,GA,GG,AG,,,,,,CC,AG,GG,,,,,TC,,,,,,,,,,,CT,,,,,,,,,CT,,,TT,,,,,,,,,AA,CC,TA,CC,CC,GC,GG,CT,,,,,,,,,,,,,,,GG,GG,CC,,GG,,,,,,,,,,,TC,,,,,,,,,,,,,CC,CC,,,CC,GG,,,,,,,,,,,,,,TT,CC,,,,,,GT,TC,GT,CT,,,,AC,GT,CC,TT,AA,,,,,CC,,,,,,,,0.0,MA,05-1,Female,18.0,Hispanic,12.5,17.5,5.0,40.0,12.5,15.0,2.5,20.0,139.0,60.0,27.144,118.0,78.0,85.0,10.67,20.0,10.33,20.33,L,136.0,60.0,26.558,8.0,1.895923552679698,0.2454712127550284
MA-805,CC,,,GG,CC,AA,,,,CC,,,TC,AA,TT,CC,CC,AA,CC,TT,GG,CC,CC,TT,CC,GG,GG,GG,GG,GG,CC,TT,GA,GG,AA,GG,,CC,GT,GG,,,CC,AA,CC,CT,GG,GG,GG,AA,,"-9, +9",GG,CT,CC,CT,AA,,TT,,,,,,,,,AG,CC,CC,AA,,GG,,,CC,TT,CG,GG,GA,AA,,,,,AT,CC,AA,CG,,,,,CC,CC,,,,,,,,,,CT,,,,,,,,,CC,,,CC,,,,,,,,,AA,CC,TT,CC,CC,GG,GG,CT,,,,,,,,,,,,,,,GG,GG,CC,,GG,,,,,,,,,,,TT,,,,,,,,,,,,,CT,CC,,,CC,GG,,,,,,,,,,,,,,TT,CC,,,GT,AG,,GG,CC,GG,CC,,,,AC,GT,CC,TT,AA,,,,,TC,,,,,,,,0.0,MA,05-1,Male,20.0,Caucasian,15.0,30.0,15.0,100.0,27.5,27.5,0.0,0.0,165.0,72.0,22.376,140.0,80.0,70.0,5.0,12.0,5.0,12.33,R,174.0,72.0,23.596,6.33,-0.0008910343579306623,-0.6005544671111944
MA-806,CA,,,GA,TC,GA,,,,CC,,,TT,AA,,CC,CC,TA,CC,GT,GG,,CC,,,,,GG,GG,GA,,,,GG,,,,CC,GT,GG,,,CC,AA,CC,CT,AG,GG,GG,AA,,"-9, +9",AG,CT,TT,CC,AA,,CC,,,,,,,,,AA,CT,GG,GG,,GG,,,CT,TC,CG,GG,AA,AG,,,,,,TT,AA,GG,,,,,CC,,,,,,,,,,,CT,,,,,,,,,CT,,,CT,,,,,,,,,AA,CC,TT,CC,CC,GG,GG,CC,,,,,,,,,,,,,,,AG,GG,CT,,GT,,,,,,,,,,,TT,,,,,,,,,,,,,CT,CC,,,CC,GG,,,,,,,,,,,,,,TT,CC,,,,,,GT,CC,GT,CT,,,,AA,GT,CC,TT,AA,,,,,TT,,,,,,,,0.0,MA,05-1,Male,21.0,Asian,22.5,30.0,7.5,33.3,22.5,22.5,0.0,0.0,201.0,66.0,32.439,120.0,78.0,64.0,19.33,21.67,20.0,27.33,R,206.0,67.0,32.261,22.33,0.9768978658335701,0.2334116057154209
MA-807,CA,,,GA,TC,GA,,,,CC,,,TT,GG,,CC,TT,TT,CC,GG,AA,,CC,,,,,GG,GG,AA,,,,AA,,,,CC,GT,GA,,,CG,AA,CC,CT,AG,GG,GG,AA,,,AA,CT,TT,CT,CC,,TT,,,,,,,,,AA,CT,CG,GG,,GG,,,CT,TC,CC,GG,GG,AA,,,,,,CT,AG,GG,,,,,TC,,,,,,,,,,,TT,,,,,,,,,TT,,,TT,,,,,,,,,GG,AA,TA,CC,AA,GC,GG,CT,,,,,,,,,,,,,,,AG,GG,CC,,GG,,,,,,,,,,,TC,,,,,,,,,,,,,CT,CC,,,CC,GG,,,,,,,,,,,,,,CT,CC,,,,,,GG,CC,GG,CC,,,,AC,GT,CC,TT,AA,,,,,TT,,,,,,,,2.0,MA,05-1,Female,18.0,Asian,12.5,17.5,5.0,40.0,15.0,15.0,0.0,0.0,207.0,64.0,35.528,116.0,82.0,60.0,32.33,37.0,31.33,39.67,R,201.0,63.5,35.043,24.67,5.242353909905053,-3.3808030318821682
MA-808,CA,,,GG,CC,AA,,,,CA,,,TT,AG,GT,CC,CC,TA,CT,TT,GG,CC,CT,CT,CC,CG,GG,GT,GG,GG,TC,AA,GG,GA,GG,AA,,CC,GT,GG,,,CC,AA,CC,CC,GG,GG,GG,AA,,"+9, +9",AG,TT,TT,TT,AA,,TT,,,,,,,,,AA,TT,CG,AG,,GG,,,CC,TC,CG,GA,GA,AG,,,,,TT,CT,AA,CG,,,,,TC,CT,,,,,,,,,,CT,,,,,,,,,CC,,,CC,,,,,,,,,AG,AC,TA,CC,CA,GC,GG,CT,,,,,,,,,,,,,,,GG,GG,CC,,GG,,,,,,,,,,,TC,,,,,,,,,,,,,CT,CC,,,CC,GG,,,,,,,,,,,,,,TT,CC,,,GT,AG,,GG,CC,GG,CC,,,,AC,GT,CC,TT,AA,,,,,TT,,,,,,,,0.0,MA,05-1,Female,22.0,Caucasian,20.0,25.0,5.0,25.0,20.0,20.0,0.0,0.0,205.0,67.0,32.104,112.0,72.0,90.0,33.0,35.33,28.67,36.33,R,204.0,67.0,31.947,25.33,-1.3366998210322152,0.6815747880190922
MA-809,CA,,,GG,CC,AA,,,,CA,,,TT,GG,TT,CC,TC,TT,CT,GT,AG,CT,CT,CT,CC,CC,GG,GT,GG,GA,TC,AA,GG,GA,GG,AA,,CC,GT,GA,,,CC,AA,CC,CC,GG,GA,GG,AA,,,AA,TT,TC,CT,AA,,TC,,,,,,,,,AG,CT,CC,AA,,GG,,,CC,CC,CG,GA,GG,AA,,,,,,TT,AA,GG,,,,,TT,CT,,,,,,,,,,CC,,,,,,,,,TT,,,CT,,,,,,,,,AA,CC,AA,CC,CC,GG,GG,CT,,,,,,,,,,,,,,,GG,GG,CC,,GG,,,,,,,,,,,CC,,,,,,,,,,,,,TT,CC,,,CC,GA,,,,,,,,,,,,,,CC,CT,,,TT,GG,,GG,CC,GT,CT,,,,AC,GT,CC,TT,AA,,,,,TC,,,,,,,,0.0,MA,05-1,Female,19.0,Caucasian,15.0,27.5,12.5,83.3,16.25,22.5,6.25,38.5,179.0,73.0,23.614,98.0,74.0,70.0,14.67,17.0,11.33,26.33,R,175.0,73.0,23.086,11.33,1.7047481258237578,-0.5452459568347318
MA-810,CA,,,AA,TT,GG,,,,CC,,,TT,AG,GT,CC,CC,TA,CC,TT,GG,CC,CC,TT,CC,GG,GG,GG,GG,GA,CC,AA,GG,GG,GG,GA,,,,GA,,,CC,AA,CT,CT,AG,,GG,AA,,"+9, +9",GG,TT,TT,TT,AC,,TC,,,,,,,,,AG,CT,CG,GG,,GA,,,CT,CC,CC,GG,GA,AG,,,,,TT,TT,AA,CG,,,,,TT,CC,,,,,,,,,,TT,,,,,,,,,CC,,,CT,,,,,,,,,AG,AC,TA,CC,CA,GC,GG,CC,,,,,,,,,,,,,,,AG,GG,CC,,GT,,,,,,,,,,,CC,,,,,,,,,,,,,CC,CG,,,CC,GA,,,,,,,,,,,,,,CC,CC,,,TT,GG,,GT,TC,GT,CT,,,,AC,GT,CC,TT,AA,,,,,TC,,,,,,,,0.0,MA,05-1,Female,19.0,Caucasian,15.0,17.5,2.5,16.7,17.5,17.5,0.0,0.0,131.0,66.0,21.142,112.0,70.0,60.0,10.0,16.33,9.67,20.0,R,136.0,66.0,21.949,10.33,-0.46423563219497965,-0.6143589102244797
MA-811,CC,,,GA,TC,GA,,,,CA,,,TT,AG,,CC,CC,TT,CC,TT,GG,,CT,,,,,GT,GG,GG,,,,GG,,,,CT,GG,GG,,,CG,AA,CC,CT,AG,GG,GG,AA,,"-9, +9",GG,CC,TC,CC,AC,,TC,,,,,,,,,AG,CT,GG,GG,,GG,,,CT,CC,CC,GA,GG,AA,,,,,,CC,AA,CG,,,,,CC,,,,,,,,,,,TT,,,,,,,,,TT,,,CC,,,,,,,,,AG,AC,TT,CC,CA,GC,GC,CC,,,,,,,,,,,,,,,GG,GT,CC,,GG,,,,,,,,,,,TT,,,,,,,,,,,,,CC,CC,,,CC,GG,,,,,,,,,,,,,,CT,CT,,,,,,GT,CC,GT,CT,,,,AA,TT,CC,GG,GG,,,,,TT,,,,,,,,,,,,,,,,,,,,,,,,,,,,,,,,,,,,,1.5307393404295513,2.9127462650850786
MA-812,CC,,,GA,TC,GA,,,,CC,,,TT,AA,TT,CC,CC,AA,CC,TT,GG,CC,CC,TT,CC,GG,GG,GG,GG,GG,CC,TT,GG,GG,AA,GG,,CC,GT,GA,,,CC,AA,CC,CC,GG,GG,GG,AA,,"-9, +9",GG,TT,TT,TT,AC,,TC,,,,,,,,,AG,CT,CG,AG,,GG,,,CT,TT,GG,GG,GA,AG,,,,,AT,CT,AA,GG,,,,,TC,CC,,,,,,,,,,CC,,,,,,,,,CC,,,CC,,,,,,,,,AG,AC,TA,CC,CA,GC,GG,CC,,,,,,,,,,,,,,,GG,GG,CT,,GT,,,,,,,,,,,CC,,,,,,,,,,,,,CC,CC,,,CC,GG,,,,,,,,,,,,,,TT,,,,GG,AA,,GG,CC,GG,CC,,,,AC,TT,CC,TT,AA,,,,,TC,,,,,,,,0.0,MA,05-1,Female,19.0,Caucasian,13.75,17.5,3.8,27.3,16.25,15.0,-1.25,-7.7,118.0,65.0,19.634,118.0,72.0,85.0,10.0,10.67,8.67,14.0,R,121.0,64.5,20.447,9.33,-0.9103904938052895,-0.7440260318561446
MA-813,AA,,,GG,CC,AA,,,,CA,,,TT,AA,TT,CC,CC,AA,CC,TT,GG,CC,CC,TT,CC,GG,GG,GG,GG,GG,CC,TT,GA,GG,AA,GG,,CC,GG,AA,,,CC,AA,CT,CC,AG,GA,GG,AA,,"+9, +9",AG,TT,TT,TT,AC,,TC,,,,,,,,,AG,CT,GG,GG,,GA,,,CC,TT,CC,GA,GG,AG,,,,,AT,CT,AA,CG,,,,,TC,CC,,,,,,,,,,CT,,,,,,,,,CC,,,CT,,,,,,,,,GG,AA,TT,CC,CA,GG,GG,CT,,,,,,,,,,,,,,,GG,GG,CC,,GG,,,,,,,,,,,CC,,,,,,,,,,,,,CT,CC,,,CC,GA,,,,,,,,,,,,,,CC,CC,,,GT,AG,,GT,TC,GT,CT,,,,AA,GT,CT,GT,AG,,,,,CC,,,,,,,,0.0,MA,05-1,Female,25.0,Caucasian,15.0,22.5,7.5,50.0,15.0,17.5,2.5,16.7,198.0,63.0,35.07,112.0,72.0,60.0,24.67,31.33,20.67,34.67,R,203.0,61.5,37.731,30.0,0.14096500436120285,0.1891368355172107
MA-814,CA,,,AA,TT,GG,,,,CA,,,TC,AG,,CC,TC,TA,CC,GT,AG,,CC,,,,,GG,GG,GA,,,,GA,,,,CC,GT,GA,,,CC,AA,CC,CT,GG,GA,GG,AA,,"-9, -9",AG,CT,TT,TT,AC,,CC,,,,,,,,,AG,CT,GG,GG,,GG,,,TT,TT,CG,GA,GA,AG,,,,,,CT,AG,GG,,,,,TT,,,,,,,,,,,TT,,,,,,,,,CC,,,CT,,,,,,,,,AG,AC,TT,CC,CA,GC,GG,CC,,,,,,,,,,,,,,,GG,GG,CC,,GT,,,,,,,,,,,TT,,,,,,,,,,,,,CT,CC,,,CC,GA,,,,,,,,,,,,,,TT,CT,,,,,,GG,CC,GG,CC,,,,AC,TT,CT,GT,AG,,,,,TT,,,,,,,,0.0,MA,05-1,Female,20.0,Asian,13.75,20.0,6.3,45.5,13.75,12.5,-1.25,-9.1,137.0,64.5,23.15,94.0,62.0,65.0,12.0,25.33,12.0,22.33,R,134.0,64.0,22.999,13.0,3.9470729069211754,-2.9291961557280106
MA-815,CA,,,GA,TC,GA,,,,CA,,,TT,AA,TT,CC,CC,AA,CC,TT,GG,CC,CC,TT,CC,GG,GG,GG,GG,GG,CC,AT,GG,GG,AG,GG,,CT,TT,GG,,,CC,AA,CT,CC,AG,GA,GG,AA,,"-9, +9",AG,TT,TT,TT,AA,,TC,,,,,,,,,AG,CC,CC,AA,,GA,,,CT,CC,CC,GA,GA,AG,,,,,AA,CT,AG,CG,,,,,TT,CT,,,,,,,,,,CT,,,,,,,,,TT,,,CC,,,,,,,,,AG,AC,TA,CC,CA,GG,GG,CT,,,,,,,,,,,,,,,AG,GG,CC,,GG,,,,,,,,,,,TT,,,,,,,,,,,,,CC,CC,,,CC,GG,,,,,,,,,,,,,,TT,CC,,,GG,AA,,GG,CC,GG,CC,,,,AA,GT,CC,TT,AA,,,,,TT,,,,,,,,0.0,MA,05-1,Female,21.0,Caucasian,12.5,17.5,5.0,40.0,10.0,15.0,5.0,50.0,107.0,68.0,16.268,115.0,70.0,85.0,6.67,20.33,6.0,22.67,R,106.0,63.0,18.775,7.33,-0.7001221724570816,-0.18265001468534767
MA-816,CA,,,GA,TC,GA,,,,CA,,,TT,AG,GT,CT,TC,TT,CC,GT,AG,TT,CC,TT,CG,CC,GA,GG,GG,AA,CC,AA,GG,GA,AG,GA,,CC,GG,GG,,,CC,AA,CC,CT,GG,,GG,AA,,"-9, +9",AG,CT,TC,CC,AC,,TC,,,,,,,,,AA,CT,CG,GG,,GG,,,CT,TT,CG,GA,GG,GG,,,,,TT,CC,AA,CG,,,,,TC,CT,,,,,,,,,,CT,,,,,,,,,CT,,,CT,,,,,,,,,GG,AC,TA,CT,AA,GC,GG,CC,,,,,,,,,,,,,,,GG,GT,CC,,TT,,,,,,,,,,,TC,,,,,,,,,,,,,CT,CC,,,CC,GG,,,,,,,,,,,,,,CT,CT,,,GT,AG,,GT,TC,GT,CT,,,,AA,GG,CC,TT,AA,,,,,TT,,,,,,,,0.0,MA,05-1,Male,22.0,Caucasian,20.0,30.0,10.0,50.0,20.0,30.0,10.0,50.0,155.0,66.5,24.64,118.0,72.0,65.0,4.67,11.33,5.0,13.67,R,155.0,66.5,24.64,4.67,4.077167595152865,-2.367370835426325
MA-817,CC,,,GG,CC,AA,,,,CC,,,TT,AG,GT,CC,CC,TA,CT,TT,GG,CC,CT,CT,CC,CG,GG,GT,GG,GG,TC,AT,GA,GA,AG,GA,,,TT,GG,,,CC,AA,CT,CC,AG,GG,GG,AA,,"+9, +9",GG,TT,TT,TT,AC,,TC,,,,,,,,,AG,CC,CG,GG,,GG,,,CC,CC,CC,GG,GG,AA,,,,,TT,CC,AA,GG,,,,,TC,CC,,,,,,,,,,CT,,,,,,,,,CC,,,CC,,,,,,,,,GG,AA,AA,CT,AA,GG,GG,CT,,,,,,,,,,,,,,,AG,GT,CC,,GT,,,,,,,,,,,TC,,,,,,,,,,,,,CC,CC,,,CC,GA,,,,,,,,,,,,,,CT,CC,,,GG,AA,,GG,CC,GG,CC,,,,AA,GG,CC,TT,AA,,,,,TC,,,,,,,,0.0,MA,05-1,Male,21.0,Caucasian,20.0,27.5,7.5,37.5,20.0,22.5,2.5,12.5,147.0,68.5,22.024,112.0,80.0,85.0,6.0,6.0,5.33,7.0,R,152.0,68.2,22.974,5.0,-1.3865617566246071,1.2023152508973791
MA-818,CA,,,AA,TT,GG,,,,CC,,,TT,AG,GT,CC,CC,TA,CT,TT,GG,CC,CT,TT,CC,CG,GG,GT,GG,GG,TC,AT,GG,GA,AG,GA,,CC,TT,GG,,,CC,AA,CC,CC,GG,GA,GG,AA,,"+9, +9",GG,TT,TT,TT,AA,,TT,,,,,,,,,AG,CC,GG,GG,,GG,,,TT,TC,CG,GG,GA,AA,,,,,TT,CC,AA,CG,,,,,TT,CC,,,,,,,,,,CT,,,,,,,,,CT,,,CC,,,,,,,,,AG,AC,TT,CC,CA,GC,GG,CT,,,,,,,,,,,,,,,GG,GG,,,GG,,,,,,,,,,,TC,,,,,,,,,,,,,CT,CC,,,CC,GG,,,,,,,,,,,,,,CC,CC,,,TT,GG,,GG,CC,GG,CC,,,,AA,TT,CC,GG,GG,,,,,TT,,,,,,,,2.0,MA,05-1,Male,21.0,Caucasian,32.5,,,,35.0,,,,153.0,67.5,23.607,130.0,88.0,80.0,3.0,6.33,3.0,6.0,R,155.0,67.5,23.916,4.0,-0.049887072805074616,0.6588597296916969
MA-819,CC,,,GA,TC,GA,,,,CC,,,CC,GG,,CC,TT,TT,CC,GG,AA,,CC,,,,,GG,GG,AA,,,,GA,,,,CC,GT,GA,,,CC,AA,CC,CC,GG,GG,GG,AA,,"-9, -9",GG,TT,TC,TT,AC,,TC,,,,,,,,,AG,CC,CG,AG,,GA,,,CT,TT,CC,GG,GG,AA,,,,,,CT,GG,GG,,,,,TT,,,,,,,,,,,CT,,,,,,,,,CT,,,TT,,,,,,,,,AG,AC,AA,CC,CA,GC,GG,CT,,,,,,,,,,,,,,,GG,GG,CC,,GT,,,,,,,,,,,CC,,,,,,,,,,,,,TT,CC,,,CC,GG,,,,,,,,,,,,,,TT,CT,,,,,,GG,TC,GG,CC,,,,AA,GT,CT,GT,AG,,,,,TT,,,,,,,,0.0,MA,05-1,Male,19.0,Asian,16.25,22.5,6.3,38.5,17.5,20.0,2.5,14.3,118.0,67.0,18.479,118.0,82.0,85.0,2.33,4.67,2.33,6.0,R,118.0,66.5,18.758,2.0,5.396839300446277,-4.2474856177179605
MA-820,CC,,,GA,TC,GA,,,,CC,,,TT,AA,TT,CC,CC,AA,CC,TT,GG,CC,CC,TT,CC,GG,GG,GG,GG,GG,TC,AT,GG,GA,AG,GA,,CT,GG,GA,,,CC,AA,CC,CC,GG,GG,GG,AA,,"-9, +9",AA,CT,TT,CT,AA,,TT,,,,,,,,,AG,CT,CC,AA,,GG,,,CT,TC,CC,GG,GG,GG,,,,,AA,CT,AA,GG,,,,,TC,CC,,,,,,,,,,CT,,,,,,,,,CC,,,TT,,,,,,,,,AG,AC,TA,CC,CA,GG,GG,CC,,,,,,,,,,,,,,,AG,GG,CC,,GG,,,,,,,,,,,TT,,,,,,,,,,,,,CT,CC,,,CC,GG,,,,,,,,,,,,,,CT,CC,,,GG,AA,,GG,TC,GG,CC,,,,AC,GT,CC,TT,AA,,,,,TC,,,,,,,,0.0,MA,05-1,Male,21.0,Caucasian,32.5,35.0,2.5,7.7,35.0,35.0,0.0,0.0,206.0,66.5,32.748,112.0,84.0,75.0,14.67,15.0,12.67,13.0,R,213.0,65.0,35.441,15.67,-1.0720683518664138,-0.300909880605021
MA-821,CC,,,AA,TT,GG,,,,CA,,,TT,GG,,CC,TC,TT,CT,GT,AG,,CT,,,,,GT,GG,GA,,,,AA,,,,CT,GT,GG,,,CC,AA,CC,CT,GG,GG,GG,AA,,"-9, +9",GG,CC,CC,CT,AA,,TC,,,,,,,,,AG,CC,GG,GG,,GG,,,TT,CC,CG,GA,GG,AG,,,,,,CT,AG,GG,,,,,TC,,,,,,,,,,,TT,,,,,,,,,TT,,,CC,,,,,,,,,AA,CC,TA,CT,CC,GG,GG,CT,,,,,,,,,,,,,,,GG,GT,CC,,GG,,,,,,,,,,,CC,,,,,,,,,,,,,CT,CC,,,CC,GA,,,,,,,,,,,,,,TT,CT,,,,,,GG,CC,GG,CC,,,,CC,TT,CC,TT,AA,,,,,TT,,,,,,,,,,,,,,,,,,,,,,,,,,,,,,,,,,,,,3.061398626196884,-0.46847092320478684
MA-822,CA,,,GA,TC,GA,,,,CC,,,TT,AA,TT,CC,CC,AA,CC,TT,GG,CC,CC,TT,CC,GG,GG,GG,GG,GG,CC,TT,GA,GG,AA,GG,,CC,GT,GA,,,CC,AA,CT,CC,AG,GG,GG,AA,,"+9, +9",AA,TT,TT,CT,AC,,TT,,,,,,,,,AG,CT,GG,GG,,GG,,,CT,TC,CC,GG,GG,AA,,,,,TT,CT,AA,GG,,,,,TT,CC,,,,,,,,,,CC,,,,,,,,,CT,,,CC,,,,,,,,,AG,AC,TT,CC,CA,GG,GG,CT,,,,,,,,,,,,,,,GG,GG,CC,,GT,,,,,,,,,,,TC,,,,,,,,,,,,,CC,CC,,,CC,GA,,,,,,,,,,,,,,CT,CC,,,GT,AG,,GG,CC,GG,CC,,,,AC,GT,CC,TT,AA,,,,,TC,,,,,,,,0.0,MA,05-1,Female,19.0,Caucasian,15.0,22.5,7.5,50.0,15.0,15.0,0.0,0.0,166.0,68.5,24.87,110.0,62.0,60.0,20.0,29.67,15.33,29.67,L,170.0,68.5,25.47,15.67,-0.9936211012115166,-0.6863169184534182
MA-823,CC,,,GA,TC,GA,,,,CC,,,TT,AG,GT,CC,CC,TA,CT,TT,GG,CC,CT,CT,CC,CG,GG,GT,GG,GG,TC,AT,GA,GA,AG,GA,,CC,TT,GG,,,CC,AA,CC,CC,GG,GG,GG,AA,,"+9, +9",AG,TT,TC,TT,AA,,TC,,,,,,,,,GG,CC,GG,GG,,GA,,,CT,TT,GG,GG,GG,GG,,,,,TT,CC,AA,CG,,,,,TT,CC,,,,,,,,,,CT,,,,,,,,,CT,,,CT,,,,,,,,,AG,AC,TA,CT,CA,GG,GG,CT,,,,,,,,,,,,,,,GG,GG,CT,,GG,,,,,,,,,,,CC,,,,,,,,,,,,,CC,CC,,,CC,AA,,,,,,,,,,,,,,TT,CC,,,GT,AG,,GT,TC,GT,CT,,,,AC,GT,CC,TT,AA,,,,,TC,,,,,,,,0.0,MA,05-1,Male,18.0,Caucasian,20.0,27.5,7.5,37.5,22.5,22.5,0.0,0.0,177.0,71.5,24.34,112.0,74.0,60.0,12.0,12.33,11.67,15.33,R,168.0,72.0,22.782,10.33,-2.0462161152815295,1.4238050075386306
MA-824,CC,,,GA,TC,GA,,,,CC,,,TT,AG,GT,CC,CC,TA,CT,TT,GG,CC,CT,TT,CC,CG,GG,GT,GG,GG,CC,TT,GG,GG,AA,GG,,CC,TT,GG,,,CC,AA,CT,CC,AG,GG,,AA,,"-9, +9",AA,CT,TT,CT,AA,,TT,,,,,,,,,GG,CC,GG,GG,,GG,,,CT,TC,CG,GG,GA,AA,,,,,AT,CT,AA,CG,,,,,TT,CC,,,,,,,,,,TT,,,,,,,,,CC,,,CC,,,,,,,,,GG,AA,AA,CT,AA,GG,GG,CT,,,,,,,,,,,,,,,AG,GT,CC,,,,,,,,,,,,,TC,,,,,,,,,,,,,CC,CC,,,CG,GA,,,,,,,,,,,,,,,CC,,,GT,AG,,GG,CC,GG,CC,,,,AC,GT,CC,TT,AA,,,,,TC,,,,,,,,0.0,MA,05-1,Female,21.0,Caucasian,15.0,20.0,5.0,33.3,15.0,17.5,2.5,16.7,140.0,66.0,22.594,98.0,64.0,70.0,11.33,25.0,11.0,25.33,L,147.0,66.0,23.724,11.33,-1.8445193986329966,0.6774836531185
MA-825,CA,,,GA,TC,GA,,,,AA,,,TT,GG,GG,CC,CC,TT,TT,TT,GG,CC,TT,TT,CC,CC,GG,TT,GA,GG,CC,TT,GA,GG,AA,GG,,CC,GT,GA,,,CC,AA,CC,CC,GG,GG,GG,AA,,"+9, +9",AG,TT,TT,TT,AC,,TT,,,,,,,,,AG,CC,CG,AG,,GG,,,CT,TC,GG,AA,GA,AG,,,,,AT,CT,AA,CC,,,,,TC,TT,,,,,,,,,,TT,,,,,,,,,CC,,,CC,,,,,,,,,AG,AC,TT,CC,CA,GG,GG,CC,,,,,,,,,,,,,,,AG,GT,CT,,GT,,,,,,,,,,,TC,,,,,,,,,,,,,CT,CG,,,GG,GG,,,,,,,,,,,,,,CT,CC,,,GG,AA,,GG,CC,GG,CC,,,,AA,GT,CC,GT,AG,,,,,TC,,,,,,,,0.0,MA,05-1,Female,19.0,Caucasian,17.5,22.5,5.0,28.6,17.5,22.5,5.0,28.6,197.0,65.5,32.28,114.0,84.0,80.0,25.33,30.67,20.67,35.33,R,196.0,65.6,32.019,28.67,-0.9643246957573695,3.0045269866439783
MA-826,CA,,,AA,TT,GG,,,,CC,,,TT,AG,GT,CC,CC,TA,CT,TT,GG,CC,CT,TT,CC,CG,GG,GT,GG,GG,CC,TT,GA,GG,AG,GG,,CC,GT,GA,,,CC,AA,CC,CC,GG,GG,GG,AA,,"+9, +9",GG,TT,CC,TT,AC,,TT,,,,,,,,,AA,CT,CG,AG,,GG,,,TT,TC,CC,GG,AA,AG,,,,,AA,TT,AA,GG,,,,,TT,TT,,,,,,,,,,CC,,,,,,,,,CC,,,CT,,,,,,,,,AG,AC,TA,CC,AA,GG,GG,CT,,,,,,,,,,,,,,,AA,GT,CC,,GT,,,,,,,,,,,TC,,,,,,,,,,,,,CC,CC,,,CC,GG,,,,,,,,,,,,,,CT,CC,,,GT,AG,,GG,CC,GG,CC,,,,AA,GT,CC,GT,AG,,,,,TT,,,,,,,,0.0,MA,05-1,Male,18.0,Caucasian,10.0,20.0,10.0,100.0,10.0,20.0,10.0,100.0,144.0,64.0,24.715,100.0,78.0,80.0,15.33,16.33,10.67,20.0,R,148.0,64.0,25.401,10.67,-1.3629222943339456,0.004923022620394987
MA-827,CA,,,GA,TC,GA,,,,CC,,,TT,AA,TT,CC,CC,AA,CC,TT,GG,CC,CC,TT,CC,GG,GG,GG,GG,GG,CC,TT,GG,GG,AA,GG,,CC,GT,GA,,,CG,AA,CC,CC,AG,AA,GG,AA,,"-9, +9",AG,TT,TC,TT,AA,,TT,,,,,,,,,AA,CC,CG,AG,,GG,,,CT,TC,CC,GG,GG,AG,,,,,AA,CC,AA,CG,,,,,TT,TT,,,,,,,,,,TT,,,,,,,,,CC,,,CC,,,,,,,,,AA,AC,TA,CC,CC,GG,GG,CT,,,,,,,,,,,,,,,AG,GG,CC,,GG,,,,,,,,,,,TT,,,,,,,,,,,,,CC,CC,,,CC,GG,,,,,,,,,,,,,,TT,CT,,,GT,AG,,GG,CC,GG,CC,,,,AA,TT,CC,TT,AA,,,,,TC,,,,,,,,0.0,MA,05-1,Male,20.0,Caucasian,15.0,22.5,7.5,50.0,15.0,15.0,0.0,0.0,130.0,67.0,20.359,98.0,68.0,80.0,12.67,25.33,12.67,26.33,R,134.0,66.5,21.302,14.67,-0.5282975609399326,-0.2256572735149401
MA-828,CA,,,GA,TC,GA,,,,CC,,,TT,AA,TT,CC,CC,AA,CC,TT,GG,CC,CC,TT,CC,GG,GG,GG,GG,GG,CC,TT,GA,GG,AA,GG,,CC,GT,GA,,,CC,AA,CC,CC,GG,GG,GG,AA,,"-9, +9",AG,CT,TT,CT,AA,,TT,,,,,,,,,AG,CC,GG,GG,,GG,,,CT,TC,CG,GG,GA,AG,,,,,TT,CC,AA,GG,,,,,TT,TT,,,,,,,,,,CT,,,,,,,,,CC,,,CC,,,,,,,,,AG,AC,TT,CC,CA,GC,GG,CT,,,,,,,,,,,,,,,GG,GG,CC,,GG,,,,,,,,,,,TC,,,,,,,,,,,,,CC,GG,,,CC,GA,,,,,,,,,,,,,,CC,CC,,,GG,AA,,GT,TC,GT,CT,,,,AC,GT,CC,TT,AA,,,,,TC,,,,,,,,0.0,MA,05-1,Female,20.0,Caucasian,10.0,20.0,10.0,100.0,12.5,15.0,2.5,20.0,154.0,67.0,24.117,106.0,74.0,80.0,10.67,26.0,14.0,27.67,R,162.0,66.5,25.753,12.0,-1.3375515257847146,0.0532956186440842
MI-1000,CC,DD,CT,GG,CC,AA,CC,AA,GG,CC,TT,GG,TT,AA,TT,CC,CC,AA,CC,TT,GG,CC,CC,TT,CC,GG,GG,GG,GG,GG,CC,AT,GA,GG,AG,GA,GA,CT,GG,GA,,GG,CC,AA,CT,CC,AG,GA,GG,AT,,"-9, -9",AG,TT,TT,CT,AA,TA,TT,,,,,,,,,AG,CT,CG,AG,CC,AA,TT,CC,CC,TT,CC,GA,GA,AG,AG,CC,AA,AA,TT,CT,AA,GG,GG,AA,AA,GG,CC,CT,CC,CC,,,,,,AA,GG,CC,GG,TA,GA,AA,AA,CC,GA,GG,CT,TT,TC,CT,,CG,TT,GG,AA,CC,,,AG,AC,TA,CC,CA,CC,GC,CT,,AG,AG,GG,CC,GG,GA,,GG,CC,CC,,,CC,GG,GG,CC,GT,GG,GG,GA,TC,AC,AA,GG,,GG,AA,TT,CC,4G4G,AA,GG,CT,AT,GA,CC,AG,CC,,CC,AG,CT,CC,,,CC,GA,CT,GA,CT,CT,TT,GG,CC,CC,GG,CG,CC,AA,CT,CT,CT,,CC,GT,AG,TT,GG,CC,GG,CC,GG,,GA,AA,GG,CC,TT,AA,,CT,GA,GA,TC,TT,,,,,,,0.0,MI,03-1,Female,22.0,Caucasian,17.5,27.0,9.5,54.3,22.5,25.0,2.5,11.1,185.0,71.0,25.799,122.0,72.0,65.0,8.0,29.33,9.0,26.0,R,192.0,71.5,26.402,9.0,-0.011258149432039403,-0.44636575766032893
MI-1001,CC,ID,TT,GA,TC,GA,CG,AG,CG,CC,TT,GA,TT,AG,GT,CC,CC,TA,CT,TT,GG,CC,CT,CT,CC,CG,GG,GT,GG,GG,TC,AT,GG,GA,AG,GA,AA,TT,GG,GG,,GG,CC,AA,CC,CC,GG,GG,GG,AA,,"+9, +9",AG,TT,TT,CT,AC,TA,TC,,,,,,,,,GG,CT,GG,GG,CG,GG,TT,CC,CT,CC,CG,GA,GG,AG,AA,TC,AA,GA,AT,CC,AA,GG,GG,AA,AT,GG,TC,CC,CC,CC,,,,,,AA,GG,TT,GG,AA,GG,AA,AA,CC,GG,GG,CC,TT,CC,CC,,CC,TT,AA,AA,CC,,,AA,CC,AA,CT,CC,CC,GG,CT,,AA,AG,GG,CC,GG,GA,AA,GA,CG,CC,,,CC,GG,GG,CC,GG,GG,GG,GG,TT,AA,AA,GC,TT,AG,AG,TT,CC,4G4G,AA,GG,CC,AA,GG,CC,GG,CC,,CT,GG,CC,CC,,,CC,GA,TT,AA,TT,CT,TT,GG,CC,CT,GA,CG,CG,AA,TT,CT,CT,,CC,GG,AA,CC,GT,TC,GT,CT,GG,,GG,AC,GT,CC,TT,AA,,CT,GG,GA,TC,TT,,,,,,,0.0,MI,03-1,Female,20.0,Caucasian,17.5,27.5,10.0,57.1,20.0,25.0,5.0,25.0,151.0,68.0,22.957,120.0,84.0,65.0,9.33,15.0,10.33,13.33,R,155.0,68.0,23.565,7.67,-3.1316438405654776,2.3971347038884256
MI-1002,CA,DD,CT,GA,TC,GA,CG,GG,CC,CC,TC,GG,TC,AA,TT,CC,CC,AA,CC,TT,GG,CC,CC,TT,CC,GG,GG,GG,GG,GG,CC,TT,GA,GG,AA,GG,GG,CC,TT,GG,,GG,CC,AA,CT,CC,AG,GG,GG,AA,,"-9, +9",AG,CT,TT,CT,AA,TA,TC,,,,,,,,,AG,CC,GG,AG,CC,GG,TT,CC,CT,TC,CG,GG,AA,AA,AA,TT,AC,GA,TT,TT,AA,GG,AA,TT,AT,GG,TC,TT,CC,CC,,,,,,AA,GG,CT,GA,TA,GA,AA,AA,CC,GA,GG,CT,TT,TC,CC,,GG,TT,AA,AA,CC,,,AG,AC,AA,CT,CA,GG,GG,CC,GG,AA,AG,GG,TC,GA,GA,AG,GA,CC,CC,,,CC,GG,GG,TT,GG,GG,GG,GG,CC,CC,AA,GC,TT,AA,GG,TT,TT,4G5G,AA,GG,CT,AA,GG,CC,AG,CC,,CC,AA,CT,CC,,,CG,GA,CT,AA,CC,CC,TC,GA,CC,CC,GG,GG,CC,AA,CT,CT,CT,,CC,GT,AG,CT,GG,CC,GG,CC,GG,,GG,AC,GT,CC,TT,AA,,CT,GA,GA,TC,TT,,,,,,,0.0,MI,03-1,Female,22.0,Caucasian,12.5,27.5,15.0,120.0,15.0,17.5,2.5,16.7,140.0,67.0,21.925,120.0,70.0,70.0,9.67,23.0,10.33,22.67,R,136.0,67.0,21.298,7.67,-0.4180326379124735,-1.4168744809521159
MI-1003,CA,ID,TT,GA,TC,GA,CG,GG,CC,CC,TT,GG,TT,AG,GT,CC,CC,TA,CT,TT,GG,CC,CT,CT,CC,CG,GG,GT,GG,GG,TC,AT,GG,GA,AG,GA,GG,CC,GT,GA,,GG,CC,AA,CC,CC,GG,GG,GG,AA,,"-9, +9",AG,TT,CC,TT,AA,TA,TT,,,,,,,,,AG,CC,CG,AG,GG,GG,TT,CC,CT,TC,CG,GG,GA,AG,AA,TC,AC,GG,AT,CC,AA,GG,GG,AA,AT,GG,TC,CC,CC,CT,,,,,,AA,GG,CT,GA,TA,GA,AA,AA,CC,GA,GG,CC,TT,TC,CT,,CG,TT,GA,AT,CC,,,GG,AA,TA,CT,AA,GC,GG,TT,GA,AA,AG,GG,TC,GG,GG,AG,GA,CG,CT,,,TT,AG,GG,CC,GT,GG,GG,GG,TT,AA,AA,GG,TC,AA,GG,TT,TT,4G4G,AA,GG,CC,AA,GG,CC,GG,CC,,CT,AA,CC,CG,,,CC,GA,TT,AA,CT,CT,TT,GG,CC,CC,GA,CG,CG,AA,TT,TT,CC,,CC,GG,AA,CT,GG,CC,GG,CC,GG,,GA,AA,GG,CC,TT,AA,,CC,GA,AA,CC,TT,,,,,,,0.0,MI,03-1,Female,20.0,Caucasian,7.5,20.0,12.5,166.7,7.5,15.0,7.5,100.0,108.0,64.0,18.536,112.0,80.0,64.0,5.33,14.67,7.0,12.0,R,117.0,64.0,20.081,9.0,-2.3945566656815367,0.32169634128674723
MI-1004,CC,DD,TT,GA,TC,GA,GG,GG,CG,CA,TT,GG,TT,AA,TT,CC,CC,AA,CC,TT,GG,CC,CC,TT,CC,GG,GG,GG,GG,GG,CC,TT,GG,GA,AG,GA,GG,CC,TT,GG,,GG,CC,AA,CC,CC,GG,GG,GG,AA,,"+9, +9",AG,CT,TT,CT,AC,TT,TC,,,,,,,,,AA,TT,CG,GG,CC,AA,TT,CC,CT,TT,CC,GA,GG,AG,AG,TC,AA,GA,AT,TT,AA,CG,GA,AT,AA,GG,TT,CC,CC,CC,,,,,,AA,GG,CC,GG,AA,GG,AA,AA,CC,GG,GG,CC,TT,CC,CT,,CG,TT,GG,AA,CC,,,GG,AA,AA,CT,CA,GC,GG,CT,GA,GG,GG,GC,TC,GG,GA,AG,GG,CC,CC,,,CT,GG,GG,CC,GG,GG,GG,GG,TC,AC,AA,CC,TC,GG,AA,TT,TC,5G5G,AA,GG,CC,AA,GG,CC,GG,CC,,CC,AA,CC,CC,,,CC,GA,CT,AA,CT,CT,TC,GA,CC,TT,GG,CG,CG,AC,CT,CC,CT,,CC,TT,GG,CC,GT,TC,GT,CT,GA,,GA,AA,GG,CC,TT,AA,,TT,GG,GG,TT,TT,,,,,,,0.0,MI,03-1,Male,21.0,Caucasian,25.0,35.0,10.0,40.0,30.0,32.5,2.5,8.3,134.0,67.0,20.985,122.0,70.0,65.0,3.0,6.0,3.33,7.67,R,134.0,67.0,20.985,2.33,-1.9418061331473424,-0.9878612769021206
MI-1005,CC,DD,TT,AA,TT,GG,,,CC,CC,,GG,TT,GG,,CC,CC,TT,TT,TT,GG,,TT,,,,,TT,GG,GG,,,,GA,,,GG,CC,GG,AA,,GG,CC,AA,CT,CC,AG,GG,GG,AA,,"-9, +9",AA,CT,TC,CT,AA,,TT,,,,,,,,,AA,CT,CC,AA,CG,GA,TC,CC,TT,TC,CC,GG,AA,AG,AA,TC,AA,GG,,CT,AA,CG,GA,AT,AA,GG,TT,,GG,CT,,,,,,AA,GG,CT,GG,AA,GG,AA,AA,CC,GG,GG,CT,TT,TC,CC,,CG,TT,AA,AA,CC,,,AG,AC,TT,CC,CA,GG,GG,CC,AA,,,,,GG,GG,AA,GA,CC,CC,,,CT,GG,GG,CT,GG,GG,GA,GG,TC,AC,AA,CC,TT,AG,AG,TT,CC,4G5G,AA,GG,CT,AA,GG,CC,AG,CC,,CC,AA,CT,CC,,,CC,GA,CT,GA,CT,CT,TT,GG,CC,CT,GA,CC,CG,AA,CT,CT,CT,,CC,,,CC,GG,CC,GG,CC,GG,CT,GA,AA,GT,CC,GT,AG,CC,CT,GA,GG,TC,TT,,,,,,,,,,,,,,,,,,,,,,,,,,,,,,,,,,,,-0.8793620345990423,2.06683900576267
MI-1006,CA,II,CC,GA,CC,GA,CC,GA,CG,CC,TC,GG,TT,GG,GG,CC,CC,TT,TT,TT,GG,CC,TT,CT,CC,CC,GG,TT,GA,GG,CC,AT,GG,GG,AG,GG,GG,CC,GT,GA,,GG,CC,AA,CC,CC,GG,GG,GG,AA,,"+9, +9",AG,TT,TC,TT,AC,TA,CC,,,,,,,,,AG,TT,CG,AG,CC,GG,TC,CC,CT,CC,CG,GG,GG,AA,AA,TT,AC,GG,TT,CT,AA,GG,GA,AT,AT,GG,TC,CC,CG,CC,,,,,,AA,GG,CC,GG,AA,GG,AA,AA,CC,GG,GG,CC,TT,CC,TT,,GG,TT,GG,AA,CA,,,AG,AC,TA,CT,CA,GG,GG,CT,GG,GG,GG,GG,CC,GG,GG,AG,AA,CC,CC,,,TT,GG,GG,CC,GG,GG,GG,GG,TC,AC,AA,GC,TT,AA,AG,TT,CC,4G5G,AA,GG,CC,AA,GG,CC,GG,CC,,CC,AG,CC,CC,,,CC,GA,CT,AA,CT,CT,TC,GA,CC,CC,GA,GG,CG,AC,CC,CT,,,CC,TT,GG,TT,GT,TC,GT,CT,GG,CC,GA,AA,GT,CC,TT,AA,CC,TT,GA,GA,TT,TT,,,,,,,0.0,MI,03-3,Male,20.0,Caucasian,37.5,45.0,7.5,20.0,40.0,40.0,0.0,0.0,206.0,70.5,29.137,133.0,89.0,100.0,10.33,20.33,11.33,23.0,R,199.0,70.5,28.147,9.0,-1.844496202696441,2.7569266479399954
MI-1007,CA,ID,CC,GG,CC,AA,,,,CA,TT,GG,TT,GG,GG,CC,CC,TT,TT,TT,GG,CC,TT,CT,CC,CG,GG,TT,GA,GG,TC,AT,GG,GA,GG,GA,GG,CC,TT,GG,,GG,CC,AA,CC,CC,GG,GG,,AA,,"-9, +9",GG,TT,TT,CT,AA,TA,TC,,,,,,,,,AG,CC,GG,GG,CG,GA,TT,CC,CC,TC,CC,GA,GA,GG,,CC,AC,GG,AA,CC,AA,CG,GG,,AA,GG,TC,CC,,CC,,,,,,AA,GA,CC,GG,TT,GG,AA,AA,CC,GG,GG,CT,TT,CC,CT,,GG,TT,GA,AA,CC,,,AA,CC,TA,TT,CC,GC,,CC,GA,,,GG,CC,GG,GA,AG,AA,CC,CC,,,CC,GG,GG,CT,TT,GG,GG,GA,CC,CC,AA,GC,TC,AG,,CC,TC,4G5G,AA,GG,CC,AA,GG,CC,GG,CC,,CC,AA,,CC,,,CC,GG,CT,AA,CC,CC,TC,GA,CC,CC,GG,GG,CC,AA,CT,,CC,,,GG,AA,CT,GG,CC,GG,CC,GG,CC,AA,CC,TT,CC,TT,AA,CC,CT,GG,AA,TC,TT,,,,,,,0.0,MI,03-3,Female,19.0,Caucasian,12.5,17.5,5.0,40.0,12.5,,,,111.0,68.0,16.876,120.0,80.0,66.0,2.0,10.33,4.0,12.0,R,118.0,68.0,17.94,2.5,-1.0920553438723974,2.4047891509530954
MI-1008,CC,DD,CT,GA,TC,GA,CC,GG,GG,CC,TT,GG,TT,AA,TT,CC,CC,AA,CC,TT,GG,CC,CC,TT,CC,GG,GG,GG,GG,GG,CC,TT,GG,GG,AA,GG,GA,CT,GT,GG,,GG,CC,AA,CC,CC,GG,GG,GG,AA,,"+9, +9",AG,CT,TT,CT,AA,TT,TT,,,,,,,,,AA,TT,CG,AG,CC,GG,TT,CC,CT,CC,CC,GG,GG,AA,AA,TT,AC,GA,AT,CT,AA,GG,GG,AA,AT,GG,TT,TT,CG,CC,,,,,,AA,GG,CT,GG,AA,GG,AA,AA,CC,GG,GG,CC,,TC,TT,,GG,TT,GG,AA,CC,,,AA,,TT,,CC,GC,GG,CC,GA,AA,GA,GG,CC,GG,GG,AA,GA,CC,CC,,,CC,GG,GG,CC,GT,GG,GG,GG,TT,AA,,GG,TC,AA,AA,TT,TC,4G5G,AA,GG,CC,AA,GG,CC,GG,CC,,CC,AG,CC,CC,,,CG,AA,CT,AA,CT,CT,TT,GA,CC,CT,GA,CC,CG,AA,TT,CT,TT,,CC,GG,AA,CC,GG,CC,GG,CC,GG,CC,AA,AC,GT,CC,TT,AA,CC,CT,GG,,TC,TT,,,,,,,0.0,MI,03-3,Female,19.0,Caucasian,12.5,22.5,10.0,80.0,12.5,15.0,2.5,20.0,106.0,61.7,19.575,130.0,84.0,84.0,9.33,15.67,9.33,15.0,R,108.0,61.8,19.879,10.0,-0.7489359891430236,-0.36255971851252317
MI-1009,CA,DD,CT,GA,TC,GA,,GG,CG,CA,TT,GG,TT,AA,TT,CC,CC,AA,CC,TT,GG,CC,CC,TT,CC,GG,GG,GG,GG,GG,TC,AT,GG,GA,AG,GA,,CC,GG,AA,,GG,CC,AA,CC,CC,GG,GG,GG,AA,,"-9, +9",AG,CT,TT,CT,AA,TT,TT,,,,,,,,,GG,CC,GG,GG,CC,GG,TT,CC,CT,TC,CC,GA,GG,AA,AA,TT,AA,GG,TT,CC,AA,CG,GG,AA,AT,GG,TC,CT,CG,CC,,,,,,AA,GG,CC,GG,AA,GG,AA,AA,CC,GG,GG,CC,TT,CC,CT,,CG,TT,GG,AA,CC,,,AG,AC,AA,CC,CA,GG,GG,CT,AA,AA,AA,GC,TC,GG,GA,AG,AA,CC,CC,,,CC,AG,GG,CC,GT,GG,GG,GA,CC,CC,AA,GG,TT,AA,AG,TT,TC,5G5G,AA,GG,CC,AA,GG,CC,GG,CC,,CT,AG,CC,CC,,,CC,GG,CT,GA,CC,CC,TT,GG,CC,CT,AA,CC,GG,AA,TT,CC,CC,,CC,GG,AA,CC,GG,CC,GG,CC,GA,CC,GG,AA,GG,CC,TT,AA,CC,CT,AA,,TC,TT,,,,,,,2.0,MI,03-3,Female,21.0,Caucasian,17.5,32.5,15.0,85.7,,25.0,,,152.0,66.7,24.019,110.0,80.0,68.0,10.33,20.33,11.67,20.33,R,147.0,66.8,23.159,13.0,-1.3413426664174628,0.7509337409723819
MI-1010,CA,DD,CC,GA,CC,GA,CG,GG,CG,CA,TT,GG,TT,AA,,,CC,AA,CC,TT,GG,,CC,,,,,GG,GG,GG,,,,GA,,,GA,CT,GT,GG,,GG,CC,AA,CT,CC,AG,GG,GG,AA,,"-9, +9",AG,CT,TC,CT,AA,TA,CC,,,,,,,,,AG,CT,CG,AG,CG,GA,TT,CC,CT,CC,CG,GA,GG,AA,AA,,AC,GA,,CC,AG,CG,GG,AA,AT,GG,TC,,CG,CT,,,,,,AA,GG,CC,GG,AA,GG,AA,AA,CC,GG,GG,CC,TT,TC,CT,,CG,TT,AA,AA,CC,,,AG,AC,TT,CC,CA,CC,GG,CT,GG,AG,GA,GC,TT,GG,GG,AG,GA,CC,CC,,,CT,GG,GG,CC,GG,GT,GG,GG,CC,CC,AA,GC,TT,AA,AG,TT,TC,4G5G,AA,GG,CT,AA,GG,CC,AG,CC,,CT,AA,CC,CC,,,CC,GG,CT,GA,TT,TT,TT,GG,CC,CC,GG,CG,CC,AA,CC,CC,CC,,CC,,,CC,GG,CC,GG,CC,GG,CC,GG,AA,GG,CC,TT,AA,CC,TT,AA,,TT,TT,,,,,,,,,,,,,,,,,,,,,,,,,,,,,,,,,,,,-0.9511923663112413,-1.6717482296649082
MI-1011,CC,ID,CT,GA,TC,GA,CC,GA,CC,CA,TC,GG,TT,AG,GT,CC,CC,TA,CT,TT,GG,CC,CT,TT,CC,CG,GG,GT,GA,GG,TC,AT,GA,GA,AG,GA,GG,CC,GT,GA,,GG,CC,AA,CC,CC,GG,GA,GG,AA,,"-9, +9",GG,TT,TC,CT,AA,TA,TC,,,,,,,,,AG,CT,CC,AA,CC,GG,CC,CG,CT,TT,CG,GA,GG,AA,AA,TT,AC,GA,AT,TT,AA,GG,GG,AA,AT,GG,TT,CC,CG,CC,,,,,,AA,GG,CC,GA,AA,GG,AA,AA,CC,GG,GG,CT,TT,TC,CC,,CC,TT,GA,AA,CA,,,GG,AA,TT,CC,AA,GC,GG,CT,GA,AA,GA,GG,CC,GG,GG,AA,AA,CC,CC,,,CC,GG,GG,CC,GG,GG,GA,GG,TC,AC,AA,GC,TT,AG,AG,TT,CC,5G5G,AA,GG,CC,AA,GA,CC,GG,CC,,CC,AA,TT,CC,,,CG,GA,TT,AA,CC,CC,TC,GA,CC,CC,GG,GG,CC,AA,CT,CC,CT,,CT,GG,AA,CC,GT,TC,GT,CC,GG,CC,GA,AA,GG,CC,TT,AA,CC,CT,GG,,TC,TT,,,,,,,0.0,MI,03-3,Female,19.0,Caucasian,12.5,25.0,12.5,100.0,10.0,15.0,5.0,50.0,155.0,70.8,21.738,112.0,62.0,66.0,14.0,23.67,16.33,21.0,R,151.0,70.8,21.177,8.83,-2.5300371490380136,0.3334917127557588
MI-1012,CC,ID,CT,GA,TC,GA,CC,,CG,CA,TT,GG,TT,AA,TT,CC,CC,AA,CC,TT,GG,CC,CC,TT,CC,GG,GG,GG,GG,GG,CC,TT,GG,GG,AA,GG,GA,CT,GT,GG,,GG,CC,AA,CT,CC,AG,GG,GG,AA,,"+9, +9",AA,CT,TT,TT,AA,TA,TC,,,,,,,,,AG,CT,CG,AG,CG,GG,TC,CC,CT,CC,CC,GA,GA,AA,AA,TC,AA,GA,AA,CC,AA,GG,GA,AT,AA,GG,TC,CT,CG,CC,,,,,,AA,GG,CT,GG,AA,GG,AA,AA,CC,GG,GG,CC,TT,CC,CT,,CG,TT,GA,AT,CC,,,AG,AC,AA,CT,CA,GG,GC,CC,GG,AA,,GC,TC,GG,GG,AG,GA,CG,CC,,,CT,GG,GG,CC,GG,GT,GG,GG,TT,AA,AG,GC,TC,AA,AG,TT,TC,5G5G,AA,GG,CT,AA,GG,CC,AG,CC,,CC,AG,CC,CC,,,CC,GA,CT,AA,CC,CC,TT,GG,CC,CC,GG,CG,CC,AA,TT,CC,CT,,CT,GT,AG,CC,GT,CC,GT,CC,GG,CC,GG,AA,GG,CC,TT,AA,CC,TT,GA,,TT,TT,,,,,,,0.0,MI,03-3,Female,27.0,Caucasian,17.5,25.0,7.5,42.9,20.0,20.0,0.0,0.0,197.0,63.5,34.346,124.0,89.0,62.0,15.33,30.0,18.67,30.67,L,207.0,63.3,36.318,19.33,-2.198570832415209,-0.07639596755267267
MI-1013,CC,DD,CT,GA,TC,GA,CG,GG,GG,CC,TC,GG,TT,AG,GT,CC,CC,TA,CT,TT,GG,CC,CT,CT,CC,CG,GG,GT,GG,GG,CC,AA,GG,GG,GG,AA,GG,CC,GT,GG,,GG,CC,AA,CC,CC,GG,GG,GG,AA,,"+9, +9",AG,CT,TC,CT,AA,TA,TC,,,,,,,,,AA,CT,GG,AG,CC,GA,TT,CC,CT,TT,CC,GG,GG,AG,AG,TC,CC,GG,TT,TT,AA,GG,GG,AA,AT,GG,TT,TT,CG,CT,,,,,,,GG,CC,GG,AA,GG,AA,AA,CC,GG,GG,CC,TT,CC,CT,,CG,TT,GG,AT,CC,,,GG,AA,TA,,AA,GC,GG,CC,GG,AG,GA,GG,TC,GG,GG,AG,GA,CC,CC,,,CT,GG,GG,CC,GT,GT,GA,GG,TC,AC,AA,GC,TT,AG,AA,TC,TC,4G4G,AA,GG,CC,AA,GG,CC,GG,CC,,CT,AG,CC,CC,,,CC,GG,TT,AA,CT,CT,TT,GG,CC,CC,GG,CG,CC,AA,CT,CT,CC,,CC,GT,AG,CC,GG,CC,GG,CC,AA,CC,GG,AC,GT,CC,TT,AA,CC,,GA,,TC,TT,,,,,,,0.0,MI,03-3,Female,36.0,Caucasian,17.5,25.0,7.5,42.9,17.5,20.0,2.5,14.3,130.0,65.0,21.631,112.0,80.0,56.0,4.0,14.0,5.0,12.0,L,132.0,65.0,21.964,3.83,-3.082776637637831,-1.1061284916608578
MI-1014,,DD,CC,GA,TC,GA,,,,,TT,GG,,,,,,,,,,,,,,,,,,,,,,,,,GG,,TT,,,GG,,,,,,,,,,"+9, +9",GG,CT,TC,CT,,AA,,,,,,,,,,AG,CC,,,GG,,TT,CC,CT,,,,,,AA,TT,AC,GG,,,,,GG,AA,AT,GG,,,,CC,,,,,,AA,GA,,GA,TT,GG,AA,AA,CC,GG,GG,,TT,CC,,,GG,TT,GA,AT,CC,,,AG,AC,TA,TT,,,,,GA,,,GC,TC,GG,GA,AG,AA,CC,CC,,,CC,,,,GT,,GG,GA,CC,CC,AA,CC,TT,AG,AG,TC,,4G4G,AA,GG,CC,AA,GG,CC,GG,CC,,CC,AA,,CC,,,CG,,CT,AA,CC,CC,TC,GA,CC,CT,GA,CC,CG,AA,CT,,,,CC,,,CC,GT,TC,,,GG,CC,GG,AC,GT,CC,TT,AA,CC,CT,GA,AA,,TT,,,,,,,0.0,MI,03-3,Female,19.0,Caucasian,17.5,25.0,7.5,42.9,22.5,22.5,0.0,0.0,193.0,69.0,28.498,120.0,80.0,68.0,18.67,26.33,12.33,26.33,R,197.0,69.0,29.089,11.67,-0.8678880089900174,0.418157638682163
MI-1015,AA,DD,CT,GA,TC,GA,CC,GA,CG,CC,TT,GG,TT,AA,GT,,TC,TA,CC,TT,GG,CT,CC,TT,CG,CG,GG,GG,GG,GG,CC,AT,GG,GA,AG,GA,GG,CC,TT,,,GG,CC,AA,CC,CC,GG,GG,GG,AA,,"+9, +9",AA,CT,TC,CT,AC,TA,TT,,,,,,,,,AG,CT,GG,GG,CC,GG,CC,CG,CT,TT,CC,GG,GG,AA,AA,TT,CC,GG,AT,CC,AA,GG,GG,AA,AT,GG,TC,CC,CG,CC,,,,,,AA,GG,CC,GG,TA,GG,AA,AA,CC,GA,GG,CC,TT,CC,CT,,GG,TT,GG,AA,CA,,,AA,,TA,CC,CC,,GG,CT,GG,GG,GG,GG,TT,GG,GG,GG,GA,CC,CT,,,CT,AG,GG,CT,GT,GT,GG,GA,CC,CC,AA,GC,TT,GG,AA,TT,TT,5G5G,AA,GG,CC,AA,GG,CC,GG,CC,,CC,AA,CC,CC,,,CC,,TT,AA,TT,TT,TT,GG,CC,CC,GG,CG,CG,AC,TT,CT,TT,,CC,GG,AA,CC,TT,TT,GT,CC,GG,CC,GG,AA,GT,CC,TT,AA,CC,CT,GA,,TC,TT,,,,,,,0.0,MI,03-3,Female,20.0,Caucasian,17.5,22.5,5.0,28.6,17.5,20.0,2.5,14.3,125.0,67.0,19.576,110.0,80.0,66.0,7.33,14.0,7.33,13.0,R,131.0,67.0,20.515,7.0,0.20697950728092043,-1.2193378312013368
MI-1016,CC,II,TT,GG,CC,AA,,,,CA,TT,GG,TC,AA,TT,CC,CC,AA,CC,TT,GG,CC,CC,TT,CC,GG,GG,GG,GG,GG,TC,AA,GG,AA,GG,AA,GG,CC,TT,GG,,GG,CC,AA,CC,CC,GG,GG,GG,AA,,"-9, +9",AA,TT,TT,TT,AA,TA,TT,,,,,,,,,GG,CC,CG,GG,GG,GG,TT,,CC,TC,CC,GA,GG,GG,GG,CC,AC,AA,TT,CT,AA,CC,GG,AA,AA,GG,TC,CT,,CC,,,,,,AA,AA,CC,GG,TA,GG,AA,AA,CC,GG,GG,CC,TT,CC,TT,,GG,TT,GG,AA,CC,,,AG,AC,TA,TT,CA,GG,GG,TT,GG,,,GG,TC,GG,GG,AA,AA,CG,CT,,,CT,AG,GG,CC,GG,GG,GG,GA,CC,CC,AA,GC,CC,AA,AG,TC,CC,4G5G,AA,GG,,AA,GG,CC,GG,CC,,CT,AA,TT,CC,,,CG,AA,CT,AA,CT,CT,TT,GG,CC,CC,GG,CG,CC,AA,CC,CT,CT,,CT,TT,GG,CC,GG,CC,TT,CT,GA,CC,AA,AA,GG,CT,TT,AA,CC,CC,AA,AA,CC,TT,,,,,,,0.0,MI,03-3,Female,22.0,Caucasian,17.5,27.5,10.0,57.1,17.5,,,,140.0,67.5,21.601,124.0,88.0,80.0,11.33,23.33,12.0,19.0,R,140.0,67.5,21.601,15.0,0.027636586356873393,-0.20734741749999552
MI-1017,CA,ID,CC,GA,TC,GA,CC,AA,CC,CC,TT,GG,TT,AG,GT,CC,CC,TT,CT,TT,GG,CC,CT,CT,CC,CG,GG,GG,GG,GG,TC,AA,GG,GA,GG,AA,GG,,GG,GA,,GG,CC,AA,CT,CC,AG,GG,GG,AA,,"-9, +9",AA,CT,TT,CT,AA,TA,TC,,,,,,,,,AG,CT,CC,AG,CG,GG,TT,CC,CT,TC,CC,GG,GG,,AG,CC,AC,GA,AA,CT,AA,GG,GG,AA,AT,GG,CC,CT,CG,CC,,,,,,AA,GG,CT,GG,AA,GG,AA,AA,CC,GG,GG,CC,TT,CC,CC,,CC,TT,GG,AA,CC,,,AA,CC,TA,CT,CA,GG,GC,CT,AA,AA,AA,GC,TC,GG,GG,AG,GA,CC,CC,,,CT,GG,GG,CC,GG,GG,GG,GA,CC,CC,AA,GC,TT,AG,AA,TT,CC,4G4G,AA,GG,CT,AA,GG,CC,AG,CC,,CC,AG,CC,CC,,,CC,GG,CT,AA,TT,TT,TT,GG,CC,CC,GG,GG,CG,AA,TT,CT,CC,,,GT,AG,CC,GG,CC,GG,CC,GG,CC,AA,AA,GT,CC,TT,AA,CC,TT,GA,GA,TT,TT,,,,,,,0.0,MI,03-3,Female,23.0,Caucasian,12.5,25.0,12.5,100.0,17.5,17.5,0.0,0.0,160.0,63.3,28.072,120.0,80.0,76.0,16.0,30.33,14.67,28.33,R,163.0,63.3,28.598,16.67,-2.413739049648365,0.6442635253518998
MI-1018,CA,DD,CT,GA,TC,GA,CC,GG,CC,AA,TT,GG,TT,AG,GT,CC,CC,TA,CT,TT,GG,CC,CT,TT,CC,CG,GG,GG,GA,GG,CC,TT,GG,GG,AG,GG,GA,CT,GG,GA,,GG,CC,AA,CC,CC,GG,GG,GG,AA,,"-9, +9",AG,CT,TC,CT,,AA,TT,,,,,,,,,GG,CC,CC,AA,CC,,TT,CC,CT,,CG,AA,GG,AG,AG,TC,AA,GA,AT,CT,AA,CG,GA,AT,AA,GG,,CT,CG,CT,,,,,,AA,GG,,GG,AA,GG,AA,AA,CC,GG,GG,CC,TT,CC,CC,,CC,TT,AA,AA,CA,,,GG,AA,TA,CC,CA,,GG,CC,GA,AA,AA,GC,TC,GA,GG,AG,AA,CG,CC,,,CC,GG,TT,CC,GT,GG,GG,GG,TC,AC,AA,CC,TC,AA,AG,TT,TC,4G5G,AA,GG,CC,AA,GG,CC,GG,CC,,CC,AA,CC,CC,,,CG,GG,TT,AA,TT,TT,TT,GG,CC,CC,GG,CG,CC,AA,CC,TT,CC,,,GT,AG,CC,GT,TC,GG,CC,GG,CC,GA,AC,TT,CC,TT,AA,CC,CT,GG,GA,TC,TT,,,,,,,0.0,MI,03-3,Male,21.0,Caucasian,30.0,32.5,2.5,8.3,30.0,32.5,2.5,8.3,166.0,72.0,22.511,130.0,76.0,78.0,6.0,14.67,7.83,12.5,R,173.0,72.0,23.46,6.83,-2.8890317781874755,0.7857659724694559
MI-1019,CC,II,CT,GA,TC,GA,CC,AA,CC,CC,TT,GG,TT,AG,,CT,TC,TT,CC,GT,AG,,CC,,,,,GG,GG,AA,,,,GA,,,GG,CC,GG,AA,,GG,CG,AA,CC,CC,AG,AA,GG,AA,,"-9, +9",GG,TT,TC,TT,AA,TA,TT,,,,,,,,,AG,CT,CG,AG,CG,GG,TT,CC,CT,CC,CG,GG,GG,GG,GG,CC,,GA,,CT,AG,GG,GG,AA,AA,GG,TC,,CG,CC,,,,,,AA,GG,CC,GG,AA,GG,AA,AA,CC,GG,GG,CC,TT,CC,CC,,CC,TT,GA,AA,CC,,,AA,CC,TT,CC,CC,GC,GG,CT,GG,AA,AA,GG,CC,GA,GG,AG,GA,CG,CC,,,TT,GG,GG,CC,GG,GG,GG,GA,CC,CC,AA,GC,TC,AA,GG,TT,TC,4G4G,AA,GG,CC,AA,AA,CG,AG,CC,,CC,GG,CC,CC,,,CG,GG,CT,AA,CT,,TT,GG,CC,CC,GG,GG,CC,AA,TT,CC,CC,,CC,,,CC,GT,TC,GT,CC,GA,CC,AA,AA,GT,CC,GT,AG,CC,CT,GG,,TC,TT,,,,,,,,,,,,,,,,,,,,,,,,,,,,,,,,,,,,2.0945398763154537,-1.4941870010140887
MI-1020,CC,DD,CT,GG,CC,AA,,,,CA,TT,GG,TT,AA,TT,CC,CC,AA,CC,TT,GG,CC,CC,TT,CC,GG,GG,GG,GG,GG,CC,TT,GG,GG,AA,GG,GG,CC,GT,GA,,GG,CC,AA,CT,CC,AG,GG,GG,AA,,"-9, +9",GG,CT,TT,CT,AA,TA,TC,,,,,,,,,GG,CC,CG,AG,CC,GA,TT,CC,CC,CC,CC,GA,GA,AG,AG,TC,AA,GA,TT,CT,AA,CG,GG,AA,AA,GG,TC,CT,,CT,,,,,,AA,GA,CC,GG,TA,GG,AA,AA,CC,GA,GG,CC,TT,CC,CC,,CC,TT,GG,AT,AA,,,GG,AA,TA,CT,AA,GG,GG,CT,GA,,,GG,TC,GG,GA,AG,AA,CG,CT,,,CT,AG,GT,CT,GT,GT,GA,GG,TC,AC,AA,GC,TT,AG,AA,TC,TC,4G5G,AA,GG,CT,AA,GG,CC,AG,CC,,CT,AG,CT,CC,,,CC,GA,TT,AA,CC,CC,TC,GA,CC,CC,GG,CG,CC,AA,CT,CT,CC,,CC,TT,GG,CT,GG,CC,GG,CC,GA,CC,GG,AC,GT,CC,TT,AA,CC,TT,GA,GA,TT,TT,,,,,,,0.0,MI,03-3,Male,21.0,Caucasian,25.0,40.0,15.0,60.0,25.0,32.5,7.5,30.0,150.0,69.0,22.149,116.0,64.0,64.0,4.17,12.83,5.17,11.17,R,153.0,69.0,22.592,5.83,-1.486950003270118,-1.024975081745058
MI-1021,CC,ID,TT,GA,TC,GA,,,,CA,TT,GG,TT,AG,,CC,CC,TA,CT,TT,GG,,CT,,,,,GT,GG,GG,,,,GA,,,GG,CC,GT,GA,,GG,CC,AA,CT,CC,AG,GG,GG,AA,,"-9, -9",AG,TT,TT,TT,AA,TA,TC,,,,,,,,,GG,CC,CG,AG,CC,GG,TT,CC,CT,TC,CG,GA,GG,GG,AG,CC,,GA,,CT,AA,GG,GG,AA,AT,GG,TC,,,CC,,,,,,AA,GG,CT,GG,TT,GG,AA,AA,CC,GG,GG,CC,TT,CC,CT,,CG,TT,GA,AA,CC,,,AG,AC,AA,TT,CA,CC,GG,CT,GG,,,GC,TT,GG,GG,GG,GA,CC,CC,,,CC,GG,GG,CC,GG,GT,GA,GG,TC,AC,AA,GC,TC,GG,AA,TT,CC,4G4G,AA,GG,CT,AA,GG,CC,AG,CC,,CC,AA,CC,CC,,,CC,GG,CT,AA,CT,CT,TC,GA,CC,CT,GA,GG,CG,AA,TT,CT,CT,,CT,,,CT,GT,TC,GT,CC,GG,CC,GA,AC,GT,CC,GT,AG,CC,TT,GA,GA,TT,TT,,,,,,,,,,,,,,,,,,,,,,,,,,,,,,,,,,,,-1.1648623091036103,0.5702507038382868
MI-1022,AA,ID,CC,GG,CC,AA,CC,GG,CG,CA,TT,GG,TT,AA,TT,CC,CC,AA,CC,TT,GG,CC,CC,TT,CC,GG,GG,GG,GG,GG,TC,AA,GG,GA,GG,AA,GG,CT,TT,GG,,GG,CC,AA,TT,CC,AA,GG,GG,AA,,"-9, +9",AA,CT,CC,CC,AC,TT,TC,,,,,,,,,GG,CC,CG,AG,CC,GA,TC,CC,CC,TC,CC,GA,GG,AG,AA,TC,CC,GG,TT,CC,AA,GG,GG,AA,AA,GG,TT,CT,CG,CT,,,,,,AA,GG,TT,GG,AA,GG,AA,AA,CC,GG,GG,CC,TT,CC,CT,,CG,TT,GA,AA,CC,,,GG,AA,AA,CT,CA,GG,GG,CC,GG,AA,GA,GG,CC,GG,GG,AA,GA,CC,CC,,,CT,GG,GG,CC,GG,GG,GG,GG,TC,AC,AA,GG,TT,AA,AA,TT,TT,4G4G,AA,GG,TT,AA,GG,CC,AA,CC,,CC,AG,CC,CC,,,CG,GA,CT,AA,CT,CT,TT,GG,CC,CT,GA,CG,CG,AA,TT,CT,CC,,CC,GG,AA,TT,GG,CC,GT,CC,GG,CC,AA,AC,GT,CC,TT,AA,CC,TT,GA,GA,TT,TT,,,,,,,0.0,MI,03-3,Female,19.0,Caucasian,10.0,22.5,12.5,125.0,15.0,17.5,2.5,16.7,120.0,65.0,19.967,116.0,60.0,62.0,6.0,14.67,6.0,15.0,R,126.0,65.0,20.965,5.5,-1.3344289278978414,-0.46643373750569805
MI-1023,CA,DD,CC,GG,CC,AA,GG,AA,CC,CC,TT,GG,TT,GG,GG,CC,CC,TA,CT,TT,GG,CC,CT,TT,CC,CG,GG,GT,GA,GG,CC,TT,GG,GG,AG,GG,GG,CC,TT,GG,,GG,CC,AA,CC,CC,GG,GG,GG,AA,,"+9, +9",AG,CC,TC,CC,AA,TT,TT,,,,,,,,,AG,CT,GG,GG,CC,GA,TT,CC,CC,CC,CC,GG,GG,AA,AA,TT,AC,GG,AA,TT,AA,CG,GG,AA,AA,GG,TT,CT,CG,CC,,,,,,AA,GG,CT,GA,AA,GG,AA,AA,CC,GG,GG,CC,TT,CC,CC,,CC,TT,GG,AA,CC,,,AG,,TA,CC,CA,GG,GG,CC,GA,AG,GG,GG,TC,GG,GA,GG,GG,CC,CC,,,CT,GG,GG,CC,GG,GG,GG,GG,TC,AC,AA,GG,TT,AG,AG,TT,TT,5G5G,AA,GG,CC,AA,GG,CC,GG,CC,,CT,AA,CC,CC,,,CC,GG,TT,GA,TT,TT,TT,GG,CC,CT,GA,CG,CG,AA,CT,CT,CC,,CC,TT,GG,CC,GT,TC,GT,CC,GG,CC,GA,AC,GT,CC,TT,AA,CC,CT,GA,GA,TC,TG,,,,,,,0.0,MI,03-3,Male,22.0,Caucasian,25.0,35.0,10.0,40.0,30.0,35.0,5.0,16.7,169.0,69.5,24.596,120.0,90.0,68.0,7.0,16.83,7.83,16.33,R,171.0,69.5,24.888,5.17,-1.4656197075798851,2.4886741577541382
MI-1024,CA,ID,CT,GG,CC,AA,,,,CA,TT,GG,TT,AG,,CC,TC,TT,CC,GG,AG,,CC,,,,,GG,GG,GA,,,,GG,,,GG,CC,GG,GA,,GG,CC,AA,CC,TT,GG,GG,GG,AA,,"-9, +9",AG,CC,TT,CC,AA,TT,TT,,,,,,,,,AA,CT,GG,GG,CC,GA,TC,GG,CC,TC,CC,GA,GG,AG,AA,TT,AA,GG,,CC,AA,CG,GA,AT,AT,GG,TC,,,CC,,,,,,AG,GA,TT,GG,AA,GG,AA,AT,CA,AA,GG,CC,TT,TC,CC,,GG,TT,AA,AA,CC,,,AG,AC,TA,TT,CA,GG,GG,CC,GA,,,GG,TC,GG,GG,AG,AA,CC,CC,,,CC,GG,GG,CC,GG,GG,GG,GG,TT,AA,AA,GG,TT,AA,AG,TC,CC,5G5G,AA,GG,,AA,GG,CC,GG,CT,,CC,AG,CT,CC,,,CC,GG,CT,AA,CT,CC,TC,GA,CC,CC,AA,CC,CG,AA,CT,TT,CT,,TT,,,CC,GT,TC,GG,CC,GG,CC,GG,AA,TT,CC,GT,AG,CC,TT,GG,GA,TT,GG,,,,,,,0.0,MI,03-3,Female,21.0,African Am,20.0,35.0,15.0,75.0,25.0,27.5,2.5,10.0,260.0,69.3,38.059,146.0,100.0,80.0,18.83,32.5,20.67,33.83,R,253.0,69.3,37.035,18.0,8.541257519327123,4.687051295734789
MI-1025,CA,DD,CT,GA,TC,GA,CG,GA,CC,CA,TT,GG,TT,GG,GG,CC,CC,TT,TT,TT,GG,CC,TT,CT,CC,CC,GG,GG,GA,GG,TC,AT,GA,GA,AG,GA,GA,CT,GG,GG,,GG,CC,AA,CC,CC,GG,GA,GG,AA,,"+9, +9",AG,CC,TC,CC,AA,TA,TC,,,,,,,,,GG,CT,CG,GG,CG,GG,TT,CC,CT,TC,CC,GA,GG,AA,GG,CC,CC,GG,AT,CT,AA,CG,GG,AA,AT,GG,TC,CT,CG,TT,,,,,,AA,GG,CT,GG,AA,GG,AA,AA,CC,GG,GG,CT,TT,CC,CC,,CG,TT,AA,AA,CA,,,GG,AA,AA,CT,CA,GG,GC,CC,GA,AA,GG,GG,CC,GG,GG,AG,GA,CG,CC,,,CC,GG,GG,CT,GT,GG,GG,GG,TC,AC,AA,GC,TC,AG,AG,TT,TC,4G5G,AA,GG,CC,AA,GA,CC,GG,CC,,CC,GG,CC,CC,,,CC,GG,CT,AA,CC,CC,TT,GG,CC,CT,GA,CG,CG,AA,TT,CT,CC,,CC,GG,AA,CT,TT,TT,TT,CT,GG,CC,GA,AC,TT,CT,GT,AG,CC,CT,GG,,,TT,,,,,,,0.0,MI,03-3,Male,21.0,Caucasian,32.5,42.5,10.0,30.8,32.5,35.0,2.5,7.7,174.0,67.8,26.61,108.0,72.0,70.0,5.17,16.33,6.83,14.67,R,176.0,67.8,26.916,9.17,-1.773338001222238,4.806528839660626
MI-1026,CC,ID,CT,GA,TC,GA,CG,AA,CC,CC,TT,GG,TT,AA,TT,CC,CC,AA,CC,TT,GG,CC,CC,TT,CC,GG,GG,GG,GG,GG,CC,AT,GG,GG,AG,GA,GG,CC,GG,AA,,GG,CC,AA,TT,CC,AA,GG,GG,AA,,"-9, -9",AG,TT,TC,TT,AA,TT,TC,,,,,,,,,GG,CC,CG,AG,CC,,TT,CC,CT,TT,CG,GG,GG,AG,AA,TT,AA,GA,AT,CT,AA,CC,GG,AA,AA,GG,TT,TT,CG,CT,,,,,,AA,GG,CT,GA,TA,GG,AA,AA,CC,GA,GG,CT,TT,CC,CT,,CG,TT,GA,AT,CC,,,GG,AA,TT,CC,AA,,GG,CC,AA,AG,GA,GC,TT,GG,GG,AA,GA,CG,CC,,,CT,GG,GG,CT,GT,GG,GA,GG,TT,AA,AA,GG,TT,AG,AA,TT,TC,4G4G,AA,GG,TT,AA,GG,CC,AA,CC,,CT,AA,CC,CC,,,CG,GA,TT,AA,CT,CT,TT,GG,CC,CT,GA,CC,CG,AA,TT,CC,CC,,CT,GT,AG,CC,GG,CC,GG,CC,GG,CC,GG,AA,GT,CT,GT,AG,CC,CT,GA,,TC,TT,,,,,,,0.0,MI,03-3,Male,21.0,Caucasian,35.0,47.5,12.5,35.7,35.0,30.0,-5.0,-14.3,153.0,69.7,22.14,110.0,56.0,64.0,3.5,11.0,4.83,9.0,R,150.0,69.8,21.644,3.67,0.3462434151326574,-0.34092937441221244
MI-1027,CA,DD,CT,GA,TC,GA,CC,GA,CC,CC,TT,GG,TT,GG,GG,CC,CC,TT,TT,TT,GG,CC,TT,TT,CC,CC,GG,TT,AA,GG,CC,TT,GG,GG,GG,GG,GG,CC,GG,AA,,GG,CC,AA,CT,CC,AG,GG,GG,AA,,"-9, +9",AA,CC,TT,CC,AA,TT,TC,,,,,,,,,AA,CT,GG,GG,CC,GG,CC,CG,CT,CC,CG,GA,GG,AA,AA,TT,AC,GA,,CT,AA,CG,GG,AA,AA,GG,TT,CT,CG,CC,,,,,,AA,GG,CC,GG,AA,GG,AA,AA,CC,GG,GG,CT,TT,CC,CC,,CG,TT,GA,TT,CC,,,AG,,TA,CC,CA,GG,GG,CC,GA,GG,GG,GG,CC,GG,GG,AA,GA,CG,CC,,,CT,GG,GG,CC,GT,GG,GG,GG,TC,CC,AA,GG,TT,AG,AG,TT,TC,4G5G,AA,GG,CT,AA,GG,CC,AG,CC,,CC,AA,CT,CC,,,CC,GG,TT,AA,CT,CT,TT,GG,CC,CT,GA,CC,CG,AA,CT,CT,CT,,CC,GG,AA,CC,GG,CC,GG,CC,GG,CC,AA,AA,GG,CC,TT,AA,CC,CT,GG,,TC,TT,,,,,,,0.0,MI,03-3,Female,20.0,Caucasian,17.5,25.0,7.5,42.9,17.5,20.0,2.5,14.3,117.0,63.0,20.723,100.0,62.0,82.0,7.17,13.33,6.83,12.83,R,121.0,63.0,21.432,9.67,-1.9803527986121259,2.879500171565995
MI-1028,CC,ID,CT,GA,TC,GA,CC,GG,CG,CA,TT,GG,TT,GG,GG,CC,TC,TT,CT,GT,AG,CT,CT,CT,CG,CC,GG,GT,GG,GA,TC,AA,GG,AA,GG,AA,GG,CC,TT,GG,,GG,CC,AA,CC,CC,GG,GG,GG,AA,,"+9, +9",AA,TT,TT,TT,AA,AA,TT,,,,,,,,,AG,CT,CG,GG,CG,GG,TT,CC,CT,CC,CC,GA,GG,AG,AG,TC,CC,GG,TT,CT,AA,GG,GG,AA,AT,GG,TT,CT,CG,CT,,,,,,AA,GG,TT,GG,AA,GG,AA,AA,CC,GG,GG,CC,TT,CC,CC,,CC,TT,AA,AA,CA,,,AA,CC,AA,CC,CA,GC,GG,CT,GA,AG,GA,GG,CC,GG,GG,AG,GA,CG,CC,,,TT,GG,GT,CC,GG,GG,GG,GA,CC,CC,AA,CC,CC,AG,AG,TT,TC,4G5G,AA,GG,CC,AA,GG,CC,GG,CC,,CC,AG,CC,CC,,,CG,GA,TT,GA,CT,CT,TT,GG,CC,TT,AA,CC,GG,AA,CT,CC,CC,,CC,TT,GG,CC,TT,TT,TT,CT,GA,CC,GA,AA,GT,CC,TT,AA,CC,TT,GA,GG,TT,TT,,,,,,,0.0,MI,03-3,Male,21.0,Caucasian,25.0,27.5,2.5,10.0,25.0,25.0,0.0,0.0,180.0,69.0,26.578,130.0,80.0,70.0,12.33,24.67,11.33,26.0,R,174.0,69.0,25.693,12.17,0.7497527055480576,1.3806062568029507
MI-1029,,,CC,,,,,,,,TT,GG,,,,,,,,,,,,,,,,,,,,,,,,,GA,,GT,,,GG,,,,,,,,,,,,,,,,AA,,,,,,,,,,,,,,CC,,TT,CC,,,,,,,AG,TC,AC,GA,,,,,GG,AA,AT,GG,,,,CC,,,,,,AA,GA,,GG,TT,GG,AA,AA,CC,GG,GG,,TT,TC,,,CC,TT,AA,AT,CC,,,AA,CC,TT,CT,,,,,GA,,,GC,TC,GG,GG,AA,AA,CC,TT,,,CT,,,,GG,,GG,GA,TC,AC,AA,CC,CC,AG,AA,TC,,4G4G,AA,GG,TT,AA,GG,CC,AA,CC,,CT,GG,,CC,,,CG,,CT,GA,CC,CC,TC,GA,CC,CC,GA,CG,CG,AA,TT,,,,CC,,,CT,,,,,GG,CC,GA,,,,,,,CT,GA,AA,,TT,,,,,,,0.0,MI,03-3,Female,19.0,Caucasian,12.5,27.5,15.0,120.0,12.5,15.0,2.5,20.0,133.0,64.5,22.474,110.0,78.0,75.0,11.67,25.33,9.67,25.0,R,140.0,64.3,23.805,12.83,0.38265090547080677,1.182888755649065
MI-1030,CC,ID,CT,GA,TC,GA,CC,GA,CC,CA,TT,GG,TT,AA,,CC,CC,AA,CC,TT,GG,,CC,,,,,GG,GG,GG,,,,GG,,,GG,CC,GG,GG,,GG,CC,AA,CC,CC,GG,GA,GG,AA,,"-9, +9",GG,CT,TT,CT,AC,TT,TC,,,,,,,,,GG,CC,CG,AG,CG,GG,TT,,CT,TC,CG,GA,GG,AG,AG,,AA,GG,,CC,AA,GG,GG,AA,AT,GG,TC,,CC,,,,,,,,,CC,GG,TA,GG,AA,AT,CC,GG,GG,CC,TT,TC,CC,,CC,TT,AA,AA,CC,,,,AA,TA,,AA,GG,GC,CT,GG,AA,AA,GC,TC,GA,GG,AG,GG,CC,CC,,,CC,GG,GG,CC,GT,GG,GG,GG,TC,,AA,GG,,AA,AG,,TC,4G5G,AA,GG,CC,AA,GA,CC,GG,CC,,CC,AA,CT,,,,CC,GA,CC,GG,CT,CC,TC,GA,CC,CC,GG,CG,CC,AA,CT,CT,CT,,,,,CT,GG,CC,GG,CC,GG,,,AC,GT,CC,TT,AA,CC,CC,,GG,CC,TT,,,,,,,,,,,,,,,,,,,,,,,,,,,,,,,,,,,,-0.12107700506741027,-0.22893992111292005
MI-1031,CA,ID,CT,GA,TC,GA,CC,GA,CG,CC,TT,GG,TT,AG,GT,CC,CC,TA,CT,TT,GG,CC,CT,TT,CC,CG,GG,GT,GA,GG,CC,AT,GG,GA,AG,GA,GA,CC,GG,GG,,GG,CC,AA,CC,CC,GG,GG,GG,AA,,"+9, +9",GG,CC,CC,CC,AA,TA,TC,,,,,,,,,AA,CT,CC,GG,CC,GG,CC,CG,CT,CC,CG,GG,GA,GG,AG,TC,AA,GA,TT,CT,AA,CG,GG,AA,AA,GG,TT,CT,CG,CC,,,,,,AA,GG,CT,GG,AA,GG,AA,AA,CC,GG,GG,CC,TT,TC,TT,,GG,TT,GG,AA,CA,,,GG,AA,TA,CT,AA,GC,GG,CC,GA,AG,GA,GG,TC,GG,GG,AA,GA,CC,CC,,,TT,GG,GG,CC,GT,GG,GG,GG,CC,CC,AA,GC,TT,AG,AG,TT,TT,4G5G,AA,GG,CC,AA,GG,CC,GG,CC,,CT,AG,CC,CC,,,CC,AA,TT,AA,CC,CC,TT,GG,CC,CC,GG,CC,CC,AA,CT,CT,CT,,CT,GG,AA,CT,TT,TT,TT,CT,AA,CC,GG,AA,GT,CC,TT,AA,CC,TT,AA,,TT,TT,,,,,,,0.0,MI,03-3,Male,24.0,Caucasian,40.0,62.5,22.5,56.3,42.5,55.0,12.5,29.4,183.0,69.0,27.021,120.0,82.0,60.0,4.0,7.0,5.0,6.5,R,186.0,69.0,27.464,6.0,-2.8353609457223743,1.828985974217755
MI-1032,CC,ID,,GA,TC,GA,,,,CA,,,TT,AA,,CC,CC,AA,CC,TT,GG,,CC,,,,,GG,GG,GG,,,,GG,,,,CC,GT,GA,,,CC,AA,CC,CC,GG,GG,GG,AA,,"+9, +9",AG,TT,TT,CT,AC,,TC,,,,,,,,,AG,CT,CG,AG,CG,GG,,,CT,TC,CC,GA,GG,,AG,TC,,,,CT,AA,CG,GG,AA,,,TT,,,,,,,,,AA,GG,CT,GA,AA,GG,AA,AA,CC,GG,GG,CT,,,CT,,,,,,,,,AG,AC,TA,CC,CA,GC,GG,CT,,,,,,,,,,,,,,,GG,GG,CC,,GT,GG,GG,TT,AA,AA,,,,,,TT,,,,,,,,,,,,,CC,CC,,,CC,GA,,,,,,,,,,,,,,TT,CC,,,,,,GG,CC,GG,CC,,,,AA,GG,CC,TT,AA,CC,CC,GA,GA,TC,,,,,,,,,,,,,,,,,,,,,,,,,,,,,,,,,,,,,-1.472192614219125,-1.1866210637416952
MI-1033,,DD,,,,GA,,,,CC,,,TT,AG,GT,CC,CC,TA,CT,TT,GG,CC,CT,CT,CC,GG,GG,GG,GG,GG,TC,AT,GG,GA,AG,GA,,CC,TT,GG,,,CC,AA,CC,CC,GG,GG,GG,AA,,"-9, +9",AA,CT,TT,CT,,,TC,,,,,,,,,GG,CC,CG,AG,CC,,,,CT,,CG,GG,GG,GG,GG,CC,,,AT,CT,AG,CG,GG,AA,,,,CC,,,,,,,,AA,GG,,GG,TA,GG,AA,AA,CC,GG,GG,,,,,,,,,,,,,AG,AC,AA,CT,CA,,GG,CC,,,,,,,,,,,,,,,GG,GG,CT,,GG,GA,,TC,AC,AA,,,,,,CC,,,,,,,,,,,,,CT,CC,,,CC,GG,,,,,,,,,,,,,,CT,CT,,,TT,GG,,GT,TC,GT,CT,,,,AC,GT,CC,TT,AA,CC,CT,,GA,TC,,,,,,,,0.0,MI,04-1,Male,22.0,Caucasian,50.0,57.5,7.5,15.0,50.0,55.0,5.0,10.0,186.0,71.3,25.721,122.0,82.0,88.0,4.17,13.0,4.83,11.33,L,194.0,71.3,26.827,5.0,-2.114190041133421,1.0539562163173863
MI-1034,CA,DD,,GA,TC,GA,,,,CC,,,TT,AG,GT,CC,CC,TA,CT,TT,GG,CC,CT,CT,CC,CG,GG,GT,GG,GG,CC,AT,GG,GG,AG,GG,,CC,TT,GG,,,CC,AA,CT,CC,AG,GG,GG,AA,,"-9, +9",AG,TT,TT,TT,AA,,TC,,,,,,,,,AG,CT,GG,GG,CC,,,,CT,TT,CG,GG,GA,AA,AA,TT,,,AT,CC,AA,CG,GG,AA,,,TC,CT,,,,,,,,AA,GG,CC,GA,AA,GG,AA,AA,CC,GG,GG,TT,,,TT,,,,,,,,,AG,AC,TT,CT,CC,GG,GG,CC,,,,,,,,,,,,,,,GG,GG,CC,,GT,GA,GA,TC,AC,AA,,,,,,TC,,,,,,,,,,,,,CT,CC,,,CC,AA,,,,,,,,,,,,,,CT,CC,,,GT,AG,,GG,TT,GT,CC,,,,AA,GG,CC,TT,AA,CC,CT,GA,GA,TC,,,,,,,,0.0,MI,04-1,Female,34.0,Caucasian,15.0,25.0,10.0,66.7,15.0,20.0,5.0,33.3,198.0,64.0,33.983,106.0,80.0,80.0,18.0,36.67,22.33,30.67,R,185.0,64.0,31.752,15.5,-2.4746799604573155,1.0962816176474393
MI-1035,,II,,GA,TC,GA,,,,CC,,,TT,AG,,CC,CC,TA,CT,TT,GG,,CT,,,,,GT,GA,GG,,,,GG,,,,CC,GT,GG,,,CC,AA,CC,CC,GG,GA,GG,AA,,"-9, +9",AG,CC,TT,CC,,,TC,,,,,,,,,AG,CC,GG,GG,CG,,,,CT,,CC,GG,GG,GG,GG,CC,,,,CT,AA,GG,GG,AA,,,,,,,,,,,,AA,GG,,GG,AA,GG,AA,AA,CC,GG,GG,,,,,,,,,,,,,AG,AC,TA,CT,CA,,GG,CT,,,,,,,,,,,,,,,GG,GG,CC,,GG,GG,GA,CC,CC,AA,,,,,,TT,,,,,,,,,,,,,CT,CC,,,CC,GA,,,,,,,,,,,,,,CC,CC,,,,,,GG,CC,GG,CC,,,,AA,GT,CC,GT,AG,CC,TT,AA,GG,TT,,,,,,,,,,,,,,,,,,,,,,,,,,,,,,,,,,,,,-1.4905802026886676,0.8328715376811859
MI-1036,CC,ID,,GA,TC,AA,,,,CA,,,TT,AG,GT,CC,CC,TA,CT,TT,GG,CC,CT,CT,CC,CG,GG,GT,GG,GG,TC,AT,GG,AA,GG,AA,,CC,TT,GG,,,CC,AA,CT,CC,AG,GA,GG,AA,,"-9, +9",GG,TT,TC,TT,AA,,TT,,,,,,,,,AA,CT,GG,GG,CC,GG,,,CC,TT,CC,GA,GA,GG,AG,CC,,,AT,CC,AA,CC,GG,AA,,,TC,CC,,,,,,,,AA,GG,CT,GA,AA,GG,AT,AA,CC,GG,GG,CC,,,CC,,,,,,,,,AG,AC,TA,CT,CA,GG,GG,CT,,,,,,,,,,,,,,,GG,GG,CC,,GG,GG,GG,CC,CC,AA,,,,,,TT,,,,,,,,,,,,,CC,CC,,,CG,GG,,,,,,,,,,,,,,CT,CC,,,GT,AG,,GT,TC,GT,CT,,,,AA,GG,CC,TT,AA,CC,CC,GA,AA,CC,,,,,,,,2.0,MI,04-1,Female,20.0,Caucasian,,22.5,,,17.5,15.0,-2.5,-14.3,198.0,67.0,31.008,122.0,88.0,86.0,20.67,27.0,19.67,31.67,R,192.0,67.0,30.068,17.33,-1.8260039361738476,2.08432954522338
MI-1037,CC,II,,GG,CC,AA,,,,CC,,,TT,AA,TT,CC,CC,AA,CC,TT,GG,CC,CC,TT,CC,GG,GG,GT,GG,GG,CC,TT,GG,GG,AA,GG,,CC,GT,GA,,,CC,AA,CC,CC,GG,GG,GG,AA,,"-9, +9",AA,CC,TT,CC,AA,,TT,,,,,,,,,AG,CC,GG,GG,CC,GG,,,CC,CC,CC,GG,GG,GG,GG,CC,,,AT,CT,AA,GG,GG,AA,,,TT,CT,,,,,,,,AA,GG,CT,GA,AA,GG,AA,AA,CC,GG,GG,CT,,,CT,,,,,,,,,AG,,AA,CT,CC,GC,GG,CC,,,,,,,,,,,,,,,GG,GG,CC,,GT,GG,GG,TC,AC,AA,,,,,,TC,,,,,,,,,,,,,CC,CC,,,CC,GA,,,,,,,,,,,,,,CT,CC,,,GG,AA,,GG,CC,GG,CC,,,,CC,TT,CC,TT,AA,TT,CT,GG,GA,TC,,,,,,,,0.0,MI,04-1,Female,21.0,Caucasian,12.5,20.0,7.5,60.0,12.5,10.0,-2.5,-20.0,137.0,67.6,21.076,86.0,56.0,56.0,6.33,16.0,5.33,13.67,L,133.0,67.5,20.521,5.17,-0.9815705542417298,-0.5273178979377422
MI-1038,CC,ID,,GG,CC,GA,,,,CC,,,TT,AG,GT,CC,CC,TA,CT,TT,GG,CC,CT,TT,CC,CG,GG,GG,GA,GG,CC,TT,GG,GG,AA,GG,,CT,GG,GG,,,CC,AA,CC,CC,GG,GG,GG,AA,,"-9, -9",AG,TT,TC,CT,AA,,TC,,,,,,,,,AG,CT,CC,AA,CG,GG,,,TT,CC,CC,GG,GG,AG,AG,TC,,,TT,CT,AA,GG,GG,AA,,,TC,CC,,,,,,,,AA,GG,CC,GG,TT,GG,AA,AA,CC,GA,GG,CT,,,CC,,,,,,,,,AG,,AA,CC,CA,GG,GG,CC,,,,,,,,,,,,,,,AG,GG,CC,,GG,GA,GA,TC,AC,AA,,,,,,TC,,,,,,,,,,,,,CC,CC,,,CG,GA,,,,,,,,,,,,,,CT,CT,,,TT,GG,,GG,CC,GG,CC,,,,AC,GT,CC,TT,AA,CC,TT,AA,GG,TT,,,,,,,,0.0,MI,04-1,Male,25.0,Caucasian,32.5,40.0,7.5,23.1,32.5,27.5,-5.0,-15.4,168.0,66.5,26.707,110.0,68.0,66.0,4.0,15.5,5.67,18.0,L,167.0,66.5,26.548,9.67,-1.3092072929500735,0.33701210418708294
MI-1039,CC,ID,,GA,TC,AA,,,,CC,,,TT,AA,TT,CC,CC,AA,CC,TT,GG,CC,CC,TT,CC,GG,GG,GG,GG,GG,CC,TT,GG,GG,AA,GG,,CC,TT,GG,,,CC,AA,CC,CC,GG,GA,GG,AA,,"+9, +9",AG,TT,CC,CT,AA,,CC,,,,,,,,,GG,CC,CG,GG,CG,GG,,,CC,CC,CG,GG,GG,AG,AG,TC,,,AT,TT,AA,CG,GG,AA,,,TT,CC,,,,,,,,AA,GG,CT,GG,AA,GG,AA,AA,CC,GG,GG,CT,,,CC,,,,,,,,,GG,AA,TT,CC,CA,GG,GG,CT,,,,,,,,,,,,,,,GG,GG,CC,,GT,GG,GG,TC,AC,AA,,,,,,TC,,,,,,,,,,,,,CC,CC,,,CC,GA,,,,,,,,,,,,,,CT,CT,,,TT,GG,,GT,TC,GT,CC,,,,AC,GT,CC,TT,AA,CC,CT,GG,GA,TC,,,,,,,,0.0,MI,04-1,Female,19.0,Caucasian,20.0,25.0,5.0,25.0,15.0,20.0,5.0,33.3,129.0,66.0,20.819,118.0,70.0,78.0,4.0,6.83,4.0,7.0,R,130.0,66.0,20.98,2.67,-1.675283909771121,-0.41303390874758444
MI-1040,CC,,,GG,CC,GG,,,,CC,,,TT,AG,GT,CC,CC,TA,CT,TT,GG,CC,CT,CT,CC,CG,GG,GT,GG,GG,TC,AT,GG,GA,AG,GA,,CT,GG,AA,,,CC,AA,CC,CC,GG,GG,GG,AA,,"-9, +9",AG,CT,TC,CT,AC,,TC,,,,,,,,,AG,CT,CG,GG,CG,GG,,,TT,CC,CC,GG,GG,AG,AG,,,,AT,CT,AA,GG,GG,AA,,,TC,CC,,,,,,,,AA,GG,TT,GG,TA,GG,AA,AA,CC,GA,GG,CC,,,CC,,,,,,,,,AG,CC,AA,CC,CC,GG,GG,TT,,,,,,,,,,,,,,,GG,GG,CC,,GG,GG,GA,CC,CC,AA,,,,,,TC,,,,,,,,,,,,,CC,CC,,,CC,GA,,,,,,,,,,,,,,CC,CT,,,TT,GG,,GG,CC,GG,CC,,,,AA,GG,CC,TT,AA,CT,CT,GA,GA,TC,,,,,,,,0.0,MI,04-1,Female,19.0,Caucasian,15.0,20.0,5.0,33.3,17.5,17.5,0.0,0.0,128.0,62.0,23.409,124.0,82.0,80.0,10.33,25.67,12.0,28.33,R,128.0,62.0,23.409,12.33,-1.0453892963280216,1.2440904236448547
MI-1041,CC,ID,,AA,TT,AA,,,,CC,,,TT,AA,TT,CC,CC,TT,CC,TT,GG,CC,CC,TT,CC,GG,GG,GG,GG,GG,CC,TT,GG,GG,GG,GG,,CC,TT,GG,,,CC,AA,CC,CC,GG,GA,GG,AA,,"+9, +9",AG,TT,CC,CT,AA,,CC,,,,,,,,,GG,CC,CG,GG,CG,GG,,,CC,CC,CG,GG,GG,AG,AG,TC,,,AT,TT,AA,CG,GG,AA,,,TT,CC,,,,,,,,AA,GG,CT,GG,AA,GG,AA,AA,CC,GG,GG,CC,,,CC,,,,,,,,,GG,AA,TT,CC,CA,GG,GG,CT,,,,,,,,,,,,,,,GG,GG,CC,,GT,GG,GG,TC,AC,AA,,,,,,TC,,,,,,,,,,,,,CC,CC,,,CC,GA,,,,,,,,,,,,,,CT,CT,,,TT,GG,,GT,TC,GT,CC,,,,AC,GT,CC,TT,AA,CC,CT,GG,GA,TC,,,,,,,,0.0,MI,04-1,Female,19.0,Caucasian,20.0,25.0,5.0,25.0,20.0,20.0,0.0,0.0,142.0,66.0,22.917,112.0,82.0,72.0,4.0,10.0,5.0,10.67,R,141.0,66.0,22.756,4.0,-1.4444358933796102,-0.5504137083292717
MI-1042,CA,ID,,GG,CC,AA,,,,CC,,,TC,AG,GT,CC,CC,TA,CT,TT,GG,CC,CT,TT,CC,CG,GG,GT,GA,GG,CC,AT,GG,GG,GG,GG,,CC,GG,AA,,,CC,AA,CC,CT,GG,GA,GG,AA,,"-9, -9",AG,TT,TT,CT,AC,,TC,,,,,,,,,AA,TT,GG,GG,CG,GA,,,CC,CC,CC,GG,GG,AA,AA,TT,,,AT,CT,AA,CG,GG,AA,,,TC,CT,,,,,,,,AA,GG,CT,GG,AA,GG,AA,AA,CC,GG,GG,CT,,,CC,,,,,,,,,GG,AA,AA,CT,CA,GC,GG,CC,,,,,,,,,,,,,,,GG,GG,CC,,GG,GG,GA,TC,AC,AA,,,,,,TC,,,,,,,,,,,,,CC,CC,,,CC,GA,,,,,,,,,,,,,,CT,CC,,,TT,GG,,GG,CC,GG,CC,,,,AC,GT,CC,TT,AA,CC,CC,GA,AA,CC,,,,,,,,0.0,MI,04-1,Female,21.0,Caucasian,17.5,35.0,17.5,100.0,20.0,25.0,5.0,25.0,219.0,70.0,31.42,118.0,80.0,70.0,20.33,34.33,22.0,35.0,R,222.0,70.0,31.85,22.67,-1.0958376731708217,-0.39211825407924306
MI-1043,CA,ID,,GG,CC,GA,,,,CA,,,TT,AG,GT,CC,CC,AA,CC,TT,GG,CC,CC,TT,CC,GG,GG,GG,GG,GG,CC,TT,GA,GG,AA,GG,,CC,GT,GA,,,CG,AA,CC,CC,AG,GA,GG,AA,,"-9, +9",AG,CT,TC,TT,AC,,TT,,,,,,,,,AA,CC,CG,AG,CC,GA,,,CT,TC,CG,GA,GG,GG,AG,TC,,,TT,CC,AA,CC,GG,AA,,,TC,CC,,,,,,,,AA,GG,CC,GG,TA,GA,AA,AA,CC,GA,GG,CC,,,CC,,,,,,,,,AA,CC,TA,CC,CC,GG,GC,CT,,,,,,,,,,,,,,,GG,GG,CC,,GT,GG,GG,TC,AC,AA,,,,,,TT,,,,,,,,,,,,,CC,CC,,,CC,AA,,,,,,,,,,,,,,TT,CT,,,GT,AG,,GG,CC,GG,CC,,,,AA,GG,CC,TT,AA,CT,CC,GA,AA,CC,,,,,,,,0.0,MI,04-1,Female,20.0,Caucasian,20.0,32.5,12.5,62.5,17.5,22.5,5.0,28.6,126.0,63.0,22.317,120.0,78.0,62.0,7.5,16.83,8.33,16.0,R,134.0,63.0,23.734,11.67,-0.2727058399438668,-0.8307577055766677
MI-1044,CA,ID,,GA,TC,GG,,,,CC,,,TT,AA,TT,CC,CC,AA,CC,TT,GG,CC,CC,TT,CC,GG,GG,GG,GG,GG,TC,AT,GG,GA,AG,GA,,CC,TT,GG,,,CC,AA,CC,CC,GG,GA,GG,AA,,"-9, -9",AG,CT,CC,CT,AA,,TT,,,,,,,,,AA,TT,CG,GG,CC,GA,,,TT,TC,CC,GG,GA,GG,GG,CC,,,TT,CT,AA,GG,GG,AA,,,TC,CC,,,,,,,,AA,GG,CC,GG,AA,GG,AA,AA,CC,GG,GG,CT,,,CT,,,,,,,,,GG,AA,AA,TT,AA,GC,GG,CT,,,,,,,,,,,,,,,AG,GG,CC,,TT,AA,GG,TT,AA,AA,,,,,,TT,,,,,,,,,,,,,CC,CC,,,CC,GA,,,,,,,,,,,,,,CT,CC,,,GG,AA,,GG,CC,GG,CC,,,,AC,GT,CC,TT,AA,CC,TT,GA,GG,TT,,,,,,,,0.0,MI,04-1,Female,20.0,Caucasian,17.5,25.0,7.5,42.9,17.5,17.5,0.0,0.0,163.0,69.0,24.068,116.0,68.0,62.0,10.0,16.83,12.33,18.0,R,156.0,69.0,23.035,5.0,-1.396860076713629,-1.2390648479419553
MI-1045,CA,DD,,AA,TT,GA,,,,CA,,,TT,AA,TT,CC,CC,AA,CC,TT,GG,CC,CC,TT,CC,GG,GG,GG,GG,GG,CC,TT,GA,GG,AA,GG,,CC,GT,GA,,,CC,AA,CT,CC,AG,GG,GG,AA,,"-9, +9",AG,CT,TT,CT,AA,,TT,,,,,,,,,AG,CT,GG,GG,CC,GA,,,CT,CC,CC,GA,AA,GG,AG,CC,,,AA,CC,AA,GG,GG,AA,,,TT,CT,,,,,,,,AA,GG,CC,GA,TT,GA,AA,AA,CC,GA,GG,CC,,,CT,,,,,,,,,AG,AC,AA,CT,CA,GG,GG,TT,,,,,,,,,,,,,,,AA,GT,CC,,GG,GG,GA,CC,CC,AA,,,,,,CC,,,,,,,,,,,,,TT,CC,,,CG,GG,,,,,,,,,,,,,,CT,CC,,,GT,AG,,GG,CC,GG,CC,,,,AA,TT,CC,GT,AG,CT,CT,GA,GA,TC,,,,,,,,0.0,MI,04-1,Male,18.0,Caucasian,27.5,32.5,5.0,18.2,30.0,22.5,-7.5,-25.0,145.0,70.0,20.803,104.0,80.0,60.0,3.0,7.33,4.0,6.0,R,140.0,70.0,20.086,3.0,0.4643753073293995,-0.36771174239693616
MI-1046,CC,II,,GA,TC,AA,,,,CA,,,TT,AA,,CC,CC,AA,CC,TT,GG,,CC,,,,,GG,GG,GG,,,,GG,,,,CC,GT,GA,,,CC,AA,CT,CC,AG,GA,GG,AA,,"-9, +9",GG,TT,TC,CT,AC,,TT,,,,,,,,,GG,CC,CG,AG,CC,GG,,,CC,TC,CG,GA,GG,AG,AG,TC,,,,CC,AA,CG,GG,AA,,,TT,,,,,,,,,AA,GG,CC,GG,TT,GA,AA,AA,CC,AA,GG,CT,,,CT,,,,,,,,,AG,AC,TT,CC,CA,GG,GG,CT,,,,,,,,,,,,,,,AG,GT,CC,,GT,GG,GG,TC,AC,AA,,,,,,TC,,,,,,,,,,,,,CC,CC,,,CC,GA,,,,,,,,,,,,,,CC,CC,,,,,,GT,TC,GT,CC,,,,AC,GT,CC,TT,AA,CT,TT,AA,GG,TT,,,,,,,,,,,,,,,,,,,,,,,,,,,,,,,,,,,,,0.23940701300119374,-0.2580381377080798
MI-1047,CA,ID,,GG,CC,GG,,,,CC,,,TT,AG,GT,CC,CC,TA,CT,TT,GG,CC,CT,TT,CC,CG,GG,GG,GA,GG,CC,TT,GG,GG,AG,GG,,CC,TT,GG,,,CC,AA,CC,CC,GG,GG,GG,AA,,"-9, +9",AG,CT,TC,CT,AA,,TT,,,,,,,,,AA,CT,GG,GG,CG,GG,,,TT,TC,CC,GG,GG,AG,AG,TC,,,AT,CT,AA,CG,GG,AA,,,TC,TT,,,,,,,,AA,GG,CT,GG,AA,GG,AA,AA,CC,GG,GG,TT,,,CC,,,,,,,,,AG,AC,TA,CC,CA,GC,GG,CT,,,,,,,,,,,,,,,AG,GT,CC,,GG,GG,GG,TC,AC,AG,,,,,,TT,,,,,,,,,,,,,CC,CC,,,CG,GG,,,,,,,,,,,,,,CT,CT,,,GT,AG,,GT,TC,GT,CC,,,,CC,TT,CC,TT,AA,CC,TT,GG,GG,TT,,,,,,,,0.0,MI,04-1,Female,19.0,Caucasian,17.5,25.0,7.5,42.9,20.0,20.0,0.0,0.0,173.0,63.8,29.879,100.0,72.0,80.0,12.17,21.67,12.17,20.67,R,184.0,63.8,31.778,17.0,-2.3111359751246665,0.28559720712560355
MI-1048,,ID,,AA,TT,,,,,CA,,,TT,AG,GT,CC,TC,AA,CC,GT,AG,CT,CC,TT,CG,CG,GG,GG,GG,GA,CC,AA,GG,GA,GG,AA,,TT,GT,GG,,,CC,AA,CT,CC,AG,GG,GG,AA,,,,,,,,,TC,,,,,,,,,,,CG,AG,CC,,,,,,CG,GA,GG,AG,AG,TC,,,TT,CT,AA,GG,GG,AA,,,,CT,,,,,,,,AA,GG,,GG,TT,GA,AA,AA,CC,GA,GG,,,,,,,,,,,,,AG,AC,AA,CT,CA,,GG,CC,,,,,,,,,,,,,,,AG,GT,CC,,GT,GG,GA,TC,AC,AA,,,,,,CC,,,,,,,,,,,,,CC,GG,,,CG,,,,,,,,,,,,,,,CT,CC,,,TT,GG,,,,GT,CC,,,,,,,,,CT,CT,GG,GA,TC,,,,,,,,0.0,MI,04-1,Female,19.0,Caucasian,20.0,30.0,10.0,50.0,20.0,20.0,0.0,0.0,158.0,61.4,29.463,104.0,62.0,78.0,13.0,23.0,12.0,22.33,R,169.0,61.3,31.617,16.0,2.965824048039309,-2.3770666207444804
MI-1049,CA,DD,,GG,CC,AA,,,,CC,,,TT,AG,GT,CC,,AA,CC,TT,GG,CC,CC,TT,CC,GG,GG,GG,GG,GG,CC,TT,GG,GA,AG,GA,,CC,GG,AA,,,CC,AA,CT,CC,AG,GG,GG,AA,,"+9, +9",AG,CT,TT,CT,AA,,TT,,,,,,,,,AA,TT,CG,AG,CC,GG,,,CC,TT,CC,GG,GG,AA,AA,TT,,,TT,CC,AA,GG,GG,AA,,,TT,CT,,,,,,,,AA,GG,CT,GG,TA,GG,AA,AA,CC,GG,GG,CC,,,CT,,,,,,,,,AG,AC,AA,CT,CA,GG,GG,CT,,,,,,,,,,,,,,,GG,GG,CC,,TT,GG,GG,TC,AC,AA,,,,,,TT,,,,,,,,,,,,,CT,CC,,,CC,GG,,,,,,,,,,,,,,CC,CC,,,TT,GG,,GT,TC,GT,CC,,,,AA,GG,CC,TT,AA,CT,CT,GG,GA,TC,,,,,,,,0.0,MI,04-1,Female,22.0,Caucasian,15.0,17.5,2.5,16.7,17.5,17.5,0.0,0.0,158.0,69.0,23.33,110.0,66.0,90.0,12.0,23.0,13.0,20.67,R,162.0,69.0,23.921,12.33,-1.1437004585133543,-1.117044380289667
MI-1050,CA,ID,,GA,TC,GA,,,,CA,,,TT,AG,GT,CC,CC,TA,CT,TT,GG,CC,CT,TT,CC,CG,GG,GT,GG,GG,TC,AT,GG,GA,AG,GG,,CT,GT,GG,,,CC,AA,CC,CC,GG,GG,GG,AA,,"-9, +9",AG,TT,TC,CT,CC,,TT,,,,,,,,,AG,CC,CG,GG,CC,GA,,,CT,TT,CG,GA,AA,AA,AG,TC,,,TT,CT,AA,CG,GG,AA,,,TC,CC,,,,,,,,AA,GG,TT,GG,AA,GG,AA,AA,CC,GG,GG,CC,,,CT,,,,,,,,,AA,CC,TA,CC,CC,GC,GG,CT,,,,,,,,,,,,,,,GG,GT,CC,,GG,GA,GG,TC,AC,AA,,,,,,CC,,,,,,,,,,,,,CT,CC,,,CG,GG,,,,,,,,,,,,,,CT,CT,,,GT,AG,,GG,CC,GG,CC,,,,AC,GT,CC,TT,AA,CT,CT,GG,GA,TC,,,,,,,,0.0,MI,04-1,Female,23.0,Caucasian,12.5,22.5,10.0,80.0,15.0,15.0,0.0,0.0,121.0,67.5,18.67,110.0,50.0,68.0,4.33,12.33,4.5,15.0,L,119.0,67.5,18.361,4.67,-2.0173012638388474,0.3095293870448938
MI-1051,AA,II,,GG,CC,AA,,,,CA,,,TT,AA,,CC,CC,AA,CC,TT,GG,,CC,,,,,GG,GG,GG,,,,GG,,,,CC,GT,GA,,,CC,AA,CC,CC,GG,GA,GG,AA,,"-9, +9",GG,TT,TC,CT,AC,,TC,,,,,,,,,AG,CC,CG,AG,CC,GG,,,CC,TC,CG,GA,GA,AG,AG,TC,,,,CT,AA,GG,GG,AA,,,TT,,,,,,,,,AA,GG,CT,GG,AA,GG,AA,AA,CC,GG,GG,CC,,,CT,,,,,,,,,AG,AC,TT,CC,CA,GC,GG,CT,,,,,,,,,,,,,,,GG,GG,CC,,GT,GG,GA,TC,AC,AA,,,,,,TC,,,,,,,,,,,,,CC,CC,,,CG,GG,,,,,,,,,,,,,,CC,CC,,,,,,TT,TT,TT,CT,,,,AC,GT,CC,TT,AA,CT,TT,AA,GG,TT,,,,,,,,0.0,MI,04-1,Female,19.0,Caucasian,20.0,25.0,5.0,25.0,20.0,17.5,-2.5,-12.5,154.0,69.0,22.739,110.0,72.0,58.0,13.33,29.33,11.67,32.33,L,150.0,69.5,21.831,11.33,-1.9391151758927792,-0.33068450706205677
MI-1052,CA,DD,,GG,CC,AA,,,,CA,,,TT,AA,TT,CC,CC,AA,CC,TT,GG,CC,CC,TT,CC,GG,GG,GG,GG,GG,CC,TT,GA,GG,AA,GG,,CT,GT,GG,,,CC,AA,CT,CC,AG,GG,GG,AA,,"+9, +9",AA,TT,TT,TT,AC,,TC,,,,,,,,,AG,CT,CC,AG,CC,GG,,,CC,TC,CC,GA,GG,AG,AG,TC,,,AT,CT,AA,GG,GA,AT,,,TC,CC,,,,,,,,AA,GG,CT,GG,AA,GG,AT,AA,CC,GG,GG,CC,,,CT,,,,,,,,,AG,AC,TA,CT,CA,GG,GG,CC,,,,,,,,,,,,,,,GG,GG,CC,,GG,GA,GG,TT,AA,AA,,,,,,TC,,,,,,,,,,,,,CC,CC,,,CC,GA,,,,,,,,,,,,,,CT,CT,,,GT,AG,,GG,CC,GG,CC,,,,AA,GT,CT,GT,AG,TT,CC,GG,AA,CC,,,,,,,,0.0,MI,04-1,Female,19.0,Caucasian,17.5,22.5,5.0,28.6,17.5,22.5,5.0,28.6,142.0,66.0,22.917,110.0,84.0,70.0,8.33,12.0,8.0,14.67,R,146.0,66.0,23.562,7.33,0.3582943116975233,-0.044447638734029536
MI-1053,CC,ID,,AA,TT,GG,,,,CC,,,TT,AA,TT,CC,CC,AA,CC,TT,GG,CC,CC,TT,CC,GG,GG,GG,GG,GG,CC,TT,GG,GG,AA,GG,,CC,GT,GA,,,CC,AA,CC,CC,GG,GA,GG,AA,,"-9, +9",AG,TT,TT,TT,AC,,TT,,,,,,,,,GG,CC,CC,AA,CC,GG,,,TT,TT,CC,GG,AA,AA,AA,TT,,,TT,CT,AA,CG,GG,AA,,,TT,CT,,,,,,,,AA,GG,CC,GA,AA,GG,AA,AA,CC,GG,GG,CT,,,CC,,,,,,,,,AG,AC,AA,CC,CA,GG,GG,CT,,,,,,,,,,,,,,,GG,GG,CC,,GT,GG,GG,TT,AA,AA,,,,,,TC,,,,,,,,,,,,,CT,CC,,,CC,GG,,,,,,,,,,,,,,CT,CT,,,GG,AA,,GG,CC,GG,CC,,,,AA,GG,CC,TT,AA,CC,CT,GG,GA,TC,,,,,,,,0.0,MI,04-1,Female,22.0,Caucasian,15.0,22.5,7.5,50.0,17.5,17.5,0.0,0.0,122.0,63.3,21.405,104.0,58.0,76.0,8.0,19.83,7.17,18.83,R,124.0,63.3,21.756,10.67,-1.3548303350032627,-1.3516576741741086
MI-1054,CC,ID,,GA,TC,GA,,,,CA,,,TT,AG,GT,CC,CC,TA,CT,TT,GG,CC,CT,TT,CC,CG,GG,GT,GG,GG,TC,AT,GA,GA,AG,GG,,CC,TT,GG,,,CC,AA,CT,CC,GG,,GG,AA,,"-9, -9",AA,CT,TT,CT,AC,,TC,,,,,,,,,AG,CT,CG,AG,CC,GG,,,CT,TC,CG,GA,GG,AA,AA,TT,,,AT,CT,AA,GG,GA,AT,,,TT,TT,,,,,,,,AA,GG,CT,GG,TA,GG,AA,AA,CC,GG,GG,CC,,,CT,,,,,,,,,AA,CC,TA,CT,CC,GG,GG,CC,,,,,,,,,,,,,,,GG,GG,CC,,GG,GG,GG,TC,AC,AA,,,,,,TC,,,,,,,,,,,,,CT,CC,,,CG,AA,,,,,,,,,,,,,,CT,CC,,,GG,AA,,GG,CC,GG,CC,,,,AA,GG,CC,TT,AA,CT,TT,GA,GG,TT,,,,,,,,0.0,MI,04-1,Female,30.0,Caucasian,20.0,27.5,7.5,37.5,22.5,25.0,2.5,11.1,250.0,60.0,48.819,122.0,82.0,88.0,15.33,29.33,17.33,27.0,R,237.0,60.0,46.281,16.0,-1.5279142630081584,-0.09917356096723537
MI-1055,CC,ID,,GG,CC,AA,,,,AA,,,TT,GG,GG,CC,CC,TT,TT,TT,GG,CC,TT,TT,CC,CC,GG,TT,AA,GG,TC,AT,GG,GA,GG,GA,,CC,TT,GG,,,CC,AA,CC,CC,GG,GG,GG,AA,,"-9, +9",AG,TT,TT,TT,AA,,TC,,,,,,,,,AG,CC,CG,AG,CC,GG,,,CC,TT,CG,AA,GG,AG,AA,TC,,,TT,CC,AG,CG,,AA,,,TC,CT,,,,,,,,AA,GG,CC,GA,AA,GG,AA,AA,CC,GG,GG,CT,,,CC,,,,,,,,,AA,CC,TA,CC,CC,GG,GG,CC,,,,,,,,,,,,,,,GG,GG,CC,,GG,GA,GG,TT,AA,AA,,,,,,TC,,,,,,,,,,,,,CC,CC,,,CG,GG,,,,,,,,,,,,,,CC,TT,,,GT,AG,,GT,TC,GT,CC,,,,AA,GT,CC,GT,AG,CT,CT,GG,GA,TC,,,,,,,,0.0,MI,04-1,Female,19.0,Caucasian,15.0,27.5,12.5,83.3,15.0,17.5,2.5,16.7,138.0,65.0,22.962,104.0,62.0,72.0,8.33,14.33,15.5,5.83,R,133.0,65.0,22.13,7.67,-1.6997569444035672,3.6599107076286757
MI-1056,CA,DD,,GA,TC,GA,,,,CC,,,TT,GG,GG,CC,CC,TT,TT,,GG,CC,TT,TT,CC,CC,GG,TT,AA,,CC,TT,GG,GG,AA,GG,,,GG,GG,,,CC,AA,CT,CC,AG,GG,GG,AA,,"-9, +9",AG,TT,TT,CT,AC,,TT,,,,,,,,,GG,CC,CC,AA,CC,GG,,,CT,CC,GG,GG,GG,AG,AG,TC,,,AT,CT,AA,GG,GG,AA,,,TC,CC,,,,,,,,AA,GG,CC,GG,TA,GG,AA,AA,CC,GA,GG,CT,,,CC,,,,,,,,,AG,AC,AA,CC,CA,GC,GG,CC,,,,,,,,,,,,,,,AG,GG,CC,,GG,GG,GA,TC,AC,AA,,,,,,TC,,,,,,,,,,,,,CT,CC,,,CG,GG,,,,,,,,,,,,,,CT,TT,,,GT,AG,,GG,CC,GG,CC,,,,AA,GG,CC,TT,AA,CC,TT,GA,GG,TT,,,,,,,,0.0,MI,04-1,Male,,Caucasian,32.5,37.0,4.5,13.8,32.5,32.5,0.0,0.0,183.0,68.5,27.417,112.0,82.0,72.0,3.67,10.83,3.33,10.67,R,188.0,68.5,28.166,3.33,-1.5339973076412723,2.3800275228637204
MI-1057,CA,DD,,GA,TC,GA,,,,CC,,,TT,AG,GT,CC,,TA,CT,TT,GG,CC,CT,TT,CC,CG,GG,GG,GA,GG,CC,TT,GG,GG,AG,GG,,CT,GG,GA,,,CC,AA,CC,CC,GG,,GG,AA,,"-9, +9",GG,TT,TT,CT,AA,,TT,,,,,,,,,AA,CT,CG,AG,CC,GG,,,CT,CC,CC,GG,GG,AG,AG,TC,,,AT,CT,AA,GG,GG,AA,,,TC,CC,,,,,,,,AA,GG,CT,GG,AA,GG,AA,AA,CC,GG,GG,CC,,,CT,,,,,,,,,GG,AA,TA,CC,AA,GC,GG,TT,,,,,,,,,,,,,,,GG,GG,CC,,GT,GG,GG,TT,AA,GG,,,,,,TC,,,,,,,,,,,,,CC,CC,,,CC,GA,,,,,,,,,,,,,,CT,CC,,,GT,AG,,GG,CC,GG,CC,,,,CC,TT,CC,TT,AA,TT,CT,GA,GA,TC,,,,,,,,0.0,MI,04-1,Female,20.0,Caucasian,17.5,22.5,5.0,28.6,17.5,20.0,2.5,14.3,130.0,65.0,21.631,130.0,80.0,72.0,8.33,18.67,10.0,19.67,R,134.0,65.0,22.296,8.67,-2.4251737822296047,-0.7171137665009699
MI-1058,CA,ID,,GA,TC,GA,,,,CC,,,TT,AG,GT,CC,TC,TA,CC,GT,AG,CT,CC,TT,CC,CG,GG,GG,GG,GA,CC,AT,GA,GA,AG,GA,,CT,GG,GA,,,CC,AA,CC,CC,GG,GA,GG,AA,,"-9, +9",AG,TT,TT,CT,AC,,TT,,,,,,,,,AA,CT,CG,AG,CC,GG,,,CT,TC,CG,GG,GG,AA,AA,TT,,,TT,CT,AA,GG,GG,AA,,,TC,CC,,,,,,,,AA,GG,CT,GG,AA,GG,AA,AA,CC,GG,GG,CC,,,CT,,,,,,,,,AA,CC,TT,CC,CC,GC,GG,CC,,,,,,,,,,,,,,,GG,GG,CC,,GT,GG,GG,TC,AC,AG,,,,,,CC,,,,,,,,,,,,,CC,CC,,,CC,GA,,,,,,,,,,,,,,CT,CC,,,GG,AA,,GG,CC,GT,CT,,,,CC,TT,CC,TT,AA,CC,CT,GG,GA,TC,,,,,,,,2.0,MI,04-1,Female,20.0,Caucasian,10.0,25.0,15.0,150.0,,15.0,,,120.0,60.2,23.278,108.0,78.0,88.0,9.83,23.17,22.33,9.5,L,120.0,60.3,23.201,7.33,0.6011168725647251,-3.062984940944837
MI-1059,CA,II,,AA,TT,GG,,,,AA,,,TT,GG,,CC,TT,TT,CC,GG,AA,,CC,,,,,GG,GG,AA,,,,GA,,,,CT,GG,GA,,,CC,AA,CT,CC,AG,GA,GG,AA,,"-9, -9",GG,CT,TT,CC,AA,,TT,,,,,,,,,AA,CT,GG,GG,CC,GG,,,TT,TT,CG,AA,AA,AG,AA,TT,,,,CT,AA,,AA,TT,,,TC,,,,,,,,,AA,GG,CC,GG,AA,GG,AA,AA,CC,GG,GG,CT,,,CT,,,,,,,,,AG,AC,TT,CC,CA,CC,GG,CT,,,,,,,,,,,,,,,AG,GG,CT,,GG,GG,GG,CC,CC,AA,,,,,,TC,,,,,,,,,,,,,CC,CC,,,CG,GA,,,,,,,,,,,,,,TT,CC,,,,,,GT,TC,GT,CC,,,,AC,GT,CC,TT,AA,CT,TT,GA,GG,TT,,,,,,,,0.0,MI,04-1,Male,22.0,Asian,20.0,35.0,15.0,75.0,25.0,25.0,0.0,0.0,198.0,72.8,26.264,110.0,70.0,74.0,13.33,23.0,15.33,23.17,L,195.0,72.8,25.866,13.17,4.223070520566347,-3.1732766320038337
MI-1060,CC,ID,,GG,CC,AA,,,,CC,,,TT,AG,TT,CC,TC,TA,CC,TT,AG,CT,CC,TT,CC,CG,GG,GG,GG,GA,CC,AT,GG,GG,AG,GA,,CC,GT,GA,,,CG,AA,CC,CT,AG,GA,GG,AA,,"-9, +9",GG,TT,CC,CT,AA,,TC,,,,,,,,,AG,CC,GG,GG,CC,GG,,,CC,TT,CG,GG,GA,AA,AA,TT,,,AT,CT,AA,,GG,AA,,,TT,CC,,,,,,,,AA,GG,CC,GA,AA,GG,AA,AA,CC,GG,GG,TT,,,CT,,,,,,,,,AG,AC,TT,CC,CA,CC,GG,CC,,,,,,,,,,,,,,,GG,GG,CC,,GT,GA,GG,TC,AC,AA,,,,,,TC,,,,,,,,,,,,,CC,CC,,,CC,GA,,,,,,,,,,,,,,CC,CC,,,GT,AG,,GG,CC,GG,CC,,,,AC,TT,CC,GT,AG,CT,TT,GA,GG,TT,,,,,,,,0.0,MI,04-1,Female,24.0,Caucasian,15.0,20.0,5.0,33.3,17.5,17.5,0.0,0.0,203.0,66.3,32.466,100.0,70.0,88.0,20.0,24.33,17.33,24.33,R,208.0,66.3,33.265,15.33,1.7023674018993622,-2.838683520180459
MI-1061,CA,ID,,GG,CC,AA,,,,CC,,,TT,AG,GT,CC,CC,TA,CT,TT,GG,CC,CT,TT,CC,CG,GG,GT,GG,GG,CC,TT,GA,GG,AA,GG,,CC,GT,GG,,,CC,AA,CC,CC,GG,GG,GG,AA,,"-9, +9",AA,TT,TC,CT,AC,,TT,,,,,,,,,AG,CC,GG,GG,GG,GG,,,CC,TC,CG,GG,GA,AG,AA,TC,,,AT,CT,AA,,GG,AA,,,TT,CT,,,,,,,,AA,GG,CC,GA,TA,GG,AA,AA,CC,GG,GG,CC,,,CT,,,,,,,,,AG,AC,TA,CC,CA,GC,GG,CT,,,,,,,,,,,,,,,GG,GG,CC,,GG,GA,GA,TC,AC,AA,,,,,,CC,,,,,,,,,,,,,CC,CC,,,CG,GA,,,,,,,,,,,,,,CT,CC,,,GT,AG,,GG,TC,GG,CC,,,,AA,GT,CC,TT,AA,CT,CC,GG,AA,CC,,,,,,,,2.0,MI,04-1,Female,27.0,Caucasian,,20.0,,,15.0,17.5,2.5,16.7,130.0,62.0,23.775,102.0,66.0,70.0,8.0,19.0,8.33,15.67,R,132.0,62.0,24.14,9.0,-2.424713950777552,-0.30401239263461005
MI-1062,CC,ID,,GA,TC,GA,,,,CC,,,TT,AA,TT,CC,CC,AA,CC,TT,GG,CC,CC,TT,CC,GG,GG,GG,GG,GG,CC,AT,GG,GA,GG,AA,,CC,GT,GG,,,CC,AA,CC,CC,GG,,GG,AA,,"-9, -9",AG,TT,TT,CT,AA,,TC,,,,,,,,,AG,CC,GG,GG,CG,GA,,,CT,TT,CG,GG,GG,GG,AG,CC,,,TT,CT,AA,,GG,AA,,,TT,CC,,,,,,,,AA,GG,CC,GG,AA,GG,AA,AA,CC,GG,GG,CC,,,CT,,,,,,,,,AG,AC,TT,CC,CA,GG,GG,TT,,,,,,,,,,,,,,,AG,GG,CC,,GG,GA,GG,TT,AA,AA,,,,,,TC,,,,,,,,,,,,,CC,CC,,,CC,GA,,,,,,,,,,,,,,TT,CC,,,GT,AG,,GG,CC,GG,CC,,,,AC,GT,CC,TT,AA,CC,TT,GG,GG,TT,,,,,,,,0.0,MI,04-1,Female,18.0,Caucasian,25.0,35.0,10.0,40.0,25.0,30.0,5.0,20.0,249.0,64.0,42.736,122.0,84.0,62.0,18.67,28.33,14.0,23.0,R,248.0,64.0,42.564,22.5,-1.0476803469505973,-1.5153987277893803
MI-1063,CA,DD,,AA,TT,GG,,,,CC,,,TT,AG,GT,CC,CC,TA,CT,TT,GG,CC,CT,CT,CC,CG,GG,GT,GG,GG,TT,AA,GG,AA,GG,AA,,CT,GT,GG,,,CC,AA,CC,CC,GG,GG,GG,AA,,"-9, +9",GG,CT,TC,CT,AA,,TC,,,,,,,,,AG,CT,CG,AG,,GG,,,TT,TT,CC,GG,GG,AA,,,,,AT,CT,AG,GG,,,,,TT,TT,,,,,,,,,,TT,GG,,,,,,,,CC,,,CC,,,,,,,,,AG,AC,TA,CC,CA,GC,GG,CC,,,,,,,,,,,,,,,GG,GG,CC,,GG,,,,,,,,,,,CC,,,,,,,,,,,,,CT,CG,,,CC,GG,,,,,,,,,,,,,,CC,CT,,,TT,GG,,GG,CC,GG,CC,,,,AC,TT,CC,TT,AA,CC,,,,TC,,,,,,,,0.0,MI,04-3,Female,21.0,Caucasian,12.5,20.0,7.5,60.0,12.5,12.5,0.0,0.0,114.0,62.0,20.849,104.0,58.0,68.0,4.67,15.33,4.67,15.67,R,113.0,62.0,20.666,3.67,-0.8087143916818675,0.7497540489648957
MI-1064,CC,,,GA,TC,GA,,,,CC,,,TT,GG,GG,CC,CC,TT,TT,TT,GG,CC,TT,CT,CC,CC,GG,TT,GG,GG,TT,AA,GG,AA,GG,AA,,CC,GT,GG,,,CG,AA,CC,CC,AG,GG,GG,AA,,"-9, +9",AG,CC,TT,CC,AA,,CC,,,,,,,,,AG,CC,GG,GG,,GA,,,CT,TT,CC,GG,GG,AA,,,,,AT,CT,AA,CG,,,,,TT,CC,,,,,,,,,,CT,,,,,,,,,CC,,,CC,,,,,,,,,AG,CC,AA,TT,CA,GG,GG,CT,,,,,,,,,,,,,,,AG,GT,CC,,GT,,,,,,,,,,,TT,,,,,,,,,,,,,CC,CC,,,CC,GG,,,,,,,,,,,,,,CT,,,,GT,AG,,GT,TC,GT,TT,,,,AA,GG,CC,TT,AA,,,,,TT,,,,,,,,0.0,MI,04-3,Male,22.0,Caucasian,12.5,17.5,5.0,40.0,15.0,12.5,-2.5,-16.7,124.0,61.3,23.198,100.0,48.0,72.0,8.83,19.33,10.83,19.33,R,121.0,62.0,22.129,8.83,-1.3663737198648842,4.896009529025141
MI-1065,CC,,,GA,TC,GA,,,,CA,,,TT,GG,GG,CC,CC,TA,CT,TT,GG,CC,CT,CT,CC,CG,GG,GT,GG,GG,TC,AT,GG,GA,AG,GA,,CC,TT,GG,,,CC,AA,CC,CC,GG,GG,GG,AA,,"+9, +9",AG,CT,TT,CT,AC,,TT,,,,,,,,,AG,CC,GG,GG,,GG,,,CT,TC,CC,GA,GG,AG,,,,,TT,CT,AA,CG,,,,,TC,CT,,,,,,,,,,CT,,,,,,,,,CC,,,CT,,,,,,,,,AG,AC,TA,CC,CA,GC,GC,CC,,,,,,,,,,,,,,,GG,GG,CC,,GT,,,,,,,,,,,TC,,,,,,,,,,,,,CT,CG,,,CC,GA,,,,,,,,,,,,,,CC,,,,GT,AG,,GT,TC,GT,CT,,,,AA,GT,CC,TT,AA,,,,,TT,,,,,,,,0.0,MI,04-3,Female,19.0,Caucasian,12.5,20.0,7.5,60.0,12.5,17.5,5.0,40.0,170.0,68.5,25.47,88.0,64.0,78.0,11.67,20.0,12.0,20.0,R,178.0,69.6,25.832,10.0,-1.9451050236850966,1.7837281681722115
MI-1066,CC,,,GA,TC,GA,,,,CA,,,TT,AA,TT,CC,CC,AA,CC,TT,AG,CC,CC,TT,CC,GG,GG,GG,GG,GG,CC,TT,GG,GG,AA,GG,,,,,,,CC,AA,CC,CC,GG,GG,GG,AA,,"-9, +9",AA,CC,TT,CC,AA,,TT,,,,,,,,,AG,CC,CG,AG,,GA,,,CT,,CC,GA,GG,AG,,,,,AT,CT,AA,CG,,,,,TC,CC,,,,,,,,,,CC,,,,,,,,,CT,,,CT,,,,,,,,,AG,AA,TA,,CA,GC,GG,CC,,,,,,,,,,,,,,,AG,GG,CC,,GT,,,,,,,,,,,CC,,,,,,,,,,,,,CT,CC,,,CC,GG,,,,,,,,,,,,,,CT,,,,GT,AG,,GT,TC,GT,CT,,,,CC,TT,CC,TT,AA,,,,,,,,,,,,,0.0,MI,04-3,Female,18.0,Caucasian,22.5,27.5,5.0,22.2,22.5,22.5,0.0,0.0,171.0,66.7,27.021,94.0,54.0,72.0,10.33,21.17,11.5,20.17,R,176.0,66.9,27.645,11.33,-0.8293069731829319,-0.04752573598358431
MI-1067,CC,,,AA,TT,GG,,,,CC,,,TT,AG,GT,CC,CC,TA,CT,TT,GG,CC,CT,CT,CC,CG,GG,GT,GG,GG,TC,AT,GA,GG,AG,GA,,CC,GT,GG,,,CC,AA,CT,CC,AG,GG,GG,AA,,"-9, -9",GG,TT,TC,CT,AA,,TT,,,,,,,,,AG,CC,GG,GG,,GA,,,TT,TC,,GG,GG,AA,,,,,TT,CC,GG,GG,,,,,TC,CC,,,,,,,,,,CT,,,,,,,,,CC,,,CT,,,,,,,,,AG,AC,TA,CT,CA,GG,GC,CT,,,,,,,,,,,,,,,AG,GT,CC,,GT,,,,,,,,,,,TT,,,,,,,,,,,,,CC,CC,,,CC,GA,,,,,,,,,,,,,,CC,,,,GT,AG,,GG,CC,GG,CC,,,,CC,TT,CC,TT,AA,,,,,TC,,,,,,,,0.0,MI,04-3,Male,24.0,Caucasian,27.5,35.0,7.5,27.3,27.5,32.5,5.0,18.2,182.0,69.7,26.337,108.0,74.0,52.0,5.17,15.67,6.0,16.0,R,184.0,69.0,27.169,7.67,-1.3766891104936994,0.3240613958185671
MI-1068,CC,,,GA,TC,GA,,,,CA,,,TC,AA,TT,CC,CC,AA,CC,TT,GG,CC,CC,TT,CC,GG,GG,GG,GG,GG,CC,AT,GG,GA,AG,GA,,CC,GG,GA,,,CC,AA,CT,CC,AG,GG,GG,AA,,"-9, -9",AG,CT,TC,CT,AA,,TC,,,,,,,,,AG,CC,CG,AG,,GG,,,CT,TC,CC,GA,GG,AA,,,,,AT,CT,AG,GG,,,,,TT,TT,,,,,,,,,,CT,,,,,,,,,CT,,,CT,,,,,,,,,AA,CC,AA,CC,CC,GC,GG,CC,,,,,,,,,,,,,,,GG,GG,CC,,GT,,,,,,,,,,,TC,,,,,,,,,,,,,CC,CC,,,CG,GG,,,,,,,,,,,,,,CT,,,,GG,AA,,TT,TT,TT,TT,,,,AC,TT,CC,GT,AG,,,,,TC,,,,,,,,0.0,MI,04-3,Male,21.0,Caucasian,30.0,42.5,12.5,41.7,32.5,35.0,2.5,7.7,171.0,70.5,24.187,120.0,50.0,66.0,3.67,14.83,4.33,12.17,R,169.0,70.5,23.904,4.17,-0.37689288464148607,0.36493995541104546
MI-1069,AA,,,GA,TC,GA,,,,CC,,,TT,GG,GG,,CC,TT,TT,TT,GG,CC,TT,CC,CC,CC,GG,TT,GG,GG,TT,AA,GG,AA,GG,AA,,CC,GT,GA,,,CC,AA,CC,CC,GG,GA,GG,AA,,"-9, +9",AG,CT,TC,CT,AC,,TT,,,,,,,,,AA,TT,GG,GG,,GA,,,TT,TT,CG,GG,GG,AG,,,,,TT,CT,AG,GG,,,,,TC,TT,,,,,,,,,,CT,,,,,,,,,TT,,,CC,,,,,,,,,GG,AA,TA,CC,AA,CC,GC,CC,,,,,,,,,,,,,,,AG,GT,CC,,GT,,,,,,,,,,,TC,,,,,,,,,,,,,CC,CC,,,CC,GA,,,,,,,,,,,,,,CT,,,,GT,AG,,GT,TC,GT,CT,,,,AA,GG,CC,TT,AA,,,,,TC,,,,,,,,0.0,MI,04-3,Female,19.0,Caucasian,15.0,25.0,10.0,66.7,12.5,12.5,0.0,0.0,125.0,66.0,20.173,96.0,68.0,56.0,6.0,14.5,6.17,15.67,R,130.0,65.4,21.367,7.33,-0.9084064620285652,4.099450136860566
MI-1070,CA,,,GA,TC,GA,,,,CC,,,TT,AA,,CC,CC,AA,CC,TT,GG,,CC,,,,,GG,GG,GG,,,,GA,,,,CC,GT,GA,,,CC,AA,CT,CC,AG,GA,GG,AA,,"-9, +9",GG,CT,TC,CT,AA,,TC,,,,,,,,,AG,CT,CG,AG,,GG,,,CT,TT,CC,GG,GG,AG,,,,,,TT,AA,GG,,,,,TT,,,,,,,,,,,TT,,,,,,,,,CC,,,CC,,,,,,,,,GG,AA,TT,CC,AA,GG,GG,CT,,,,,,,,,,,,,,,GG,GT,CT,,GT,,,,,,,,,,,TC,,,,,,,,,,,,,TT,CC,,,CC,GA,,,,,,,,,,,,,,TT,,,,,,,GG,TC,GG,CT,,,,AC,GT,CC,TT,AA,,,,,TT,,,,,,,,0.0,MI,04-3,Male,25.0,Other,25.0,35.0,10.0,40.0,25.0,30.0,5.0,20.0,135.0,65.0,22.463,120.0,58.0,56.0,3.0,10.5,3.33,12.33,R,137.0,65.0,22.796,4.17,-0.38376683087515967,-0.23907707848181178
MI-1071,CC,,,GA,TC,GA,,,,CA,,,TT,GG,GG,CC,CC,TT,TT,TT,GG,CC,TT,CC,CC,CC,GG,TT,GG,GG,TC,AA,GG,AA,GG,AA,,CC,GT,GA,,,CC,AA,CC,CC,GG,GA,GG,AA,,"-9, -9",GG,CT,TT,CC,AA,,TT,,,,,,,,,AG,CT,CG,GG,,GG,,,CT,TC,CG,GA,GG,AG,,,,,AT,CC,AA,CG,,,,,TT,CT,,,,,,,,,,CT,,,,,,,,,CC,,,TT,,,,,,,,,AG,AC,TA,CT,CA,GC,GG,CT,,,,,,,,,,,,,,,AG,GG,CC,,TT,,,,,,,,,,,TC,,,,,,,,,,,,,CT,CC,,,CC,GA,,,,,,,,,,,,,,TT,,,,GT,AG,,GG,CC,GG,CC,,,,AA,GG,CC,TT,AA,,,,,TC,,,,,,,,0.0,MI,04-3,Female,22.0,Caucasian,15.0,22.5,7.5,50.0,20.0,20.0,0.0,0.0,133.0,65.0,22.13,98.0,58.0,68.0,5.0,15.67,8.5,15.17,R,133.0,65.0,22.13,5.67,-1.2227727320046962,2.685470733092651
MI-1072,CC,,,GG,CC,AA,,,,CC,,,TT,AG,GT,CC,CC,TA,CT,TT,GG,CC,CT,TT,CC,CG,GG,GT,GA,GG,CC,TT,GG,GG,AG,GG,,CT,GT,GG,,,CC,AA,CT,CC,AG,GG,GG,AA,,"-9, +9",AG,TT,TC,TT,AC,,TC,,,,,,,,,AG,CT,GG,GG,,GG,,,CC,TC,CG,GG,GG,AA,,,,,AA,CC,AA,CG,,,,,TC,CT,,,,,,,,,,CC,,,,,,,,,CC,,,TT,,,,,,,,,AG,AC,TA,CC,CA,GG,GG,CT,,,,,,,,,,,,,,,AG,GT,CC,,GG,,,,,,,,,,,CC,,,,,,,,,,,,,CT,CC,,,CC,GG,,,,,,,,,,,,,,TT,,,,GT,AG,,GT,CC,GT,CC,,,,AA,GG,CC,TT,AA,,,,,TT,,,,,,,,0.0,MI,04-3,Male,20.0,Caucasian,27.5,42.5,15.0,54.5,35.0,37.5,2.5,7.1,276.0,69.0,40.754,138.0,88.0,79.0,13.83,24.0,21.0,27.33,R,284.0,69.6,41.215,16.67,-1.7873465020181156,0.8855943199191417
MI-1073,CA,,,GA,TC,GA,,,,CA,,,TT,AA,GG,CC,CC,TT,TT,TT,GG,CC,TT,CC,CC,CC,GG,TT,GG,GG,CC,AT,GA,GG,AG,GG,,CC,TT,GG,,,CC,AA,CT,CC,AG,GA,GG,AA,,"-9, +9",AG,CT,TT,CT,AC,,TC,,,,,,,,,AG,CC,CG,GG,,GG,,,CT,CC,CC,GA,GG,AG,,,,,AT,CT,AA,GG,,,,,TT,TT,,,,,,,,,,CC,,,,,,,,,CC,,,CT,,,,,,,,,AG,AA,AA,CT,CA,GG,GG,CT,,,,,,,,,,,,,,,GG,GG,CC,,GT,,,,,,,,,,,CC,,,,,,,,,,,,,CC,CC,,,CC,GG,,,,,,,,,,,,,,TT,,,,GT,AG,,GT,TC,GT,CT,,,,AC,GT,CC,TT,AA,,,,,TC,,,,,,,,0.0,MI,04-3,Female,22.0,Caucasian,15.0,22.5,7.5,50.0,15.0,17.5,2.5,16.7,137.0,67.5,21.138,108.0,54.0,82.0,4.0,18.5,3.0,16.67,R,140.0,67.6,21.537,6.67,-2.4756056024117514,3.3966953899468812
MI-1074,CC,,,GA,TC,GA,,,,CC,,,TT,GG,GG,CC,CC,TT,TT,TT,GG,CC,TT,TT,CC,CC,GG,TT,GA,GG,TC,AT,GG,GA,GG,GG,,CC,GT,GA,,,CC,AA,CC,CC,GG,GG,GG,AA,,"-9, +9",AG,CT,TC,CT,AA,,CC,,,,,,,,,AA,CT,CG,AG,,GG,,,CT,TT,CG,GA,GG,AG,,,,,TT,TT,AA,GG,,,,,TT,CT,,,,,,,,,,CT,,,,,,,,,CC,,,CC,,,,,,,,,GG,AA,TA,CT,AA,GG,GG,CT,,,,,,,,,,,,,,,GG,TT,CC,,GT,,,,,,,,,,,TT,,,,,,,,,,,,,CC,CC,,,CC,GA,,,,,,,,,,,,,,CC,,,,TT,GG,,GT,TC,GT,CT,,,,AC,GT,CC,TT,AA,,,,,TC,,,,,,,,0.0,MI,04-3,Female,22.0,Caucasian,20.0,32.5,12.5,62.5,20.0,20.0,0.0,0.0,202.0,66.0,32.6,120.0,70.0,90.0,17.5,24.67,16.5,20.5,R,212.0,66.0,34.214,15.83,-1.7455951408863117,3.7595444440228523
MI-1075,CA,,,GG,CC,AA,,,,CA,,,TT,AG,GT,CC,CC,TA,CT,TT,AG,CC,CT,TT,CC,CG,GG,GT,GA,GG,CC,TT,GA,GG,AA,GG,,CC,,GA,,,CC,AA,CC,CC,GG,GG,GG,AA,,"-9, +9",GG,TT,CC,TT,AC,,TT,,,,,,,,,GG,CC,CC,AG,,GA,,,CC,TC,CG,GA,GG,AG,,,,,AT,CC,AA,CG,,,,,TT,CT,,,,,,,,,,CT,,,,,,,,,CC,,,CT,,,,,,,,,AG,AC,TT,CC,CA,GC,GG,CC,,,,,,,,,,,,,,,GG,GG,CC,,GT,,,,,,,,,,,TC,,,,,,,,,,,,,CC,CC,,,CG,AA,,,,,,,,,,,,,,,,,,GT,AG,,GG,CC,GG,CC,,,,AA,GG,CC,TT,AA,,,,,TT,,,,,,,,0.0,MI,04-3,Female,22.0,Caucasian,15.0,25.0,10.0,66.7,15.0,17.5,2.5,16.7,121.0,60.5,23.24,102.0,54.0,66.0,5.67,13.33,6.0,13.67,R,124.0,60.6,23.737,5.17,-1.2463977511651334,-0.13141517962219412
MI-1076,CA,,,GA,TC,GA,,,,CA,,,TT,AA,TT,CC,CC,AA,CC,TT,GG,CC,CC,TT,CC,GG,GG,GG,GG,GG,CC,AT,GG,GG,AG,GA,,CC,GT,GA,,,CC,AA,CC,CC,GG,GA,GG,AA,,"+9, +9",AG,CT,TT,TT,AA,,TC,,,,,,,,,AA,CC,GG,GG,,GG,,,CT,CC,CG,GA,GG,GG,,,,,AT,CC,AA,CG,,,,,TT,TT,,,,,,,,,,CC,,,,,,,,,CT,,,CT,,,,,,,,,AG,AC,TA,CC,CA,GC,GG,CT,,,,,,,,,,,,,,,AG,GG,CT,,GG,,,,,,,,,,,TC,,,,,,,,,,,,,CT,CC,,,CC,GA,,,,,,,,,,,,,,CT,,,,TT,GG,,TT,TT,TT,TT,,,,AA,GG,CC,TT,AA,,,,,TC,,,,,,,,0.0,MI,04-3,Female,19.0,Caucasian,10.0,17.5,7.5,75.0,12.5,12.5,0.0,0.0,129.0,66.5,20.507,104.0,64.0,88.0,6.0,14.67,5.33,13.17,R,133.0,66.5,21.143,6.0,-1.2733067028568488,0.7471853923293832
MI-1077,CC,,,GA,TC,GA,,,,CC,,,TT,AG,GT,CC,CC,TA,CT,TT,GG,CC,CT,CT,CC,CG,GG,GT,GG,GG,TC,AT,GG,GA,AG,GA,,CC,TT,GG,,,CC,AA,CT,CC,AG,GG,GG,AA,,"-9, -9",AG,CT,TC,CT,AC,,TC,,,,,,,,,GG,CT,CG,AG,,GG,,,CT,CC,CG,GG,GG,AG,,,,,AA,CC,AA,CC,,,,,TC,CT,,,,,,,,,,CT,,,,,,,,,CC,,,CT,,,,,,,,,AG,AC,AA,CC,CA,GC,GG,CT,,,,,,,,,,,,,,,GG,GG,CC,,GT,,,,,,,,,,,TC,,,,,,,,,,,,,CC,CC,,,CC,GG,,,,,,,,,,,,,,CC,,,,GT,AG,,GG,CC,GG,CC,,,,AC,GT,CC,TT,AA,,,,,TC,,,,,,,,0.0,MI,04-3,Male,23.0,Caucasian,47.5,60.0,12.5,26.3,50.0,42.5,-7.5,-15.0,236.0,71.7,32.272,120.0,72.0,70.0,3.17,12.17,3.5,12.5,R,245.0,71.9,33.317,5.67,-1.8031839526525604,0.3998763558910286
MI-1078,CC,,,GA,TC,GA,,,,CC,,,TT,GG,GG,CC,TC,TT,CT,GT,AG,CT,CT,TT,CG,CC,GG,GT,GA,GG,TC,AT,GA,GA,AG,GA,,CC,GT,GA,,,CC,AA,CC,CC,GG,GG,GG,AA,,"-9, +9",AA,CT,TC,CT,AA,,TC,,,,,,,,,AG,CT,GG,GG,,GG,,,CT,TC,GG,GG,GG,AG,,,,,TT,CC,AA,CC,,,,,TC,CT,,,,,,,,,,CC,,,,,,,,,CT,,,CC,,,,,,,,,AG,CC,TA,CT,CA,CC,GG,CC,,,,,,,,,,,,,,,GG,GG,CC,,GG,,,,,,,,,,,CC,,,,,,,,,,,,,CC,CC,,,CC,GA,,,,,,,,,,,,,,CT,CC,,,GT,AG,,GT,TC,GT,CT,,,,AC,GT,CC,TT,AA,,,,,TC,,,,,,,,0.0,MI,04-3,Male,22.0,Caucasian,22.5,40.0,17.5,77.8,30.0,32.5,2.5,8.3,224.0,70.5,31.683,118.0,80.0,56.0,12.83,22.0,10.67,21.33,R,224.0,70.6,31.593,12.67,0.6561865968567776,0.04302134185700039
MI-1079,CC,,,AA,TT,GG,,,,CA,,,TT,AG,GT,CC,TC,TA,CC,GT,AG,CT,CC,TT,CG,CG,GG,GG,GG,GA,CC,AT,GG,GA,AG,GA,,CC,GG,GA,,,CC,AA,CC,CC,GG,GG,GG,AA,,"-9, +9",AG,TT,CC,TT,AA,,TC,,,,,,,,,AG,CT,GG,GG,,GA,,,TT,TC,CC,GA,GA,AG,,,,,AT,CC,AG,GG,,,,,TT,CC,,,,,,,,,,CT,,,,,,,,,CC,,,CT,,,,,,,,,AG,AC,TT,CC,CA,GC,GG,CC,,,,,,,,,,,,,,,AG,GG,CC,,GT,,,,,,,,,,,TC,,,,,,,,,,,,,CC,CC,,,CC,GA,,,,,,,,,,,,,,TT,CC,,,GT,AG,,TT,TT,TT,TT,,,,AA,TT,CC,GG,GG,,,,,CC,,,,,,,,0.0,MI,04-3,Male,21.0,Caucasian,27.5,37.5,10.0,36.4,27.5,32.5,5.0,18.2,148.0,70.6,20.874,120.0,86.0,60.0,2.83,6.67,3.0,5.5,R,148.0,70.6,20.874,3.0,2.1417917931127612,-1.9355123098487792
MI-1080,CC,,,AA,TT,GG,,,,CA,,,TT,AA,TT,CC,CC,AA,CC,TT,GG,CC,CC,TT,CC,GG,GG,GG,GG,GG,CC,TT,GA,GG,AA,GG,,CC,GG,GA,,,CC,AA,CC,CC,GG,GG,GG,AA,,"-9, -9",AG,CT,TC,TT,CC,,TC,,,,,,,,,AG,CC,GG,GG,,GA,,,TT,TT,CC,GA,GG,AA,,,,,AA,CC,AA,CG,,,,,TT,TT,,,,,,,,,,CC,,,,,,,,,CC,,,CC,,,,,,,,,AG,AC,TT,CC,CA,GC,GG,CC,,,,,,,,,,,,,,,AG,GG,CC,,GG,,,,,,,,,,,CC,,,,,,,,,,,,,CC,CC,,,CC,GA,,,,,,,,,,,,,,CT,CC,,,GT,AG,,GG,CC,GG,CC,,,,AA,GT,CC,TT,AA,,,,,TT,,,,,,,,0.0,MI,04-3,Male,19.0,Caucasian,32.5,42.5,10.0,30.8,32.5,32.5,0.0,0.0,162.0,69.0,23.921,108.0,60.0,82.0,2.83,8.33,2.67,7.33,R,166.0,69.0,24.511,2.83,-0.12219893678579635,-1.1717099543961575
MI-1081,CC,,,GA,TC,GA,,,,CC,,,TT,AA,TT,CC,CC,AA,CC,TT,GG,CC,CC,TT,CC,GG,GG,GG,GG,GG,CC,TT,GG,GG,AA,GG,,CC,GT,GA,,,CC,AA,CC,CT,GG,GG,GG,AA,,"-9, +9",AA,CT,TT,TT,AA,,TC,,,,,,,,,AG,CC,CG,AG,,GG,,,CT,CC,CG,GG,GG,AG,,,,,AA,CT,AA,GG,,,,,TT,CC,,,,,,,,,,CC,,,,,,,,,CC,,,CC,,,,,,,,,AG,AC,AA,CT,CA,GG,GG,CT,,,,,,,,,,,,,,,GG,GG,CC,,GG,,,,,,,,,,,TC,,,,,,,,,,,,,CC,CC,,,CC,GA,,,,,,,,,,,,,,CC,,,,GG,AA,,GT,TC,GT,CT,,,,AA,GT,CC,TT,AA,,,,,TT,,,,,,,,0.0,MI,04-3,Female,39.0,Caucasian,17.5,22.5,5.0,28.6,17.5,17.5,0.0,0.0,150.0,59.2,30.089,102.0,70.0,82.0,12.83,21.33,13.17,21.0,R,145.0,59.4,28.89,9.33,-1.066862717732961,0.3622106066077172
MI-1082,AA,,,GG,CC,AA,,,,CC,,,TT,AA,TT,CC,CC,AA,CC,TT,GG,CC,CC,TT,CC,GG,GG,GG,GG,GG,CC,TT,GG,GG,AA,GG,,CT,GT,GG,,,CC,AA,CC,CC,GG,GA,GG,AA,,"+9, +9",AG,TT,TT,TT,AC,,TT,,,,,,,,,AG,CT,GG,GG,,GG,,,CC,TC,CC,GG,GG,AG,,,,,AT,CT,AA,GG,,,,,TT,CC,,,,,,,,,,CC,,,,,,,,,CT,,,CT,,,,,,,,,AA,CC,AA,TT,CC,GC,GG,CC,,,,,,,,,,,,,,,GG,GG,CC,,GG,,,,,,,,,,,TC,,,,,,,,,,,,,CT,CC,,,CC,AA,,,,,,,,,,,,,,CT,CC,,,GT,AG,,GG,CC,GG,CC,,,,AA,GT,CC,TT,AA,,,,,CC,,,,,,,,0.0,MI,04-3,Male,37.0,Caucasian,35.0,45.0,10.0,28.6,40.0,40.0,0.0,0.0,227.0,65.0,37.771,132.0,72.0,78.0,15.0,24.83,15.17,23.67,R,222.0,65.0,36.939,13.33,-0.41085560797301646,-0.44953011660725567
MI-1083,CA,,,AA,TT,GG,,,,CC,,,TT,AG,GT,CC,CC,TA,CT,TT,GG,CC,CT,CT,CC,CG,GG,GT,GG,,TC,AT,GG,GA,AG,GG,,CC,TT,GG,,,CC,AA,CC,CT,GG,GG,GG,AA,,"-9, +9",AG,TT,TC,CT,AA,,CC,,,,,,,,,AA,CC,CG,AG,,GG,,,TT,TC,CG,GG,GG,AG,,,,,TT,TT,AA,GG,,,,,TT,CC,,,,,,,,,,CT,,,,,,,,,CT,,,CC,,,,,,,,,GG,AA,TA,CC,AA,CC,GG,CT,,,,,,,,,,,,,,,GG,GG,CC,,GT,,,,,,,,,,,TC,,,,,,,,,,,,,CC,CC,,,CC,GA,,,,,,,,,,,,,,TT,,,,GG,AA,,GT,TC,GT,CT,,,,AA,TT,CC,TT,AA,,,,,TC,,,,,,,,0.0,MI,04-3,Male,23.0,Caucasian,25.0,32.5,7.5,30.0,30.0,27.5,-2.5,-8.3,162.0,71.0,22.592,112.0,50.0,60.0,2.5,6.67,3.17,6.5,R,151.0,70.7,21.237,2.5,-1.3919733708294597,1.1218546305706092
MI-1084,CA,,,GG,CC,AA,,,,CC,,,TT,GG,GG,CC,TC,TT,CT,GT,AG,CT,CT,CT,CG,CC,GG,GT,GG,GA,TC,AA,GG,AA,GG,AA,,CC,GG,AA,,,CC,AA,CC,CC,GG,GA,GG,AA,,"-9, -9",AA,CC,TT,CC,AA,,TC,,,,,,,,,AG,CT,CC,AG,,GG,,,CC,TC,CC,GG,GA,AA,,,,,TT,CT,AA,GG,,,,,TT,CC,,,,,,,,,,CT,,,,,,,,,CC,,,CT,,,,,,,,,AG,AC,TA,CT,CA,GG,GG,TT,,,,,,,,,,,,,,,GG,GT,CC,,GT,,,,,,,,,,,CC,,,,,,,,,,,,,CC,CC,,,CC,GA,,,,,,,,,,,,,,CC,CC,,,TT,GG,,GG,CC,GG,CC,,,,AA,GG,CC,TT,AA,,,,,TC,,,,,,,,0.0,MI,04-3,Male,18.0,Caucasian,27.5,40.0,12.5,45.5,30.0,27.5,-2.5,-8.3,145.0,66.5,23.05,142.0,58.0,66.0,3.0,7.33,3.33,7.67,R,143.0,66.5,22.733,3.5,2.6029648144477537,-0.6425205213627946
MI-1085,CC,,,GG,CC,AA,,,,CC,,,TT,AG,GT,CC,TC,TA,CC,TT,GG,CT,CC,TT,CC,CG,GG,GG,GG,GA,CC,AT,GG,GG,AG,GG,,CC,,GG,,,CC,AA,CC,CC,GG,GG,GG,AA,,"-9, +9",GG,CC,TT,CC,AA,,TT,,,,,,,,,AG,TT,GG,GG,,GA,,,CC,TC,CG,GG,GG,AG,,,,,AA,CC,AG,GG,,,,,TC,CT,,,,,,,,,,CC,,,,,,,,,CC,,,CT,,,,,,,,,GG,AA,TA,CT,CA,GG,,CT,,,,,,,,,,,,,,,AG,GT,CC,,GG,,,,,,,,,,,TC,,,,,,,,,,,,,CC,CC,,,CC,GG,,,,,,,,,,,,,,CT,CC,,,GG,AA,,GT,TC,GT,CT,,,,AA,GT,CC,TT,AA,,,,,TT,,,,,,,,0.0,MI,04-3,Female,17.0,Caucasian,15.0,20.0,5.0,33.3,15.0,15.0,0.0,0.0,127.0,65.0,21.132,90.0,50.0,88.0,4.83,12.5,6.33,11.67,R,132.0,65.0,21.964,5.17,0.3533478614584417,-0.9457623738095418
MI-1086,CA,,,GA,TC,GA,,,,CC,,,TT,AG,GT,CC,TC,TA,CC,GT,AG,CT,CC,TT,CG,CG,GG,GG,GG,GA,CC,AT,GG,GA,AG,GA,,CT,GT,GG,,,CC,AA,CC,CC,GG,GA,GG,AA,,"-9, -9",GG,TT,CC,TT,AA,,CC,,,,,,,,,AG,CT,GG,AG,,GG,,,CT,TC,CC,GG,GA,AA,,,,,TT,CT,AA,GG,,,,,TC,CT,,,,,,,,,,CT,,,,,,,,,CC,,,CC,,,,,,,,,AG,AC,TA,CT,CA,GC,GG,CC,,,,,,,,,,,,,,,GG,GG,CC,,GT,,,,,,,,,,,TC,,,,,,,,,,,,,CC,CC,,,CC,GG,,,,,,,,,,,,,,CC,,,,GT,AG,,GG,CC,GG,CC,,,,AC,GT,CC,TT,AA,,,,,TC,,,,,,,,0.0,MI,04-3,Male,25.0,Caucasian,35.0,45.0,10.0,28.6,40.0,37.5,-2.5,-6.3,204.0,68.5,30.564,120.0,80.0,94.0,12.0,21.67,11.67,21.33,R,200.0,68.5,29.964,10.33,1.449736974250793,-2.9186234929125394
MI-1087,CA,,,GA,TC,GA,,,,CA,,,TT,AG,,CC,TC,TA,CC,GT,AG,,CC,,,,,GG,GG,GA,,,,GA,,,,CC,TT,GG,,,CC,AA,CC,CC,GG,GG,GG,AA,,"-9, +9",AG,TT,TC,TT,AA,,TC,,,,,,,,,AG,CC,GG,GG,,GG,,,CT,TT,CC,GA,GG,AG,,,,,,CC,AA,CG,,,,,TT,,,,,,,,,,,CT,,,,,,,,,CT,,,CC,,,,,,,,,AG,AC,TA,CT,AA,GC,GG,CT,,,,,,,,,,,,,,,GG,GG,CC,,GG,,,,,,,,,,,TT,,,,,,,,,,,,,CT,CC,,,CC,GG,,,,,,,,,,,,,,,,,,,,,TT,TC,TT,CT,,,,AC,GT,CC,TT,AA,,,,,TC,,,,,,,,0.0,MI,04-3,Male,19.0,Hispanic,20.0,27.5,7.5,37.5,20.0,20.0,0.0,0.0,136.0,68.7,20.257,98.0,56.0,64.0,2.83,7.67,2.83,7.67,R,139.0,68.5,20.825,3.33,0.40304522989353636,-0.8271427523430975
MI-1088,CA,,,GA,TC,GA,,,,CA,,,TT,GG,,CC,TT,TT,CC,GG,AA,,CC,,,,,GG,GG,GG,,,,GG,,,,CC,TT,GG,,,CC,AA,CT,TT,GG,GG,GG,AA,,"-9, +9",AG,CC,TT,CT,AC,,TT,,,,,,,,,GG,CC,CG,AG,,GA,,,CT,TC,CC,GA,AA,GG,,,,,,CT,AA,GG,,,,,TC,,,,,,,,,,,CT,,,,,,,,,TT,,,CC,,,,,,,,,AG,AC,AA,CT,CA,GG,GG,CT,,,,,,,,,,,,,,,AG,GG,CT,,GT,,,,,,,,,,,CC,,,,,,,,,,,,,CC,CC,,,CC,GA,,,,,,,,,,,,,,CT,,,,,,,GG,CC,GG,CC,,,,AC,GT,CC,TT,AA,,,,,TC,,,,,,,,0.0,MI,04-3,Male,25.0,Asian,42.5,52.5,10.0,23.5,40.0,42.5,2.5,6.3,173.0,70.5,24.469,104.0,60.0,78.0,3.17,8.17,3.33,12.67,L,184.0,70.5,26.025,3.33,3.1726478476295568,-1.9733954220873822
MI-1089,CA,,,AA,TT,GG,,,,CA,,,TT,AG,GT,CC,CC,TA,CT,TT,GG,CC,CT,TT,CC,CG,GG,GT,GG,GG,TC,AT,GG,GA,AG,GA,,CC,GG,AA,,,CC,AA,CT,CC,AG,GG,GG,AA,,"-9, +9",AG,CT,TT,CT,AA,,TC,,,,,,,,,AG,CT,CG,AG,,GG,,,TT,TC,CC,GA,GG,AG,,,,,AT,CT,AA,CG,,,,,TT,CC,,,,,,,,,,CC,,,,,,,,,CC,,,CC,,,,,,,,,AG,AC,AA,TT,CA,GC,GG,CT,,,,,,,,,,,,,,,GG,GG,CC,,GG,,,,,,,,,,,TC,,,,,,,,,,,,,CC,CC,,,CG,GA,,,,,,,,,,,,,,CT,CC,,,GT,AG,,GG,CC,GG,CC,,,,AA,GG,CC,TT,AA,,,,,TT,,,,,,,,0.0,MI,04-3,Female,21.0,Caucasian,15.0,22.5,7.5,50.0,20.0,20.0,0.0,0.0,145.0,65.0,24.127,108.0,78.0,62.0,7.67,20.5,8.17,16.17,R,142.0,65.0,23.627,6.67,-1.790872986557461,0.05087292105013601
MI-1090,CC,,,GA,TC,GA,,,,CC,,,TT,AG,,CT,CC,TT,CT,TT,GG,,CT,,,,,GT,GA,GA,,,,GG,,,,CC,GG,AA,,,CC,AA,CC,CC,GG,GA,GG,AA,,"-9, +9",AG,CT,TT,CT,AC,,CC,,,,,,,,,AA,TT,CC,AA,,GA,,,CT,TT,CC,GG,GG,AG,,,,,,CC,AA,CG,,,,,TT,,,,,,,,,,,TT,,,,,,,,,CC,,,CT,,,,,,,,,AA,CC,TA,CC,CC,GC,GG,CT,,,,,,,,,,,,,,,GG,GG,CC,,GG,,,,,,,,,,,CC,,,,,,,,,,,,,CC,CC,,,CC,GG,,,,,,,,,,,,,,TT,CC,,,,,,GG,CC,GG,CC,,,,AC,TT,CC,TT,AA,,,,,TC,,,,,,,,,,,,,,,,,,,,,,,,,,,,,,,,,,,,,-0.5540455807642125,0.41244657293105486
MI-1091,CC,,,GG,CC,AA,,,,CC,,,TT,AG,,CC,TC,TA,CC,GT,AG,,CC,,,,,GG,GG,GA,,,,GA,,,,CC,GT,GA,,,CC,AA,CC,CC,GG,GA,GG,AA,,"-9, -9",GG,CT,TC,CT,AA,,TT,,,,,,,,,GG,CC,GG,GG,,GG,,,CC,TC,CG,GG,GG,AA,,,,,,CT,AA,CG,,,,,TC,,,,,,,,,,,CC,,,,,,,,,CC,,,CC,,,,,,,,,AA,AC,TA,CT,CC,GC,GG,CC,,,,,,,,,,,,,,,GG,GG,CC,,GG,,,,,,,,,,,CC,,,,,,,,,,,,,TT,CC,,,CC,GA,,,,,,,,,,,,,,CC,CC,,,,,,GT,TC,GT,CT,,,,AC,GT,CC,TT,AA,,,,,CC,,,,,,,,,,,,,,,,,,,,,,,,,,,,,,,,,,,,,0.7645860523764002,-2.2072710085338594
MI-1092,CC,,,GA,TC,GA,,,,CC,,,TC,AA,,CC,CC,AA,CC,TT,GG,,CC,,,,,GG,GG,GG,,,,GG,,,,CC,GG,AA,,,CC,AA,CC,CC,GG,GA,GG,AA,,"-9, -9",AG,CT,TC,CT,AC,,TC,,,,,,,,,AA,TT,GG,GG,,GG,,,CT,TC,CC,GG,GG,AG,,,,,,TT,AA,CC,,,,,CC,,,,,,,,,,,CC,,,,,,,,,CC,,,CT,,,,,,,,,AG,AC,AA,CT,CA,GC,GG,CC,,,,,,,,,,,,,,,GG,GG,CC,,GT,,,,,,,,,,,TC,,,,,,,,,,,,,CC,CC,,,CC,GG,,,,,,,,,,,,,,CC,CC,,,,,,GG,CC,GG,CC,,,,AA,GT,CC,TT,AA,,,,,TT,,,,,,,,,,,,,,,,,,,,,,,,,,,,,,,,,,,,,-0.41809016449096137,-1.0771159990761248
MI-1093,CC,,,GG,CC,AA,,,,CC,,,TT,AA,,CC,TC,AA,CC,TT,GG,,CC,,,,,GG,GG,GG,,,,GG,,,,CC,GG,GA,,,CC,AA,CC,CC,GG,GG,GG,AA,,"+9, +9",AG,CT,TT,CT,AC,,TT,,,,,,,,,AA,CT,GG,,,GA,,,CC,TC,CC,GG,GG,GG,,,,,,TT,AA,GG,,,,,TC,,,,,,,,,,,CC,,,,,,,,,CC,,,CT,,,,,,,,,GG,AA,AA,CC,AA,GC,GG,CT,,,,,,,,,,,,,,,AG,GG,CC,,GT,,,,,,,,,,,CC,,,,,,,,,,,,,,CC,,,CC,GA,,,,,,,,,,,,,,TT,CC,,,,,,GT,TC,GT,CT,,,,AC,GT,CC,TT,AA,,,,,TC,,,,,,,,,,,,,,,,,,,,,,,,,,,,,,,,,,,,,-0.6617225167282003,-0.8361817617371744
MI-1094,AA,,,GG,CC,AA,,,,CA,,,TT,AG,,CC,CC,TA,CT,TT,GG,,CT,,,,,GT,GG,GG,,,,GG,,,,CC,GG,GA,,,CC,AA,TT,CC,AA,GG,GG,AA,,"+9, +9",AA,TT,CC,TT,AA,,TT,,,,,,,,,AA,CC,CG,AG,,GA,,,CC,TC,CG,GA,GA,AA,,,,,,CC,GG,GG,,,,,TT,,,,,,,,,,,CT,,,,,,,,,CT,,,CC,,,,,,,,,GG,AA,TA,CT,AA,GC,GG,CC,,,,,,,,,,,,,,,GG,GT,CC,,GG,,,,,,,,,,,TC,,,,,,,,,,,,,TT,CC,,,CG,GG,,,,,,,,,,,,,,CC,CC,,,,,,GG,CC,GG,CC,,,,AC,GT,CC,TT,AA,,,,,TT,,,,,,,,,,,,,,,,,,,,,,,,,,,,,,,,,,,,,-0.6765772295276571,0.04842016772095391
MI-1095,CC,,,GA,TC,GA,,,,CC,,,TC,AA,,CC,CC,AA,CC,TT,GG,,CC,,,,,GG,GG,GG,,,,GG,,,,CT,GT,GG,,,CC,AA,CC,CC,GG,GG,GG,AA,,"-9, +9",AA,TT,TT,TT,AC,,TC,,,,,,,,,AA,TT,GG,GG,,GG,,,CT,TC,CC,GG,GG,AA,,,,,,CT,AG,CG,,,,,TC,,,,,,,,,,,CT,,,,,,,,,CC,,,CT,,,,,,,,,AA,CC,TA,CC,CC,GG,GG,TT,,,,,,,,,,,,,,,AG,TT,CC,,GT,,,,,,,,,,,TC,,,,,,,,,,,,,CC,CC,,,CC,AA,,,,,,,,,,,,,,CT,CT,,,,,,GG,CC,GG,CC,,,,AA,GT,CT,GT,AG,,,,,CC,,,,,,,,,,,,,,,,,,,,,,,,,,,,,,,,,,,,,0.9167910013389012,0.17576718473360928
MI-1096,CC,,,AA,TT,GG,,,,CC,,,TT,AG,,CC,CC,TA,CT,TT,GG,,CT,,,,,GT,GG,GG,,,,GG,,,,CC,GT,GA,,,CC,AA,CC,CC,GG,GG,GG,AA,,"-9, -9",AG,CC,TC,CC,AC,,TT,,,,,,,,,AG,CT,CG,AG,,GG,,,TT,TC,CC,GG,GA,AG,,,,,,CC,AG,GG,,,,,CC,,,,,,,,,,,CT,,,,,,,,,CC,,,CT,,,,,,,,,GG,AA,AA,CC,AA,GC,GG,CC,,,,,,,,,,,,,,,AG,GG,CC,,GT,,,,,,,,,,,TC,,,,,,,,,,,,,CT,CC,,,CC,GG,,,,,,,,,,,,,,CC,CT,,,,,,GG,CC,GG,CC,,,,AC,GT,CC,TT,AA,,,,,CC,,,,,,,,,,,,,,,,,,,,,,,,,,,,,,,,,,,,,-0.5290907127086982,-0.023136944359652845
MI-1097,CC,,,GG,CC,AA,,,,CC,,,TT,GG,,CC,TC,TT,CT,GT,AG,,CT,,,,,GT,GA,GA,,,,GA,,,,CC,GT,GG,,,CC,AA,CC,CC,GG,GA,GG,AA,,"-9, +9",AG,TT,TT,TT,CC,,TC,,,,,,,,,AG,CC,GG,GG,,GG,,,CC,TC,CC,GG,GA,AA,,,,,,CT,AA,CG,,,,,TT,,,,,,,,,,,CT,,,,,,,,,CC,,,TT,,,,,,,,,GG,AA,TA,CT,AA,GC,GG,CT,,,,,,,,,,,,,,,AG,GG,CC,,GT,,,,,,,,,,,TT,,,,,,,,,,,,,CC,CC,,,CC,GG,,,,,,,,,,,,,,CT,CC,,,,,,GT,TC,GT,CT,,,,AC,GT,CC,TT,AA,,,,,CC,,,,,,,,,,,,,,,,,,,,,,,,,,,,,,,,,,,,,0.4474331749461404,-0.39116636648797637
MI-1098,CA,,,GA,TC,GA,,,,CC,,,TT,AA,,CC,CC,AA,CC,TT,GG,,CC,,,,,GG,GG,GG,,,,GG,,,,CC,TT,GG,,,CC,AA,CC,CC,GG,,GG,AA,,"-9, -9",AG,TT,TT,TT,AA,,CC,,,,,,,,,AA,CC,GG,GG,,GG,,,CT,TC,CC,GG,GA,AG,,,,,,TT,AA,CG,,,,,TT,,,,,,,,,,,CT,,,,,,,,,CC,,,CT,,,,,,,,,AA,AC,AA,TT,AA,GG,GG,CC,,,,,,,,,,,,,,,AG,GG,CC,,GT,,,,,,,,,,,TC,,,,,,,,,,,,,CT,CC,,,CC,GA,,,,,,,,,,,,,,TT,CT,,,,,,GT,TC,GT,CT,,,,AA,TT,CC,GT,AG,,,,,TC,,,,,,,,,,,,,,,,,,,,,,,,,,,,,,,,,,,,,-1.0163228418254069,0.33043775193869324
MI-1099,CC,,,GA,TC,GA,,,,CC,,,TT,AG,GT,CC,CC,TA,CT,TT,GG,CC,CT,CT,CC,CG,GG,GT,GG,GG,TC,AT,GG,GA,AG,GA,,CC,GG,GG,,,CC,AA,CC,CC,GG,,GG,AA,,"+9, +9",GG,CT,TC,CT,AA,,TT,,,,,,,,,AG,CT,CG,AA,,GG,,,CT,TC,CC,GG,GG,AG,,,,,TT,TT,AA,GG,,,,,TC,CC,,,,,,,,,,CC,,,,,,,,,CC,,,CT,,,,,,,,,AG,AA,AA,CC,CC,GC,GG,CT,,,,,,,,,,,,,,,AA,GT,CC,,GT,,,,,,,,,,,CC,,,,,,,,,,,,,CC,CC,,,CC,GG,,,,,,,,,,,,,,TT,CT,,,GT,GG,,GG,CC,GG,CC,,,,AA,TT,CC,TT,AA,,,,,TT,,,,,,,,0.0,MI,05-1,Female,,Caucasian,10.0,17.5,7.5,75.0,10.0,10.0,0.0,0.0,132.0,58.3,27.302,134.0,72.0,58.0,11.67,18.5,7.5,19.33,R,134.0,58.3,27.716,7.33,-1.9982707949597391,1.100683234845224
MI-1100,CC,,,GG,CC,AA,,,,CC,,,TT,AA,,CC,CC,AA,CT,TT,GG,,CC,,,,,GG,GG,GG,,,,GG,,,,CT,GT,GG,,,CC,AA,CC,CC,GG,GG,,AA,,"-9, +9",AA,TT,TT,TT,AC,,TC,,,,,,,,,AA,CT,CG,GG,,GA,,,CC,CC,CC,GG,GG,AG,,,,,,CT,AA,CG,,,,,TT,,,,,,,,,,,CT,,,,,,,,,CT,,,CC,,,,,,,,,AG,AC,TA,CC,CA,GG,GC,CT,,,,,,,,,,,,,,,AG,GT,CC,,GG,,,,,,,,,,,TC,,,,,,,,,,,,,CT,CC,,,CC,GG,,,,,,,,,,,,,,CT,,,,,,,GG,CC,GG,CC,,,,AC,TT,CC,TT,AA,,,,,CC,,,,,,,,,,,,,,,,,,,,,,,,,,,,,,,,,,,,,-0.5134650773590236,0.013869312039124771
MI-1101,CA,,,AA,TT,GG,,,,CA,,,TT,AG,,CC,CC,TA,CT,TT,GG,,CT,,,,,GT,GA,GG,,,,GG,,,,,,GA,,,,,,,,,,,,"-9, +9",AG,CC,TC,CT,AC,,TT,,,,,,,,,AG,CT,,,,GG,,,TT,TC,CC,GA,GG,AA,,,,,,,,,,,,,TC,,,,,,,,,,,CC,,,,,,,,,CC,,,CC,,,,,,,,,AA,CC,TA,CT,CC,GG,,TT,,,,,,,,,,,,,,,,,CC,,GG,,,,,,,,,,,CC,,,,,,,,,,,,,,CC,,,CC,GG,,,,,,,,,,,,,,CT,CC,,,,,,GG,CC,GG,CC,,,,AC,GT,CC,TT,AA,,,,,TT,,,,,,,,,,,,,,,,,,,,,,,,,,,,,,,,,,,,,-0.9965329205016613,0.6891651647656604
MI-1102,CA,,,GA,TC,GA,,,,CC,,,TT,AG,,CT,CC,TT,CT,TT,GG,,CT,,,,,GT,GG,GA,,,,GA,,,,CC,TT,GG,,,CC,AA,CC,CC,GG,GG,GG,AA,,"+9, +9",AG,CT,TC,CT,AC,,TT,,,,,,,,,GG,CC,CG,AG,,GG,,,CT,TT,CC,GG,GG,AG,,,,,,CT,AA,CG,,,,,TT,,,,,,,,,,,CT,,,,,,,,,TT,,,CC,,,,,,,,,AG,AC,TT,CC,CA,GG,GG,CT,,,,,,,,,,,,,,,GG,GT,CC,,GG,,,,,,,,,,,TT,,,,,,,,,,,,,CC,CC,,,CC,GG,,,,,,,,,,,,,,TT,CC,,,,,,GT,CC,GT,CT,,,,AA,GG,CC,TT,AA,,,,,TT,,,,,,,,,,,,,,,,,,,,,,,,,,,,,,,,,,,,,-0.1590871268908117,1.4732838556983063
MI-1103,CC,,,GA,TC,GA,,,,CC,,,TT,AG,GT,CC,CC,TA,CT,TT,GG,CC,CT,TT,CC,CG,GG,GT,GA,GG,CC,TT,GG,GG,AG,GG,,CT,GG,GA,,,CC,AA,CC,CC,GG,GG,GG,AA,,,GG,TT,TT,TT,AA,,TC,,,,,,,,,AG,CT,GG,AG,,GG,,,CT,TT,CG,GG,GA,GG,,,,,AA,CC,AA,CG,,,,,TC,TT,,,,,,,,,,CT,,,,,,,,,CC,,,CT,,,,,,,,,GG,AA,TA,CT,AA,GG,GG,CC,,,,,,,,,,,,,,,GG,GG,CC,,GT,,,,,,,,,,,TC,,,,,,,,,,,,,CC,CC,,,CC,GA,,,,,,,,,,,,,,CC,TT,,,GG,AA,,GT,TC,GT,CT,,,,AA,GG,CC,TT,AA,,,,,TC,,,,,,,,0.0,MI,05-1,Female,,Caucasian,12.5,17.5,5.0,40.0,12.5,12.5,0.0,0.0,123.0,63.6,21.377,142.0,86.0,66.0,6.0,15.83,6.17,15.17,R,123.0,63.5,21.444,5.17,-2.3467656952125533,1.3917799029908697
MI-1104,CC,,,AA,TT,GG,,,,CC,,,TT,GG,GG,CC,TC,TT,CT,GT,AG,CT,CT,CT,CG,CC,GG,GT,GG,GA,TC,AA,GG,AA,GG,AA,,CC,GT,GG,,,CC,AA,CC,CC,GG,GG,GG,AA,,"+9, +9",AG,CC,TC,CT,AA,,CC,,,,,,,,,GG,CC,GG,AG,,GG,,,TT,TC,CG,GA,GG,AG,,,,,AA,CT,AA,GG,,,,,TC,CC,,,,,,,,,,TT,,,,,,,,,CC,,,CT,,,,,,,,,AG,AC,TA,CT,AA,GC,GC,TT,,,,,,,,,,,,,,,GG,GG,CC,,GG,,,,,,,,,,,TC,,,,,,,,,,,,,CC,CC,,,CC,GA,,,,,,,,,,,,,,TT,CC,,,GT,AG,,GG,CC,GG,CC,,,,AA,GG,CC,TT,AA,,,,,TC,,,,,,,,0.0,MI,05-1,Female,,Caucasian,12.5,14.38,1.9,15.0,12.5,12.5,0.0,0.0,136.0,61.6,25.196,142.0,72.0,60.0,6.83,14.17,6.67,15.67,R,136.0,61.6,25.196,6.33,2.8164478669175996,-1.0568665193451907
MI-1105,CC,,,GA,TC,GA,,,,CC,,,TC,AG,,CC,TC,TA,CC,GT,AG,,CC,,,,,GG,GG,GA,,,,AA,,,,CC,GT,GA,,,CC,AA,CC,CC,GG,GG,GG,AA,,"-9, +9",AG,CT,TT,CT,AC,,TT,,,,,,,,,GG,CC,GG,GG,,GA,,,CT,TC,CG,GA,GG,AA,,,,,,CT,AG,GG,,,,,TT,,,,,,,,,,,CT,,,,,,,,,CC,,,CC,,,,,,,,,AA,CC,TT,CC,CC,GG,GC,CT,,,,,,,,,,,,,,,GG,GT,CC,,GT,,,,,,,,,,,CC,,,,,,,,,,,,,CT,CC,,,CG,GG,,,,,,,,,,,,,,TT,CC,,,,,,GT,TC,GT,CT,,,,AA,GT,CC,GT,AG,,,,,TC,,,,,,,,,,,,,,,,,,,,,,,,,,,,,,,,,,,,,1.8207595567273092,-1.334678565439341
MI-1106,CC,,,GA,TC,GA,,,,CA,,,TT,AG,,CC,CC,TA,CT,TT,GG,,CT,,,,,GT,GA,GG,,,,GG,,,,CC,GG,GA,,,CC,AA,CC,CC,GG,GG,GG,AA,,"-9, +9",AA,TT,TT,TT,AC,,TT,,,,,,,,,AG,CT,GG,GG,,GA,,,CT,TC,CC,GA,GA,GG,,,,,,CC,AA,CC,,,,,TT,,,,,,,,,,,TT,,,,,,,,,CC,,,CC,,,,,,,,,AG,AC,TA,CC,CA,CC,GG,CC,,,,,,,,,,,,,,,AG,GT,CC,,GT,,,,,,,,,,,TT,,,,,,,,,,,,,CC,CC,,,CC,GA,,,,,,,,,,,,,,TT,CT,,,,,,GT,TT,GG,CC,,,,AC,GT,CC,TT,AA,,,,,TC,,,,,,,,,,,,,,,,,,,,,,,,,,,,,,,,,,,,,-2.169310630228862,1.560997715983707
MI-1107,CC,,,GA,TC,GA,,,,CA,,,TT,AA,,CT,CC,TA,CC,TT,GG,,CC,,,,,GG,GG,GA,,,,GG,,,,CC,TT,GG,,,CC,AA,CC,CC,GG,GG,GG,AA,,"+9, +9",AA,CT,TT,CT,AA,,TC,,,,,,,,,GG,CC,CG,GG,,AA,,,CT,TC,CG,GA,GG,AA,,,,,,TT,AA,CG,,,,,TT,,,,,,,,,,,TT,,,,,,,,,CC,,,CC,,,,,,,,,GG,AA,TA,CT,AA,GC,GG,CC,,,,,,,,,,,,,,,GG,GG,CC,,,,,,,,,,,,,TT,,,,,,,,,,,,,CT,CC,,,CC,GA,,,,,,,,,,,,,,,CC,,,,,,GT,TC,GT,CT,,,,AA,GG,CC,TT,AA,,,,,TT,,,,,,,,,,,,,,,,,,,,,,,,,,,,,,,,,,,,,-0.3107878680409572,-0.2469827207283414
MI-1108,CC,,,GG,CC,AA,,,,CC,,,TT,AA,,CC,CC,AA,CC,TT,GG,,CC,,,,,GG,GG,GG,,,,GG,,,,CC,TT,GG,,,CC,AA,CC,CC,GG,GG,GG,AA,,"-9, +9",AG,TT,TC,CT,AC,,TC,,,,,,,,,AG,CT,CG,AG,,GG,,,CC,CC,CG,GG,GG,AA,,,,,,CT,AA,GG,,,,,TC,,,,,,,,,,,CT,,,,,,,,,CC,,,CC,,,,,,,,,AA,CC,AA,CC,CC,CC,GG,TT,,,,,,,,,,,,,,,AG,GG,CC,,GT,,,,,,,,,,,TC,,,,,,,,,,,,,CC,CC,,,CG,GG,,,,,,,,,,,,,,CT,CC,,,,,,GG,CC,GG,CC,,,,AA,GG,CC,TT,AA,,,,,TC,,,,,,,,,,,,,,,,,,,,,,,,,,,,,,,,,,,,,-0.6061704868748418,-0.859604408409204
MI-1109,CA,,,GA,TC,GA,,,,CA,,,TT,AG,GT,CC,CC,TA,CT,TT,GG,CC,CT,TT,CC,CG,GG,GT,GG,GG,TC,AT,GG,GA,AG,GG,,CC,GT,GA,,,CC,AA,CT,CC,AG,GG,GG,AA,,"-9, +9",GG,CT,TT,TT,AA,,TC,,,,,,,,,GG,CC,GG,AG,,GG,,,TT,CC,CC,GA,GA,GG,,,,,AT,CC,AA,GG,,,,,TT,CT,,,,,,,,,,CT,,,,,,,,,CT,,,CC,,,,,,,,,AA,CC,AA,CT,CC,GG,GG,CC,,,,,,,,,,,,,,,AG,GG,CC,,GG,,,,,,,,,,,CC,,,,,,,,,,,,,CC,CC,,,CC,GA,,,,,,,,,,,,,,CT,CC,,,TT,GG,,GG,CC,GG,CC,,,,AC,GT,CC,TT,AA,,,,,CC,,,,,,,,0.0,MI,05-1,Female,,Caucasian,11.25,15.0,3.8,33.3,12.5,13.75,1.25,10.0,128.0,60.0,24.996,110.0,70.0,68.0,5.5,26.67,5.0,23.83,R,126.0,60.0,24.605,5.0,-1.2805518839862207,0.6887523434460446
MI-909,CA,II,CC,GG,CC,AA,,,,AA,TT,GG,TT,AA,TT,CT,CC,TA,CC,TT,GG,CT,CC,TT,CC,CG,GA,TT,GG,GA,CC,AT,GG,GG,AG,GG,GG,CC,TT,GG,,GG,CC,AA,CC,CC,GG,GA,GG,AA,CC,"-9, +9",GG,CT,TT,CT,AA,TA,TT,GG,CC,GG,TT,CC,AA,CC,GG,GG,CT,CG,AG,CC,GG,TT,CC,CC,CC,CC,AA,GG,AG,AG,TC,CC,GG,TT,CT,AA,GG,GG,AA,AA,GG,TC,CC,CC,CT,GG,TT,CC,GG,AA,AA,GA,CC,GA,TA,GG,AA,AA,CC,GG,GG,CT,TT,TC,CC,,CC,TT,AA,AA,CC,GG,CC,AG,AC,TT,CC,CA,GG,GG,CC,GA,,,GG,CC,GG,GG,AA,GG,CC,CC,CC,GG,TT,GG,GG,CC,TT,GT,GG,GA,TC,AC,AA,GC,TT,AG,AA,TT,TC,4G5G,AA,GG,CC,AA,GA,CC,GG,CC,GG,CC,AG,CC,CG,,,CC,,TT,AA,CT,CT,TT,GG,CC,CT,GA,CC,CG,AA,CT,TT,CC,TT,CC,GT,AG,CC,GT,TC,GT,CT,GG,CC,GA,AA,GG,CC,TT,AA,CT,CT,GG,GA,TC,TT,,,,,,,0.0,MI,02-1,Female,39.0,Caucasian,15.0,22.5,7.5,50.0,15.0,17.5,2.5,16.7,192.0,64.7,32.244,114.0,80.0,60.0,24.33,30.67,24.33,33.0,R,197.0,64.5,33.289,22.33,-0.9100261827239742,0.3667290484550251
MI-910,CC,ID,CC,GG,CC,AA,,,,CC,TT,GG,TT,GG,GG,CC,TC,TT,CT,GT,AG,CT,CT,CT,CG,CC,GG,GG,GG,GA,TT,AA,GG,AA,GG,AA,,CC,GT,GA,,GG,CC,AA,CT,CT,AG,GG,GG,AA,,"-9, -9",GG,CT,TT,CT,AA,TT,TT,,,,,,,,,AA,CT,CG,GG,CG,GG,TT,CC,CC,CC,CC,GG,GG,AA,AA,TT,CC,GG,TT,CT,AA,GG,GG,AA,AA,GG,TT,TT,CC,CC,,,,,,AA,GG,CT,GG,AA,GG,AA,AA,CC,GG,GG,CC,TT,CC,TT,,GG,TT,GG,AA,CC,,,AG,AC,TA,CT,CC,GG,,CC,GG,,,GG,CC,GG,GG,AG,GG,CC,CT,,,CC,AG,GG,CC,GT,GG,GG,GA,TC,AC,AA,GC,TT,AG,AG,TC,TC,4G4G,AA,GG,CT,AA,GG,CC,AG,CT,,CC,AA,CT,CC,,,CC,GA,TT,AA,CT,CT,TC,GA,CC,CT,AA,CC,GG,AA,CC,CC,CT,TT,CC,GT,AG,CT,GT,TC,GT,CT,GA,CC,GA,AA,GG,CC,TT,AA,TT,CC,GA,AA,CC,TT,,,,,,,0.0,MI,02-1,Female,18.0,Caucasian,15.0,25.0,10.0,66.7,15.0,17.5,2.5,16.7,147.0,66.7,23.228,102.0,80.0,70.0,8.67,20.33,9.67,18.33,R,156.0,66.7,24.651,11.33,2.0941902484609782,-1.315136293642186
MI-911,CC,DD,CT,GA,TC,GA,,,,CC,TT,GG,TT,AG,GT,CC,CC,TA,CT,TT,GG,CC,CT,TT,CC,CG,GG,GT,GA,GG,CC,TT,GG,GG,AG,GG,GG,CC,GT,GA,,GG,CC,AA,CT,CC,AG,GG,GG,AA,,"+9, +9",AG,TT,TT,TT,AC,TT,TT,,,,,,,,,AA,CT,GG,GG,CC,GG,TT,CC,CT,TC,CC,GG,GA,GG,GG,CC,AA,GA,TT,TT,AA,CG,GG,AA,AA,GG,TT,CC,CC,CC,GG,,,,,AA,GG,CC,GG,TT,GG,AA,AA,CC,GA,GG,CC,TT,CC,CC,,CG,TT,GA,AA,CC,,,AG,AC,AA,CT,CA,GC,GC,CC,GA,,,GG,CC,GG,GG,AA,GA,CC,TT,,,TT,AA,GT,CC,GG,GT,GG,GG,TC,AC,AA,CC,TT,AA,AA,TT,TC,4G4G,AA,GG,CT,AA,GG,,AG,CC,,CT,GG,CC,CC,,,CC,GG,TT,AA,CC,CC,TC,GA,CC,CC,GG,GG,CC,AA,CC,CT,CT,TT,CC,GT,AG,CT,GG,CC,GG,CC,GG,CC,AA,AA,TT,CC,GG,GG,CC,CT,GA,AA,TC,TT,,,,,,,0.0,MI,02-1,Female,22.0,Caucasian,15.0,25.0,10.0,66.7,12.5,17.5,5.0,40.0,131.0,64.7,22.0,120.0,70.0,65.0,9.67,16.67,9.0,16.0,R,132.0,64.7,22.168,10.0,-1.867856955195588,1.2515914817661395
MI-912,CC,DD,CT,GA,TC,GA,,,,CC,TT,GG,TT,AA,TT,CC,CC,AA,CC,TT,GG,CC,CC,TT,CC,GG,GG,GT,GG,GG,CC,TT,GG,GG,AA,GG,GG,CC,GT,GA,,GG,CC,AA,CC,CC,GG,GG,GG,AA,,"+9, +9",AG,TT,TC,TT,AC,TT,TC,,,,,,,,,AG,CT,CC,AG,CC,GG,TT,CC,CT,TT,CG,GG,GG,GG,AG,CC,CC,GG,AA,TT,AA,GG,GG,AA,AA,GG,TT,CT,CC,TT,,,,,,AA,GG,CC,GG,AA,GG,AA,AA,CC,GG,GG,CC,TT,CC,CT,,CG,TT,GA,AT,CA,,,GG,AA,TA,CT,CA,GG,GG,CC,GG,,,GG,CC,GA,GA,GG,GA,CG,CC,,,CT,GG,GG,CT,GT,GT,GA,GG,TC,AC,AA,GC,TT,AG,AA,TC,TT,5G5G,AA,GG,CC,AA,GG,CC,GG,CC,,CC,AA,CT,CC,,,CC,GG,CT,AA,CT,CC,TC,GA,CC,CT,GA,CG,CG,AA,CT,CT,CC,TT,CC,GT,AG,CT,GG,CC,GG,CC,GA,CC,GA,AC,GT,CC,TT,AA,CC,CC,GG,AA,CC,TT,,,,,,,0.0,MI,02-1,Female,18.0,Caucasian,12.5,25.0,12.5,100.0,15.0,17.5,2.5,16.7,141.0,61.7,26.038,126.0,72.0,80.0,13.33,19.67,15.33,20.33,R,144.0,61.7,26.592,12.0,-2.3317564740942887,-2.178994046770689
MI-913,CC,ID,CT,GA,TC,GA,,,,AA,TT,GG,TT,AG,GT,CC,CC,TA,CT,TT,GG,CC,CT,TT,CC,CG,GG,GG,GA,GG,CC,AT,GG,GG,AG,GA,GG,CC,GT,GG,,GG,CC,AA,CC,CC,GG,GA,GG,AA,CC,"-9, +9",AG,CT,TC,CT,AA,TA,TC,GG,CC,GG,TT,CC,AA,CC,GG,AG,CT,CC,AA,CG,GG,TT,CC,CT,TT,CG,AA,GG,GG,GG,CC,AC,GA,TT,CC,AG,CG,GG,AA,AT,GG,TT,CC,CC,CT,GG,TT,CC,GG,AA,AA,GG,CC,GG,AA,GG,AA,AA,CC,GG,GG,CC,TT,CC,CC,,CC,TT,GA,AA,CC,GG,GG,GG,AA,AA,CC,AA,GC,GG,CC,GA,,,GG,CC,GG,GA,AG,GG,CC,CT,CC,GG,CC,AG,GG,CC,GT,GT,GG,GA,CC,CC,AA,GG,TT,AG,AA,TC,TC,4G4G,AA,GG,CC,AA,GA,CC,GG,CC,GA,CC,AA,CT,,,,CC,AA,CT,AA,CC,CC,TT,GG,CC,CC,GG,CC,CC,AA,TT,CC,CC,TT,CT,GT,AG,TT,GT,TT,GT,TT,GG,CC,AA,AC,TT,CC,TT,AA,CC,TT,GA,GG,TT,TT,,,,,,,0.0,MI,02-1,Female,22.0,Caucasian,20.0,25.0,5.0,25.0,20.0,25.0,5.0,25.0,175.0,66.2,28.072,124.0,80.0,65.0,9.33,29.67,7.67,25.67,R,177.0,66.2,28.393,8.67,-4.040642563735389,-0.9728593328503542
MI-914,CC,DD,CC,GG,CC,AA,,,,CC,TT,GG,TT,AA,TT,CC,CC,AA,CC,TT,GG,CC,CC,TT,CC,GG,GG,GG,GG,GG,CC,AT,GA,GG,AG,GA,GG,CC,GT,GG,,GG,CC,AA,CT,CC,AG,GG,GG,AA,CC,"-9, -9",AG,TT,TT,CT,AA,TA,TT,GG,CC,GG,TT,CC,GG,CC,GG,AA,CT,CC,AG,CG,GG,TT,CC,CC,CC,CC,GG,GG,GG,AG,CC,AA,AA,TT,CC,AA,CG,GG,AA,AA,GG,TC,CT,CC,CT,GG,TT,CC,GG,AA,AA,GG,CT,GG,AA,GG,AA,AA,CC,GG,GG,CT,TT,TC,CC,,CG,TT,GA,AT,CC,GG,CC,AA,CC,AA,TT,CC,CC,GG,CT,AA,,,GG,CC,GG,GG,GG,GG,CG,CC,CC,GG,CT,GG,GG,CC,GT,GG,GG,AA,CC,CC,AA,GC,TT,AG,AG,TT,TT,4G5G,AA,GG,CT,,,CC,AG,CC,GG,CT,AG,CC,CC,,,CC,GG,TT,AA,CC,CC,CC,AA,CC,CC,GG,CC,CC,AA,CT,CT,CT,TT,CT,GT,AG,TT,GT,TC,GT,CT,GG,CC,GA,AC,GT,CC,TT,AA,TT,CT,AA,GA,TC,TT,,,,,,,0.0,MI,02-1,Female,21.0,Caucasian,15.0,27.5,12.5,83.3,15.0,17.5,2.5,16.7,163.0,67.0,25.527,118.0,84.0,60.0,7.0,20.0,12.0,20.67,R,154.0,67.0,24.117,9.83,-2.5665491013012964,-0.39052062209296584
MI-915,CA,ID,CT,GG,CC,AA,,,,CC,TT,GG,TT,AG,GT,CC,CC,TA,CT,TT,GG,CC,CT,TT,CC,CG,GG,TT,GA,GG,CC,TT,GG,GG,AG,GG,GG,CC,GT,GG,,GG,CC,AA,CC,CC,GG,GA,GG,AA,,"+9, +9",AG,CT,TC,CT,AC,TT,TC,,,,,,,,,AG,CT,CG,AG,CC,GA,TT,CC,CC,TC,CG,GG,GG,GG,AA,TC,AC,GG,AT,CT,AA,GG,GA,AT,AT,GG,TC,CT,CC,CC,,,,,,AA,GG,TT,GA,TA,GG,AA,AA,CC,GG,GG,CT,TT,TC,CC,,CC,TT,AA,AA,CC,,,AA,CC,TT,CC,CC,GG,GG,CC,GA,,,GG,CC,GG,GG,AA,GA,CC,CT,,,CT,AG,GT,CC,GG,GG,GA,GG,TT,AA,AA,GC,TC,AG,AA,TT,TT,4G4G,AA,GG,CC,AA,GA,CC,GG,CC,,CC,AA,CC,CC,,,CC,GA,CT,GA,CC,CC,TC,GA,CC,CC,GA,CC,GG,AC,TT,TT,CT,TT,CT,GT,AG,CT,GG,CC,GG,CC,GG,CC,GG,AA,GG,CC,TT,AA,CT,CT,GA,GA,TC,TT,,,,,,,0.0,MI,02-1,Female,19.0,Caucasian,15.0,22.5,7.5,50.0,17.5,17.5,0.0,0.0,170.0,68.0,25.846,110.0,66.0,84.0,10.0,17.0,11.0,15.0,R,183.0,68.0,27.822,9.67,-1.3097060060410053,1.675035019530048
MI-916,CA,II,TT,AA,TT,GG,,,,CA,TT,GG,TT,AG,,CC,CC,TA,CT,TT,GG,,CT,,,,,GT,GA,GG,,,,GG,,,GG,CC,TT,GG,,GG,CC,AA,CC,CT,GG,GG,GG,AA,,"+9, +9",AG,TT,TC,CC,AA,TT,TC,,,,,,,,,AA,CC,CC,GG,CC,GG,TT,CC,TT,TC,CG,GA,GG,,AG,TC,AC,GA,,CC,AA,GG,GG,AA,AA,GG,TT,,CC,CT,,,,,,AA,GG,CC,GG,AA,GG,AA,AA,CC,GG,GG,CT,TT,TC,TT,,GG,TT,GG,,CA,,,AG,AC,TT,,CA,GC,GG,CT,AA,,,GG,CC,GG,GG,AG,GA,CG,CC,,,CT,GG,GT,CC,GT,GT,GA,GG,TC,AC,AA,GG,TT,AG,AG,TT,CC,4G5G,AA,GG,CC,AA,GG,CC,GG,CT,,CC,AG,CC,CC,,,CC,GA,CT,AA,CT,CT,TC,GA,CC,CT,GA,CG,CG,AA,CT,TT,TT,TT,CC,,,CT,GT,TC,GT,CT,GG,CT,GG,AA,TT,CC,TT,AA,CT,CT,GA,GA,TC,TT,,,,,,,0.0,MI,02-1,Male,19.0,Asian,22.5,35.0,12.5,55.6,32.5,35.0,2.5,7.7,160.0,68.0,24.325,116.0,82.0,60.0,5.0,10.0,4.17,10.0,L,165.0,68.0,25.085,5.67,-1.2460821542053893,1.2576046246896284
MI-917,CC,DD,CT,GA,TC,GA,,,,CC,TC,GG,TT,AG,GT,CC,TC,TA,CC,GT,AG,CT,CC,TT,CC,CG,GG,GG,GA,GG,CC,AT,GG,GG,AG,GA,GG,CC,GT,GA,,GG,CC,AA,CC,CT,GG,GA,GG,AA,CC,"-9, -9",AG,CT,TC,CT,AC,TT,TT,GG,CC,GG,TT,CC,AA,CC,GG,GG,TT,GG,GG,CC,GA,TT,CC,CT,CC,CG,GG,GG,AA,AA,TT,AA,GG,TT,CT,AA,CC,GG,AA,AT,GG,TT,CC,CC,CT,GG,TT,CC,GG,AA,AA,GG,CT,GG,AA,GG,AA,AA,CC,GG,GG,CC,TT,CC,CC,,CC,TT,GG,AA,CC,GG,CG,AG,AC,AA,CT,CA,GG,GG,CT,GG,,,GG,CC,GG,GG,AA,GA,CC,CC,CC,GG,CC,GG,GG,CT,GG,GT,GG,GG,CC,CC,AA,,TT,AA,AA,,TC,5G5G,AA,GG,CC,AA,GA,CC,GG,CT,GG,CT,AA,CC,CG,,,CC,GG,CC,AA,CT,CT,TT,GG,CC,CC,GG,CG,CC,AA,TT,CT,CC,TT,CC,GG,AA,CC,GT,TC,GT,CT,GG,CC,AA,AC,TT,CC,GT,AG,CT,TT,AA,GG,TT,,,,,,,,0.0,MI,02-1,Female,23.0,Caucasian,15.0,25.0,10.0,66.7,17.5,17.5,0.0,0.0,130.0,62.7,23.247,142.0,62.0,80.0,9.67,25.67,9.0,24.33,R,137.0,62.7,24.499,6.33,0.39508130774479855,-2.7195653198264464
MI-918,CC,,CT,GA,TC,GA,,,,CC,TT,GA,,AG,GT,CC,TC,AA,CC,TT,AG,CT,CC,TT,CG,CG,GG,GG,GG,AA,CC,AT,GG,GA,AG,GA,GG,CC,GT,GG,,GG,CC,AA,CC,CC,GG,AA,GG,AA,CC,"+9, +9",GG,CT,TT,CT,AC,TA,TT,,,,TT,CC,,CC,,AG,CT,CC,AG,CC,GG,TT,CC,CT,CC,CG,GG,GG,AA,AA,TT,CC,GG,TT,CT,AA,GG,AA,TT,TT,GG,TC,CT,CC,CT,GG,TT,CC,GG,AG,AG,GG,TT,GA,TA,GA,AA,,CC,GA,GG,CC,TT,TC,CC,,CC,TT,AA,AT,CA,GG,CG,AA,CC,TT,CC,CC,GG,GG,CC,GG,,,GG,CC,GA,GG,AG,AA,CC,CT,CC,GG,CT,AG,GG,CC,GG,GT,GG,GA,CC,CC,AA,CC,TT,AG,GG,TT,TC,4G5G,AA,GG,CC,AA,AA,CC,GG,CC,GA,CC,AG,CT,CC,,,CC,GA,CT,AA,CC,CC,TT,GG,CC,CC,GG,GG,CC,AA,CC,CC,CC,TT,CT,GG,AA,TT,GG,CC,GG,CC,GA,CC,AA,AC,GT,CT,TT,AA,TT,CT,GG,GA,TT,TT,,,,,,,0.0,MI,02-1,Female,19.0,Caucasian,22.5,30.0,7.5,33.3,27.5,27.5,0.0,0.0,129.0,65.7,21.009,102.0,70.0,55.0,4.0,22.33,9.33,21.33,R,132.0,66.0,21.303,4.67,2.99203145250487,-3.2720653329029528
MI-919,CA,DD,CT,GA,TC,GA,,,,CC,TT,GG,TT,GG,GG,CC,TC,TT,CT,GT,AG,CC,CT,TT,CG,CC,GG,GG,GA,GA,CC,AT,GG,GA,AG,GA,GG,CC,GT,GA,,GG,CC,AA,CC,CC,GG,AA,GG,AA,,"-9, +9",AG,TT,TT,CC,AA,TA,TC,,,,,,,,,AA,TT,CG,GG,CG,GG,TT,CC,CT,CC,CG,GG,GG,AA,AA,TT,CC,GG,TT,TT,AA,GG,GG,AA,AT,GG,TT,CT,CC,CT,,,,,,AA,GG,CC,GG,TA,GA,AA,AA,CC,GA,GG,CT,TT,TC,CT,,CG,TT,GA,,CC,,,AA,CC,TT,CC,CC,GC,GG,CT,GG,,,GG,TC,GG,GG,AA,AA,CC,CC,,,TT,GG,GG,CC,GG,GT,GG,GG,TC,AC,GG,CC,TC,AG,GG,TT,TC,4G4G,AA,GG,CC,AA,AA,CC,GG,CC,,CC,AG,CT,CC,,,CC,GA,CT,AA,CT,CT,TT,GG,CC,CC,GG,GG,CC,AA,CT,CC,CC,TT,TT,GT,AG,CC,GG,CC,GG,CC,GG,CC,GA,CC,TT,CC,TT,AA,TT,CT,GA,GA,TC,TT,,,,,,,0.0,MI,02-1,Female,19.0,Caucasian,17.5,22.5,5.0,28.6,20.0,22.5,2.5,12.5,135.0,62.0,24.689,104.0,74.0,75.0,10.67,14.33,10.0,21.0,R,131.0,62.0,23.958,8.0,1.9881426675742007,-2.8216155958275984
MI-920,CA,ID,TT,AA,TT,GG,,,,CA,TT,GG,TT,AA,TT,CC,CC,AA,CC,TT,GG,CC,CC,TT,CC,GG,GG,GG,GG,GG,CC,TT,GA,GA,AG,GA,GG,CC,GT,GA,,GG,CC,AA,CC,CC,GG,GG,GG,AA,CC,"-9, -9",AG,TT,TC,CT,CC,TT,TC,GG,CC,GG,TT,CC,AA,CC,GG,GG,TT,CG,AG,CG,GG,TT,CC,TT,CC,CC,GA,GG,AG,AG,TC,CC,GG,AT,CC,AA,GG,GG,AA,TT,GG,TT,CT,CC,CT,GG,TT,CC,GG,AA,AA,GG,CT,GG,AA,GG,AA,AA,CC,GG,GG,CC,TT,CC,CC,,CC,TT,GA,AT,CC,GG,CC,GG,AA,TT,CC,AA,GG,GC,CT,GA,,,GG,CC,GA,GG,AG,GA,CC,CT,CC,GG,CT,AG,GG,CC,GG,GG,GG,GG,TC,CC,AA,GG,TT,AG,AA,TT,TC,4G4G,AA,GG,CC,AA,GG,CC,GG,CC,GG,CC,AA,TT,CC,,,CG,GG,TT,GA,CC,CC,TC,GA,CC,CT,GA,CG,CG,AA,TT,TT,CC,TT,CT,GT,AG,CC,GG,CC,GG,CC,GG,CC,GA,AC,TT,CT,GT,AG,CC,CT,GA,GA,TC,TT,,,,,,,0.0,MI,02-1,Female,22.0,Caucasian,27.5,35.0,7.5,27.3,27.5,25.0,-2.5,-9.1,247.0,65.0,41.098,124.0,86.0,60.0,21.0,33.67,19.33,34.33,R,250.0,65.0,41.598,25.33,-1.6294546799210639,-2.8551802560788113
MI-921,CA,II,CC,GG,CC,AA,,,,CC,,,TT,AA,TT,CC,CC,AA,CC,TT,GG,CC,CC,TT,CC,GG,GG,GG,GG,GG,CC,TT,GG,GG,AA,GG,GA,CT,GG,GA,,GG,CC,AA,CC,CC,GG,GA,GG,AA,CC,"-9, +9",GG,TT,TT,TT,AA,TA,TT,GG,CC,GG,TT,CC,AA,CC,GG,AA,CC,CG,AG,CC,GG,TT,CC,CC,CC,CG,GG,GG,AG,AA,TC,CC,GG,AT,TT,AA,GG,GG,AA,AA,GG,TT,CC,CC,CC,GG,TT,CC,GG,AA,AA,GG,CT,GA,AA,GG,AA,AA,CC,GG,GG,CC,TT,CC,CT,,CG,TT,GG,AA,CA,GG,CC,AG,AC,AA,CT,CA,GG,GC,CC,GA,,,GG,TC,GG,GG,AA,AA,CC,TT,CC,GG,CT,AA,GG,CC,GG,TT,GG,GG,TT,AA,AA,GG,TT,AG,AA,TT,TT,4G5G,AA,GG,CC,AA,GA,CC,GG,CC,GG,CT,AA,CT,CC,,,CC,GG,TT,AA,TT,TT,TT,GG,CC,CC,GG,CC,CC,AA,TT,CC,CC,TT,CT,GG,AA,CC,GG,CC,GG,CC,GA,CC,GA,AA,GG,CC,TT,AA,CT,CT,GA,GA,TC,TT,,,,,,,0.0,MI,02-1,Female,21.0,Caucasian,15.0,25.0,10.0,66.7,20.0,22.5,2.5,12.5,165.0,66.0,26.629,118.0,76.0,65.0,12.0,25.33,11.33,26.33,L,170.0,66.0,27.436,10.33,-3.5015741911024856,-2.1375557789791477
MI-922,CC,DD,CT,GA,TC,GA,,,,CC,TT,GG,TT,AA,TT,CC,CC,AA,CC,TT,GG,CC,CC,TT,CC,GG,GG,GG,GG,GG,CC,AT,GG,GG,AG,GA,GG,CC,GT,GA,,GG,CC,AA,CC,CC,GG,GG,GG,AA,CT,"-9, +9",AG,TT,TC,TT,AA,TA,TT,GG,CC,GG,TT,CC,,CC,GG,AG,CT,CG,AG,CC,AA,TT,CC,CT,CC,CG,GG,GG,AG,AA,TT,AC,GG,AT,CT,AA,GG,GA,AT,AT,GG,TC,CC,CC,CC,GG,TT,CC,GG,AA,AA,GG,CT,GG,AA,GG,AA,AA,CC,GG,GG,CC,TT,CC,CC,,CG,TT,GA,AA,CC,GG,GG,GG,AA,TA,CC,CA,GC,GC,CT,GA,,,GG,TC,GG,GG,AG,GG,CG,TT,CA,GG,TT,AA,GT,CC,GT,GT,GG,GG,TC,AC,AA,CC,TT,AG,AG,TT,TC,4G4G,AA,GG,,AA,GG,CC,GG,CC,GG,CC,AA,CT,CC,,,CC,GG,CC,AA,CC,CC,TC,GA,CC,CC,GA,CG,CG,AA,CT,TT,CC,TT,CC,GT,AG,CC,GT,TC,GT,CT,GG,CC,AA,AA,GG,CC,TT,AA,TT,CT,GG,GA,TC,TT,,,,,,,0.0,MI,02-1,Female,29.0,Caucasian,22.5,27.5,5.0,22.2,22.5,22.5,0.0,0.0,198.0,63.7,34.304,124.0,86.0,75.0,10.33,30.0,15.0,29.0,R,204.0,63.8,35.288,9.67,-2.964831968329385,0.28891849521375396
MI-923,CA,II,CC,GG,CC,AA,,,,CC,TT,GG,TT,AG,GT,CC,CC,TA,CT,TT,GG,CC,CT,TT,CC,CG,GG,GT,GA,GG,CC,TT,GA,GG,AA,GG,GG,CC,TT,GG,,GG,CC,AA,CC,CC,GG,GG,GG,AA,CC,"-9, +9",AA,CT,TC,CT,AA,TA,TT,GG,CC,GG,TT,CC,AA,CC,GG,AG,CC,CG,AG,CG,GG,TT,CC,CC,CC,CC,GG,GA,AG,AA,TC,AC,GA,TT,CT,AA,CG,GG,AA,AA,GG,CC,CC,CC,CC,GG,TT,CC,GG,AA,AA,GG,CT,GG,AA,GG,AA,AA,CC,GG,GG,CC,TT,CC,CT,,CG,TT,GA,,CA,GG,CC,AG,AC,AA,CT,CA,CC,GC,CT,GA,,,GC,TC,GG,GG,AA,GA,CC,CC,CC,GG,CT,GG,GG,CC,GT,GT,GA,GG,TC,AC,AA,GG,TC,AG,GG,TC,TC,4G5G,AA,GG,,,GG,CC,,CC,GA,CC,AG,CT,CC,,,CC,GA,TT,AA,CC,CC,TT,GG,CC,CC,GG,CG,CC,AA,CT,CT,CC,TT,CT,GT,AG,CC,GT,TC,GT,CT,GA,CC,GA,AC,GT,CC,TT,AA,TT,CT,GG,GA,TC,TT,,,,,,,0.0,MI,02-1,Female,32.0,Caucasian,20.0,27.5,7.5,37.5,20.0,22.5,2.5,12.5,170.0,62.0,31.09,126.0,86.0,80.0,9.67,20.33,9.33,17.33,R,165.0,62.0,30.176,14.33,-4.921432645530637,-0.33338239553836413
MI-924,CC,DD,CT,GA,TC,GA,,,,CC,,,TT,AG,,CC,CC,TA,CT,TT,GG,,CT,,,,,GT,GA,GG,,,,GG,,,GG,CC,GT,GA,,GG,CC,AA,CC,CC,GG,GG,GG,AA,,"+9, +9",AG,TT,TT,TT,AA,TA,TC,,,,,,,,,GG,CC,GG,GG,CC,GG,TT,CC,CT,CC,CC,GA,GG,AA,AA,TT,AA,GA,,TT,AA,GG,GA,AT,AT,GG,TT,,CC,CC,,,,,,AA,GG,CT,GA,AA,GG,AA,AA,CC,GG,GG,CC,TT,CC,CC,,CC,TT,GA,TT,CC,,,AA,CC,AA,CT,CA,GG,GG,CT,GG,,,GG,TC,GG,GG,AA,GA,CC,CC,,,CC,GG,GT,CC,GG,GT,GG,GG,TC,AC,AA,CC,TT,AG,AG,TT,CC,5G5G,AA,GG,CC,AA,GG,CC,GG,CC,,CT,AG,CC,CC,,,CG,GG,TT,AA,CC,CC,TC,GA,CC,CC,GG,CC,CC,AA,TT,CC,CT,TT,CC,,,CT,GT,TC,GT,CT,GG,CC,AA,AC,TT,CC,TT,AA,TT,CT,GG,GA,TC,TT,,,,,,,,,,,,,,,,,,,,,,,,,,,,,,,,,,,,-3.3397803271731954,1.1194920141492706
MI-925,CC,DD,TT,AA,TT,GG,,,,AA,TT,GG,TC,AG,GT,CC,TC,TA,CC,TT,GG,CT,CC,TT,CC,CG,GG,GG,GG,GA,CC,TT,GG,GG,AA,GG,AA,TT,GG,GG,,GG,CC,AA,CC,CC,GG,GG,GG,AA,CC,"-9, -9",AG,CT,TT,CC,AA,TT,TT,GG,CC,GG,TT,CC,AA,CC,GG,AG,CC,CC,AG,CG,GG,TT,CC,TT,CC,CG,AA,GG,AG,AG,TC,AC,GA,AA,CT,AA,GG,GG,AA,AA,GG,TT,CC,CC,CC,GG,TT,CC,GG,AA,AA,GG,CT,GG,AA,GG,AA,AA,CC,GG,GG,CC,TT,CC,CT,,CG,TT,GG,AA,CC,GG,CC,AG,AC,TT,CC,CA,GG,GG,CC,GA,,,GC,TC,GG,GG,AG,GG,CG,CT,CA,GG,CC,AG,GT,CC,GG,GT,GG,GA,CC,CC,AA,GC,TT,AG,AA,TC,TC,4G5G,AA,GG,CC,AA,GG,CC,GG,CC,GG,CC,AA,TT,CC,,,CC,GG,TT,GA,CT,CT,TC,GA,CC,CT,GA,GG,CG,AA,TT,CT,CC,TT,CC,GT,AG,CC,GT,TC,GT,CT,GA,CC,GG,AA,GG,CC,TT,AA,,CT,GG,GA,TC,TT,,,,,,,0.0,MI,02-1,Female,21.0,Caucasian,12.5,27.5,15.0,120.0,15.0,22.5,7.5,50.0,133.0,70.0,19.081,112.0,74.0,70.0,9.0,19.33,9.33,12.33,R,136.0,70.0,19.512,9.0,-0.46015941641200764,-1.652170453649657
MI-926,CC,ID,CT,GA,TC,GA,,,,CC,TT,GG,TT,AG,TT,CC,,AA,CC,TT,GG,CC,CC,TT,CC,GG,GG,GG,GG,GG,CC,TT,GA,GG,AA,GG,GG,CC,TT,GG,,GG,CC,AA,CC,CC,GG,GG,GG,AA,CT,"+9, +9",AG,TT,TT,CT,AA,TA,TT,GG,CC,GG,TT,CC,AA,CC,GG,AG,CT,GG,GG,CC,GG,TC,CG,CT,TT,CC,GG,GG,AG,AG,TC,AC,GA,AT,CT,AA,GG,GA,AT,AA,GG,TT,CC,CC,CC,GG,TT,CC,GG,AA,AA,GG,CC,GG,AA,GG,AA,AA,CC,GG,GG,CC,TT,CC,CC,,CG,TT,AA,AA,CC,GG,GG,AA,CC,TA,CC,CC,GG,GG,CC,GG,,,GC,TC,GG,GG,AA,AA,CC,CT,CA,GG,CT,AG,GT,CC,GG,GT,GA,GG,TC,AC,AA,GC,TT,AG,AA,TT,TC,5G5G,AA,GG,CC,AA,GG,CC,GG,CC,GA,CC,AA,CC,CC,,,CG,GA,TT,AA,CT,CT,TT,GG,CC,CC,GG,GG,CC,AA,TT,CC,CC,TT,CC,GG,AA,CT,GG,CC,GG,CC,GA,CC,GA,CC,TT,CC,TT,AA,CC,TT,GA,GG,TT,TT,,,,,,,0.0,MI,02-1,Female,20.0,Caucasian,32.5,40.0,7.5,23.1,35.0,40.0,5.0,14.3,221.0,68.0,33.599,140.0,90.0,85.0,9.0,12.33,7.67,12.33,R,212.0,68.0,32.231,8.0,-2.722660339891574,-1.6879054439376935
MI-927,CC,DD,CT,GA,TC,GA,,,,CC,TT,GG,TT,AA,TT,CC,CC,AA,CC,TT,GG,CC,CC,TT,CC,GG,GG,GG,GG,GG,TC,AT,GG,GA,AG,GA,GG,CC,GT,GA,,GG,CC,AA,CT,CC,GG,GG,GG,AA,,"-9, -9",GG,CT,TC,CT,AA,TA,CC,,,,,,,,,AA,CT,CG,GG,CC,GG,TT,CC,CT,CC,CG,GG,GA,AA,AA,TT,AC,GG,AA,CT,AG,GG,GG,AA,TT,GG,TT,CC,CC,CC,,,,,,AA,GG,CC,GG,AA,GG,AA,AA,CC,GG,GG,CC,TT,CC,CT,,CG,TT,GA,AA,CC,,,GG,AA,TA,CC,AA,GC,GG,CT,GG,,,GG,TC,GG,GG,AA,GA,CC,CC,,,CT,GG,GG,CC,GG,GG,GG,GA,TC,AC,AA,GG,TC,AG,AA,TT,TC,5G5G,AA,GG,CT,AA,GG,CC,GG,CC,,CC,AA,TT,CC,,,CG,GA,TT,GA,TT,TT,TT,GG,CC,CT,GA,CG,CG,AA,TT,CT,CC,TT,CC,GG,AA,CC,GT,TC,GT,CT,GG,CC,GA,AC,GT,CC,TT,AA,TT,TT,GA,GG,TT,TT,,,,,,,0.0,MI,02-1,Female,39.0,Caucasian,17.5,22.5,5.0,28.6,17.5,22.5,5.0,28.6,196.0,66.0,31.632,106.0,80.0,60.0,13.33,20.67,15.33,22.33,R,187.0,67.0,29.285,19.0,-2.4302166490150925,-1.576516258857117
MI-928,CA,ID,CT,GA,TC,GA,,,,CA,TT,GG,TT,AA,TT,CC,CC,AA,CC,TT,GG,CC,CC,TT,CC,GG,GG,GG,GG,GG,CC,TT,GG,GG,AA,GG,AA,TT,GG,GG,,GG,CC,AA,CT,CC,AG,GG,GG,AA,,"-9, -9",GG,CC,TT,CT,AC,TT,TC,,,,,,,,,AG,CC,CG,AG,CC,GG,TC,CG,CT,TC,CC,GA,GA,GG,AG,TC,AC,GA,AT,CC,AA,CG,GG,AA,TT,GG,TT,CT,CC,CC,,,,,,AA,GG,CT,GG,AA,GG,AT,AA,CC,GG,GG,CT,TT,TC,CC,,CG,TT,AA,AA,CC,,,AG,AC,AA,CC,CA,GG,GC,CC,GA,,,CC,TT,GG,GG,AA,AA,CC,CC,,,TT,GG,GG,CT,TT,GT,GG,GG,TC,AC,AA,GG,CC,AG,AA,TT,TC,4G5G,AA,GG,CT,AA,GG,CC,AG,CC,,CT,AA,CT,CC,,,CC,GA,CT,AA,CT,CT,TT,GG,CC,CC,GA,CG,CG,AA,CT,CC,CT,TT,CT,GG,AA,CC,GG,CC,GG,CC,GA,CC,GA,AA,GG,CC,TT,AA,TT,CT,GA,GA,TC,TT,,,,,,,0.0,MI,02-1,Male,18.0,Caucasian,25.0,37.5,12.5,50.0,27.5,27.5,0.0,0.0,146.0,70.0,20.947,132.0,80.0,75.0,3.0,9.0,5.0,7.0,R,152.0,70.0,21.807,4.0,-0.2825066864537696,1.1656880015319264
MI-929,AA,,,GA,TC,GA,,,,CC,TT,GG,TT,GG,,CC,TC,TT,CT,GT,AG,,CT,,,,,TT,GA,GG,,,,GA,,,GG,CC,TT,GG,,GG,CC,AA,CC,CC,GG,GA,GG,AA,,"+9, +9",GG,CT,TC,CT,AA,TA,TT,,,,,,,,,AG,CC,GG,AG,CC,GA,TT,CC,CT,TT,CC,GA,GA,AG,AG,TC,AC,GA,,CT,AA,GG,GG,AA,TT,GG,TT,,CC,CT,,,,,,AA,GG,CC,,AA,GG,AA,AA,CC,GG,GG,CT,TT,,CC,,CG,TT,GA,AT,CA,,,AG,AC,TA,CC,CA,GC,CC,CC,AA,,,GG,TC,GG,GG,AG,GG,CC,,,,CT,GG,GG,CT,,GG,GG,GA,TC,AC,AA,CC,TC,AG,AA,TT,TT,,AA,GG,CC,AA,GA,CC,GG,CC,,CT,AG,CT,CC,,,CC,GA,TT,AA,CT,CT,TT,GG,,,,,,AA,TT,CT,CC,TT,CT,,,,GG,CC,GG,CC,,CC,GA,AA,GT,CC,TT,AA,,TT,AA,GG,TT,TT,,,,,,,,,,,,,,,,,,,,,,,,,,,,,,,,,,,,-1.337381753791326,-0.41755928058713376
MI-930,CA,DD,CT,GA,TC,GA,,,,CC,TT,GG,TT,AA,TT,CC,CC,AA,CC,TT,GG,CC,CC,TT,CC,GG,GG,GG,GG,GG,CC,TT,GG,GG,AA,GG,GG,CC,GT,GA,,GG,CC,AA,CC,CC,GG,AA,GG,AA,CC,"-9, -9",AG,TT,TC,TT,AC,TT,TC,GG,CC,GG,TT,CC,AA,CC,,AG,CC,GG,GG,CG,GG,TT,CC,CT,TC,CC,GG,GG,AA,AA,TT,CC,GG,AT,CC,AG,GG,GG,AA,AT,GG,TC,CT,CC,CC,GG,TT,CC,GG,AA,AA,GG,CT,GG,AA,GG,AA,AA,CC,GG,GG,CC,TT,CC,CT,,CG,TT,GA,AT,CC,GG,GG,AG,AC,TA,CT,CA,GC,GG,TT,GA,,,GG,TC,GA,GG,AG,GG,CG,CC,CA,GG,CC,GG,GT,CC,GG,GT,GA,GG,TT,AA,GG,GC,TT,AG,AG,TT,CC,4G5G,AA,GG,CC,AA,AA,CC,GG,CC,GG,CC,AA,CT,CC,,,CC,GG,CT,GA,CT,CT,TT,GG,CC,CC,GG,CG,GG,AC,TT,CT,TT,TT,CT,GT,AG,CT,TT,TT,TT,TT,GA,CC,AA,AC,TT,CC,GT,AG,CC,CT,AA,GA,TC,TT,,,,,,,0.0,MI,02-1,Male,20.0,Caucasian,25.0,32.5,7.5,30.0,22.5,27.5,5.0,22.2,173.0,71.0,24.126,120.0,82.0,65.0,5.67,13.0,7.33,11.33,R,174.0,72.0,23.596,7.0,-2.5730112547915187,0.17313913900284716
MI-931,CC,II,CT,GA,TC,GA,,,,CC,TT,GG,TT,AG,GT,CC,TC,TA,CC,GT,AG,CT,CC,TT,CG,CG,GG,GG,GG,GA,CC,TT,GA,GG,AA,GG,GG,CC,GG,AA,,GG,CC,AA,CC,CC,GG,GA,GG,AA,,"-9, -9",AA,TT,TT,TT,AC,TA,CC,,,,,,,,,AG,CC,CG,AG,CC,GG,TT,CC,CT,CC,CG,GG,GG,AG,AA,TT,AA,AA,TT,TT,AA,GG,GG,AA,AA,GG,TT,CC,CC,CT,,,,,,AA,GG,CC,GG,AA,GG,AA,AA,CC,GG,GG,CC,TT,CC,CC,,CC,TT,GG,AA,CA,,,AG,AC,TA,CC,CA,GC,GG,CC,AA,,,GG,TC,GG,GG,AA,AA,CC,CT,,,TT,AG,GG,CC,GT,GG,GA,GG,TC,AC,AA,GC,TT,AG,AA,TC,TC,5G5G,AA,GG,CC,AA,GA,CC,GG,CC,,CC,AA,CC,CC,,,CC,AA,CT,AA,CC,CC,TC,GA,CC,CT,GG,CG,CG,AA,CT,CT,CT,TT,CC,GT,AG,CC,GG,CC,GG,CC,GG,CC,GA,AC,GT,CC,TT,AA,CT,CT,AA,GA,TC,TT,,,,,,,0.0,MI,02-1,Female,21.0,Caucasian,12.5,20.0,7.5,60.0,15.0,12.5,-2.5,-16.7,119.0,63.5,20.747,110.0,78.0,70.0,6.67,17.0,6.33,17.17,R,115.0,64.0,19.738,5.33,0.2758209809916337,-4.606494471099542
MI-932,CA,II,CC,GG,CC,AA,,,,AA,TT,,TT,AG,GT,CC,CC,TA,CT,TT,GG,CC,CT,TT,CC,CG,GG,TT,GA,GG,CC,TT,GG,GG,AG,GG,GA,CT,GT,GG,,GG,CC,AA,CC,CC,GG,GA,GG,AA,CC,"-9, +9",GG,TT,TC,TT,AA,TA,TC,GG,CC,GG,TT,CC,AG,CC,,AG,CC,CG,AG,CC,GG,TT,CC,CC,TC,CC,AA,GA,AG,AG,TC,AA,GA,AT,CC,AG,GG,GG,AA,AT,GG,CC,CT,CC,CC,GG,TT,CC,GG,AA,,GG,CT,GG,TA,GG,AA,AA,CC,GG,GG,TT,TA,TT,CC,,CG,TT,GA,,CC,GG,CG,GG,AA,TA,CT,AA,GC,GG,CC,AA,,,GG,TC,GG,GG,AA,GA,CC,CT,CA,GG,CT,AG,GT,CC,GG,GT,GG,GG,CC,CC,AA,CC,TT,AG,AG,TT,CC,5G5G,AA,GG,CC,AA,GA,CC,GG,CC,GG,CC,AA,CT,CC,,,CC,GG,CT,AA,TT,TT,TT,GG,CC,TT,AA,CG,GG,AA,CT,CC,CC,TT,CC,GT,AG,TT,GG,CC,GG,CC,AA,CC,AA,AA,GG,CC,TT,AA,CT,CC,GA,AA,TC,TT,,,,,,,0.0,MI,02-1,Female,19.0,Caucasian,7.5,15.0,7.5,100.0,10.0,10.0,0.0,0.0,118.0,63.0,20.9,120.0,76.0,95.0,8.0,14.67,10.33,14.67,R,115.0,63.0,20.369,14.67,-1.8712835112978952,1.9739664939778523
MI-933,CC,ID,TT,AA,TT,GG,,,,CC,TC,GA,TT,AA,TT,CC,CC,AA,CC,TT,GG,CC,CC,TT,CC,CG,GG,GG,GG,GG,CC,AT,GG,GG,AG,GA,GA,CC,TT,GG,,GG,CC,AA,CT,CC,AG,GG,GG,AA,CC,"-9, -9",AG,TT,CC,TT,AA,AA,TT,GG,CC,GG,TT,CC,AA,CC,GG,AG,CC,CG,GG,CC,GG,TT,CC,TT,TC,CC,GG,GA,AA,AA,TT,AC,GG,TT,CT,AA,GG,AA,TT,AA,GG,TT,CT,CC,CC,GG,TT,CC,GG,AA,AA,GG,CC,GG,AA,GG,AA,AA,CC,GG,GG,CT,TT,TC,CT,,CG,TT,GG,TT,CC,GG,CC,AA,CC,TA,CC,CC,GC,GG,CT,GG,,,GG,CC,GA,GG,AG,AA,CC,CC,CC,GG,CT,GG,GG,CC,GG,GG,GG,GG,TC,AC,GG,GC,TT,AG,AG,TT,TC,4G5G,AA,GG,CT,AA,GG,CC,AG,CC,GA,CC,AA,CC,CG,,,CC,GA,TT,GG,CC,CC,CC,AA,CC,CC,GG,GG,CC,AA,CT,CC,CC,TT,CC,GG,AA,CT,GG,CC,GG,CC,GA,CC,AA,AA,GG,CC,TT,AA,TT,CT,GG,GA,TC,TT,,,,,,,0.0,MI,02-1,Female,21.0,Caucasian,15.0,27.5,12.5,83.3,15.0,17.5,2.5,16.7,165.0,70.0,23.672,110.0,80.0,90.0,7.0,11.67,9.67,15.33,R,169.0,70.0,24.246,7.33,-1.56309906792383,-2.6565400311260574
MI-934,CA,ID,CT,GA,TC,GA,,,,CA,TT,GG,TT,GG,GG,CC,CC,TT,TT,TT,GG,CC,TT,CT,CC,CC,GG,TT,GA,GG,CC,TT,GG,GG,AG,GG,GG,CC,GG,GA,,GG,CC,AA,CC,CC,GG,GG,GG,AA,CT,"-9, +9",GG,TT,TT,TT,AA,TT,TT,GG,CC,GG,TT,CC,AA,CC,GG,GG,CT,CG,AG,CC,GA,TT,CC,CT,TT,CC,GA,GA,AG,AA,TC,AC,GG,AT,CC,AA,GG,GG,AA,AA,GG,TC,CC,CC,CC,GG,TT,CC,GG,AA,AA,GG,CC,GG,AA,GG,AA,AA,CC,GG,GG,CC,TT,CC,CC,,CG,TT,GA,AT,CC,GG,GG,AG,AC,TA,CC,CA,GG,GG,CT,GA,,,GG,CC,GG,GG,AA,GG,CC,CC,CC,GG,TT,GG,GG,CC,GG,GT,GG,GG,TT,AA,AA,CC,TT,AG,AA,TT,CC,4G4G,AA,GG,CC,AA,GG,CC,GG,CC,GA,CC,AG,CC,CG,,,CG,GA,TT,AA,TT,TT,TT,GG,CC,CC,GG,CG,CC,AA,TT,TT,CC,TT,CC,TT,GG,CC,TT,TT,TT,TT,GA,CC,GA,AA,GT,CC,GT,AG,CT,TT,GG,GG,TT,TT,,,,,,,0.0,MI,02-1,Female,23.0,Caucasian,12.5,22.5,10.0,80.0,12.5,12.5,0.0,0.0,140.0,64.0,24.028,100.0,60.0,75.0,9.0,24.0,11.67,23.67,R,144.0,65.0,23.96,9.33,-4.631703825954658,3.199151628299415
MI-935,CC,ID,CT,GA,TC,GA,,,,CA,TC,GG,TT,AG,,CC,TC,TA,CC,GT,AG,,CC,,,,,GG,GG,GA,,,,GG,,,GG,CC,TT,GG,,GG,CC,AA,CC,CC,GG,GG,GG,AA,,"-9, +9",AG,TT,TT,CC,AA,TT,TT,,,,,,,,,AG,CT,CG,GG,CC,GA,TT,CC,CT,CC,GG,GA,GG,GG,GG,CC,AA,GA,,CT,AA,GG,GA,AT,AA,GT,TC,,CC,CT,GG,,,,,AA,GG,CC,GA,AA,GG,AA,AA,CC,GG,GG,TT,TA,TT,CT,,CG,TT,GG,AT,CC,,,AG,AC,AA,CC,CA,GG,GG,CT,GG,,,GG,TC,GG,GG,AG,AA,CC,CC,,,CC,GG,GG,CT,GG,GG,GA,GG,TT,AA,AA,GG,TT,AG,AA,TC,TC,4G4G,AA,GG,CC,AA,GG,CC,GG,CC,,CC,AA,TT,CC,,,CC,GA,TT,AA,CC,CC,TC,GA,CC,CC,GA,GG,CG,AA,TT,CT,CC,TT,TT,,,CC,GT,TC,GT,CT,GG,CT,GG,AC,GT,CC,TT,AA,,CT,GG,GA,TC,TT,,,,,,,0.0,MI,02-2,Male,26.0,Asian,20.0,27.5,7.5,37.5,20.0,25.0,5.0,25.0,116.0,66.0,18.721,100.0,60.0,80.0,3.0,7.0,3.0,5.0,R,116.0,66.0,18.721,3.17,1.9164837101518328,-2.364555875563304
MI-936,CC,DD,TT,AA,TT,GG,,,,CC,TT,GG,TT,AG,GT,CC,CC,TA,CT,TT,GG,CC,CT,CT,CC,CG,GG,GT,GG,GG,CC,AT,GG,GG,AG,GG,,CC,GG,AA,,GG,CC,AA,CC,CC,GG,AA,GG,AA,CC,"+9, +9",AG,TT,TT,CT,AC,TT,CC,GG,CC,GG,TT,CC,,CC,GG,GG,CC,CG,AG,CG,GA,TT,CC,TT,CC,CG,GG,GG,GG,AG,TC,AA,GG,AT,CC,AA,CG,GG,AA,TT,GG,CC,CT,CC,CC,GG,TT,CC,GG,AA,AA,GG,CT,GG,AA,GG,AA,AA,CC,GG,GG,CT,TT,TC,CC,,CG,TT,GA,AA,CC,GG,CC,GG,AA,TT,CC,AA,GG,GG,CC,GG,,,GG,TC,GG,GG,AG,GG,CG,CC,CC,,CT,GG,GG,CT,GG,GT,GA,GG,TC,AC,AA,GC,CC,AG,AG,TT,TT,4G4G,AA,GG,CC,AA,AA,CC,GG,CC,,CC,AA,CT,CC,,,CG,GA,CT,AA,CC,CC,TC,GA,CC,TT,AA,CC,GG,AA,TT,CC,CC,TT,CC,GG,AA,CC,GG,CC,GG,CC,GG,CC,GG,CC,TT,CC,TT,AA,,TT,GG,GG,TT,TT,,,,,,,0.0,MI,02-2,Male,21.0,Caucasian,15.0,25.0,10.0,66.7,20.0,22.5,2.5,12.5,152.0,72.0,20.613,98.0,82.0,66.0,11.0,23.0,12.0,20.67,R,159.0,72.0,21.562,13.33,-2.3855475378002935,-0.7945345905358757
MI-937,CA,DD,CT,GA,TC,GA,,,,CC,TT,GG,TT,AA,TT,CC,CC,AA,CC,TT,GG,CC,CC,TT,CC,GG,GG,GG,GG,GG,CC,TT,GG,GG,AA,GG,GG,CC,GG,AA,,GG,CC,AA,CT,CC,AG,GG,GG,AA,,"-9, +9",AG,TT,TC,TT,AA,TA,TT,,,,,,,,,GG,CT,CG,AG,CG,GG,TC,CG,CT,CC,CC,GG,GG,GG,AG,TC,AC,GG,AT,CT,AA,GG,GG,AA,TT,GG,TC,CC,CC,CT,,,,,,AA,GG,CT,GG,AA,GG,AA,AA,CC,GG,GG,CC,TT,CC,CT,,CG,TT,GG,TT,CA,,,AG,AC,TT,CC,CA,GG,GG,CT,GG,,,GC,TC,GG,GA,GG,AA,CC,CC,,,CC,GG,GG,CC,GT,GG,GG,GA,CC,CC,AA,CC,TT,AG,AG,TT,CC,4G4G,AA,GG,CT,AA,GG,CC,AG,CC,,CC,AA,CC,CC,,,CC,AA,CT,AA,CT,CT,TT,GG,CC,CC,GG,CG,CC,AA,TT,CT,CC,TT,CC,GG,AA,CC,TT,TT,TT,TT,GG,CT,GA,CC,TT,CC,TT,AA,,CT,GA,GA,TC,TT,,,,,,,0.0,MI,02-2,Male,22.0,Caucasian,22.5,32.5,10.0,44.4,27.5,27.5,0.0,0.0,139.0,73.0,18.337,118.0,84.0,60.0,3.0,4.0,3.0,4.0,R,141.0,73.0,18.601,3.0,-3.0997821675421284,0.24233538732099869
MI-938,CA,ID,CT,GA,TC,GA,,,,CC,TT,GG,TT,AA,TT,CC,CC,AA,CC,TT,GG,CC,CC,TT,CC,GG,GG,GG,GG,GG,CC,AT,GG,GG,AG,GG,GG,CC,GT,GA,,GG,CC,AA,CC,CC,GG,GA,GG,AA,CC,"-9, +9",AA,TT,TT,TT,AA,TT,TC,GG,CC,GG,TT,CC,AG,CT,GG,AG,CT,GG,GG,CC,GG,TT,CC,CT,TC,CC,GG,GG,AG,AA,TT,AA,GA,AT,CC,AA,GG,GG,AA,AT,GG,TT,CT,CG,CC,GG,TT,CC,GG,AA,AA,GG,TT,GG,AA,GG,AT,AA,CC,GG,GG,CC,TT,CC,CC,,CC,TT,GA,AT,CA,GG,GG,AG,AC,TA,CT,CA,GC,GG,TT,GA,,,GG,CC,GG,GG,AA,GA,CC,CC,CC,GG,CT,GG,GG,CC,GG,GG,GG,GG,TT,AA,AA,CC,TT,AG,GG,TT,TT,5G5G,AA,GG,CC,AA,GA,CC,GG,CC,GA,CC,AA,CC,CC,,,CG,GA,CT,AA,CT,CT,TT,GG,CC,CC,GG,CG,CC,AA,TT,CT,CC,TT,CC,GT,AG,CC,GT,TC,GT,CT,GG,CC,AA,AA,GT,CC,GT,AG,,CT,GA,GA,TC,TG,,,,,,,0.0,MI,02-2,Female,21.0,Caucasian,7.5,15.0,7.5,100.0,7.5,7.5,0.0,0.0,100.0,64.5,16.898,112.0,83.0,74.0,3.33,12.0,3.0,12.0,L,100.0,64.0,17.163,5.0,-0.7903950207358889,0.8858416962916067
MI-939,CC,ID,CT,GA,TC,GA,,,,CA,TT,GG,TT,GG,GG,CC,CC,TT,TT,TT,GG,CC,TT,CT,CC,CC,GG,TT,GA,GG,TC,AT,GG,GA,AG,GA,,CC,TT,GG,,GG,CC,AA,CC,CC,GG,GG,GG,AA,CC,"-9, +9",AA,CT,TT,CT,AA,AA,TC,GG,CC,GG,TT,CC,AA,CC,GG,AG,CT,CG,AG,CC,GG,TT,CC,CT,TT,CG,GA,GG,AG,,TC,AA,GA,TT,CC,AA,CG,GG,AA,AA,GG,TT,CC,CC,CC,GG,TT,CC,GG,AA,AA,GG,CC,GA,TA,GG,AT,AA,CC,GA,GG,CC,TT,CC,CT,,CG,TT,GA,AT,CC,GG,CC,AG,AC,AA,CC,CA,GG,GG,CT,GG,,,GC,TC,GG,GG,AA,GG,CC,CC,CC,GG,CT,GG,GG,CC,GT,GT,GG,GG,CC,CC,AA,GC,TC,AG,AG,TC,TT,5G5G,AA,GG,CC,AA,GG,CC,GG,CC,GA,CC,AA,TT,CC,,,CC,GG,TT,AA,TT,TT,TT,GG,CC,CT,GA,CC,CG,AA,CC,CT,CT,TT,CT,GT,AG,TT,GG,CC,GG,CC,GG,CC,GA,AC,GT,CC,TT,AA,,CC,GA,AA,CC,TT,,,,,,,0.0,MI,02-2,Male,22.0,Caucasian,42.5,60.0,17.5,41.2,42.5,50.0,7.5,17.6,171.0,69.0,25.25,118.0,78.0,72.0,4.67,12.0,4.33,13.33,R,170.0,69.0,25.102,4.0,-2.395258852670254,2.7974477865787417
MI-940,CC,DD,CT,GA,TC,GA,,,,CC,TT,GG,TT,AA,TT,CC,CC,AA,CC,TT,GG,CC,CC,TT,CC,GG,GG,GG,GG,GG,CC,TT,GA,GG,AA,GG,GG,CC,GT,GA,,GG,CC,AA,CT,CC,AG,GA,GG,AA,,"-9, -9",AA,CT,TT,CT,AA,TT,TC,,,,,,,,,AA,CT,GG,GG,CC,GG,TT,CC,CT,TT,CG,GG,GG,GG,AA,TC,AA,AA,TT,CC,AA,GG,GG,AA,AA,GG,TT,CC,CC,CT,,,,,,AA,GG,CC,GA,TA,GA,AA,AA,CC,GA,GG,TT,TT,CC,TT,,CC,TT,GA,AA,CC,,,AG,AC,TA,CT,AA,CC,GG,CT,GA,,,GG,TC,GG,GG,AA,AA,CC,CC,,,CC,GG,GG,CC,GT,GT,GA,GG,TC,AC,AA,CC,TT,AG,AG,TT,TC,5G5G,AA,GG,CT,AA,GA,CC,AG,CC,,CT,AA,CT,CG,,,CG,,CT,AA,TT,TT,TT,GG,CC,CC,GG,CG,CC,AA,CT,TT,TT,TT,CC,GG,AA,TT,GT,CC,GT,CC,GA,CC,AA,AC,GT,CC,TT,AA,,CC,GG,AA,TC,TT,,,,,,,0.0,MI,02-2,Female,21.0,Caucasian,10.0,17.5,7.5,75.0,10.0,17.5,7.5,75.0,127.0,67.0,19.889,120.0,80.0,75.0,10.0,24.0,10.0,21.0,R,126.0,65.0,20.965,12.0,-1.3255933472356014,-1.9198671592770482
MI-941,AA,DD,CT,GA,TC,GA,,,,CC,TT,GG,TT,AA,TT,CC,CC,AA,CC,TT,GG,CC,CC,TT,CC,GG,GG,GG,GG,GG,CC,TT,GG,GG,AA,GG,GG,CC,TT,GG,,GG,CC,AA,CC,CT,GG,GG,GG,AA,,"+9, +9",AA,TT,TC,TT,AC,AA,TT,,,,,,,,,AG,CC,GG,GG,CC,GG,TT,CC,CT,TC,CC,GG,GG,AG,AG,CC,AA,AA,TT,,AA,CG,GG,AA,AA,GG,TC,CC,CC,CC,,,,,,AG,GG,CC,GG,AA,GG,AA,AA,CC,GG,GG,CC,TT,TT,CC,,GG,TT,GG,AT,CC,,,GG,AA,AA,TT,CA,GC,GG,CC,GA,,,GG,TC,GG,GA,AG,AA,CC,CC,,,CT,GG,GG,CC,GG,GT,GA,GG,TT,AA,AA,GC,TT,AG,AA,TT,TT,5G5G,AA,GG,CC,AA,GG,CC,GG,CT,,CC,AA,TT,CC,,,CC,GA,TT,AA,CT,CT,TT,GG,CC,CC,GG,GG,CC,AA,TT,CC,CC,TT,CC,GG,AA,CC,GG,CC,GG,CC,GG,CC,GA,AA,GT,CC,GT,AG,,CT,GG,GA,CC,TT,,,,,,,0.0,MI,02-2,Female,19.0,Caucasian,12.5,22.5,10.0,80.0,15.0,17.5,2.5,16.7,126.0,65.0,20.965,120.0,80.0,80.0,6.33,16.0,9.67,16.0,R,128.0,65.0,21.298,8.0,-0.5175672816423861,-0.21778670791100546
MI-942,CA,II,CT,GA,TC,GA,,,,CA,TT,GG,TT,GG,GG,CC,CC,TT,TT,TT,GG,CC,TT,CT,CC,CC,GG,TT,GA,GG,TC,AA,GG,GA,GG,AA,GG,CC,TT,GG,,GG,CC,AA,CT,CC,AG,GG,GG,AA,CC,"+9, +9",GG,CT,CC,CT,AA,AA,TC,GG,CC,GG,TT,CC,AA,CC,GG,AG,CC,CG,AG,CC,GG,TT,CC,CT,TT,,GA,GG,AG,AG,TC,AA,AA,AT,CT,AA,CG,GG,AA,AT,GG,TT,CC,CC,CC,GG,TT,CC,GG,AA,AA,GG,TT,GA,TT,GA,AA,AA,CC,AA,GG,CT,TT,TT,CT,,CG,TT,GG,AT,CA,GG,CG,AG,AC,TA,CT,CA,GC,GC,CC,GA,,,GC,TC,GG,GG,AG,GA,CC,CC,CC,GG,CC,GG,GG,CT,GG,GT,GG,GG,TC,AC,AA,GC,TT,AG,AA,TT,TT,4G5G,AA,GG,,AA,GG,CC,AG,CC,GG,CT,AG,CT,CC,,,CG,AA,TT,AA,CC,CC,TT,GG,CC,CT,GA,CC,CG,AA,TT,TT,CC,TT,CT,GT,AG,CT,GT,TC,GT,CT,GG,CC,GA,AA,GG,CC,TT,AA,,TT,GA,GG,TT,TT,,,,,,,0.0,MI,02-2,Female,19.0,Caucasian,15.0,22.5,7.5,50.0,20.0,20.0,0.0,0.0,130.0,64.0,22.312,110.0,80.0,70.0,7.0,20.33,7.0,20.67,R,131.0,65.0,21.797,9.0,-1.7305365547185116,4.02800080685732
MI-943,CC,II,CC,GG,CC,AA,,,,CC,TC,GG,TT,AG,GT,CC,CC,TA,CT,TT,GG,CC,CT,TT,CC,CG,GG,GG,GG,GG,TC,AT,GG,GA,AG,GA,GG,CC,GT,GG,,GG,CC,AA,CC,CC,GG,GA,GG,AA,,"-9, +9",AA,CT,TT,CT,AA,AA,TC,,,,,,,,,AA,CT,GG,GG,CC,GG,TT,CC,CC,CC,CG,GG,GG,AA,AA,TT,AA,AA,AA,CC,AA,GG,GG,AA,AA,GG,TT,CC,CC,CT,,,,,,AA,GG,CC,GG,AA,GG,AA,AA,CC,GG,GG,CT,TT,TC,CC,,CC,TT,GG,AT,CC,,,GG,AA,AA,CC,AA,GC,GC,CC,AA,,,GG,CC,GG,GG,AG,AA,CC,CC,,,CT,GG,GG,CC,GG,GT,GG,GG,TT,AA,AA,GC,TT,AG,AG,TT,CC,4G5G,AA,GG,CC,AA,GA,CC,GG,CC,,CC,AG,CT,CC,,,CC,GA,TT,AA,TT,TT,TT,GG,CC,CC,GG,CG,CG,AA,CT,CC,CC,TT,TT,GG,AA,CT,GG,CC,GG,CC,GG,CC,GA,AC,GT,CC,TT,AA,,CT,GA,GA,TC,TT,,,,,,,0.0,MI,02-2,Female,27.0,Caucasian,10.0,17.5,7.5,75.0,12.5,15.0,2.5,20.0,82.0,57.0,17.743,110.0,79.0,66.0,4.0,13.0,5.0,11.67,R,82.0,57.0,17.743,5.0,-2.1162250664949154,-1.0531635467897034
MI-944,CA,II,CT,GA,TC,GA,,,,CA,TC,GG,TC,GG,,CC,TC,TT,CT,GT,AG,,CT,,,,,GG,GG,GA,,,,GA,,,GA,CT,GT,GG,,GG,CC,AA,CC,CC,GG,GG,GG,AA,CC,"-9, -9",GG,CC,TT,TT,AA,TT,TC,GG,CC,GG,TT,CC,AG,CC,GG,AG,CC,CG,AG,CC,GA,TT,CC,CT,TC,CG,GA,GG,AA,AA,TT,AA,GA,,TT,AG,GG,GG,AA,AT,GG,TT,,CC,CT,GG,TT,CC,GG,AA,AA,GG,TT,GG,AA,GG,AA,AA,CC,GG,GG,CC,TT,CC,CT,,GG,TT,GA,AA,CC,GC,GG,AG,AC,TT,CC,CA,GC,GG,CT,GA,,,GG,TT,GG,GG,AG,AA,CC,CT,CC,GG,CT,GG,GG,CC,GG,GG,GA,GG,TC,AC,AA,GG,TT,AG,AG,TT,TC,4G5G,AA,GG,CC,AA,GG,CC,GG,CC,AA,CC,AA,TT,CC,,,CC,GA,TT,GA,CT,CT,TC,GA,CC,CC,GG,CC,GG,CC,TT,CT,CC,TT,CC,,,CC,GG,CC,GG,CC,GG,CC,AA,AA,GG,CT,TT,AA,,TT,GG,GG,TT,TT,,,,,,,0.0,MI,02-2,Male,39.0,Asian,37.5,42.5,5.0,13.3,35.0,40.0,5.0,14.3,111.0,62.0,20.3,122.0,80.0,60.0,3.0,4.0,2.0,4.0,R,116.0,62.0,21.214,2.67,3.772390665804029,-2.2504122864107194
MI-945,CC,ID,TT,AA,TT,GG,,,,AA,TT,GG,TC,AA,TT,CC,CC,AA,CC,TT,GG,CC,CC,TT,CC,GG,GG,GG,GG,GG,CC,TT,GG,GA,AG,GA,GG,CC,GT,GA,,GG,CC,AA,CC,CC,GG,GA,GG,AA,CC,"+9, +9",GG,TT,TT,CT,AA,AA,TT,GG,CC,GG,TT,CC,AG,CC,GG,AG,CC,CG,AG,CC,GG,TT,CC,TT,TC,CC,AA,GA,AG,AA,TC,AA,GA,AT,CT,AA,GG,GA,AT,TT,GG,TT,CC,CC,CC,GG,TT,CC,GG,AA,AA,GG,CC,GG,TA,GG,AT,AA,CC,GG,GG,CC,TT,CC,TT,,GG,TT,GG,AA,CC,GG,CG,AA,CC,AA,TT,CC,GC,GG,CT,GA,,,GG,CC,GG,GG,AA,GA,CC,CT,CC,GT,CT,AG,GG,CC,GG,GT,GG,GG,TT,AA,GG,CC,TC,AG,AG,TT,TT,5G5G,AA,GG,CC,AA,GA,CC,GG,CC,GA,CC,AG,CC,CC,,,CC,GA,CT,AA,CT,CT,TC,GA,CC,CC,GG,GG,CC,AA,CT,TT,CC,TT,CC,TT,GG,CC,GG,CC,GG,CC,GG,CC,AA,CC,TT,CC,TT,AA,,CC,GA,AA,CC,TG,,,,,,,0.0,MI,02-2,Female,20.0,Caucasian,17.5,27.5,10.0,57.1,17.5,22.5,5.0,28.6,137.0,62.0,25.055,112.0,78.0,92.0,10.0,15.0,9.67,15.0,R,141.0,62.0,25.786,12.0,1.2826383554381682,-1.0728385662780349
MI-946,CA,DD,CT,GA,TC,GA,,,,CA,TC,GG,TT,AG,,CT,CC,TA,CC,TT,GG,,CC,,,,,GG,GG,GA,,,,GA,,,GG,CC,GT,GA,,GG,CC,AA,CC,CT,AG,GG,GG,AA,,"-9, +9",AG,TT,TC,TT,AC,TA,TT,,,,,,AA,,,AA,CT,CC,GG,CC,GA,TT,CC,CT,TT,CG,GA,GA,AA,AA,TT,AC,GG,,CT,AA,GG,GG,AA,TT,GG,TT,,CC,CC,GG,,,,,AA,GG,CC,GG,AA,GG,AA,AA,CC,GG,GG,CT,TA,TC,CC,,CC,TT,AA,TT,CC,,,AG,AC,TA,CT,CA,GC,GG,CT,GG,,,GG,,GG,GG,AG,GA,CC,CT,,GG,CC,AG,GT,CT,GG,GG,GA,GG,TC,AC,AA,GG,TT,AG,AG,TT,TC,4G5G,AA,GG,CC,AA,GG,CC,AG,CT,GA,CC,AA,CT,CC,,,CC,GA,TT,AA,TT,CT,TT,GG,CC,CT,GA,CC,CG,AA,TT,TT,CT,TT,CC,,,CT,GT,TC,GT,CT,GG,CT,GG,AA,GT,CC,TT,AA,,CC,GA,AA,CC,TG,,,,,,,0.0,MI,02-2,Male,22.0,Asian,17.5,27.5,10.0,57.1,22.5,25.0,2.5,11.1,161.0,67.0,25.213,120.0,83.0,75.0,9.0,17.0,8.67,16.67,R,165.0,67.0,25.84,6.0,0.08528338747892643,-0.2470763744862158
MI-947,CA,ID,CC,GG,CC,AA,,,,CA,TT,GG,TT,AA,TT,CC,CC,AA,CC,TT,GG,CC,CC,TT,CC,GG,GG,GG,GG,GG,CC,TT,GA,GG,AA,GG,GG,CC,GT,GG,,GG,CC,AA,CC,CC,GG,GG,GG,AA,,"-9, +9",AG,CC,TC,TT,AC,TT,TC,,,,,,,,,AA,TT,CG,AA,CC,GG,TT,CC,CC,TT,CC,GA,GG,AA,AA,TT,AC,GA,AT,CC,AG,CG,GG,AA,AT,GG,TC,CC,CC,CC,,,,,,AA,GG,CC,GG,AA,GG,AA,AA,CC,GG,GG,CC,TT,CC,CT,,CG,TT,GG,AA,CC,,,GG,AA,AA,CC,CA,GG,GG,CC,GA,,,GG,CC,GG,GG,AG,AA,CC,CT,,,TT,AG,GG,CC,GG,TT,GG,GG,TC,AC,GG,GC,TT,AG,AG,TC,TC,4G4G,AA,GG,CC,AA,GG,CC,GG,CC,,CT,AG,CC,CC,,,CC,GA,TT,AA,CT,CT,TT,GG,CC,CT,GA,CG,CG,AA,CT,CC,CC,TT,CC,GT,AG,TT,GG,CC,GG,CC,GG,CC,GG,AA,GG,CC,TT,AA,,CT,GG,GA,TC,TT,,,,,,,0.0,MI,02-2,Female,24.0,Caucasian,15.0,22.5,7.5,50.0,17.5,17.5,0.0,0.0,140.0,68.0,21.285,100.0,75.0,70.0,8.0,18.33,6.0,16.67,R,145.0,68.0,22.045,7.33,-2.348828212493516,-1.687152932229365
MI-948,CC,II,CT,GA,TC,GA,,,,CC,TT,GG,TT,AG,GT,CC,TC,TA,CC,GT,AG,CT,CC,TT,CC,CG,GG,GT,GA,GG,CC,AT,GG,GG,AG,GA,GG,CC,GT,GA,,GG,CC,AA,CC,CC,GG,GG,GG,AA,CC,"-9, +9",AA,CT,TC,CT,AA,TA,TC,GG,CC,GG,TT,CC,AA,CC,GG,GG,CC,GG,GG,CC,GG,TT,CC,CT,TT,CC,GA,GG,AG,AA,TC,CC,GG,TT,CC,AA,CG,GG,AA,AA,GG,TT,CC,CC,CT,GG,TT,CC,GG,AA,AA,GG,CT,GG,TA,GG,AA,AA,CC,GA,GA,CC,TT,TC,TT,,CG,TT,GA,AA,CC,GG,CG,AG,AC,TA,CC,CA,GC,GG,CT,GA,,,GG,CC,GG,GA,AG,GA,CC,CC,CC,GG,CC,GG,GG,CC,TT,GG,GG,GG,TC,AC,AA,GC,,AG,AG,TT,CC,4G4G,AA,GG,CC,AA,GG,CC,GG,CC,GA,CC,AA,TT,CC,,,CC,GA,TT,AA,TT,TT,TT,GG,CC,CC,GG,CG,CC,AA,TT,TT,CT,TT,CT,GG,AA,CT,GG,CC,GG,CC,GG,CC,GA,CC,TT,CC,TT,AA,,TT,GA,GG,TT,TT,,,,,,,2.0,MI,02-3,Female,20.0,Caucasian,,22.5,,,12.5,12.5,0.0,0.0,115.0,63.0,20.369,120.0,76.0,65.0,5.33,9.33,6.33,10.67,R,118.0,63.0,20.9,5.0,0.08149216208460187,-2.8557195236283635
MI-949,CC,DD,TT,AA,TT,GG,,,,CC,TT,GG,TC,AG,,CC,TC,TA,CC,GT,AG,,CC,,,,,GG,GG,GA,,,,GG,,,,CC,TT,GG,,GG,CC,AA,CC,CC,GG,GG,GG,AA,,"+9, +9",GG,TT,CC,TT,CC,TT,TT,,,,,,,,,AG,CC,CG,GG,CC,GA,,CC,TT,CC,CG,GG,GG,AA,AA,TT,AC,GG,,CC,AA,GG,GG,AA,AA,GG,TT,,CC,CC,,,,,,AA,GG,CT,GG,TA,GG,AA,AA,CC,GA,GG,CC,TT,CC,CC,,CC,TT,GA,AA,CC,,,AG,AC,TT,CC,CA,GG,GG,CC,GA,,,GG,CC,GG,GG,AG,GA,CC,CC,,,CC,GG,GT,CC,GG,GT,GG,GG,TC,AC,GG,GC,TT,AG,AG,TT,TC,4G4G,AA,GG,CC,AA,GG,CC,GG,CC,,CC,GG,CC,CC,,,CC,GA,TT,AA,CC,CC,TT,GG,CC,CT,GA,CC,CG,AA,TT,CT,CT,TT,CT,,,CC,GG,CC,GG,CC,GA,CC,GA,AC,GT,CC,TT,AA,,TT,GG,GG,TT,TT,,,,,,,,,,,,,,,,,,,,,,,,,,,,,,,,,,,,1.4239903989312583,-2.952605773908095
MI-950,CA,ID,CT,GA,TC,GA,,,,CC,TT,GG,TT,AG,,CC,CC,TA,CT,TT,GG,,CT,,,,,GT,GG,GG,,,,GA,,,GA,CT,GT,GG,,GG,CC,AA,CC,CC,GG,GG,GG,AA,,"-9, +9",AG,TT,TT,TT,AC,TT,TC,,,,,,,,,GG,TT,CC,AA,CC,GG,TT,CC,CT,CC,CC,GG,GG,AG,AA,TC,CC,GG,,CC,AG,CG,GG,AA,TT,GG,CC,,CC,TT,,,,,,AA,GG,CC,GG,TA,GA,AA,AA,CC,GA,GG,CT,TA,TC,CC,,CC,TT,AA,AT,CA,,,GG,AA,TA,CT,AA,GC,GG,CT,GG,,,GG,CC,GG,GG,AA,GA,CC,CT,,,CT,AG,GT,CC,GG,GG,AA,GG,TT,AA,AA,GC,TT,AA,AA,TT,CC,4G5G,AA,GG,CC,AA,GG,CC,GG,CC,,CT,AA,CC,CC,,,CC,GG,CT,GA,CT,CT,TT,GG,CC,CC,GG,CG,CC,AA,TT,CT,CC,TT,CC,,,CC,TT,TT,TT,TT,GG,CC,AA,AA,GG,CC,TT,AA,,CT,AA,GA,TC,TT,,,,,,,,,,,,,,,,,,,,,,,,,,,,,,,,,,,,-1.972329712687768,1.0715794862972787
MI-951,CC,II,CT,GA,TC,GA,,,,CA,TT,GG,TC,AG,,CC,TC,TA,CC,GT,AG,,CC,,,,,GG,GG,GA,,,,GA,,,GG,CC,GT,GA,,GG,CG,AA,CC,CC,AG,GG,GG,AA,CC,"-9, +9",GG,CT,TC,CC,AA,TA,TT,GG,CC,GG,TT,CC,AG,CC,GG,AA,CT,CG,AG,GG,AA,TT,CC,CT,TT,CG,GA,GA,AA,AG,TC,AA,GA,,CT,AA,CG,GG,AA,AA,GG,TT,,CC,CC,GG,TT,CC,GG,AA,AA,GG,TT,GG,AA,GG,AA,AA,CC,GG,GG,CC,TT,TC,CT,,CG,TT,GA,AA,CC,CC,GG,AG,AC,TA,CT,CA,GG,GG,CT,GA,,,GG,CC,GG,GG,AG,GG,CG,TT,CC,GG,CC,AA,GG,CT,GT,GG,GG,GA,TC,AC,AA,GC,TT,AG,AA,TT,CC,4G5G,AA,GG,CC,AA,GG,CG,,CC,GA,CC,AA,CT,CC,,,CC,GA,TT,AA,TT,TT,TT,GG,CC,TT,AA,CC,GG,AA,CT,CT,CC,TT,CC,,,CC,GT,TC,GT,CT,GG,CC,GG,AC,TT,CT,GT,AG,,TT,GA,GG,TT,TT,,,,,,,0.0,MI,02-3,Male,24.0,Asian,17.5,30.0,12.5,71.4,25.0,30.0,5.0,20.0,145.0,74.0,18.615,122.0,78.0,70.0,3.0,7.0,3.0,6.83,R,160.0,74.0,20.541,3.0,2.001111719334146,-2.066862669890025
MI-952,CA,II,CC,GG,CC,AA,,,,CC,TC,GA,TT,AA,TT,CC,CC,AA,CC,TT,GG,CC,CC,TT,CC,GG,GG,GG,GG,GG,CC,TT,GA,GG,AG,GG,GG,CC,TT,GG,,GG,CC,AA,CT,CC,GG,GG,GG,AA,,"-9, -9",GG,TT,TT,TT,AC,TT,TC,,,,,,,,,GG,CT,GG,GG,CC,GG,TT,CC,CC,CC,CC,GG,GG,AG,AG,TC,AC,GG,AT,CT,AA,CG,GG,AA,TT,GG,TT,CT,CC,CC,,,,,,AA,GG,CC,GG,AA,GG,AA,AA,CC,GG,GG,CC,TT,CC,CC,,CC,TT,GG,AA,CC,,,AG,AC,TT,CC,CA,GC,GG,CT,GA,,,GC,TT,GG,GG,AA,GA,CC,CT,,,CT,AG,GG,CC,GG,GG,GG,GG,TC,AC,AA,GG,TT,AG,AA,TT,TT,5G5G,AA,GG,CT,AA,GG,CC,GG,CC,,CC,AA,CC,CC,,,CC,GA,TT,AA,TT,TT,TT,GG,CC,CC,GG,CG,CC,AA,CT,CT,CT,TT,CC,TT,GG,CC,GG,CC,GG,CC,GG,CC,AA,AA,GT,CC,GT,AG,,TT,GG,GG,TT,TT,,,,,,,0.0,MI,02-3,Female,35.0,Caucasian,15.0,27.5,12.5,83.3,17.5,17.5,0.0,0.0,129.0,63.0,22.849,120.0,78.0,68.0,10.0,13.33,10.33,9.67,R,130.0,63.5,22.665,10.33,-2.059382641219749,-2.2099025288927563
MI-953,CA,,CT,GA,TC,GA,,,,CC,TT,GG,TT,AG,GT,CC,CC,TA,CT,TT,GG,CC,CT,CT,CC,CG,GG,GT,GG,GG,TC,AA,GG,GA,GG,AA,GG,CC,GT,GA,,GG,CG,AA,CT,CC,AA,GA,GG,AA,,"-9, -9",GG,CC,TC,CC,AA,,TT,,,,,,,,,AA,TT,GG,GG,CG,GG,TT,CC,CT,CC,CC,GG,GA,GG,AG,CC,AA,GG,AT,CC,AG,GG,GG,AA,AT,GG,TC,CC,,CC,,,,,,AA,GG,CC,GG,AA,GG,AA,AA,CC,GG,GG,CT,TT,TC,CT,,CG,TT,GA,AT,CA,,,GG,AA,TT,CC,AA,CC,GG,CC,GG,,,GG,CC,GG,GA,GG,GA,CC,CT,,,CC,AG,GT,CC,GT,TT,GG,GA,CC,CC,AA,,TT,AA,,,TC,4G4G,AA,GG,CT,AA,GA,CG,AA,CC,,CC,AA,CC,CC,,,GG,GA,CC,GA,CT,CT,,,CC,CT,GG,CG,CG,AA,TT,TT,CC,TT,CC,GT,AG,CC,GG,CC,GG,CC,AA,CC,GA,AA,GT,CC,GT,AG,,TT,GA,GG,TT,,,,,,,,0.0,MI,02-3,Female,19.0,Caucasian,15.0,25.0,10.0,66.7,15.0,17.5,2.5,16.7,125.0,63.0,22.14,120.0,80.0,65.0,8.0,18.33,6.83,20.33,R,131.0,63.0,23.203,10.33,-0.4976402370238128,1.4922048960899508
MI-954,CC,ID,CT,GA,TC,GA,,,,CA,TT,GG,TT,GG,,CC,TT,TT,CC,GG,AA,,CC,,,,,GG,GG,AA,,,,GG,,,GG,CC,TT,GG,,GG,CC,AA,CC,CC,GG,GG,GG,AA,CC,"-9, +9",AG,CT,TC,CC,CC,TT,CC,GG,CC,GG,TT,CC,GG,CC,GG,AG,CC,GG,GG,CC,GG,TT,CC,CT,CC,CC,GA,GG,AG,AG,TC,AA,GA,,CC,AA,GG,GG,AA,AT,GG,TC,,CC,CT,GG,TT,CC,GG,AA,AA,GG,CC,GG,TA,GG,AA,AA,CC,GG,GG,CT,TT,TC,CT,,GG,TT,GA,AA,CC,GC,GG,AA,CC,TA,CT,CC,GC,GG,CT,GG,,,GG,CC,GG,GG,AA,AA,CC,CC,CA,TT,CT,GG,GT,CT,GG,GT,GG,GG,TT,AA,AA,GC,TT,AG,AG,TT,TC,5G5G,AA,GG,CC,AA,GG,CC,GG,CC,GA,CC,,CT,CC,,,CC,GA,TT,AA,TT,TT,TT,GG,CC,CT,GA,CC,CG,AA,CT,CT,CC,TT,CT,,,CC,GG,CC,GG,CC,GG,CT,GG,AC,GT,CC,TT,AA,,CC,GG,AA,CC,TT,,,,,,,0.0,MI,02-3,Male,22.0,Asian,15.0,22.5,7.5,50.0,17.5,20.0,2.5,14.3,99.0,67.0,15.504,110.0,78.0,70.0,3.0,6.0,4.0,9.0,R,105.0,67.0,16.444,2.33,6.073989533507862,-2.5452933876658723
MI-955,CC,ID,TT,AA,TT,GG,,,,CC,TC,GG,TT,AA,,CT,CC,TA,CC,TT,GG,,CC,,,,,GG,GG,GA,,,,GG,,,GG,CC,TT,GG,,GG,CC,AA,CC,CT,GG,GA,GG,AA,CC,"-9, +9",AG,CT,TC,TT,AC,TA,TC,GG,CC,GG,TT,CC,AA,CC,GG,GG,CT,CG,AG,CG,GG,TT,CC,TT,TT,CG,GG,GG,AA,AA,TT,CC,GG,,CT,AA,GG,GG,AA,AT,GG,TC,,CC,CT,GG,TT,CC,GG,AA,AA,GG,CC,GG,AA,GG,AA,AA,CC,GG,GG,CC,TT,TC,CT,,GG,TT,GG,AT,CC,GG,CG,GG,AA,TT,CC,AA,GG,GG,CC,GA,,,GG,TC,GG,GG,AG,GA,CC,CT,CA,GT,CT,AG,GT,CC,GG,GT,GA,GG,TC,AC,AA,GC,TT,AG,AG,TT,TC,4G4G,AA,GG,CC,AA,GA,CC,GG,CT,GG,CC,AA,CC,CC,,,CG,GG,TT,AA,CT,CT,TT,GG,CC,CC,GG,GG,CC,AA,TT,CT,TT,TT,CC,,,CC,GG,CC,GG,CC,GG,CC,GA,AA,GG,CC,TT,AA,,CT,GG,AA,TC,TT,,,,,,,0.0,MI,02-3,Male,27.0,Other,25.0,37.5,12.5,50.0,27.5,30.0,2.5,9.1,138.0,67.0,21.611,118.0,72.0,68.0,6.0,16.0,7.67,13.0,R,135.0,67.0,21.142,4.0,0.17518828429290872,-1.9278552741213675
MI-956,CC,DD,CT,GA,TC,GA,,,,CA,TT,GG,TT,AA,TT,CC,CC,AA,CC,TT,GG,CC,CC,TT,CC,GG,GG,GG,GG,GG,CC,TT,GG,GG,AA,GG,GG,CC,GT,GA,,GG,CC,AA,CT,CC,AG,GG,GG,AA,,"-9, +9",GG,CT,TC,CT,AA,TA,TT,,,,,,,,,GG,TT,CG,AG,CC,GG,TC,CG,CT,TC,CG,GA,GG,AG,AG,TC,AA,GA,TT,TT,AA,CG,GG,AA,AA,GG,TT,CT,CC,CC,,,,,,AA,GG,CT,GG,AA,GG,AA,AA,CC,GG,GG,CC,TT,CC,CC,,CC,TT,GG,AT,CC,,,AA,CC,TA,CT,CC,GC,GG,CT,GA,,,GG,CC,GG,GG,AA,GG,CC,CC,,,CC,GG,GG,CT,GT,GG,GA,GG,TT,AA,AA,GC,CC,AG,,TT,TC,5G5G,AA,GG,CT,AA,GG,CC,AG,CC,,CC,AA,CT,CC,,,CC,GG,CT,AA,TT,TT,TT,GG,CC,CT,GA,CG,CG,AA,CT,TT,CC,TT,CC,GT,AG,CC,GT,TC,GT,CT,GG,CC,GA,CC,TT,CC,TT,AA,,CT,GG,GA,TC,TT,,,,,,,0.0,MI,02-3,Female,21.0,Caucasian,12.5,22.5,10.0,80.0,15.0,17.5,2.5,16.7,131.0,65.0,21.797,100.0,60.0,68.0,6.67,26.33,10.33,20.67,R,134.0,65.0,22.296,7.33,-2.0354140276886894,-0.22541953014618005
MI-957,CC,,CC,GG,CC,AA,,,,CA,TT,GG,TT,AA,TT,CC,CC,AA,CC,TT,GG,CC,CC,TT,CC,GG,GG,GG,GG,GG,CC,TT,GG,GG,AA,GG,GG,CC,TT,GG,,GG,CC,AA,CT,CC,AG,GG,GG,AA,CC,"-9, -9",AA,CC,TT,CC,AA,TA,CC,GG,CC,GG,TT,CC,AA,CC,GG,AA,CC,GG,GG,CC,GG,TT,CC,CC,TC,CG,GA,GG,AA,AA,TT,AC,GG,TT,CC,AA,GG,GA,AT,AT,GG,TT,CT,CC,CC,GG,TT,CC,GG,AG,AG,GG,CT,GA,TA,GG,AA,AA,CC,GG,GG,CC,TT,CC,CT,,CG,TT,GG,AA,CC,GG,GG,AA,CC,AA,TT,CA,GC,GG,CT,GA,,,GG,CC,GG,GG,AA,AA,CC,CT,CC,GG,CC,AG,GG,CT,GG,TT,GG,GA,CC,CC,AA,CC,TT,AG,AA,TT,TT,4G4G,AA,GG,CT,AA,GG,CC,AG,CC,AA,CC,AA,CC,CC,,,CG,AA,TT,AA,CC,CC,CC,AA,CC,CT,GA,CC,CG,AA,TT,CT,CC,TT,TT,TT,GG,CC,GG,CC,GG,CC,GG,CC,AA,AC,GT,CC,TT,AA,,TT,GG,GG,TT,TT,,,,,,,0.0,MI,02-3,Female,21.0,Caucasian,15.0,30.0,15.0,100.0,20.0,20.0,0.0,0.0,225.0,63.0,39.853,118.0,80.0,70.0,23.67,35.0,28.33,38.0,R,219.0,64.0,37.587,20.33,0.1850872812925246,-0.15998854182245628
MI-958,CC,ID,TT,AA,TT,GG,,,,AA,TC,GG,TT,GG,,CC,TC,TT,CT,GT,AG,,CT,,,,,GT,GG,GA,,,,GA,,,GA,CT,GT,GG,,GG,CC,AA,CC,CT,GG,GG,GG,AA,,"+9, +9",AG,TT,TT,CT,AA,TA,TT,,,,,,,,,AG,CC,CC,GG,CG,GG,TT,CC,TT,TT,CG,AA,GA,AG,AG,TC,CC,GG,,CC,AA,GG,GG,AA,AA,GG,TC,,CC,CC,,,,,,AA,GG,TT,GG,TA,GG,AA,AA,CC,GG,GG,CC,TT,CC,TT,,GG,TT,GG,AA,,,,AG,AC,TA,CC,CA,GG,GG,CT,GG,,,GG,TC,GG,GG,AG,AA,CC,CT,,,CC,AG,GG,CC,GG,GT,GA,GG,TC,AC,AA,CC,CC,GG,AA,TT,CC,4G4G,AA,GG,CC,AA,GG,CC,GG,CT,,CC,AA,CC,CC,,,CC,GA,CT,AA,CT,CC,TT,GG,CC,CC,GG,CG,CG,AC,CC,TT,CC,TT,CC,,,CC,GG,CC,GG,CC,GG,CC,GA,CC,TT,CC,TT,AA,,TT,GG,GG,TT,TT,,,,,,,0.0,MI,02-3,Male,26.0,Other,30.0,42.5,12.5,41.7,30.0,32.5,2.5,8.3,177.0,73.0,23.35,120.0,78.0,65.0,5.67,9.67,6.67,8.67,R,182.0,73.0,24.009,7.0,2.33823481835913,-1.9046169156577808
MI-959,AA,II,TT,AA,TT,GG,,,,CC,,,TT,AA,TT,CC,CC,AA,CC,TT,GG,CC,CC,TT,CC,GG,GG,GG,GG,GG,CC,TT,GG,GG,AA,GG,,CT,GG,GG,,GG,CC,AA,CT,CC,AG,GG,GG,AA,,"-9, +9",GG,CT,CC,CT,AC,TA,TC,,,,,,,,,GG,CT,CG,GG,CC,GA,TT,CC,TT,CC,CG,GG,GG,AG,AG,TC,AC,GG,AT,CC,AA,CG,GG,AA,AT,GG,TC,CC,CC,CC,,,,,,AA,GG,CT,GG,TA,GA,AA,AA,CC,GA,GG,CC,TT,,CT,,CG,TT,GA,AA,CC,,,AG,AC,AA,CT,CA,GG,GG,CT,GG,,,GG,,GG,,,GA,CC,CT,,,CT,AG,GG,CT,GG,GG,GG,GG,TT,,AA,GC,TT,AG,,TT,TC,4G4G,AA,GG,CT,AA,GG,CC,AG,CC,,CT,AG,CC,CC,,,CG,GA,TT,AA,CT,CT,TT,GG,CC,CT,GA,CC,CG,AA,CT,TT,CC,TT,CT,GG,AA,CT,GT,TC,GT,CT,GG,CC,GA,AC,GT,CC,TT,AA,,CC,GG,AA,CC,TT,,,,,,,0.0,MI,02-3,Female,21.0,Caucasian,12.5,22.5,10.0,80.0,17.5,17.5,0.0,0.0,160.0,69.0,23.625,118.0,78.0,65.0,14.0,22.33,12.67,23.67,R,160.0,69.0,23.625,12.0,-1.1485611138846652,-0.7801017820427714
MI-960,CC,DD,CT,GA,TC,GA,,,,CC,TT,GG,TT,AG,GT,CC,CC,TA,CT,TT,GG,CC,CT,CT,CC,GG,GG,GG,GG,GG,CC,AT,GG,GG,AG,GA,GG,CC,GT,GA,,GG,CC,AA,CC,CC,GG,,GG,AA,CC,"-9, -9",GG,TT,TT,TT,AC,TA,TT,GG,CC,GG,TT,CC,AG,CC,GG,AG,CC,GG,GG,CC,GG,TT,CC,CT,TC,CG,GG,GG,AG,AG,TC,AA,GA,AT,TT,AA,GG,GA,AT,AA,GG,TT,TT,CC,CC,GG,TT,CC,GG,AA,AA,GG,CC,GG,AA,GG,AA,AA,CC,GG,GG,CC,TT,TC,CC,,CG,TT,AA,AA,AA,CC,GG,AA,CC,TT,CC,CC,GC,GG,CT,AA,,,GG,CC,GA,GG,AG,AA,CC,CT,CA,GG,CT,AG,GT,CC,GG,GT,GG,GG,TT,AA,AA,GG,TT,AG,AA,TT,TC,4G4G,AA,GG,CC,AA,,CC,GG,CC,GA,CC,AA,CC,CC,,,CG,GA,TT,AA,CT,CT,TT,GG,CC,CT,GA,CC,CG,AA,CC,CC,CC,TT,CC,GG,AA,CC,GT,TC,GT,CT,AA,CC,GA,AA,GG,CC,GT,AG,,CC,GA,AA,CC,TT,,,,,,,0.0,MI,02-3,Female,25.0,Caucasian,20.0,30.0,10.0,50.0,22.5,30.0,7.5,33.3,222.0,64.0,38.102,122.0,84.0,74.0,16.0,20.67,18.33,24.0,R,220.0,64.0,37.759,16.33,-1.9526832303791484,0.07604232264173737
MI-961,,,,,,,,,,,,,TT,AA,,CC,CC,AA,CC,TT,GG,,CC,,,,,GG,GG,,,,,GG,,,,,,,,,,,,,,,,,,,,,,,,,,,,,,,,,,,,,,,,,,,,,,,,,,,,,,,,,,,,,,,,,,,,,,,,,,,,,,,,,,,,,,,,,,,,,,,,,,,,,,,,,,,,,,,,,,,,,,,,,,,,,,,,,,,,,,,,,,,,,,,,,,,,,,,,,,,,,,,,,,,,,,,,,,,,,,,,,,,,,,,,,,,,,,,,,,,,,,,,,,,,,,,,,,,,,,,,,,,,,-0.18411551853249458,-0.2985208557236283
MI-962,CC,DD,CT,GA,TC,GA,,,,CC,TT,GA,TT,AG,GT,CC,CC,TA,CT,TT,GG,CC,CT,CT,CC,CG,GG,GT,GG,GG,TC,AT,GG,GA,AG,GA,GG,CC,TT,GG,,GG,CC,AA,CC,CC,GG,GG,GG,AA,,"-9, -9",GG,CT,TC,CT,AA,TT,TT,,,,,,,,,AG,CC,CG,AG,CC,GG,TT,CC,CT,TC,CC,GG,GA,AG,AG,TC,AC,GG,TT,CT,AA,CG,GA,AT,AA,GG,TT,CC,CC,CC,,,,,,AA,GG,CC,GG,TA,GA,AA,AA,CC,GA,GG,CC,TT,CC,CC,,CC,TT,GA,AA,CC,,,AG,AC,TA,CT,CA,GG,GG,CC,GG,,,GG,TC,GG,GG,AA,GG,CC,CC,,,CC,GG,GG,CC,GG,GT,GG,GG,TT,AA,AA,GC,CC,AG,AG,TT,TC,4G5G,AA,GG,CC,AA,GG,CC,GG,CC,,CC,AG,CT,CG,,,CC,GA,TT,AA,TT,TT,TT,GG,CC,TT,AA,CC,GG,AA,CT,CC,CC,TT,CC,GT,AG,CC,GT,TC,GG,CT,GG,CC,GA,AA,GT,CC,GT,AG,,CT,GA,GA,TC,TT,,,,,,,0.0,MI,02-3,Female,19.0,Caucasian,15.0,30.0,15.0,100.0,15.0,20.0,5.0,33.3,132.0,67.0,20.672,110.0,78.0,60.0,9.0,18.0,9.67,21.0,R,135.0,67.0,21.142,7.0,-2.640677991322028,1.6687701615036827
MI-963,CC,ID,CT,GA,TC,GA,,,,CC,TT,GG,TT,AG,,CC,TC,TA,CC,GT,AG,,CC,,,,,GG,GG,GA,,,,GA,,,GG,CC,TT,GG,,GG,CC,AA,CT,CC,AG,GG,GG,AA,,"-9, +9",GG,TT,TT,CT,AA,TA,TC,,,,,,,,,AG,CT,CG,GG,CG,GA,TT,CC,CT,TC,CG,GG,GG,AA,AA,TT,AC,GA,,CT,AA,GG,GA,AT,AA,GG,TT,,CC,CC,,,,,,AA,GG,CT,GG,AA,GG,AA,AA,CC,GG,GG,CC,TT,CC,TT,,GG,TT,GG,AT,CC,,,AG,AC,TA,CT,CA,GG,GG,CT,GG,,,GC,TT,GG,GG,AG,AA,CC,CC,,,TT,GG,GG,CC,GG,GG,GA,GG,TC,AC,AA,GC,TT,AG,AA,TT,TT,5G5G,AA,GG,CT,AA,GG,CC,AG,CC,,CT,AG,CC,CC,,,CG,GA,TT,GA,CT,CT,TT,GG,CC,CT,GA,CC,CG,AA,TT,CT,CC,TT,CT,,,CC,GG,CC,GT,CT,GG,CT,GA,AA,GT,CC,TT,AA,,CT,GA,GA,TC,TT,,,,,,,,,,,,,,,,,,,,,,,,,,,,,,,,,,,,0.18128873368034087,-2.5825712294751266
MI-964,CC,DD,CC,GG,CC,AA,,,,CC,TT,GG,TT,AG,GT,CC,CC,TA,CT,TT,GG,CC,CT,CT,CC,CG,GG,GT,GG,GG,TC,AT,GG,GA,AG,GA,GA,CT,GT,GG,,GG,CC,AA,CC,CC,GG,GA,GG,AA,CC,"-9, +9",AG,CT,TT,CT,AC,TA,CC,GG,CC,GG,TT,CC,AA,CC,GG,AG,CT,CG,AG,CC,GG,CC,CG,CT,CC,GG,GG,GG,AG,AG,TC,AC,GA,AT,CT,AA,CC,GG,AA,AT,GG,TT,CC,CC,CT,GG,TT,CC,GG,AA,,GG,CT,GG,AA,GG,AT,AA,CC,GG,GG,CC,TT,CC,TT,,GG,TT,GG,TT,CC,GG,CG,AA,CC,TA,CT,CC,GC,GG,CC,GG,,,GG,TC,GG,GG,AA,GA,CC,CC,CC,GG,CT,GG,GG,CC,GT,GG,GG,GG,TC,AC,AA,GG,TC,AG,GG,TT,TT,4G4G,AA,GG,CC,AA,GA,CC,GG,CC,GA,CC,AA,TT,CG,,,CC,GA,CC,AA,CT,CT,TC,GA,CC,CC,GG,CC,CC,AA,TT,CT,CT,TT,CC,GG,AA,CT,GT,TC,GG,CC,GG,CT,GG,AC,GT,CC,TT,AA,,TT,GG,GG,TT,TT,,,,,,,0.0,MI,02-3,Female,19.0,Caucasian,12.5,20.0,7.5,60.0,12.5,15.0,2.5,20.0,130.0,62.0,23.775,120.0,82.0,65.0,5.33,10.67,4.0,14.0,R,131.0,62.0,23.958,5.0,-2.098073855582536,0.013755331852056048
MI-965,CC,DD,TT,AA,TT,GG,,,,CC,TC,GG,TC,AG,GT,CC,CC,TA,CT,TT,GG,CC,CT,TT,CC,CG,GG,GT,GA,GG,CC,TT,GA,GG,AA,GG,GA,CT,GG,GG,,GG,CC,AA,CC,CC,GG,GA,GG,AA,,"-9, +9",AA,TT,TT,TT,AA,TT,TT,,,,,,,,,AG,TT,CC,AA,CC,GA,TT,CC,TT,CC,GG,GG,GG,AA,AA,TT,CC,GG,TT,CC,AA,CC,GG,AA,AA,GG,TC,CC,CC,CC,,,,,,AA,GG,CT,GG,AA,GG,AA,AA,CC,GG,GG,CC,TT,CC,CT,,CG,TT,GG,TT,CC,,,AG,AC,TA,CC,CA,GC,GG,TT,GG,,,GC,TC,GG,GG,AA,GA,CC,CC,,,CC,GG,GG,CC,GG,TT,GA,GG,TC,AC,AA,GG,TC,AG,AA,TT,CC,4G4G,AA,GG,CC,AA,GA,CC,GG,CC,,CC,,CC,CG,,,CC,GA,TT,AA,CT,CT,TC,GA,CC,CT,GA,CC,CG,AA,CT,CC,TT,TT,CC,GG,AA,CC,GG,CC,GT,CT,GG,CC,GA,AC,GT,CC,TT,AA,,CC,GA,AA,CC,TG,,,,,,,0.0,MI,02-3,Female,21.0,Caucasian,15.0,30.0,15.0,100.0,17.5,22.5,5.0,28.6,121.0,64.0,20.767,120.0,80.0,68.0,7.0,14.0,8.0,17.0,R,124.0,64.0,21.282,7.0,-2.4954725449798527,-0.24900259566971175
MI-966,CC,ID,CC,GG,CC,AA,,,,CC,TT,GG,TT,AG,,CC,CC,TA,CT,TT,GG,,CT,,,,,GT,GG,GG,,,,GA,,,GA,CT,GG,GA,,GG,CC,AA,CT,CC,AG,GG,GG,AA,CT,"-9, -9",AG,TT,TT,TT,AA,TT,TT,GG,CC,GG,TT,CC,AA,CC,GG,AG,CC,CG,AG,CG,GG,TC,CG,CC,TT,CC,GG,GG,AA,AA,,AA,GA,,CC,AA,CG,GG,AA,AT,GG,TT,,CC,CC,GG,TT,CC,GG,AA,AA,GG,CC,GG,AA,GG,AT,AA,CC,GG,GG,CC,TT,CC,CC,,CC,TT,GA,AT,CC,GG,GG,GG,AA,TA,CT,CA,GG,GG,CC,GG,,,GG,CC,GG,GG,AA,GA,CC,CT,CC,GG,CT,GG,GG,CC,GG,GT,GA,GG,TC,AC,AA,GG,TT,AG,AA,TC,TT,4G4G,AA,GG,CT,AA,GG,CC,AG,CC,GA,CC,AA,CC,CG,,,CC,GA,CT,AA,CT,CT,TT,GG,CC,CC,GG,CG,CC,AA,CT,CT,CC,TT,CT,,,CC,GG,CC,GG,CC,GG,CC,AA,CC,TT,CC,TT,AA,,TT,GA,GG,TT,TT,,,,,,,0.0,MI,02-3,Female,31.0,Asian,7.5,12.5,5.0,66.7,7.5,15.0,7.5,100.0,103.0,63.0,18.244,114.0,78.0,70.0,9.33,14.33,8.0,15.33,R,100.0,63.0,17.712,9.0,-2.2146057904535636,-0.5108962650971274
MI-967,CC,DD,CT,GA,TC,GA,,,,CC,TT,GG,TT,GG,GG,CC,TT,TT,CC,GG,AA,TT,CC,TT,GG,CC,GG,GG,GG,AA,CC,AA,GG,AA,GG,AA,GG,CC,GT,GG,,GG,CC,AA,CC,CT,GG,GG,GG,AA,,"-9, -9",GG,CC,TC,CT,CC,TT,TC,,,,,,,,,GG,CC,GG,GG,CC,GA,TT,CC,CT,TC,CG,GA,GG,AG,AG,TC,AA,GA,TT,CT,GG,GG,GG,AA,TT,GG,TT,TT,CC,CT,,,,,,AA,GG,CC,GG,TT,AA,AA,AA,CC,AA,GG,CT,TA,TC,CC,,CC,TT,GA,AA,CA,,,AG,AC,TA,CC,CA,GC,GG,CT,GG,,,GG,TC,GG,GG,AA,GG,CC,CC,,,CC,GG,GT,CC,GT,GG,GA,GG,TT,AA,AA,CC,TT,AG,GG,TC,TT,4G4G,AA,GG,CC,AA,GG,CC,GG,CT,,CC,AA,CT,CC,,,CC,GA,CT,GA,CT,CT,TC,GA,CC,CC,GA,CC,CC,AA,CT,TT,CC,TT,CC,GG,AA,CC,GG,CC,GG,CC,GG,CC,GG,AC,TT,CC,TT,AA,,TT,AA,GG,TT,TT,,,,,,,0.0,MI,02-3,Female,20.0,Caucasian,12.5,20.0,7.5,60.0,12.5,12.5,0.0,0.0,135.0,65.0,22.463,120.0,80.0,65.0,13.67,21.33,12.0,21.0,R,133.0,65.0,22.13,10.33,9.684043977717023,-5.960353434656803
MI-968,CC,ID,CC,GG,CC,AA,,,,CA,TT,GG,TT,AA,TT,CC,CC,AA,CC,TT,GG,CC,CC,TT,CC,GG,GG,GG,GG,GG,CC,TT,GG,GG,AA,GG,GA,CT,GG,GA,,GG,CC,AA,CT,CC,AG,GG,GG,AA,,"-9, +9",AG,CT,TT,CT,AA,TA,CC,,,,,,,,,AA,TT,GG,GG,CG,GG,TT,CC,CC,TC,CG,GA,GG,AA,AA,TT,CC,GG,AT,CC,AA,GG,GG,AA,AT,GG,TT,CC,CC,TT,,,,,,AA,GG,CT,GG,AA,GG,AA,AA,CC,GG,GG,CC,TT,CC,CT,,CC,TT,GA,AT,CC,,,GG,AC,AA,CT,CC,CC,GG,TT,GG,,,GC,TC,GG,GG,AA,GG,CC,CC,,,CT,GG,GG,CC,GT,GT,GA,GG,TT,AA,AA,GC,TT,AG,AA,TT,TT,4G4G,AA,GG,CT,AA,GG,CC,AG,CC,,TT,AA,CC,CC,,,CG,GG,TT,AA,TT,TT,TT,GG,CC,CC,GG,CG,CC,AA,CT,CT,CC,TT,CC,GG,AA,CT,GT,TC,GG,CC,GG,CC,GA,AA,GG,CC,TT,AA,,CT,GA,GA,TC,TT,,,,,,,0.0,MI,02-3,Male,20.0,Caucasian,25.0,35.0,10.0,40.0,30.0,32.5,2.5,8.3,180.0,76.0,21.908,124.0,82.0,65.0,3.0,8.67,3.33,6.0,R,178.0,76.0,21.664,3.0,-2.362246286680604,-2.0677498507714205
MI-969,CC,,,GA,TC,GA,,,,CC,TT,GG,TT,GG,,CC,TC,TA,CC,GT,AG,,CC,,,,,GG,GG,GA,,,,GG,,,,CT,GT,GG,,,CC,AA,CC,,GG,GA,,AA,,"-9, +9",AG,CT,TC,CT,AC,TA,TC,,,,,,,,,AA,CT,GG,AG,CG,GG,TT,CC,CT,CC,CG,GG,GG,AG,AA,TT,AA,GA,,CT,AA,CG,GG,AA,,,TT,,CC,CC,,,,,,AA,GG,TT,,TA,GG,AA,AA,CC,GG,GG,CC,TT,,TT,,,,,,,,,AG,AC,TA,CC,CA,GC,GG,CC,GG,,,GC,TT,,,,AA,CC,,,,TT,GG,GG,CC,,GG,GA,GG,TC,AC,AA,CC,TT,AG,AG,TC,TC,,,,,,,,,,,CC,,CT,CC,,,CC,GG,TT,AA,CT,CT,TT,GG,,,,,,,,CT,CT,,CC,,,,GT,TT,GT,CT,,CC,GG,AC,GT,CC,TT,AA,,TT,GA,GG,TT,TT,,,,,,,,,,,,,,,,,,,,,,,,,,,,,,,,,,,,0.4127919870043914,-2.2197224613290603
MI-970,CA,II,CC,GG,CC,AA,,,,CC,TT,GG,TT,AG,,CC,CC,TA,CT,TT,GG,,CT,,,,,GT,GA,GG,,,,GG,,,GA,CT,GT,GG,,GG,CC,AA,CT,CC,AG,GA,GG,AA,,"-9, +9",AG,CT,TC,TT,AA,TA,TT,,,,,,,,,AG,CT,GG,GG,CG,GG,TT,CC,CC,TC,CC,GG,GG,AA,AA,TT,AA,GG,,TT,AA,CG,GG,AA,AT,GG,TC,,CC,CC,,,,,,AA,GG,CT,GG,AA,GG,AA,AA,CC,GG,GG,CC,TT,CC,CC,,CC,TT,AA,AA,CA,,,AA,CC,TA,CC,CA,GG,GG,CC,GA,,,GC,TT,GG,GA,AG,GG,CG,CT,,,CT,AG,GG,CT,GG,GG,GG,GA,TC,AC,AA,GC,TT,AG,AG,TT,TC,4G5G,AA,GG,CT,AA,GA,CC,AG,CC,,CC,AG,CC,CC,,,CC,GA,CC,AA,TT,TT,TT,GG,CC,CC,GG,CG,CC,AA,CT,TT,CT,TT,CC,,,TT,GG,CC,GT,TT,GG,CC,AA,AA,GG,CC,TT,AA,,TT,GG,GG,TT,TT,,,,,,,,,,,,,,,,,,,,,,,,,,,,,,,,,,,,-3.304793282735058,1.1704993606181529
MI-971,CA,DD,CT,GA,TC,GA,,,,CC,TT,GA,TT,AG,,CC,CC,TA,CT,TT,GG,,CT,,,,,GT,GA,GG,,,,GA,,,GA,CT,GG,GG,,GG,CC,AA,CT,CC,AG,GG,GG,AA,,"-9, +9",AG,TT,TC,TT,AA,TA,TT,,,,,,,,,AA,TT,CG,AG,CC,GG,TC,CG,CT,TT,CC,GG,GG,AG,AG,TC,CC,GG,,CT,AA,GG,GG,AA,AT,GG,TC,,CC,CC,,,,,,AA,GG,CC,GG,AA,GG,AA,AA,CC,GG,GG,TT,,TT,CT,,GG,TT,GA,AA,CA,,,AA,CC,TA,CC,CC,CC,GG,CC,GA,,,GG,TT,GG,GG,AA,GG,CC,CC,,,CC,GG,GG,CC,GT,GG,GG,GA,TC,AC,AA,CC,TT,AG,AG,TT,CC,5G5G,AA,GG,CT,,GG,CC,AG,CC,,CC,GG,CC,CC,,,CC,AA,TT,GA,TT,TT,TT,GG,CC,CT,GA,CG,CG,AA,TT,CT,CC,TT,CT,,,CT,GG,CC,GG,CC,GA,CC,GA,AA,TT,CT,GG,GG,,CT,GG,GA,TC,TT,,,,,,,,,,,,,,,,,,,,,,,,,,,,,,,,,,,,-0.5257334088965502,2.0674153495111853
MI-972,CC,ID,TT,AA,TT,GG,,,,CC,TT,GG,TT,AG,GT,CC,TC,TA,CC,GT,AG,CT,CC,TT,CG,CG,GG,GG,GG,GA,CC,AT,GG,GG,AG,GA,AA,TT,GG,GG,,GG,CC,AA,CT,CC,AG,GA,GG,AA,,"-9, +9",GG,CT,TT,CT,AC,TA,TT,,,,,,,,,GG,CC,CG,AG,CC,GG,TT,CC,TT,CC,CC,GG,GG,GG,AA,CC,AC,GA,TT,CT,AA,CG,GG,AA,AA,GG,TC,CT,CC,CC,,,,,,AA,GG,CT,GG,AA,GG,AA,AA,CC,GG,GG,CC,TT,CC,CC,,GG,TT,AA,AT,CC,,,AG,AC,AA,CT,CA,GC,GG,CC,GG,,,GC,TC,AA,GG,GG,AA,CC,CC,,,CC,GG,GG,CT,GT,TT,GG,GG,TC,AC,AA,CC,TT,AG,AA,TT,CC,4G5G,AA,GG,CT,AA,GA,CC,AG,CC,,CC,AA,TT,CC,,,CC,GG,CT,AA,CC,CC,TT,GG,CC,CC,GG,CG,CC,AA,TT,CC,CT,TT,CT,GG,AA,CT,TT,TT,GG,CC,GG,CC,GA,AC,GT,CC,TT,AA,,CT,GA,GA,TC,TT,,,,,,,0.0,MI,02-3,Female,20.0,Caucasian,12.5,25.0,12.5,100.0,12.5,17.5,5.0,40.0,191.0,66.0,30.825,120.0,82.0,70.0,21.0,30.33,22.0,30.67,R,194.0,66.0,31.309,18.33,0.1911859672341366,-3.4911027480873047
MI-973,CC,II,TT,AA,TT,GG,,,,CC,TT,GG,TT,AG,GT,CC,TC,TA,CC,GT,AG,CC,CC,TT,CC,CG,GG,GT,GA,GG,CC,AT,GG,GG,AG,GA,GA,CT,GG,GG,,GG,CC,AA,CT,CC,AG,GG,GG,AA,,"-9, +9",AG,CT,TC,TT,AA,TA,TC,,,,,,,,,AG,CC,CC,AA,CC,GG,TC,CG,TT,CC,CC,GG,GA,AG,AA,TC,AC,GA,AT,CT,AA,GG,GG,AA,AA,GG,TT,CT,CC,CC,,,,,,AA,GG,CC,GG,AA,GG,AA,AA,CC,GG,GG,CC,TT,TC,CT,,CG,TT,GG,AT,CA,,,AA,CC,TT,CC,CC,CC,GC,CT,GA,,,GG,CC,GG,GG,AA,GG,CG,CC,,,CT,GG,GG,CC,GG,TT,GG,GG,TC,AC,GG,CC,TC,AG,AA,TT,TT,5G5G,AA,GG,,AA,GG,CC,AG,CC,,CC,,CC,CC,,,CC,GA,TT,AA,CC,CC,TT,GG,CC,CT,GG,CC,CG,AA,CT,CT,CC,TT,CC,GT,AG,CC,GG,CC,TT,TT,GG,CC,AA,CC,TT,CC,TT,AA,,CT,GA,GA,TC,TT,,,,,,,0.0,MI,02-3,Female,21.0,Caucasian,12.5,25.0,12.5,100.0,12.5,17.5,5.0,40.0,173.0,70.0,24.82,130.0,85.0,88.0,16.33,24.67,25.67,30.0,R,175.0,70.0,25.107,15.0,-1.6482929512051085,-1.8372827273923196
MI-974,CC,DD,TT,GA,TT,GG,,,,CC,TT,GG,TT,AG,,CC,CC,TA,CT,TT,GG,,CT,,,,,GT,GA,GG,,,,GG,,,,CC,GT,GA,,GG,CC,AA,CC,CC,GG,GG,GG,AA,CC,"-9, +9",GG,TT,TC,CT,CC,TT,TC,GG,,,TT,CC,AG,CC,GG,AG,CC,GG,GG,CC,GG,TT,CC,TT,TC,CG,GG,GA,AG,AA,TC,CC,GG,,CT,AG,GG,GG,AA,AA,GG,TT,,CC,CT,GG,TT,CC,GG,AA,AA,GA,CT,GG,AA,GG,AA,AA,CC,GG,GG,CT,TT,TC,CT,,CG,TT,GG,AA,CA,CC,GG,AG,AC,TT,CC,CA,GG,GG,TT,GG,,,CC,TT,GG,GG,AA,AA,CC,CC,CC,GG,CT,GG,GG,TT,GG,GT,GG,GG,TC,AC,AA,GC,TC,AG,AG,TT,TC,4G5G,AA,GG,CC,AA,GG,CC,GG,CC,GA,CC,AA,CC,CC,,,GG,,TT,AA,CT,CT,TT,GG,CC,CT,GA,CC,CG,AA,TT,CT,CC,TT,CC,,,CT,GT,TC,GG,CC,GG,CT,GG,AC,GT,CC,TT,AA,,TT,GG,GG,TT,TT,,,,,,,0.0,MI,02-3,Female,26.0,Asian,25.0,32.5,7.5,30.0,25.0,22.5,-2.5,-10.0,162.0,70.0,23.242,120.0,80.0,66.0,4.33,17.0,4.0,15.0,R,156.0,69.5,22.704,3.33,-0.6746696691130724,-0.9752793339429547
MI-975,CC,ID,CT,GA,TC,GA,,,,CC,TT,GG,TT,AA,TT,CC,CC,AA,CC,TT,GG,CC,CC,TT,CC,GG,GG,GG,GG,GG,CC,AT,GG,GG,AG,GA,GG,CC,GT,GA,,GG,CC,AA,CC,CC,GG,GG,GG,AA,,"-9, +9",AA,TT,TC,CT,AC,TT,TT,,,,,,,,,AG,CC,GG,GG,CC,GA,TT,CC,CT,TC,CC,GA,GA,AG,AG,TC,CC,GG,AT,CT,AA,GG,GA,AT,TT,GG,TC,CC,CC,CT,,,,,,AA,GG,CC,GA,AA,GG,AA,AA,CC,GG,GG,CC,TT,CC,CT,,CG,TT,GG,AA,CC,,,AG,AC,TT,CC,CC,GG,GG,CT,GA,,,GG,CC,GG,GG,AA,GG,GG,CC,,,TT,GG,GG,CT,GG,GG,GA,GG,TC,AC,AA,CC,TC,AG,AA,TT,TC,5G5G,AA,GG,CC,AA,GG,CC,GG,CC,,CC,AA,CT,CC,,,CC,GA,CC,AA,CT,CC,TC,GA,CC,CC,GG,CC,CC,AA,CT,CT,CC,TT,CC,GT,AG,CT,GG,CC,GT,CT,GA,CC,GG,AA,GG,CC,TT,AA,,TT,GG,GG,TT,TT,,,,,,,0.0,MI,02-3,Female,21.0,Caucasian,12.5,22.5,10.0,80.0,12.5,15.0,2.5,20.0,189.0,65.9,30.595,120.0,84.0,,18.33,22.33,20.67,24.0,R,189.0,67.0,29.598,15.33,-2.3064890934236186,-1.2005051371860107
MI-976,CC,DD,TT,AA,TT,GG,,,,CC,TC,GG,TT,AA,,CC,CC,AA,CC,TT,GG,,CC,,,,,GG,GG,GG,,,,GA,,,GG,CC,GG,AA,,GG,CC,AA,CC,CC,GG,GA,GG,AA,,"-9, +9",AG,CT,TC,CT,AC,TT,TT,,,,,,,,,AG,CT,CG,AG,CC,GA,TT,CC,TT,CC,CG,GG,GG,AG,AA,TT,AA,GA,,CT,AA,GG,GG,AA,AA,,TC,,CC,CT,,,,,,AA,GG,CT,GA,TA,GG,AA,AT,CA,GA,GG,CC,TT,TC,CT,,CG,TT,GG,AA,CA,,,AA,CC,TA,CC,CA,GC,GC,TT,GA,,,GG,CC,GG,GG,AG,GG,CG,CT,,,TT,AG,GG,CC,GG,GG,GG,GG,TT,AA,AA,,TC,AG,GG,TT,TT,4G5G,AA,GG,CC,AA,GA,CC,GG,CC,,CC,AA,CT,CC,,,CG,GG,CT,AA,TT,CT,TT,GG,CC,CC,GG,GG,CC,AA,TT,CT,CT,TT,TT,,,CT,GG,CC,GG,CC,GG,CC,GA,AA,GG,CC,GT,AG,,TT,AA,GG,TT,TT,,,,,,,0.0,MI,02-3,Male,23.0,Hispanic,27.5,35.0,7.5,27.3,32.5,35.0,2.5,7.7,165.0,68.0,25.085,122.0,80.0,74.0,4.67,12.33,4.33,9.67,R,168.0,68.0,25.542,4.0,2.1471117894542906,0.1447451411008751
MI-977,CC,II,TT,AA,TT,GG,,,,CC,TT,GG,TT,AA,TT,CC,CC,AA,CC,TT,GG,CC,CC,TT,CC,GG,GG,GG,GG,GG,CC,AT,GA,GG,AG,GA,GA,CT,GT,GG,,GG,CC,AA,CT,CC,AG,GG,GG,AA,,"-9, +9",AA,CC,TT,CT,AA,TA,TC,,,,,,,,,AG,CC,GG,GG,CC,GG,TT,CC,TT,TT,CG,GG,GG,AG,AG,TC,AA,AA,TT,CT,AA,CG,GG,AA,AT,GG,TT,CT,CC,CC,,,,,,AA,GG,CC,GG,AA,GG,AA,AA,CC,GG,GG,CC,TT,CC,CT,,CG,TT,GG,AA,CC,,,GG,AA,AA,CT,CA,GC,GG,CT,GA,,,GG,CC,GG,GG,AA,GG,CG,CC,,,TT,GG,GG,CT,GG,GG,GG,GG,CC,CC,AA,GG,TT,AG,AG,TT,CC,4G5G,AA,GG,CT,AA,GG,CC,AG,CC,,CC,AA,CC,CC,,,CC,GA,TT,AA,TT,TT,TT,GG,CC,CC,GG,CG,CC,AA,TT,CC,CC,TT,CC,GG,AA,CT,GT,TC,GG,CC,GG,CC,GG,AC,GT,CC,TT,AA,,TT,GG,GA,TT,TT,,,,,,,0.0,MI,02-3,Female,21.0,Caucasian,17.5,27.5,10.0,57.1,20.0,20.0,0.0,0.0,175.0,67.0,27.406,118.0,78.0,72.0,9.0,14.67,8.0,16.0,R,180.0,67.0,28.189,11.33,-2.0049217529272894,-1.5119308946093923
MI-978,,ID,CT,,,,CG,GG,CG,,,,,,,,,,,,,,,,,,,,,,,,,,,,,,,,,,,,,,,,,,,,,,,,,,,,,,,,,,,AG,CT,,,CC,,,,,,,,,,AG,TC,,,,,,,,AT,,,,,,,,,,,,AA,GG,,GG,AA,GG,AA,AA,CC,GG,GG,,,CC,,,,,,,,,,,,,,,,,,,AG,AG,,,,,,,,CT,,,,,,,GG,,GG,GG,TC,AC,AG,,,,,,,4G4G,,,,,,,,,,,,,CC,,,CC,GA,,,,,,,CC,CC,GA,CC,CG,,,,,,,,,CC,,,GT,CT,GG,,,,,,,,,CT,GA,GA,,,,,,,,,,,,,,,,,,,,,,,,,,,,,,,,,,,,,,-0.7524792370177804,-0.21987628746134635
MI-979,CC,DD,TT,GA,TC,GA,CC,AG,CG,CC,TT,GG,TT,AG,GT,CC,TC,AA,CC,GT,AG,CT,CC,TT,CG,CG,GG,GG,GG,GA,CC,AT,GG,GA,AG,GA,GG,CC,TT,GG,,GG,CC,AA,CC,CC,GG,GA,GG,AT,,"-9, -9",AG,CT,TT,CT,AA,AA,TT,,,,,,,,,AG,CC,GG,GG,CC,GG,TT,CC,CT,TC,CC,GG,GG,AG,AG,TC,AC,GA,TT,CC,AA,GG,GG,AA,AA,GG,TC,CT,CC,CC,,,,,,AA,GG,CT,GG,AA,GG,AA,AA,CC,GG,GG,CT,TT,CC,CC,,CC,TT,AA,TT,CC,,,GG,AA,TA,CT,AA,GG,GG,CT,GG,AA,AA,,CC,GA,GG,GG,GG,CG,CT,,,TT,AG,GT,CC,GG,GT,GA,GG,TT,AA,AA,GC,TT,AA,AG,TT,CC,4G5G,AA,GG,CC,AT,GA,CC,GG,CC,,CC,AA,CT,CC,,,CC,GA,CT,AA,CC,CC,CC,AA,CC,TT,GA,CC,CG,AA,CT,CC,CC,,CC,GG,AA,CC,GG,CC,GG,CC,GG,,GA,AC,GT,CC,TT,AA,,TT,AA,GG,TT,TT,,,,,,,0.0,MI,03-1,Male,21.0,Caucasian,25.0,37.5,12.5,50.0,25.0,30.0,5.0,20.0,141.0,68.0,21.437,120.0,80.0,70.0,4.0,8.0,3.0,8.0,R,143.0,68.0,21.741,4.0,1.1897007460581186,-3.489533612245024
MI-980,CC,DD,TT,GG,CC,AA,CC,AA,GG,CC,TT,GG,TT,AG,GT,CC,CC,TA,CT,TT,GG,CC,CT,TT,CC,CG,GG,GT,GA,GG,CC,TT,GG,GG,AG,GG,GA,CT,GG,GG,,GG,CC,AA,CC,CC,GG,GG,GG,AA,,"+9, +9",AA,TT,TT,TT,AA,TT,TC,,,,,,,,,GG,CT,CG,AG,CC,GG,TT,CC,CC,TT,CC,GG,GG,AG,AG,TC,AA,GA,AA,CC,AA,GG,GG,AA,AA,GG,TT,CT,CC,CC,,,,,,AA,GG,CC,GA,TA,GG,AA,AA,CC,GA,GG,CC,TT,CC,CC,,CG,TT,GA,AA,CC,,,AG,AC,TA,CC,CA,GC,GC,CT,GG,AA,AG,GC,TT,GG,GG,AG,GA,CC,TT,,,CC,AA,GG,CC,GG,GT,GA,GA,TC,AC,AA,GC,TT,GG,AA,TC,TT,4G5G,AA,GG,CC,AA,GG,CC,GG,CC,,CC,AG,CC,CG,,,CC,GA,TT,AA,CT,CT,TT,GG,CC,CT,AA,CC,GG,AA,CC,CC,CC,,CC,GG,AA,CC,GG,TC,GG,CT,AA,,AA,AC,GT,CC,TT,AA,,CC,GG,AA,CC,TT,,,,,,,0.0,MI,03-1,Female,21.0,Caucasian,12.5,20.0,7.5,60.0,12.5,15.0,2.5,20.0,110.0,62.0,20.117,110.0,62.0,78.0,4.0,16.0,6.0,15.0,R,111.0,62.0,20.3,4.67,-2.473318263065203,1.0226115414790313
MI-981,CC,ID,TT,GG,CC,AA,CC,AG,CG,CC,TT,GG,TT,AG,GT,CC,TC,TA,CT,TT,GG,CC,CT,CT,CC,CG,GG,GT,GG,GG,TC,AT,GG,GA,AG,GA,GG,CC,GT,GA,,GG,CC,AA,CC,CC,GG,GG,GG,AA,,"+9, +9",GG,TT,TC,TT,AC,TA,TT,,,,,,,,,GG,TT,CC,AA,CG,GG,TT,CC,CC,CC,CC,GG,GA,AG,AG,TC,AC,GG,AT,CT,AG,GG,GG,AA,AA,GG,TC,CT,CC,CC,,,,,,AA,GG,TT,GA,TA,GG,AA,AA,CC,GA,GG,CC,TT,CC,CC,,CC,TT,GA,AA,CA,,,AG,AC,AA,CT,CA,GG,GC,CT,GA,AG,AG,GC,TC,GG,GG,AG,GA,CG,CT,,,CT,AG,GG,CC,GG,GT,GG,GG,CC,CC,AA,GC,TT,AG,AG,TT,CC,4G5G,AA,GG,CC,AA,GG,CC,GG,CC,,CC,AA,CC,GG,,,CG,GA,CT,AA,TT,TT,TT,GG,CC,CT,GG,GG,CC,AA,TT,CC,CT,,CC,GT,AG,CC,GG,CC,GG,CC,GG,,AA,AC,TT,CT,GT,AG,,CT,GA,GA,TC,TT,,,,,,,0.0,MI,03-1,Female,20.0,Caucasian,12.5,27.0,14.5,116.0,17.5,22.5,5.0,28.6,125.0,65.0,20.799,116.0,80.0,70.0,6.67,10.0,7.0,11.33,R,130.0,65.0,21.631,8.33,-1.9380684542052324,-0.4316710431116868
MI-982,CA,ID,TT,AA,TT,GG,CG,GG,CG,CA,TT,GG,TT,AA,TT,CC,CC,AA,CC,TT,GG,CC,CC,TT,CC,GG,GG,GG,GG,GG,CC,TT,GG,GG,AA,GG,GG,CC,GT,GG,,GA,CC,AA,CC,CC,GG,GA,GA,AT,,"-9, +9",AG,CT,TT,CC,AA,AA,TT,,,,,,,,,AA,CT,CG,GG,GG,GG,TT,CC,TT,TT,CG,GA,GG,AG,AG,TC,AA,GG,AT,TT,AG,GG,GA,AT,AT,GG,TT,TT,CC,CC,,,,,,AA,GG,CT,GG,AA,GG,AA,AA,CC,GG,GG,CT,TT,TC,CC,,CC,TT,AA,AA,AA,,,GG,AA,TT,CC,AA,GG,GG,CT,GG,AA,AG,CC,TT,GG,GG,AG,AA,CC,CT,,,CC,AG,GG,,GG,GG,GG,GG,TC,AC,AA,GC,TT,AA,AG,TT,CC,,AA,GA,CC,AT,GA,CC,GG,CC,,CC,AA,CC,CC,,,CC,GA,TT,AA,CT,CT,TC,GA,CC,CC,GA,CG,CG,AA,CC,TT,CC,,CC,GT,AG,CC,GG,CC,GG,CC,GG,,GA,AC,GT,CC,TT,AA,,TT,GA,GG,TT,TT,,,,,,,0.0,MI,03-1,Female,19.0,Caucasian,12.5,25.0,12.5,100.0,17.5,20.0,2.5,14.3,133.0,64.0,22.827,100.0,60.0,72.0,9.67,21.33,11.67,19.33,R,140.0,65.0,23.295,9.0,1.6125270165763068,-2.533521432360256
MI-983,CA,,TT,GA,TC,GA,CG,GG,CC,CC,TT,GG,TC,GG,GG,CC,TC,TA,CC,GT,AG,CT,CC,TT,CG,CG,GG,GG,GG,GA,CC,AT,GG,GG,AG,GA,GG,CC,TT,GG,,GG,CC,AA,CC,CC,GG,GA,GG,AT,,"+9, +9",AG,TT,TC,TT,AC,TA,TT,,,,,,,,,GG,CC,CG,AG,CG,GA,TT,CC,CT,TC,CC,GG,AA,GG,AA,CC,AA,,AA,CT,AA,GG,GG,AA,AT,GG,TT,CC,CC,CC,,,,,,AA,GG,CT,GG,TA,GA,AA,AA,CC,GA,GG,CC,TT,TC,CT,,CG,TT,GG,AT,CC,,,AG,AC,TA,CT,CA,GC,GG,CT,GA,AG,AG,GG,TC,GG,GG,AG,GA,CC,CC,,,CT,GG,GG,CC,GT,GG,GA,GG,TT,AA,AA,CC,TT,AA,AA,TT,TC,4G5G,AA,GG,CC,AT,GA,CC,GG,CC,,CC,AA,CT,CG,,,CG,GA,TT,AA,CT,CT,TC,GA,CC,CT,GG,CC,CC,AA,CT,CT,CT,,CC,TT,GG,CT,GG,CC,GG,CC,GG,,GG,AA,GG,CC,TT,AA,,CC,AA,AA,CC,TT,,,,,,,0.0,MI,03-1,Female,18.0,Caucasian,10.0,25.0,15.0,150.0,10.0,20.0,10.0,100.0,146.0,65.0,24.293,110.0,60.0,65.0,8.67,20.33,11.67,17.0,R,144.0,65.0,23.96,7.0,2.2076017784906212,-4.684839542588175
MI-984,CA,,TT,GA,TC,GA,CC,GG,CC,CC,TT,GG,TT,AG,TT,CC,TC,TA,CC,GT,AG,CT,CC,TT,CC,CG,GG,GG,GG,GA,CC,AT,GG,GG,AG,GA,GG,CC,TT,GG,,GG,CC,AA,CC,CC,GG,GG,GG,AA,,"-9, +9",GG,CC,TC,CC,AC,TA,CC,,,,,,,,,GG,CC,CG,AG,CC,GG,TT,CC,CT,TT,CG,GG,AA,AG,AA,TT,AA,GA,AT,CC,AA,GG,GG,AA,AA,GG,TC,CT,CC,CC,,,,,,AA,GG,CT,GA,AA,GG,AA,AA,CC,GG,GG,CT,TT,TC,CC,,CC,TT,GA,AA,CC,,,GG,AA,AA,CT,AA,CC,GG,CC,GA,AG,GG,GC,TT,GG,GG,AA,GA,CC,CC,,,,GG,GG,CC,GG,GT,GG,GG,TC,AC,AA,GC,TT,GG,AA,TT,TC,4G5G,AA,GG,CC,AA,GG,CC,GG,CC,,CT,AA,CT,CC,,,CC,GA,CT,AA,TT,TT,TT,GG,CC,CC,AA,CG,CG,AA,TT,CC,CT,,CC,GT,AG,CC,GT,TC,GT,CT,GG,,AA,AC,GT,CC,TT,AA,,TT,GA,GG,TT,TT,,,,,,,0.0,MI,03-1,Female,32.0,Caucasian,15.0,27.5,12.5,83.3,15.0,25.0,10.0,66.7,210.0,65.0,34.942,130.0,98.0,75.0,15.0,31.33,13.0,39.0,R,209.0,65.0,34.776,16.67,0.6715467641066739,-2.1443806771096052
MI-985,CA,DD,TT,GA,TC,GA,CG,AG,CG,CC,TT,GG,TT,AA,TT,CC,CC,AA,CC,TT,GG,CC,CC,TT,CC,GG,GG,GG,GG,GG,CC,TT,GG,GG,AA,GG,GG,CC,GT,GG,,GG,CG,AA,CC,CC,AG,GA,GG,AT,,"-9, +9",AG,CT,TC,TT,AA,AA,TC,,,,,,,,,AG,CC,GG,GG,CC,GA,TC,CG,CT,TT,CC,GG,GA,GG,AA,TC,AC,GG,TT,CT,AA,CC,GG,AA,AT,GG,TC,CC,CC,CT,,,,,,AA,GG,CC,GG,AA,GG,AA,AA,CC,GG,GG,CT,TT,TC,CC,,CC,TT,AA,TT,CC,,,AG,AC,TT,,CA,GC,GG,CT,GG,AG,AG,GG,TC,GG,GG,AG,AA,CC,CT,,,TT,AG,GT,CC,GG,GT,GG,GG,TT,AC,AA,GC,TT,AG,AA,TT,CC,4G5G,AA,GG,CC,AT,GA,CG,AG,CC,,CT,AA,CT,GG,,,CC,AA,TT,AA,CC,CC,TT,GG,CC,CC,GG,GG,CC,AA,CC,TT,CC,,CC,GT,AG,CT,GT,TC,GT,CT,GG,,AA,AA,GG,CC,TT,AA,,CT,GA,GA,TC,TT,,,,,,,0.0,MI,03-1,Female,20.0,Caucasian,17.5,22.5,5.0,28.6,17.5,22.5,5.0,28.6,141.0,69.0,20.82,104.0,82.0,55.0,9.0,21.33,10.0,19.67,R,137.0,69.0,20.229,10.0,-1.4246292554363422,0.06231557037289707
MI-986,CA,DD,TT,GA,TC,GA,CC,GG,CC,CC,TC,GG,TT,GG,GG,CC,CC,TT,TT,TT,GG,CC,TT,TT,CC,CC,GG,TT,GA,GG,TC,AT,GG,GA,GG,GG,GG,CC,TT,GG,,GG,CC,AA,CC,CC,GG,GA,GG,AT,,"-9, -9",GG,TT,CC,TT,AA,TT,TT,,,,,,,,,AG,CC,CC,AA,CC,GA,TT,CC,CT,CC,GG,GG,GG,AG,AA,TT,AC,GA,TT,CC,AA,GG,GG,AA,AA,GG,TC,CT,CC,CC,,,,,,AA,GG,CC,GA,AA,GG,AA,AA,CC,GG,GG,CC,TT,TC,CC,,CC,TT,GA,AA,AA,,,GG,AA,TA,CC,AA,GG,GC,CT,GG,AG,AG,GG,CC,GG,GG,AA,GG,CG,CT,,,CT,AG,GG,CC,GG,GT,GG,GG,TC,AC,AA,CC,TC,GG,AA,TT,CC,4G5G,AA,GG,CC,AT,GA,CC,GG,CC,,CC,AA,CT,CC,,,CG,GG,CT,AA,CT,CT,TC,GA,CC,CT,GG,GG,CC,AA,CT,TT,CC,,CC,TT,GG,CC,TT,TT,TT,TT,GG,,GA,AC,GT,CC,TT,AA,,TT,GA,GG,TT,TG,,,,,,,0.0,MI,03-1,Female,23.0,Caucasian,15.0,25.0,10.0,66.7,17.5,20.0,2.5,14.3,109.0,63.0,19.306,120.0,80.0,65.0,4.0,6.0,8.0,10.0,R,115.0,63.0,20.369,5.0,-2.6175406993060317,3.631296489848515
MI-987,CA,,TT,GA,TC,GA,CC,AG,CG,CC,TT,,TT,AG,GT,CC,CC,TA,CT,TT,GG,CC,CT,CT,CC,CG,GG,TT,GG,GG,CC,TT,GG,GG,AA,GG,GG,CC,GT,GA,,GG,CC,AA,CC,CC,GG,GA,GG,AT,,"-9, +9",GG,CT,TT,TT,AA,TT,TC,,,,,,,,,AG,CC,CG,AG,CC,GG,TT,CC,CT,TC,CC,GG,GG,AA,AG,TC,CC,,AT,CT,AA,GG,GA,AT,AA,GG,TC,CT,CC,CC,,,,,,AA,GG,CC,GG,TA,GA,AA,AA,CC,GA,GG,CT,TA,TC,CC,,CG,TT,AA,AT,CC,,,AG,AC,TA,CC,CA,CC,GG,CC,GA,AA,AG,GC,TT,GG,GG,AG,GA,CC,CT,,,CC,AG,GT,CC,GG,GG,GG,GG,TC,AC,AA,GG,TT,AG,AG,TT,CC,4G5G,AA,GG,CC,AT,GA,CC,GG,CC,,CC,AA,CC,CC,,,CC,GG,TT,AA,CT,CT,TC,GA,CC,CC,GA,CG,CG,AA,TT,CT,CT,,CT,GT,AG,CT,GG,CC,GG,CC,GG,,GA,AC,GT,CC,TT,AA,,CT,GG,GA,TC,TT,,,,,,,0.0,MI,03-1,Female,26.0,Caucasian,15.0,27.5,12.5,83.3,17.5,20.0,2.5,14.3,143.0,66.0,23.078,100.0,74.0,65.0,11.67,29.0,11.33,25.67,R,145.0,66.0,23.401,10.67,-1.6182480792931455,0.6143265422255387
MI-988,CA,ID,CT,GG,CC,AA,CC,GG,CG,CA,TT,GG,TT,AG,GT,CC,CC,TA,CT,TT,GG,CC,CT,TT,CC,CG,GG,GT,GG,GG,TC,AT,GA,GA,AG,GG,GG,CC,TT,GG,,GG,CC,AA,CC,CC,GG,GA,GG,AT,,"-9, +9",GG,CT,CC,CT,AC,TA,TC,,,,,,,,,AA,CT,GG,GG,CC,GG,TT,CC,CC,CC,CC,GA,GG,AG,AG,TC,AC,GA,TT,CT,AA,GG,GG,AA,AA,GG,TC,CC,CC,CT,,,,,,AA,GG,CT,GA,AA,GG,AA,AA,CC,GG,GG,CC,TT,CC,CC,,CG,TT,GA,AT,CC,,,AG,AC,TA,CC,CA,CC,GG,CT,GG,AA,AA,GG,CC,GG,GG,AA,AA,CC,CT,,,CT,AG,GT,CC,GT,GG,GA,GG,TC,AC,AA,CC,TT,AG,AG,TT,TC,4G5G,AA,GG,CC,AT,GA,CC,GG,CC,,CC,AA,CT,CC,,,CC,GG,CT,AA,CT,CT,TT,GG,CC,CT,AA,CC,GG,AA,CT,CT,CC,,CC,GT,AG,CT,GT,TC,GT,CT,GG,,GA,CC,TT,CC,TT,AA,,CC,GG,AA,CC,TT,,,,,,,0.0,MI,03-1,Female,18.0,Caucasian,12.5,22.5,10.0,80.0,12.5,15.0,2.5,20.0,137.0,66.0,22.11,120.0,82.0,70.0,7.33,12.33,8.0,14.0,L,142.0,66.0,22.917,8.0,-2.6513604466711187,0.6801769108974346
MI-989,AA,ID,TT,GG,CC,AA,CC,AG,CG,CC,TT,GG,TT,AA,TT,CC,CC,AA,CC,TT,GG,CC,CC,TT,CC,GG,GG,GG,GG,GG,CC,TT,GG,GG,AA,GG,GA,CT,GT,GG,,GA,CC,AA,CC,CC,GG,GG,GA,AA,,"-9, +9",GG,CT,TC,TT,AA,TT,TT,,,,,,,,,GG,CT,CC,AG,CC,GG,TT,CC,CC,TC,CC,GG,AA,GG,AA,CC,AA,GA,TT,CT,AG,GG,GG,AA,AA,GG,CC,TT,CC,CC,,,,,,AA,GG,CT,GG,AA,GG,AA,AA,CC,GG,GG,CC,TT,CC,CT,,CG,TT,GG,AT,CA,,,AG,AC,AA,TT,CA,GC,GG,TT,GG,AG,GG,GG,CC,GG,GG,AG,GA,CC,CT,,,TT,AG,GG,CC,GG,TT,GG,GG,TT,AA,AA,GC,TT,AA,AG,TT,TT,4G5G,AA,GA,CC,AA,GG,CC,GG,CC,,CC,AG,CC,CC,,,CC,GG,TT,AA,CT,CT,TT,GG,CC,CC,GG,GG,CC,AA,TT,CC,CT,,CC,GT,AG,CT,GT,TC,GT,CT,GG,,AA,AA,GT,CC,TT,AA,,CT,GA,GA,TC,TT,,,,,,,0.0,MI,03-1,Female,22.0,Caucasian,12.5,25.0,12.5,100.0,12.5,15.0,2.5,20.0,150.0,68.0,22.805,108.0,72.0,75.0,9.0,26.67,11.0,25.0,R,153.0,68.2,23.125,9.33,-0.623188920570174,-1.5687801731805024
MI-990,,II,TT,,,,CG,AG,CG,,TT,GG,,,,,,,,,,,,,,,,,,,,,,,,,GG,,GT,,,GG,,,,,,,,,,,,,,,,TT,,,,,,,,,,AA,CT,,,GG,,TT,CG,,,,,,,AA,TT,AA,GG,,,,,GG,AA,AT,GG,,,,CT,,,,,,AA,AA,,GG,TT,GG,AA,AA,CC,GG,GG,,TT,CC,,,CC,TT,GA,AT,CC,,,GG,AA,TT,CT,,,,,GA,AA,AA,CC,TT,GG,GA,AA,AA,CC,CC,,,CC,,,,GG,,GA,GG,TC,AC,AA,GG,TC,AA,AG,TC,,4G5G,AA,GG,CT,AA,GG,CC,AG,CC,,CC,AA,,CC,,,CC,,TT,AA,CT,CT,TT,GG,CC,CT,GA,CC,GG,AC,TT,,,,CC,,,CC,,,,,GG,CC,GA,,,,,,CC,TT,GA,GA,,TT,,,,,,,0.0,MI,03-1,Female,21.0,Caucasian,20.0,27.5,7.5,37.5,22.5,17.5,-5.0,-22.2,144.0,64.3,24.485,124.0,90.0,100.0,13.0,26.33,12.0,20.67,R,139.0,64.3,23.635,11.33,1.1140722745321066,1.2316791270587497
MI-991,CA,ID,TT,AA,TT,GG,CC,GG,CG,CC,TT,GG,TT,AG,,CC,CC,TA,CT,TT,GG,,CT,,,,,GT,GG,GG,,,,GA,,,GG,CC,TT,GG,,,CC,AA,CT,CC,AG,GG,,AA,,"-9, +9",GG,TT,CC,TT,AC,TT,TT,,,,,,,,,AG,CC,CG,AG,CC,GA,TT,CC,CT,CC,CG,GG,GG,AG,AG,TC,CC,GG,,CT,AA,CG,GG,AA,TT,GG,TT,,CC,CT,,,,,,AA,GG,CC,GG,AA,GG,AA,AA,CC,GG,GG,TT,TT,TT,CC,,CC,TT,GA,AA,CA,,,AG,AC,TT,CC,AA,GG,GG,CT,GA,AG,AG,GG,TC,GA,GG,GG,GA,CC,CC,,,CC,GG,GG,CT,GG,GT,GG,GG,TC,AC,GG,GC,TC,AA,AG,TT,TT,4G5G,AA,,CT,AA,GG,CC,AG,CC,,CC,AA,CC,CC,,,CC,GG,CT,GA,TT,TT,TT,GG,CC,CC,GG,CG,CG,AC,TT,CC,CT,,CT,,,CC,GG,CC,GG,CC,GG,,GG,AA,GT,CC,TT,AA,,CT,GG,GA,TC,TG,,,,,,,,,,,,,,,,,,,,,,,,,,,,,,,,,,,,-1.3565955239614167,0.2073322158677925
MI-992,CC,ID,CT,GA,TC,GA,CG,GG,CG,CA,TT,GG,TT,AA,TT,CC,CC,AA,CC,TT,GG,CC,CC,TT,CC,GG,GG,GG,GG,GG,CC,TT,GA,GG,AA,GG,GG,CC,GT,GA,,GG,CC,AA,CT,CC,AG,GG,GG,AA,,"+9, +9",AA,TT,TT,TT,AA,TA,TT,,,,,,,,,AG,CT,CC,AA,CC,GG,TT,CC,CT,TC,CG,GA,GA,GG,GG,CC,AA,GA,TT,TT,AA,GG,GA,AT,AT,GG,TT,CC,CC,CT,,,,,,AA,GG,CC,GG,AA,GG,AA,AA,CC,GG,GG,CC,TT,CC,CC,,CG,TT,GG,AA,CC,,,GG,AA,TA,CC,AA,GG,GG,CC,GA,AA,AG,GC,TC,GG,GG,AA,AA,CC,CC,,,CT,AG,GG,CC,GT,GG,GG,GA,CC,CC,AA,CC,TT,AG,AA,TT,TC,4G4G,AA,GG,CT,AA,GG,CC,AG,CC,,CC,AA,CT,CC,,,CC,AA,CT,AA,CC,CC,TC,GA,CC,CC,GG,CG,CC,AA,TT,CT,CC,,CC,TT,GG,CC,GT,TT,GT,TT,GG,,GG,AA,GG,CC,TT,AA,,CC,GG,AA,CC,TT,,,,,,,0.0,MI,03-1,Female,21.0,Caucasian,12.5,22.5,10.0,80.0,12.5,17.5,5.0,40.0,130.0,65.0,21.631,112.0,80.0,70.0,8.0,19.0,10.33,20.67,R,129.0,64.7,21.664,5.33,-2.396440362922935,-0.8854695510002241
MI-993,CC,DD,TT,GA,TC,GA,CC,AA,GG,CC,TT,GG,TT,AA,TT,CC,CC,AA,CC,GT,GG,CC,CC,TT,CC,GG,GG,GG,GG,GG,CC,TT,GG,GG,AA,GG,GG,CC,GT,GA,,GG,CC,AA,CC,CC,GG,GG,GG,AA,,"-9, +9",GG,CT,TC,CT,AA,TA,TC,,,,,,,,,AA,CC,CC,AA,CG,GA,TT,CC,CT,TC,CC,GG,GG,,AA,TC,AC,GA,AT,TT,AA,GG,GG,AA,AA,GG,TT,CT,CC,CC,,,,,,AA,GG,CT,GG,AA,GG,AA,AA,CC,GG,GG,CC,TT,CC,CC,,CC,TT,AA,TT,CC,,,GG,AA,TA,CT,AA,GG,GG,CT,GG,AG,GG,GG,CC,GA,GA,GG,GG,CG,CC,,,CC,GG,GG,CC,TT,TT,GA,GG,TT,AA,AA,CC,TT,AG,AG,TT,TC,4G5G,AA,GG,CC,AA,GG,CC,GG,CC,,CT,AA,CC,CC,,,GG,GG,CT,AA,TT,TT,TT,GG,CC,CC,GA,CG,CG,AA,TT,CC,CC,,CC,GG,AA,CC,GG,CC,GG,CC,GA,,GA,AA,GT,CC,GT,AG,,CT,GA,GA,TC,TT,,,,,,,0.0,MI ,03-1,Female,30.0,Caucasian,7.5,25.0,17.5,233.3,12.5,17.5,5.0,40.0,156.0,67.0,24.43,104.0,82.0,75.0,19.0,25.0,20.33,27.33,R,162.0,67.0,25.37,15.0,-1.8222106288991122,-1.3159643017245457
MI-994,CC,ID,TT,GG,CC,AA,CC,AG,GG,CA,TC,GG,TT,GG,GG,CC,TC,TT,CT,GT,AG,CT,CT,TT,CG,CC,GG,GT,GA,GA,CC,AT,GG,GA,GG,GA,GG,CC,GG,AA,,GG,CC,AA,CT,CC,AG,GA,GG,AT,,"-9, +9",AG,CT,TC,CT,AA,TA,TT,,,,,,,,,GG,CC,CG,AG,CC,GG,TT,CC,CC,TT,CG,GA,GA,AA,AA,TT,AA,GA,AT,CT,AA,CG,GG,AA,AA,GG,TC,TT,CC,CC,,,,,,AA,GG,CT,GG,AA,GG,AA,AA,CC,GG,GG,TT,TT,TT,CT,,CG,TT,GG,AA,CC,,,AG,AC,TA,CC,CA,GG,GG,CT,GA,AG,AG,GG,CC,GG,GG,AG,GG,CG,CC,,,CT,GG,GG,CC,GT,GT,GA,GG,TC,AC,AA,CC,TC,AA,AG,TC,TT,4G5G,AA,GG,CT,AT,GA,CC,AG,CC,,CT,AA,TT,CC,,,CC,GG,TT,AA,CC,CC,TC,GA,CC,CC,GG,GG,CC,AA,TT,CT,CT,,CC,GG,AA,CC,GG,CC,GG,CC,GG,,GA,AA,GG,CC,TT,AA,,CT,GA,GA,TC,TT,,,,,,,0.0,MI,03-1,Male,29.0,Caucasian,25.0,40.0,15.0,60.0,30.0,27.5,-2.5,-8.3,203.0,74.0,26.061,120.0,90.0,70.0,6.0,19.0,7.0,12.33,R,211.0,74.0,27.088,12.33,2.4761336335222537,-2.3272014149670164
MI-995,CC,ID,TT,GA,TC,GA,CC,AG,CG,CC,TT,GG,TT,AG,GT,CC,CC,TA,CT,TT,GG,CC,CT,CT,CC,GG,GG,GT,GG,GG,TC,AT,GG,GA,AG,GA,GG,CC,GT,GA,,GG,CC,AA,CT,CC,AG,GG,GG,AA,,"-9, +9",GG,CT,TC,CT,CC,TT,TT,,,,,,,,,AA,CT,GG,GG,CG,GG,TT,CC,CT,TC,GG,GG,GG,AG,AG,TC,AA,AA,AT,CT,AA,GG,GG,AA,AA,GG,TT,CT,CC,CC,,,,,,AA,GG,CC,GG,AA,GG,AA,AA,CC,GG,GG,CC,TT,CC,CT,,CG,TT,GA,AA,CC,,,AG,AC,TT,CC,CA,CC,GG,CT,AA,AA,AG,GG,TC,GG,GG,AA,GG,CC,CC,,,,GG,GG,CT,GG,GT,GG,GG,TC,AC,AA,GG,TT,AG,AG,TC,TT,4G5G,AA,GG,CT,AA,GG,CC,AG,CC,,CC,AA,CT,CG,,,CC,GA,TT,AA,CT,CT,TT,GG,CC,CT,GG,GG,CC,AA,CC,CC,CC,,CC,GG,AA,CT,GT,CC,GT,CC,GG,,GA,AA,GT,CT,GT,AG,,CC,GA,AA,CC,TT,,,,,,,0.0,MI,03-1,Female,19.0,Caucasian,10.0,22.5,12.5,125.0,12.5,17.5,5.0,40.0,124.0,65.0,20.632,120.0,74.0,70.0,5.67,11.67,5.33,12.67,R,125.0,65.0,20.799,5.0,-2.40256319139677,-0.13716993543436973
MI-996,CA,II,TT,GA,TC,GA,CC,AG,CG,CC,TC,GG,TT,GG,,CC,TC,TT,TT,TT,GG,,TT,,,,,GG,GA,GG,,,,GA,,,GA,CT,GG,GG,,GG,CC,AA,CT,CC,AG,GA,GG,AT,,"-9, +9",AG,TT,TT,TT,AA,AA,TC,,,,,,,,,AG,TT,CG,AG,CC,GG,TC,CG,CT,CC,CG,GG,GG,AG,AG,TC,AC,GG,,CT,AA,GG,GG,AA,AT,GG,TT,,CC,CC,,,,,,AA,GG,CT,GG,AA,GG,AA,AA,CC,GG,GG,CC,TT,CC,CC,,CC,TT,AA,AA,CC,,,AG,AC,AA,CT,CA,GG,GG,TT,GA,GG,GG,GG,TC,GG,GG,AG,GG,CC,CT,,,CT,GG,GT,CC,GG,GG,GG,GA,TC,AC,AA,GG,TT,AA,GG,TT,TT,4G5G,AA,GG,CT,AT,GA,CC,AG,CC,,CT,AG,CC,CC,,,CG,GA,CC,AA,CC,CC,TC,GA,CC,CT,GG,CG,CC,AA,TT,CT,CC,,CC,,,CC,GG,CC,GG,CC,GA,,GA,AC,GT,CC,TT,AA,,CT,GA,GA,TC,TT,,,,,,,,,,,,,,,,,,,,,,,,,,,,,,,,,,,,-1.0271803549029364,1.0536817301397186
MI-997,CC,,TT,GA,TC,GA,CC,AA,GG,CC,TT,,TC,AG,GT,CC,TC,TA,CC,GT,AG,CT,CC,TT,CG,CG,GG,GG,GG,GA,CC,AT,GG,GA,AG,GA,GG,CC,GT,GA,,GG,CC,AA,CT,CC,AG,GG,GG,AA,,"-9, +9",AG,TT,TT,CT,AC,TA,TC,,,,,,,,,AG,CC,GG,GG,CG,AA,TT,CC,CT,TC,CC,GG,GA,AG,AG,TC,AC,GA,AT,CT,AA,CG,GG,AA,AA,GG,TT,TT,CC,CT,,,,,,AA,GG,CT,GG,TA,GG,AA,AA,CC,GA,GG,CC,TT,CC,CT,,CG,TT,GA,AT,CA,,,AA,CC,TA,CT,CC,GG,GG,CC,,AG,AG,GC,TC,GG,GG,AA,GA,CG,CC,,,TT,GG,GG,CC,TT,GT,GA,GG,TT,AA,AA,GC,TT,AG,AG,TC,TT,5G5G,AA,GG,CT,AA,GG,CC,AG,CC,,CC,AA,CC,CC,,,CG,GG,TT,GA,CT,CT,TT,GG,CC,CT,GG,CG,CC,AA,TT,CT,CC,,CC,GG,AA,TT,GG,CC,GG,CC,GG,,GA,AA,GT,CC,GT,AG,,TT,GG,GG,TT,TT,,,,,,,0.0,MI,03-1,Female,21.0,Caucasian,12.5,25.0,12.5,100.0,15.0,10.0,-5.0,-33.3,139.0,63.0,24.62,120.0,80.0,65.0,5.0,20.33,5.0,19.33,R,143.0,63.0,25.329,6.33,1.3757369416112504,-4.193868232155926
MI-998,AA,DD,TT,GG,CC,AA,CG,AG,CG,CC,TC,GG,TT,AG,GT,CC,CC,TT,CT,TT,GG,CC,CT,TT,CC,CC,GG,GG,GG,GA,TC,AA,GG,GG,AG,GG,GA,CT,GG,GG,,GG,CC,AA,CC,TT,GG,GG,GG,AA,,"+9, +9",GG,CC,TC,CC,AA,TT,TT,,,,,,,,,AA,CT,CC,GG,CC,GG,TT,CC,CC,TC,CC,GG,GA,AA,AA,CC,AA,GA,,CT,AG,CG,GG,AA,AA,GG,CC,TT,CC,CC,,,,,,AA,GG,TT,GG,TT,GG,AT,AT,CA,AA,GA,CT,TT,TC,CC,,CG,TT,GG,AT,CC,,,AA,CC,TT,CC,CC,GG,GC,CC,GG,AG,AG,GG,TT,GG,GG,GG,GG,CC,CC,,,CC,GG,GT,CC,GT,GG,GG,GA,TC,AC,AA,GG,TC,AA,AA,TT,TC,4G5G,AA,GG,CC,AA,GG,CC,GG,TT,,CC,AG,CC,CC,,,CC,GG,CC,GG,CT,CC,TT,GG,CC,CC,AA,CC,GG,AA,TT,TT,CC,,CC,TT,GG,CC,GG,CC,GG,CC,GA,,GG,AA,GT,CC,GT,AG,,TT,GG,GA,TT,TG,,,,,,,0.0,MI,03-1,Female,21.0,Caucasian,25.0,30.0,5.0,20.0,22.5,30.0,7.5,33.3,214.0,66.0,34.537,120.0,90.0,70.0,20.67,30.67,24.33,36.0,R,220.0,66.0,35.505,20.67,9.928589164140782,9.166291330737307
MI-999,CA,DD,TT,GA,TC,GA,CC,GG,CG,CC,TT,GG,TT,AG,GT,CC,CC,TA,CT,TT,GG,CC,CT,CT,CC,CG,GG,GT,GG,GG,TC,AT,GG,GA,AG,GA,GG,CC,GT,GA,,GG,CC,AA,CC,CC,GG,GG,GG,AA,,"+9, +9",GG,TT,TT,CT,AA,AA,TC,,,,,,,,,AA,CT,CG,GG,CG,GG,TT,CC,CT,TT,CC,GA,GG,AG,AG,TC,AA,GG,AT,TT,AA,GG,GG,AA,AA,GG,TC,CT,CC,CC,,,,,,AA,GG,CT,GG,AA,GG,AA,AA,CC,GG,GG,CT,TT,TC,CC,,CC,TT,GG,AA,CC,,,AG,AC,AA,TT,AA,GC,GG,CT,AA,AG,AG,GC,TT,GG,GA,AG,GG,GG,CC,,,CT,GG,GG,CC,GT,GG,GG,GA,CC,CC,AA,GC,TC,AG,AA,TT,,4G5G,AA,GG,CC,AA,GG,CC,GG,CC,,CT,AA,CT,CC,,,CC,,TT,AA,TT,TT,TT,GG,CC,CC,GA,CC,CG,AA,TT,,CC,,CC,GT,AG,CT,GT,TC,GT,CT,GG,,AA,AC,GT,CC,TT,AA,,TT,AA,GG,TT,TT,,,,,,,0.0,MI,03-1,Female,19.0,Caucasian,32.5,37.5,5.0,15.4,30.0,32.5,2.5,8.3,158.0,70.0,22.668,120.0,82.0,65.0,4.0,7.0,4.67,6.0,R,164.0,70.0,23.529,5.0,-2.923912255952449,1.1661909721392323
UC-305,,,,,,,,,,,,,CC,GG,,CC,TT,TT,CC,GG,AA,,CC,,,,,GG,GG,AA,,,,AA,,,,,,,,,,,,,,,,,,,,,,,,,,,,,,,,,,,,,,,,,,,,,,,,,,,,,,,,,,,,,,,,,,,,,,,,,,,,,,,,,,,,,,,,,,,,,,,,,,,,,,,,,,,,,,,,,,,,,,,,,,,,,,,,,,,,,,,,,,,,,,,,,,,,,,,,,,,,,,,,,,,,,,,,,,,,,,,,,,,,,,,,,,,,,,,,,,,,,,,,,,,,,,,,,,,,,,,,,,,,,4.6145395580621615,-3.4803809193014774
UC-306,CC,II,CT,GA,TC,GA,,,,CC,TT,GG,TT,AG,GT,CC,CC,TA,CT,TT,GG,CC,CT,CT,CC,CG,GG,GT,GG,GG,TC,AT,GG,GA,AG,GA,AA,TT,GG,GG,,GG,CC,AA,CC,CC,GG,GG,GG,AA,CC,"-9, +9",AG,TT,TC,TT,AA,TA,TC,GG,CC,GG,TT,CC,GG,CC,GG,AG,CT,CG,GG,CG,GA,TT,CC,CT,CC,CC,AA,GG,AA,AA,TT,CC,GG,TT,CT,AA,CG,GG,AA,AT,GG,TC,TT,CC,CC,GG,TT,CC,GG,AA,AA,GG,TT,GG,AA,GG,AA,AA,CC,GG,GG,CC,TT,CC,CT,,CG,TT,GA,AA,CA,GG,CC,AG,AC,TA,CC,CA,GC,GG,CC,GA,,,GG,CC,GG,GG,AG,AA,,CT,CC,GG,CT,GG,GG,CC,GG,TT,GA,GG,TC,AC,AA,CC,TT,AG,AA,TT,TC,4G5G,AA,GG,CC,AA,GG,CC,GG,CC,GA,CT,AA,CT,CG,,,CG,GG,CT,AA,CT,CT,TT,GG,CC,CC,GG,CC,GG,AC,CC,CT,TT,TT,CC,GT,AG,CC,GG,CC,GG,CC,GG,,GA,AC,GT,CC,TT,AA,CC,CT,GA,GA,TT,TT,,,,,,,0.0,UC,02-1,Female,26.0,Caucasian,7.5,15.0,7.5,100.0,12.5,12.5,0.0,0.0,109.0,61.0,20.593,118.0,70.0,64.0,7.75,21.25,10.67,18.67,R,105.0,61.0,19.837,6.83,-3.0248906065298793,0.3268488951575106
UC-308,,,,,,,,,,,,,TT,AG,,CC,CC,TA,CT,TT,GG,,CT,,,,,GT,GA,GG,,,,GG,,,,,,,,,,,,,,,,,,,,,,,,,,,,,,,,,,,,,,,,,,,,,,,,,,,,,,,,,,,,,,,,,,,,,,,,,,,,,,,,,,,,,,,,,,,,,,,,,,,,,,,,,,,,,,,,,,,,,,,,,,,,,,,,,,,,,,,,,,,,,,,,,,,,,,,,,,,,,,,,,,,,,,,,,,,,,,,,,,,,,,,,,,,,,,,,,,,,,,,,,,,,,,,,,,,,,,,,,,,,,-1.2626884983522464,1.1556883022607398
UC-309,CA,DD,CC,,,AA,,,,CC,TT,GG,TT,GG,GG,CC,CC,TT,TT,TT,GG,CC,TT,CT,CC,CC,GG,TT,GA,GG,TC,AT,GG,GG,GG,GA,GG,CC,GG,AA,,GG,CC,AA,CT,CC,AG,GA,GG,AA,CC,,AG,CT,TC,CT,AA,,TC,GG,CC,GG,TT,CC,AA,CC,GG,AG,CT,GG,GG,CC,GG,TT,CC,CC,CC,CC,GA,GA,GG,AG,TC,AA,GG,AT,TT,AA,GG,GA,AT,AT,GG,TT,CT,CC,CC,GG,TT,CC,GG,AA,AA,GG,CT,GG,AA,GG,AT,AA,CC,GG,GG,CC,TT,CC,CT,,CG,TT,GG,AA,CA,GG,CG,AG,AC,TA,CC,CA,GC,GG,CT,GG,,,GG,CC,GG,GG,AA,AA,CC,CT,CC,GG,CC,GG,GG,CC,GG,GG,GG,GG,TC,AC,AA,GC,TT,AA,AG,TT,TC,4G5G,AA,GG,CT,AA,GA,CC,AG,CC,GG,CC,AA,CT,CC,,,CC,GG,TT,AA,CC,CC,TC,GA,CC,CT,GA,CG,CG,AA,TT,CC,CT,TT,CC,GT,AG,CT,GT,TC,GT,CT,GG,,AA,AA,GT,CC,GT,AG,CC,CT,GA,GA,TC,TT,,,,,,,0.0,UC,02-1,Female,24.0,Caucasian,12.5,20.0,7.5,60.0,17.5,22.5,5.0,28.6,174.0,67.0,27.249,124.0,82.0,64.0,12.42,23.67,15.0,22.0,R,166.0,67.0,25.996,12.0,-2.238879429300823,3.1802239211091043
UC-310,CA,ID,CT,GA,TC,GA,,,,CC,TT,GG,TT,AA,TT,CC,CC,AA,CC,TT,GG,CC,CC,TT,CC,GG,GG,GG,GG,GG,CC,AT,GG,GA,AG,GA,GG,CC,TT,GG,,GG,CC,AA,CT,CC,AG,GG,GG,AA,CC,"+9, +9",GG,TT,TC,CT,AA,TA,TC,GG,CC,GG,TT,CC,AA,CC,GG,AG,CT,GG,GG,CC,GG,TT,CC,CT,TT,CG,GG,GG,AG,AA,TC,AA,AA,AT,CT,AA,CG,GG,AA,AT,GG,TT,CC,CC,CT,GG,TT,CC,GG,AA,AA,GG,CC,GA,AA,GG,AA,AA,CC,GG,GG,CC,TT,CC,CC,,CC,TT,AA,AT,CC,GG,CG,GG,AA,TA,CC,AA,GC,GC,CT,GG,,,GG,TC,GG,GG,AA,AA,CC,CC,CC,GG,CT,GG,GG,CC,GG,GT,GG,GA,TC,AC,AA,GC,TT,AG,AG,TT,TT,4G4G,AA,GG,CT,AA,GG,,AG,CC,GG,CC,AA,CT,CC,,,CC,GG,CT,AA,CT,CT,TT,GG,CC,CC,GG,CG,CC,AA,TT,CT,TT,TT,CT,GT,AG,CC,GG,CC,GG,CC,GG,,AA,AC,GT,CC,GT,AG,CC,CT,AA,GA,TC,TT,,,,,,,0.0,UC,02-1,Female,22.0,Caucasian,12.5,17.5,5.0,40.0,15.0,15.0,0.0,0.0,132.0,63.0,23.38,110.0,70.0,72.0,9.92,19.58,10.17,18.08,L,126.0,63.0,22.317,11.17,-2.6577112318722893,-1.9361413935457512
UC-311,,,,,,,,,,,,,TT,AG,,CC,TT,TT,CC,GG,AA,,CC,,,,,GG,GG,AA,,,,GA,,,,,,,,,,,,,,,,,,,,,,,,,,,,,,,,,,,,,,,,,,,,,,,,,,,,,,,,,,,,,,,,,,,,,,,,,,,,,,,,,,,,,,,,,,,,,,,,,,,,,,,,,,,,,,,,,,,,,,,,,,,,,,,,,,,,,,,,,,,,,,,,,,,,,,,,,,,,,,,,,,,,,,,,,,,,,,,,,,,,,,,,,,,,,,,,,,,,,,,,,,,,,,,,,,,,,,,,,,,,,3.6162369503425933,-2.937278581050031
UC-312,CA,DD,CT,GA,TC,GA,,,,CC,TT,GG,TC,AG,,CC,CC,TA,CT,TT,GG,,CT,,,,,GT,GG,GG,,,,GG,,,GG,CC,GT,GA,,GG,CC,AA,CC,CC,GG,GG,GG,AA,CC,"-9, -9",AG,CT,TC,CC,AC,TT,TT,GG,CC,GG,TT,CG,AG,CC,GG,GG,CT,CG,AG,CC,GG,TT,CC,CT,TC,CG,GA,GG,AG,AG,CC,AA,GA,,CT,AA,CG,GG,AA,AT,GG,CC,,CC,CC,GG,TT,CC,GG,AA,AA,GG,CT,GG,AA,GG,AA,AA,CC,GG,GG,CC,TT,CC,CT,,CG,TT,GG,AA,CC,GG,CG,AG,AC,TA,,CA,GG,GG,CT,GG,,,GG,TC,GG,GG,AG,GA,GG,CT,CA,GG,TT,AG,GT,CC,GG,GT,GG,GG,TT,AA,AA,GC,TT,AA,AG,TT,TC,4G5G,AA,GG,CC,AA,GG,CC,GG,CC,GA,CT,AG,CC,CC,,,CC,GG,CT,AA,CT,CT,TT,GG,CC,CC,GG,CC,CC,AA,CC,CT,CC,TT,CC,,,CT,TT,TT,TT,TT,GG,,AA,AA,GG,CC,TT,AA,CC,CC,GA,AA,TC,TG,,,,,,,0.0,UC,02-1,Male,19.0,Hispanic,27.5,35.0,7.5,27.3,30.0,32.5,2.5,8.3,226.0,70.5,31.966,118.0,72.0,78.0,10.33,24.67,10.75,23.25,R,228.0,71.0,31.796,8.92,-2.080474139047542,4.144607219674976
UC-313,,,,,,,,,,,,,,,,,,,,,,,,,,,,,,,,,,,,,,,,,,,,,,,,,,,,,,,,,,,TC,,,,,,,,,,,,,,,,,,,CC,GG,GA,GG,,,,,,,,,,,,,,,,,,,,,,,,,,,,,,,,,,,,,,,,,,,,,,,,,,,,CC,,,,,,,,,,,,,,,,,,,,,,,,,,,,,,,,,,,,,,,,,,,,,,,,GG,,,,,,,,,,,,,,,,,,,,,,,,,,,,,,,,,,,,,CC,,,,,,,,,,,,,,,,,,,,,,,,,,,,,,,,,,,,,0.003168264515478448,-0.06059359657696145
UC-314,CA,ID,CT,GA,TC,GA,,,,CC,TT,GA,TT,AA,TT,CC,CC,AA,CC,TT,GG,CC,CC,TT,CC,GG,GG,GG,GG,GG,CC,AT,GG,GG,AG,GG,GG,CC,GG,AA,,GG,CC,AA,CC,CC,GG,GG,GG,AA,,"-9, +9",GG,TT,TC,CT,AA,TT,TT,,,,,,,,,AG,CC,CG,AG,CG,GG,TT,CC,CT,TT,CC,GG,GG,AG,AA,TC,CC,GG,TT,TT,,GG,GG,AA,AT,GG,TC,CC,CC,TT,,,,,,AA,GG,CT,GG,TT,GA,AA,AA,CC,GA,GG,CC,TT,CC,TT,,GG,TT,GG,AT,CC,,,AG,AC,,CT,AA,GC,GG,TT,GG,,,GG,CC,GG,GG,AA,GG,CC,CT,,,CT,AG,GG,CC,GG,GT,GG,GG,TC,AC,AA,GC,TC,GG,AA,TT,TT,4G5G,AA,GG,CC,AA,GG,CC,GG,CC,,CT,AG,CC,,,,CC,,CC,AA,CC,CC,TT,GG,CC,CT,GA,CC,CG,AA,CT,TT,CC,TT,CC,GG,AA,CC,GT,TC,GT,CT,GG,,AA,AA,GT,CC,TT,AA,TT,CT,GG,GA,,TT,,,,,,,0.0,UC,02-1,Female,21.0,Caucasian,10.0,15.0,5.0,50.0,12.5,12.5,0.0,0.0,106.0,60.0,20.699,118.0,78.0,66.0,8.0,18.75,8.33,15.0,R,106.0,60.0,20.699,8.33,-1.1461623886508479,-0.6102324136853281
UC-315,CA,DD,CT,GA,TC,GA,,,,CC,TT,GG,TT,GG,GG,CC,CC,TT,TT,TT,GG,CT,CT,CT,CC,CC,GG,TT,GG,GG,CC,AA,GG,GG,GG,AA,GG,CC,GT,GA,,GG,CC,AA,CT,CC,AG,GG,GG,AA,,"+9, +9",AA,CC,TC,CC,AC,TA,TT,,,,,,,,,AG,CC,CC,AA,CC,GG,TT,CC,CT,TC,CC,GG,GG,AA,AA,TT,AA,GG,AA,TT,AG,GG,GA,AT,AT,GG,TC,CT,CC,CT,,,,,,AA,GG,CC,GA,AA,GG,AA,AA,CC,GG,GG,CT,TT,TC,CT,,CG,TT,GG,AT,CC,,,AG,AC,TA,CT,CA,GG,GC,CC,GG,,,GG,CC,GG,GG,AG,GA,GG,CT,,,CT,AG,GG,CC,GG,GG,GG,GG,TC,AC,AA,GC,TT,AG,AA,TT,TT,4G4G,AA,GG,CT,AA,GG,CC,AG,CC,,CC,AG,CC,CC,,,CC,GA,CT,AA,CT,CT,TT,GG,CC,CC,GG,CG,CC,AA,CT,CC,CT,TT,CC,GT,AG,CT,GG,CC,GG,CC,GG,,GG,AA,GG,CC,TT,AA,TT,CT,GA,GA,TC,TT,,,,,,,0.0,UC,02-1,Female,21.0,Caucasian,15.0,25.0,10.0,66.7,22.5,27.5,5.0,22.2,151.0,65.0,25.125,128.0,70.0,74.0,9.5,16.75,11.0,15.67,R,164.0,65.0,27.288,10.0,-2.192435486776756,1.2197246709959797
UC-316,AA,ID,CT,GA,TC,GA,,,,CC,TT,GG,TT,AA,,CC,CC,AA,CC,TT,GG,,CC,,,,,GG,GG,GG,,,,GG,,,GG,CC,TT,GG,,GG,CC,AA,CC,CC,GG,GA,GG,AA,,"+9, +9",AG,TT,TC,CT,AA,AA,TT,,,,,,,,,AA,CT,CG,AG,CG,GG,TT,CC,CT,CC,CC,GG,GG,AA,AA,TT,AC,GA,,CC,AA,GG,GG,AA,AT,GG,TC,,CC,CT,,,,,,AA,GG,CT,GG,TA,GG,AA,AA,CC,GG,GG,CT,TT,TC,CC,,CC,TT,AA,AT,CC,,,GG,AA,AA,CT,AA,GG,GG,TT,GG,,,GG,CC,GA,GG,AG,GA,CC,CC,,,CC,GG,GG,CT,GG,GT,GG,GG,TT,AA,AA,GG,TT,AA,AA,TT,TC,4G5G,AA,GG,CC,AA,GA,CC,GG,CC,,CC,AA,CC,CC,,,CC,,CT,AA,CT,CT,TT,GG,CC,CC,GG,CG,CC,AA,TT,CT,TT,TT,CC,,,CC,GT,CC,GT,CC,GA,,GA,AC,TT,CC,TT,AA,,CT,GG,GA,CC,TT,,,,,,,,,,,,,,,,,,,,,,,,,,,,,,,,,,,,-1.8429045659091634,-1.1623845187500408
UC-317,CA,ID,CT,GA,TC,GA,,,,CC,TT,GG,TT,AG,GT,CC,CC,TA,CT,TT,GG,CC,CT,TT,CC,GG,GG,GT,GA,GG,CC,TT,GG,GG,AG,GG,GG,CC,TT,GG,,GG,CC,AA,CT,CC,AG,GA,GG,AA,CT,"+9, +9",GG,TT,TC,TT,AA,AA,TC,GG,CC,GG,TT,CC,AA,CC,GG,GG,CC,CG,AG,CC,GG,TC,CG,CT,TT,CC,GG,GG,GG,AA,TC,AC,GA,AT,CT,AA,CG,GG,AA,AA,GG,TT,CC,CC,CT,GG,TT,CC,GG,AA,AA,GG,CC,GG,AA,GG,AA,AA,CC,GG,GG,CC,TT,CC,CT,,CG,TT,GG,AA,CC,GG,CG,AG,AC,TA,CC,CA,GG,GC,CT,GG,,,GC,TC,GG,GG,AG,AA,CC,CT,CC,GG,TT,AG,GG,CT,GG,TT,GG,GG,TT,AA,AA,CC,TT,AG,AA,TC,TC,4G4G,AA,GG,CT,AA,GA,CC,AG,CC,AA,CT,AA,CC,CC,,,CC,GG,CT,AA,CC,CC,TC,GA,CC,CT,GA,CG,GG,AA,CT,CC,CC,TT,CC,GT,AG,TT,TT,TT,TT,TT,GA,,AA,AA,GT,CC,TT,AA,TT,CC,GA,AA,CC,TT,,,,,,,0.0,UC,02-1,Male,23.0,Caucasian,12.5,15.0,2.5,20.0,15.0,17.5,2.5,16.7,185.0,65.0,30.782,130.0,90.0,70.0,15.42,25.0,13.25,24.5,R,187.0,65.0,31.115,14.0,-5.06687702484197,0.9448199313683909
UC-318,,,,,,,,,,,,,TT,AA,,CC,CC,AA,CC,TT,GG,,CC,,,,,GG,GG,GG,,,,GA,,,,,,,,,,,,,,,,,,,,,,,,,,,,,,,,,,,,,,,,,,,,,,,,,,,,,,,,,,,,,,,,,,,,,,,,,,,,,,,,,,,,,,,,,,,,,,,,,,,,,,,,,,,,,,,,,,,,,,,,,,,,,,,,,,,,,,,,,,,,,,,,,,,,,,,,,,,,,,,,,,,,,,,,,,,,,,,,,,,,,,,,,,,,,,,,,,,,,,,,,,,,,,,,,,,,,,,,,,,,,-0.252442120962654,-0.2532228239499614
UC-319,CA,II,CC,GG,CC,AA,,,,CC,TT,GG,TC,AG,GT,CC,CC,TA,CT,TT,GG,CC,CT,CT,CC,CG,GG,GT,GG,GG,TC,AT,GG,GA,AG,GA,GG,CC,TT,GG,,GG,CC,AA,CT,CC,AG,GG,GG,AA,CC,"-9, +9",GG,TT,TC,TT,,AA,TT,GG,CC,GG,TT,CC,GG,CC,GG,AA,CC,CC,AA,CC,GG,TC,CG,CC,TT,CC,GG,GG,GG,AG,CC,AA,AA,AT,CT,AA,GG,GG,AA,TT,GG,TT,CT,CC,CC,GG,TT,CC,GG,AG,AA,GG,CC,GG,AA,GG,AA,AA,CC,GG,GG,CC,TT,CC,CT,,CG,TT,GG,AT,CC,GG,GG,AG,AC,TA,,CA,GG,GG,CC,GG,,,GG,CC,GG,GG,AG,GG,CC,CC,CC,GG,CC,GG,GG,CT,GG,GT,GG,GG,TC,AC,AA,CC,TT,AA,AA,TT,TC,4G5G,AA,GG,CT,AA,GG,CC,AG,CC,GG,CT,AG,CT,CC,,,CC,GA,CT,AA,CT,CT,TT,GG,CC,CT,GA,CC,CG,AA,CT,CT,CC,TT,CC,TT,GG,CC,GG,CC,GG,CC,GA,,GA,AC,GT,CC,TT,AA,CT,CT,GA,GA,TC,TT,,,,,,,0.0,UC,02-1,Female,19.0,Caucasian,15.0,17.5,2.5,16.7,15.0,17.5,2.5,16.7,162.0,67.0,25.37,122.0,78.0,65.0,12.33,25.17,11.42,22.58,R,152.0,68.0,23.109,11.92,-1.5166176118678956,0.7756376554662227
UC-320,,,,,,AA,,,,,,,,,,,,,,,,,,,,,,,,,,,,,,,,,,,,,,,,,,,,,,,,,,,AA,,,,,,,,,,,,,,,,,,,CC,TC,,,,,,,,,,,,,,,,,,,,,,,,,,,,,,,,,,,,,,,,,,,,,,,,,,,,,,,,,,,,,,,,,,,,,,,,,,,,,,,,,,,,,,,,,,,,,,,,,,,,,,,,,,,,,,,,,,,,,,,,,,,,,,,GG,CC,,,,,,,,,,,,,,,,,,,,,,,,,,,,,,,,,,,,,,,,,,,,,,,,,,0.08450597460779284,-0.1554509122097555
UC-321,CC,DD,CC,GG,CC,AA,,,,CC,TT,GG,TT,GG,GG,CC,CC,TT,CT,TT,GG,CC,TT,TT,CC,CC,GG,TT,GA,GG,TC,AT,GG,GG,AA,GG,GG,CC,GG,GG,,GG,CC,AA,CT,CC,AG,GG,GG,AA,CC,"-9, +9",GG,CC,TC,CC,AA,TT,TC,GG,CC,GG,TT,CC,AA,CC,GG,AA,CT,CG,AG,CC,GG,TC,CG,CC,TT,CC,GG,GG,AG,AA,TT,AA,GG,AT,CC,GG,GG,GG,AA,AA,GG,TC,TT,CG,CC,GG,TT,CC,GG,AG,AG,GG,TT,GG,AA,GG,AA,AA,CC,GG,GG,CT,TT,TC,CC,,GG,TC,GA,AA,CC,GC,CG,GG,AA,TT,CC,AA,GG,GG,CT,GG,,,GC,CC,GG,GG,AG,GG,GG,CC,CA,GT,CT,GG,GT,CC,GT,GG,GA,GG,TT,AA,AA,GG,TT,AG,AA,TC,CC,4G5G,AA,GG,CT,AA,GG,CC,AG,CC,GG,CT,AA,CT,,,,CC,GG,CT,GG,CC,CC,TT,GG,CC,CT,AA,CG,CG,AA,CT,CT,CT,TT,CC,GG,AA,CC,GT,CC,GT,CC,GG,,GA,AA,TT,CC,TT,AA,CC,TT,GA,GG,TT,GG,,,,,,,0.0,UC,02-1,Female,23.0,Caucasian,15.0,20.0,5.0,33.3,15.0,17.5,2.5,16.7,140.0,68.0,21.285,112.0,82.0,72.0,7.67,17.83,8.83,16.33,R,146.0,68.0,22.197,7.0,3.8923572841493908,7.92052787728228
UC-322,CA,ID,CT,GA,TC,GA,,,,CC,TT,GG,TT,AA,,CC,CC,AA,CT,TT,GG,,CC,,,,,GG,GG,GG,,,,GA,,,GG,CC,GT,GG,,GG,CG,AA,CC,CC,AG,GA,GG,AA,,"+9, +9",GG,TT,TC,CC,AA,TT,TT,,,,,,,,,AG,CC,CG,AG,CC,GG,TT,CC,CT,CC,CG,GG,GG,GG,GG,TC,AA,GA,,TT,AA,GG,GA,AT,AT,GG,TC,,CC,CT,,,,,,AA,GG,CT,GG,AA,GG,AA,AA,CC,GG,GG,CT,TT,TC,CC,,CG,TT,GA,AT,CA,,,AA,CC,TA,CC,CC,GC,GG,CT,GG,,,GG,TC,GG,GG,AA,GA,CC,CC,,,CC,GG,GT,CC,GG,GT,GG,AA,CC,CC,AA,GG,TT,AG,AA,TT,TT,4G5G,AA,GG,CC,AA,GA,,AG,CC,,CT,AG,CC,CC,,,CC,GA,CT,GA,CT,CT,TT,GG,CC,CC,GG,GG,CC,AA,CT,TT,CC,TT,CC,,,CC,GT,TC,GT,CT,GG,,GA,CC,TT,CC,TT,AA,TT,CT,AA,GG,TT,TT,,,,,,,0.0,UC,02-1,Female,20.0,African Am,15.0,20.0,5.0,33.3,15.0,20.0,5.0,33.3,127.0,68.0,19.308,118.0,70.0,58.0,6.5,13.83,8.67,9.33,R,124.0,67.5,19.132,3.5,-1.0175357943573653,0.5727999660018115
UC-323,,,,,,,,,,,,,,,,,,,,,,,,,,,,,,,,,,,,,,,,,,,,,,,,,,,,,,,,,,,,,,,,,,,,,,,,,,,,,,,,,,,,,,,,,,,,,,,,,,,,,,,,,,,,,,,,,,,,,,,,,,,,,,,,,,,,,,,,,,,,,,,,,,,,,,,,,,,,,,,,,,,,,,,,,,,,,,,,,,,,,,,,,,,,,,,,,,,,,,,,,,,,,,,,,,,,,,,,,,,,,,,,,,,,,,,,,,,,,,,,,,,,,,,,,,,,,,,4.144103703791282e-17,-1.0900765763055393e-17
UC-324,,,,,,,,,,,,,,,,,,,,,,,,,,,,,,,,,,,,,,,,,,,,,,,,,,,,,,,,,,,,,,,,,,,,,,,,,,,,,,,,,,,,,,,,,,,,,,,,,,,,,,,,,,,,,,,,,,,,,,,,,,,,,,,,,,,,,,,,,,,,,,,,,,,,,,,,,,,,,,,,,,,,,,,,,,,,,,,,,,,,,,,,,,,,,,,,,,,,,,,,,,,,,,,,,,,,,,,,,,,,,,,,,,,,,,,,,,,,,,,,,,,,,,,,,,,,,,,4.144103703791282e-17,-1.0900765763055393e-17
UC-325,,,,,,,,,,,,,,,,,,,,,,,,,,,,,,,,,,,,,,,,,,,,,,,,,,,,,,,,,,,,,,,,,,,,,,,,,,,,,,,,,,,,,,,,,,,,,,,,,,,,,,,,,,,,,,,,,,,,,,,,,,,,,,,,,,,,,,,,,,,,,,,,,,,,,,,,,,,,,,,,,,,,,,,,,,,,,,,,,,,,,,,,,,,,,,,,,,,,,,,,,,,,,,,,,,,,,,,,,,,,,,,,,,,,,,,,,,,,,,,,,,,,,,,,,,,,,,,4.144103703791282e-17,-1.0900765763055393e-17
UC-326,,,,,,,,,,,,,,,,,,,,,,,,,,,,,,,,,,,,,,,,,,,,,,,,,,,,,,,,,,,,,,,,,,,,,,,,,,,,,,,,,,,,,,,,,,,,,,,,,,,,,,,,,,,,,,,,,,,,,,,,,,,,,,,,,,,,,,,,,,,,,,,,,,,,,,,,,,,,,,,,,,,,,,,,,,,,,,,,,,,,,,,,,,,,,,,,,,,,,,,,,,,,,,,,,,,,,,,,,,,,,,,,,,,,,,,,,,,,,,,,,,,,,,,,,,,,,,,4.144103703791282e-17,-1.0900765763055393e-17
UC-327,,,,,,,,,,,,,TT,AA,,CC,CC,TA,CC,GT,GG,,CC,,,,,GG,GG,GA,,,,GA,,,,,,,,,,,,,,,,,,,,,,,,,,,,,,,,,,,,,,,,,,,,,,,,,,,,,,,,,,,,,,,,,,,,,,,,,,,,,,,,,,,,,,,,,,,,,,,,,,,,,,,,,,,,,,,,,,,,,,,,,,,,,,,,,,,,,,,,,,,,,,,,,,,,,,,,,,,,,,,,,,,,,,,,,,,,,,,,,,,,,,,,,,,,,,,,,,,,,,,,,,,,,,,,,,,,,,,,,,,,,0.5714521377217292,-0.9389768916005716
UC-328,CC,ID,CC,GG,CC,AA,,,,CC,TT,GA,TT,AA,TT,CC,CC,AA,CC,TT,GG,CC,CT,CT,CC,GG,GG,GG,GG,GG,CC,TT,GG,GA,AA,GG,GA,CT,GT,GG,,GG,CC,AA,CC,CC,GG,GA,GG,AA,CC,"-9, -9",AG,TT,TC,CT,AA,AA,TC,GG,CC,GG,TT,CC,AA,CC,,GG,CC,CC,AG,CC,GG,TT,CC,CC,TC,CC,GG,GG,AA,AA,TT,CC,GG,AA,TT,,GG,GG,AA,AA,GG,TC,CT,CC,CT,GG,TT,CC,GG,AA,AA,GG,CT,GG,TA,GA,AA,AA,CC,GA,GG,CC,TT,CC,CT,,CG,TT,GG,AA,CA,GG,CG,GG,AA,TA,CC,AA,GG,GG,CC,GG,,,GC,TC,GA,GG,AG,AA,CC,CT,CC,GG,CC,GG,GG,CT,GG,GG,GG,GG,CC,CC,AA,CC,TT,GG,AA,TT,TC,4G4G,AA,GG,CC,AA,GA,CC,GG,CC,GA,CT,AA,CC,CC,,,CG,GA,CT,AA,CT,CT,TT,GG,CC,CC,GG,CG,CC,AA,TT,CT,CC,TT,CC,TT,GG,CC,GG,CC,GG,CC,GG,,GA,AC,GT,CC,TT,AA,TT,TT,GA,GG,TT,TT,,,,,,,0.0,UC,02-1,Female,22.0,Caucasian,17.5,20.0,2.5,14.3,20.0,22.5,2.5,12.5,156.0,71.0,21.755,118.0,70.0,72.0,5.67,16.75,6.75,12.33,R,153.0,71.0,21.337,5.67,-1.4696782753804565,-2.2307108119101375
UC-329,CA,ID,CC,GG,CC,AA,,,,CC,TT,GG,TT,AA,,CT,CC,TT,CT,TT,GG,,CT,,,,,GT,GA,GA,,,,GG,,,GA,CT,GG,GA,,GG,CC,AA,CC,CT,AG,GG,GG,AA,CC,"+9, +9",GG,CT,TC,CC,AA,TT,CC,GG,CC,GG,TT,CC,GG,CC,GG,AA,CC,GG,GG,CC,GG,TT,CC,CC,TC,CC,GA,GG,AG,AA,CC,AA,GG,,TT,AA,GG,GG,AA,AT,GG,CC,,CC,CC,GG,TT,CC,GG,AG,AG,GG,TT,GA,TA,GG,AT,AT,CA,GA,GA,CC,TT,CC,CC,,GG,TT,GG,AA,CC,GG,GG,AG,AC,TT,CC,CA,CC,GG,CC,GA,,,GG,TT,GG,GG,GG,GG,CC,TT,CC,GT,CC,AA,GG,CC,TT,GG,GG,GG,TC,AC,AA,GG,TT,AG,AA,TC,CC,4G4G,AA,GG,CC,AA,GG,CC,AG,CT,GG,TT,AG,CC,CC,,,CC,GG,CC,GG,CT,CC,TT,GA,CC,CT,GA,CC,CG,AA,CC,TT,CC,TT,CC,,,CC,GG,CC,GG,CC,GA,,AA,AA,GT,CC,GG,GG,CC,TT,GG,GG,TT,TT,,,,,,,0.0,UC,02-1,Male,19.0,African Am,42.5,50.0,7.5,17.6,45.0,45.0,0.0,0.0,159.0,69.0,23.478,140.0,78.0,56.0,3.83,6.08,3.58,5.67,R,156.0,69.0,23.035,3.58,9.28509392291595,9.464526372967596
UC-330,AA,ID,CC,GG,CC,AA,,,,CC,TT,GG,TT,AG,GT,CC,CC,TA,CT,TT,GG,CC,CT,TT,CC,CG,GG,GT,GA,GG,CC,TT,GG,GG,AG,GG,GG,CC,TT,GG,,GG,CC,AA,CC,CC,GG,GG,GG,AA,CT,"-9, -9",GG,CT,TC,CT,AA,TA,TC,GG,CC,GG,TT,CC,AA,CC,GG,GG,CC,GG,GG,CC,GA,TT,CC,CC,TT,CG,GG,GA,AA,AA,TT,AA,GG,AT,CT,AG,GG,GA,AT,AA,,TT,CC,CC,CC,GG,TT,CC,GG,AA,AA,GG,CC,GG,AA,GG,AA,AA,CC,GG,GG,CC,TT,CC,CC,,CC,TT,GA,AA,CC,GG,CC,AA,CC,TA,CC,CC,GG,GG,CT,GG,,,GC,TT,GG,GA,GG,GA,GG,CT,CC,GG,TT,AG,GG,CC,GG,GT,GG,GA,CC,CC,AA,GG,TT,AG,AG,TC,TT,4G4G,AA,GG,CC,AA,GG,CC,GG,CC,GG,CC,AA,CC,CG,,,CC,GA,TT,AA,CC,CC,TC,GA,CC,CC,GG,CG,CC,AA,CT,CC,CT,TT,CC,TT,GG,TT,GT,TC,GT,CT,GA,,GA,AA,GG,CC,TT,AA,CC,CT,GA,GA,TC,TT,,,,,,,0.0,UC,02-1,Male,25.0,Caucasian,37.5,40.0,2.5,6.7,45.0,42.5,-2.5,-5.6,192.0,66.0,30.986,122.0,78.0,68.0,9.33,15.33,8.83,17.92,R,190.0,66.0,30.663,5.33,-4.686772717746191,0.15478593971561055
UC-331,CC,II,CT,GA,TC,GA,,,,CC,TT,GG,TT,AG,GT,CC,CC,TA,CT,TT,GG,CC,CT,TT,CC,GG,GG,GT,GA,GG,CC,AT,GG,GG,AG,GA,GG,CC,TT,GG,,GG,CC,AA,CC,CC,GG,GG,GG,AA,,"+9, +9",GG,TT,TC,TT,AC,TT,TC,,,,,,,,,AG,CT,CG,GG,CC,GA,TT,CC,CT,TC,CG,GG,GG,AG,AG,TC,AC,GA,TT,TT,AA,GG,GG,AA,AT,GG,TC,CT,CC,CC,,,,,,AA,GG,CT,GG,AA,GG,AA,AA,CC,GG,GG,CC,TT,CC,CC,,CG,TT,AA,AA,CC,,,GG,AA,TA,CC,CA,GG,GG,CT,AA,,,GG,TT,GG,GG,AG,GA,GG,CC,,,CC,GG,GG,CT,GG,GT,GG,GG,TC,AC,AA,CC,TT,AA,AG,TT,CC,4G4G,AA,GG,CC,AA,GG,CC,GG,CC,,CC,AA,CT,CC,,,CC,GA,TT,AA,TT,TT,TT,GG,CC,CT,GA,CG,CG,AA,CC,CT,CC,TT,CC,GG,AA,CC,GG,CC,GG,CC,GG,,GA,CC,TT,CC,TT,AA,CT,TT,GG,GG,TT,TT,,,,,,,0.0,UC,02-1,Male,20.0,Caucasian,27.5,35.0,7.5,27.3,27.5,35.0,7.5,27.3,150.0,70.0,21.52,108.0,74.0,68.0,5.5,15.0,7.17,9.0,R,142.0,70.0,20.373,6.67,-3.1804852618360466,-0.1616349934424038
UC-332,CC,II,CT,GA,TC,GA,,,,CC,TT,GG,TT,AG,GT,CC,TC,TA,CC,GT,AG,CT,CC,TT,CG,CG,GG,GG,GG,GA,CC,TT,GA,GG,AG,GA,GG,CC,GT,GA,,GG,CC,AA,CC,CC,GG,GG,GG,AA,CC,"-9, +9",AA,TT,TC,TT,AC,TT,CC,GG,CC,GG,TT,CC,AA,CC,GG,GG,CC,CG,AG,CC,GG,TT,CC,CT,CC,CG,GG,GG,AG,AA,TT,AA,GA,TT,CT,AG,CG,GG,AA,AT,GG,CC,CT,CC,CC,GG,TT,CC,GG,AA,AA,GG,CT,GG,AA,GG,AA,AA,CC,GG,GG,TT,TT,TT,CC,,CG,TT,GA,AA,CC,GG,CG,AG,AC,TA,CC,CA,GC,GG,CT,GA,,,,CC,GG,,AG,GA,CC,CC,CC,GG,CT,GG,GG,CC,GT,GG,GG,GG,TC,AC,AA,CC,TT,AA,GG,TT,CC,5G5G,AA,GG,CC,AA,GG,CC,GG,CC,GA,TT,AA,CC,CC,,,GG,GG,CT,AA,CT,CT,TC,GA,CC,CC,GG,CG,CC,AA,TT,CT,CT,TT,CC,GG,AA,CC,TT,TT,TT,TT,GG,,GA,AA,GT,CC,TT,AA,CC,CT,GG,GA,TC,TT,,,,,,,0.0,UC,02-1,Female,20.0,Caucasian,12.5,17.5,5.0,40.0,12.5,15.0,2.5,20.0,113.0,64.0,19.394,130.0,68.0,76.0,12.17,22.67,11.75,20.5,R,123.0,64.0,21.111,12.67,-0.22544818812330764,-2.9277549625455137
UC-333,CC,ID,CT,GA,TC,GA,,,,CC,,,TT,AA,TT,CC,CC,AA,CC,TT,GG,CC,CC,TT,CC,GG,GG,GG,GG,GG,CC,AT,GA,GA,AG,GA,,CC,GT,GG,,,CC,AA,CC,CC,GG,,GG,AA,CC,"-9, +9",AG,TT,TC,CT,AA,,TC,GG,CC,GG,TT,CC,AA,CC,GG,GG,CC,CG,GG,,GG,,,CT,CC,CC,GG,GA,AG,,,,,AT,CC,AA,GG,,,,,TT,CT,,,GG,TT,CC,GG,AA,,,CC,GA,,,,,,,,CT,,TC,CC,,,,,,,GG,GG,,,,,AA,GG,GG,CC,,,,,,,,,,,CT,CC,GG,,GG,GG,CC,GT,GT,,,,,,,,,,,TT,4G4G,,,,,,,,,GG,,,CT,,,,CG,GA,,,,,,,,,,,CG,,,CT,CT,,,GG,AA,TT,TT,TT,TT,TT,GA,,,CC,TT,CC,TT,AA,TT,,,,TT,,,,,,,,0.0,UC,02-1,Female,20.0,Caucasian,17.5,17.5,0.0,0.0,17.5,15.0,-2.5,-14.3,148.0,65.0,24.626,116.0,72.0,64.0,10.33,22.0,13.5,17.75,R,149.0,65.0,24.792,9.25,-2.380812450382474,0.34381461625603416
UC-334,CA,ID,CT,GA,TC,GA,,,,CC,TT,GG,TT,AG,GT,CC,CC,TA,CT,TT,GG,CC,CT,TT,CC,CG,GG,GT,GG,GG,TC,AT,GA,GA,AG,GG,GG,CC,GT,GA,,GG,CC,AA,CC,CC,GG,GA,GG,AA,CT,"+9, +9",GG,TT,TC,TT,AC,TA,TC,GG,CC,GG,TT,CC,AA,CC,GG,AG,CC,CG,AG,CC,GA,TT,CC,CT,TC,GG,GA,GG,AA,AA,TT,AA,GA,TT,CC,GG,GG,GG,AA,TT,GG,TC,CT,CC,CC,GG,TT,CC,GG,AA,AA,GG,CC,GG,AA,GG,AA,AA,CC,GG,GG,TT,TT,TT,CT,,CG,TT,GA,AT,CC,GG,CG,GG,AA,AA,CT,AA,GG,GG,TT,GA,,,GG,TC,GG,GG,AA,GA,CC,CT,CC,GG,CT,AG,GG,CC,GG,GG,GA,GG,TT,AA,AA,GC,TT,AG,AA,TT,CC,4G5G,AA,GG,CC,AA,GA,CC,GG,CC,GA,CC,AA,CT,CC,,,CC,GG,TT,AA,CC,CC,TC,GA,CC,CT,GA,CG,CG,AA,TT,TT,CC,TT,CC,GG,AA,CC,GG,CC,GG,CC,GA,,GA,AA,GG,CC,TT,AA,,CC,GG,AA,CC,TT,,,,,,,0.0,UC,02-2,Female,26.0,Caucasian,17.5,25.0,7.5,42.9,20.0,20.0,0.0,0.0,155.0,67.0,24.274,108.0,68.0,62.0,7.08,21.83,7.67,15.33,R,152.0,67.0,23.804,6.33,-2.634387821538184,-1.1814729229829675
UC-335,AA,ID,TT,AA,TT,GG,,,,CC,TT,GG,TT,AG,,CC,TC,TA,CC,GT,AG,,CC,,,,,GG,GG,GA,,,,GG,,,GG,CC,GT,GA,,GG,CC,AA,CC,CC,GG,GG,GG,AA,,"+9, +9",AG,TT,TC,TT,AA,AA,TC,,,,,,,,,AG,CC,GG,GG,CG,,TC,CG,TT,TC,CC,GG,GG,AG,AG,TC,AA,GA,,CC,,CG,GG,AA,AT,GG,TC,,CC,CT,,,,,,AA,GG,CC,GG,AA,GG,AA,AA,CC,GG,GG,CC,TT,CC,CT,,CG,TT,GG,AA,CC,,,GG,AA,TA,CC,CA,GG,GG,CT,GA,,,GC,TT,GG,GG,AA,GG,CC,CT,,,CT,AG,GG,CT,GG,GT,GG,GG,TT,AA,AG,GC,TT,AA,AG,TT,TC,4G4G,AA,GG,CC,AA,GG,CC,GG,CC,,CC,AA,CT,CC,,,CC,GG,TT,AA,CC,CC,TT,GG,CC,CT,GA,CC,CG,AA,TT,TT,CT,TT,CC,,,CC,GG,CC,GG,CC,GG,,AA,AA,GG,CC,TT,AA,,CC,AA,AA,TC,TT,,,,,,,,,,,,,,,,,,,,,,,,,,,,,,,,,,,,0.3574957491530481,-3.206476950634939
UC-336,CC,ID,CC,GG,CC,AA,,,,CC,TT,GG,TT,AA,TT,CC,CC,AA,CC,TT,GG,CC,CC,TT,CC,GG,GG,GT,GG,GG,CC,AT,GG,GA,GG,AA,GA,CT,GG,GA,,GG,CC,AA,CC,CC,GG,GG,GG,AA,,"+9, +9",GG,CT,TC,TT,AC,TT,TT,,,,,,,,,AG,CT,CC,AA,CC,GG,TC,CG,CC,TT,CC,GG,GA,AG,AG,TC,CC,GG,AT,CT,AA,GG,GA,AT,AA,GG,TT,CC,CC,CC,,,,,,,GG,CC,GG,AA,GG,AA,AA,CC,GG,GG,CC,TT,CC,CT,,CG,TT,GG,AA,CC,,,AG,AC,TA,CT,CC,GG,GG,CT,GA,,,GC,TC,GA,GG,AG,GG,GG,CT,,,CT,AG,GT,CC,GG,GG,GG,GG,TT,AA,AA,CC,TT,AA,AG,TT,TC,4G4G,AA,GG,CC,AA,GG,CC,GG,CC,,CC,AG,CT,CC,,,CC,GG,CT,AA,CC,CC,TT,GG,CC,CT,GA,CC,CG,AA,,CC,CT,TT,CC,GT,AG,CT,GT,TC,GT,CT,GA,,GG,AA,GT,CC,TT,AA,,CT,GA,GA,TC,TT,,,,,,,0.0,UC,02-2,Female,38.0,Caucasian,15.0,20.0,5.0,33.3,17.5,20.0,2.5,14.3,125.0,63.5,21.793,120.0,82.0,62.0,4.17,17.58,5.33,12.83,R,131.0,63.5,22.839,4.67,-3.0373701726938847,0.6425050727225551
UC-337,CA,ID,CC,GG,CC,AA,,,,CC,TT,GG,TC,AG,GT,CC,CC,TA,CT,TT,GG,CC,CT,TT,CC,CG,GG,GT,GA,GG,CC,TT,GA,GG,AA,GG,GA,CC,GT,GG,,GG,CC,AA,CC,CC,GG,GA,GG,AA,CC,"-9, -9",GG,CT,TC,CT,AC,TT,TC,GG,CC,GG,TT,CC,AA,CC,GA,AG,CC,CG,AG,CG,GA,TT,CC,CC,TC,CC,GA,GA,AG,AA,TC,AC,GA,AT,TT,AA,GG,GA,AT,AT,GG,TT,CT,CC,CC,GG,TT,CC,GG,AA,AA,GG,TT,GG,TA,GG,AA,AA,CC,GA,GG,CC,TT,CC,CT,,GG,TT,GA,AA,CC,GG,GG,AA,CC,TA,CC,CC,GC,GG,CT,GG,,,GG,CC,GG,GG,AG,GA,CG,CC,CC,GG,CT,GG,GG,CC,GG,GG,GA,GG,TT,AA,AA,CC,TT,AG,AG,TT,TC,4G4G,AA,GG,CC,AA,GA,CC,GG,CC,GG,CT,AA,CC,CC,,,CG,GA,CT,AA,CT,CT,TC,GA,CC,CT,GA,CC,GG,AC,CT,CT,CT,TT,CC,GT,AG,CC,GG,CC,GG,CC,GG,,GA,AC,GT,CC,TT,AA,,TT,GG,GA,TT,TT,,,,,,,0.0,UC,02-2,Female,39.0,Caucasian,20.0,20.0,0.0,0.0,17.5,20.0,2.5,14.3,202.0,66.0,32.6,100.0,72.0,78.0,18.17,37.0,23.0,35.67,R,206.0,66.0,33.246,20.0,-1.1908096100678611,-1.162164982660328
UC-338,CC,ID,CT,GA,TC,GA,,,,CC,TT,GG,TT,AA,TT,CT,CC,TA,CC,TT,GG,CT,CC,TT,CC,CG,GA,GG,GG,GA,CC,AT,GG,GG,AG,GG,GG,CC,GT,GA,,GG,CC,AA,CC,CT,GG,GG,GG,AA,,"-9, +9",GG,CT,TC,CT,AC,TT,TC,,,,,,,,,AG,CT,CG,AG,CG,GA,TT,CC,CT,TC,CC,GG,GG,AG,AA,TC,AC,GA,AT,CC,AG,CG,GG,AA,AT,GG,TT,TT,CC,CC,,,,,,AA,GG,CC,GG,AA,GG,AA,AA,CC,GG,GG,CC,TT,CC,CC,,CC,TT,GA,AA,CC,,,AG,AC,TT,CC,CA,GG,GG,CT,GA,,,GC,TT,GG,GG,AA,AA,CC,CC,,,CC,GG,GG,CC,GT,GG,GG,GG,TT,AA,AA,CC,TT,AA,AG,TT,CC,4G5G,AA,GG,CC,AA,GG,CC,GG,CT,,CC,AA,CC,CC,,,CC,GA,CT,GA,CT,CT,TT,GG,CC,CC,GA,CC,CG,AA,,CT,CT,TT,CT,GG,AA,CT,GT,TC,GT,CT,GG,,AA,AA,GG,CC,TT,AA,TT,CT,GA,GA,TC,TT,,,,,,,0.0,UC,02-2,Female,27.0,Caucasian,15.0,17.5,2.5,16.7,20.0,17.5,-2.5,-12.5,141.0,68.5,21.125,112.0,72.0,76.0,7.08,23.67,8.75,17.67,R,148.0,68.5,22.174,10.33,0.03739820510130868,-0.6696315556354344
UC-339,CC,ID,TT,AA,TT,GG,,,,CC,TT,GG,TT,AG,,CC,TC,TA,CC,TT,AG,,CC,,,,,GG,GG,GA,,,,AA,,,GA,CC,GG,GG,,GG,CG,AA,CC,CT,AG,GG,GG,AA,,"-9, -9",AG,CT,TC,TT,AA,TA,TT,,,,,,,,,GG,CC,CG,GG,CG,GG,TT,CC,TT,TC,CC,GG,GG,AA,AG,TC,AA,GA,,CT,AA,CG,GG,AA,AT,GG,TT,,CC,CC,,,,,,AG,GG,CT,GG,TA,GG,AA,AA,CC,GG,GG,CC,TT,CC,CC,,CG,TT,AA,AT,CC,,,GG,AA,AA,CT,CA,GC,GG,CT,GG,,,GG,CC,GG,GG,AA,AA,CC,CT,,,CC,AG,GG,CC,GT,GT,GG,GG,CC,CC,AA,GG,TC,AG,AG,TT,TC,5G5G,AA,GG,CC,AA,GG,CG,AG,CT,,CT,AA,CC,CC,,,CC,GG,TT,AA,TT,TT,TT,GG,CC,CC,GG,CG,CC,AA,CT,CT,CC,TT,CC,,,CC,GT,TC,GT,CT,GG,,GG,AA,TT,CT,TT,AA,TT,CT,GA,GA,TC,TT,,,,,,,0.0,UC,02-2,Female,18.0,Other,10.0,17.5,7.5,75.0,12.5,20.0,7.5,60.0,117.0,60.0,22.848,112.0,76.0,74.0,5.58,10.58,5.08,10.67,R,121.0,60.0,23.629,5.17,2.029736258277133,-0.669474384347194
UC-340,CC,ID,CT,GA,TC,GA,,,,CC,TT,GG,TT,AG,GT,CC,CC,AA,CC,TT,GG,CC,CC,TT,CC,GG,GG,GG,GG,GG,CC,TT,AA,GA,AA,GG,GG,CC,GT,GA,,GG,CC,AA,CT,CC,AG,GG,GG,AA,,"+9, +9",AG,TT,TC,TT,AA,AA,TC,,,,,,,,,GG,CT,GG,GG,CC,GG,TT,CC,CT,CC,CC,GA,GA,AG,AG,TC,AA,AA,AA,CC,AG,GG,GG,AA,TT,GG,TT,CT,CC,CT,,,,,,AA,GG,CT,GG,AA,GG,AA,AA,CC,GG,GG,CC,TT,CC,CT,,CG,TT,GG,AA,CC,,,AG,AC,TT,,CA,CC,GG,CT,AA,,,GC,TC,GG,GG,AA,GA,CC,CT,,,CT,AG,GG,CC,GG,GG,GG,GA,CC,CC,AA,GC,TT,AA,AA,TT,TC,4G5G,AA,GG,CT,AA,GG,CC,AG,CC,,CC,AA,CC,,,,CC,AA,CT,GA,CC,CC,TC,GA,CC,CC,GG,CG,CC,AA,TT,TT,CC,TT,CC,GT,AG,CT,GT,TC,GT,CT,GG,,AA,AC,TT,CC,TT,AA,,CT,AA,GG,TC,TT,,,,,,,0.0,UC,02-2,Female,36.0,Caucasian,10.0,17.5,7.5,75.0,15.0,15.0,0.0,0.0,154.0,64.0,26.431,116.0,78.0,66.0,10.17,21.5,7.92,20.58,R,174.0,64.0,29.864,10.0,-2.3577389561972164,-1.210822738358285
UC-341,CC,ID,CT,GA,TC,GA,,,,CC,TT,GG,TT,AG,GT,CC,TC,TA,CC,GT,AG,CT,CC,TT,CG,CG,GG,GG,GG,GA,TC,AT,GG,GG,AG,GA,GA,CT,GG,GA,,GG,CC,AA,CC,CC,GG,GG,GG,AA,,"-9, -9",AA,TT,TC,TT,AA,TT,TT,,,,,,,,,GG,CC,CG,GG,GG,GG,TT,CC,CT,TC,CC,GG,GG,AG,AG,TC,AA,GG,AT,CC,AG,GG,GG,AA,AT,GG,TC,CC,CC,CT,,,,,,AA,GG,CT,GG,AA,GG,AT,AA,CC,GG,GG,CC,TT,CC,TT,,GG,TT,GG,AA,CC,,,AA,CC,AA,TT,CC,GG,GG,CT,GG,,,GC,TC,GG,GG,AA,GA,CC,CC,,,TT,GG,GG,CT,GG,GG,GG,GG,CC,CC,AA,GG,TC,AG,AA,TT,TC,4G5G,AA,GG,CC,AA,GG,CC,GG,CC,,CC,AG,CT,CC,,,CC,GG,CT,GG,CC,CC,TC,GA,CC,CC,GG,CC,CC,AA,CT,CT,CC,TT,CT,TT,GG,CT,TT,TT,TT,TT,GG,,GA,AA,GT,CC,GT,AG,,CT,GA,GA,TC,TT,,,,,,,0.0,UC,02-2,Male,36.0,Caucasian,25.0,30.0,5.0,20.0,25.0,22.5,-2.5,-10.0,157.0,69.0,23.182,118.0,82.0,58.0,2.83,7.17,4.0,5.58,R,165.0,69.0,24.364,3.33,1.5295433290979012,-0.439435846944373
UC-342,CC,ID,CT,GA,TC,GA,,,,CC,TT,GG,TT,GG,GG,CC,CC,TT,TT,TT,GG,CC,TT,CC,CC,CC,GG,TT,GG,GG,TC,AT,GG,GG,AG,GA,GG,CC,GT,GA,,GG,CC,AA,CC,CC,GG,GG,GG,AA,CT,"-9, +9",GG,TT,TC,CC,AC,TA,CC,GG,CC,GG,TT,CC,AG,CC,GG,AG,CC,CG,AG,CC,GG,TT,CC,CT,TC,CC,GG,GG,GG,AG,TC,AA,GA,AT,CT,AA,CG,GG,AA,AT,GG,TT,CC,CC,CC,GG,TT,CC,GG,AA,AA,GG,CT,GA,AA,GG,AA,AA,CC,GG,GG,CC,TT,CC,CC,,CC,TT,GA,AA,CC,GC,CG,AA,CC,TA,CC,CC,GG,GG,CT,AA,,,GC,TC,GG,GG,AA,GG,CC,CC,CC,GG,CT,GG,GG,CC,GG,GT,GG,GG,TT,AA,AA,GC,TT,GG,AA,TT,TC,4G5G,AA,GG,CC,AA,GG,CC,GG,CC,GG,CT,AA,CT,CC,,,CG,GA,CT,AA,CC,CC,TC,GA,CC,CT,GA,CG,CG,AA,CT,CT,CT,TT,CC,GG,AA,TT,GT,TC,GT,CT,GA,,GA,AA,GT,CC,TT,AA,,TT,GA,GG,TT,TT,,,,,,,0.0,UC,02-2,Female,30.0,Caucasian,20.0,20.0,0.0,0.0,20.0,20.0,0.0,0.0,150.0,64.0,25.745,112.0,72.0,60.0,6.0,22.0,5.5,19.17,R,148.0,64.0,25.401,5.83,-3.8782204919947203,3.1634237793651683
UC-343,CA,II,TT,AA,TT,GG,,,,CC,TT,GG,TT,AG,GT,CC,CC,TA,CT,TT,GG,CC,CT,TT,CC,CG,GG,GT,GA,GG,CC,TT,GA,GG,AG,GG,GG,CC,TT,GG,,GG,CC,AA,CC,CC,GG,GA,GG,AA,CT,"+9, +9",AG,CC,TC,CC,AC,TA,TC,GG,CC,GG,TT,CC,AG,CC,GG,AG,CC,GG,GG,CC,GA,TT,CC,TT,TC,CC,GG,GA,AG,AG,CC,AC,GA,TT,CT,AA,CG,GG,AA,AA,GG,TC,CC,CC,CC,GG,TT,CC,GG,AA,AA,GG,CT,GG,AA,GG,AA,AA,CC,GG,GG,CC,TT,CC,TT,,GG,TT,GG,AT,CA,GG,CG,GG,AA,AA,CT,AA,GG,GG,CC,GG,,,GG,CC,GG,GG,AA,GG,CG,TT,CA,GG,CT,AA,GT,CC,GT,GT,GA,GG,TT,AA,AG,GC,TT,AG,AA,TT,TC,4G5G,AA,GG,CC,AA,GA,CC,GG,CC,GG,CC,AA,CC,CC,,,CC,GA,TT,AA,CT,CT,TC,GA,CC,CC,GA,CC,GG,AC,TT,CC,TT,TT,CT,GT,AG,CC,GT,TC,GT,CT,GG,,AA,AC,GT,CC,TT,AA,,TT,AA,GG,TT,TT,,,,,,,0.0,UC,02-2,Male,37.0,Caucasian,30.0,32.5,2.5,8.3,32.5,32.5,0.0,0.0,156.0,65.0,25.957,106.0,58.0,62.0,6.83,12.67,6.42,11.75,R,156.0,65.0,25.957,7.0,-2.499612854129228,0.7869781192791556
UC-344,CA,ID,CC,GG,CC,AA,,,,CA,TT,GG,TT,GG,GG,CC,TC,TT,CT,GT,AG,CT,CT,TT,CG,CC,GG,TT,GA,GG,TT,AA,GG,GG,AG,GA,GA,CT,GG,GA,,GG,CC,AA,CC,CC,GG,GG,GG,AA,CC,"+9, +9",AG,TT,TC,TT,AA,TA,TC,GG,CC,GG,TT,CC,AA,CC,GG,AG,CT,CG,AG,CC,GG,TT,CC,CC,CC,GG,GA,GG,AG,AG,TC,AC,GA,TT,CT,AA,GG,GG,AA,TT,GG,TC,CT,CC,CC,GG,TT,CC,GG,AA,AA,GG,CC,GG,AA,GG,AA,AA,CC,GG,GG,CC,TT,CC,CC,,CC,TT,GG,AA,CC,GC,GG,AG,AC,TA,CC,CA,GC,GG,CT,GG,,,GG,TC,GG,GG,AA,AA,CC,CC,CC,GG,CT,GG,GG,CC,GT,GT,GG,GA,CC,CC,AA,CC,TC,AG,AA,TT,CC,4G5G,AA,GG,CC,AA,GG,,GG,CC,GG,CC,AG,CC,CC,,,CG,GA,CT,AA,CC,CC,TT,GG,CC,CC,GG,CG,CG,AC,TT,TT,CT,TT,CC,TT,GG,CC,GT,TC,GT,CT,GG,,GA,AC,GT,CC,TT,AA,,TT,GG,GG,TT,TT,,,,,,,0.0,UC,02-2,Female,26.0,Caucasian,15.0,15.0,0.0,0.0,17.5,15.0,-2.5,-14.3,151.0,66.7,23.861,130.0,82.0,74.0,16.75,34.67,19.0,30.0,R,162.0,66.7,25.599,20.33,0.27821446897221286,-0.4673531053146189
UC-345,CC,ID,CC,GA,TC,GA,,,,CC,TT,GG,TT,AA,,CC,CC,AA,CC,TT,GG,,CC,,,,,GG,GG,GG,,,,GG,,,GG,CC,TT,GG,,GG,CC,AA,CC,CC,GG,GA,GG,AA,,"-9, +9",GG,CT,TC,CT,AA,TT,TT,,,,,,,,,AG,CT,GG,GG,CG,GG,TT,CC,CT,TC,CC,GG,GG,GG,AG,TC,AA,GA,,TT,AA,GG,AA,TT,AT,GG,TC,,CC,CC,,,,,,AA,GG,TT,AA,AA,GG,AA,AA,CC,GG,GG,CC,TT,CC,CC,,CC,TT,GA,AA,CC,,,AG,AC,AA,TT,CA,GC,GG,CC,GG,,,GG,CC,GG,GG,AG,GG,GG,CT,,,CC,AG,GG,CC,TT,GG,GG,GG,CC,CC,AA,GG,TT,AA,AG,TT,TT,,AA,GG,CC,AA,GA,CC,GG,CC,,CT,AG,CT,CC,,,CC,GA,TT,AA,CC,CC,TT,GG,CC,CC,GA,CC,CG,AC,TT,CC,CC,TT,CC,,,CC,GG,CC,GG,CC,GG,,GG,AC,TT,CC,GT,AG,,CC,GA,AA,CC,TT,,,,,,,,,,,,,,,,,,,,,,,,,,,,,,,,,,,,-0.3973259034156161,0.1408647653623721
UC-346,CC,ID,CC,GG,CC,AA,,,,CC,TT,GG,TT,AG,GT,CC,CC,TA,CT,TT,GG,CC,CT,TT,CC,CG,GG,GT,GA,GG,CC,AT,GG,GA,AG,GA,GG,CC,GG,AA,,,CC,AA,CC,CC,GG,GA,GG,AA,CC,"+9, +9",GG,CT,TC,CT,AA,TA,TC,GG,CC,GG,TT,CC,AA,CC,GG,AG,CT,CG,AG,CC,GG,TC,CG,CC,CC,CC,GG,GG,GG,GG,CC,CC,GG,AA,CT,AA,GG,GA,AT,AT,GG,TT,CC,CC,CT,GG,TT,CC,GG,AA,AA,GG,TT,GG,TA,GA,AA,AA,CC,GA,GG,CT,TT,TC,CC,,CC,TT,GG,AA,CC,GG,CG,AG,AC,TA,CT,CA,GG,GG,CC,GA,,,GG,CC,GG,GG,AA,GA,CC,CC,CC,GG,CC,GG,GG,CT,GG,GG,GG,GG,TC,AC,AA,GC,TT,AA,AG,TT,TC,4G5G,AA,,CC,AA,GA,CC,GG,CC,GA,CT,AA,CT,CC,,,CC,GG,CT,AA,CC,CC,TC,GA,CC,CC,GG,CG,CC,AA,CT,CT,CC,TT,CC,TT,GG,CC,GT,TC,GT,CT,GG,,GG,AC,GT,CC,TT,AA,,CT,GA,GA,TC,TT,,,,,,,0.0,UC,02-2,Female,33.0,Caucasian,15.0,20.0,5.0,33.3,17.5,20.0,2.5,14.3,157.0,61.0,29.662,130.0,88.0,70.0,7.67,15.67,8.67,15.0,R,154.0,61.0,29.095,8.67,-1.859591278120293,-0.4101559972295717
UC-347,CA,ID,CT,GA,TC,GA,,,,CC,TT,GG,TT,AG,GT,CC,CC,TA,CT,TT,GG,CC,CT,CT,CC,CG,GG,GT,GG,GG,TC,AT,GG,GG,GG,AA,GG,CC,GT,GA,,GG,CC,AA,CC,CC,GG,GG,GG,AA,CC,"-9, +9",AG,TT,TC,TT,AC,TA,CC,GG,CC,GG,TT,CC,AA,CC,GG,AA,TT,CG,AG,CG,GG,TT,CC,CT,TT,CC,GG,GA,GG,AG,CC,AA,AA,TT,CT,AA,GG,GA,AT,AT,GG,TT,CT,CC,CC,GG,TT,CC,GG,AA,AA,GG,CC,GG,AA,GG,AA,AA,CC,GG,GG,CT,TT,TC,CC,,CG,TT,GA,AA,AA,GG,CG,AG,AC,AA,CT,CA,GC,GG,CC,GA,,,GG,CC,GG,GG,AA,GA,CC,CC,CC,GG,TT,GG,GG,CC,GT,GT,GA,GG,TT,AA,AA,GC,TC,AG,AA,TC,TT,5G5G,AA,GG,CC,AA,GG,CC,GG,CC,GG,TT,AG,CC,CC,,,CG,GG,TT,AA,CC,CC,TC,GA,CC,CT,GA,CG,CG,AA,CC,CT,CT,TT,CT,GT,AG,CC,GT,TT,GT,TT,GA,,GA,AA,GG,CC,TT,AA,,CT,GG,GA,TC,TT,,,,,,,0.0,UC,02-2,Female,37.0,Caucasian,17.5,22.5,5.0,28.6,22.5,20.0,-2.5,-11.1,189.0,68.0,28.734,180.0,75.0,77.0,14.33,13.67,14.0,15.33,R,191.0,68.0,29.038,12.33,-3.994815850721017,1.5194799764881843
UC-348,CA,ID,CC,GG,CC,AA,,,,CC,TT,GG,TT,AG,GT,CC,CC,TA,CT,TT,GG,CC,CT,TT,CC,CG,GG,GT,GG,GG,TC,AT,GG,AA,AG,GG,GA,CT,GT,GG,,GG,CC,AA,CC,CC,GG,GG,GG,AA,CC,"-9, +9",AA,CC,TC,CC,CC,TT,TT,GG,CC,GG,TT,CC,GG,CC,,AA,CC,CG,AG,CC,GG,TT,CC,CC,CC,CG,GG,GG,GG,GG,CC,AA,GA,AA,CT,AA,GG,GG,AA,AT,GG,TC,CT,CC,CC,GG,TT,CC,GG,AA,AA,GG,CC,GG,AA,GG,AA,AA,CC,GG,GG,CC,TT,CC,,,CC,TT,GG,AA,CC,GG,CG,AA,CC,TT,CC,CC,GG,GG,CT,AA,,,GG,CC,GG,GG,AA,GA,CC,CC,CC,GG,CT,GG,GG,CT,GT,GG,GG,GA,CC,CC,AA,CC,TC,AG,AA,TT,TT,4G5G,AA,GG,CC,AA,GG,CC,GG,CC,AA,CC,AG,CC,CC,,,CC,GA,TT,AA,CC,CC,TC,GA,CC,TT,GA,CC,GG,AA,TT,CC,CC,TT,TT,GG,AA,CT,GT,TC,GT,CT,GG,,AA,AA,GT,CC,TT,AA,,CT,GG,GA,TC,TT,,,,,,,0.0,UC,02-2,Female,36.0,Caucasian,20.0,32.5,12.5,62.5,17.5,22.5,5.0,28.6,196.0,68.0,29.798,145.0,83.0,70.0,14.0,18.67,15.33,20.33,R,196.0,69.0,28.941,21.33,-1.7361931910508435,2.139289139770883
UC-349,CA,DD,CT,GA,TC,GA,,,,CC,TT,GG,TT,AA,TT,CC,CC,AA,CC,TT,GG,CC,CC,TT,CC,GG,GG,GG,GG,GG,CC,TT,GG,GG,AA,GG,GA,CT,GG,GA,,GG,CC,AA,CC,CC,GG,GG,GG,AA,,"+9, +9",GG,TT,TC,TT,AA,TA,TC,,,,,,,,,GG,CT,GG,GG,CC,GG,TC,CG,CT,TT,CC,GG,GG,AG,AG,TC,AA,AA,AT,TT,AG,GG,GA,AT,AA,GG,TC,CT,CC,CT,,,,,,AA,GG,CT,GA,AA,GG,AT,AA,CC,GG,GG,CC,TT,CC,CC,,CC,TT,GG,AA,CA,,,GG,AA,TA,CT,AA,CC,GG,CT,GA,,,GG,TT,GG,GG,AG,GA,CC,CC,,,CT,GG,GG,CC,GG,GG,AA,GG,TT,AA,AA,GC,TT,GG,AA,TT,TT,4G5G,AA,GG,CC,AA,GG,CC,GG,CC,,CC,AA,CC,CC,,,CG,GA,CT,AA,CT,CT,TT,GG,CC,CC,GG,CG,CC,AA,CT,CC,CT,TT,CC,GG,AA,CC,GT,TC,GT,CT,GG,,GA,AA,GT,CC,TT,AA,,CC,GA,AA,CC,TT,,,,,,,0.0,UC,02-2,Female,18.0,Caucasian,17.5,27.5,10.0,57.1,22.5,25.0,2.5,11.1,177.0,67.0,27.719,146.0,80.0,76.0,11.67,20.67,14.33,19.33,R,174.0,67.0,27.249,13.33,-1.0500252399640777,0.2530220439977732
UC-350,CC,DD,TT,AA,TT,GG,,,,CA,TT,GG,TT,AA,TT,CC,CC,AA,CC,TT,GG,CC,CC,TT,CC,GG,GG,GG,GG,GG,CC,AT,GG,GG,AG,GA,GG,CC,TT,GG,,GG,CC,AA,CC,CC,GG,GG,GG,AA,,"+9, +9",AG,CT,TC,CT,AA,AA,TC,,,,,,,,,AG,CC,CG,AG,CC,GG,TT,CC,TT,TC,CG,GA,GG,AG,AA,TC,CC,GG,AA,CC,AA,CG,GG,AA,TT,GG,TT,TT,CC,CT,,,,,,AA,GG,CC,GG,AA,GG,AA,AA,CC,GG,GG,CC,TT,CC,CC,,CC,TC,GA,AT,CC,,,GG,AA,TA,CT,AA,GG,GG,TT,GG,,,GC,TC,GG,GG,AG,AA,CC,CC,,,CT,GG,GG,CC,GG,GT,GG,,TC,AC,AA,CC,TT,AG,AG,TC,TC,4G5G,AA,GG,CC,AA,GG,CC,GG,CC,,CC,,CC,CG,,,CC,GA,CC,AA,CT,CT,TT,GG,CC,CC,GG,CG,CC,AA,TT,CT,CC,TT,CC,GT,AG,CT,GG,CC,GG,CC,GG,,GG,AA,GG,CC,TT,AA,,CT,GA,GA,TC,TT,,,,,,,0.0,UC,02-3,Female,31.0,Caucasian,15.0,20.0,5.0,33.3,12.5,15.0,2.5,20.0,132.0,64.0,22.655,104.0,60.0,62.0,16.67,23.0,17.0,24.33,R,129.0,64.0,22.14,24.0,-1.4857182524860697,-1.7047717036183396
UC-351,CC,DD,CT,GA,TC,GA,,,,AA,TT,GG,TT,AA,TT,CC,CC,AA,CC,TT,GG,CC,CC,TT,CC,GG,GG,GG,GG,GG,CC,TT,GG,GG,AA,GG,GA,CT,GG,GA,,GG,CC,AA,CC,CC,GG,GA,GG,AA,CC,"+9, +9",AG,CC,TC,CT,CC,TT,CC,GG,CC,GG,TT,CC,AA,CC,GG,AG,CT,GG,GG,CC,GG,TC,CG,CT,TC,CC,AA,GG,AA,AG,TC,AA,GA,TT,TT,AA,GG,GA,AT,AT,GG,TT,CC,CC,CC,GG,TT,CC,GG,AA,AA,GG,CT,GG,TA,GG,AA,AA,CC,GA,GG,CC,TT,CC,CT,,CG,TT,GA,AA,CA,GG,CG,AA,CC,TA,CT,CC,GC,GG,CT,GA,,,GG,CC,GA,GG,AG,GA,CC,CC,CC,GG,CT,GG,GG,CC,GG,GT,GA,GG,TC,AC,AA,GC,TC,AA,AG,TT,TC,5G5G,AA,GG,CC,AA,,CC,GG,CC,GA,CT,AA,CC,CC,,,CC,AA,TT,AA,CC,CC,TT,GG,CC,CT,AA,CC,GG,AA,TT,TT,CC,TT,CT,GT,AG,CC,TT,TT,TT,TT,GG,,AA,AA,GG,CC,GT,AG,,TT,GA,GG,TT,TG,,,,,,,0.0,UC,02-3,Female,25.0,Caucasian,12.5,27.5,15.0,120.0,12.5,20.0,7.5,60.0,144.0,61.5,26.765,111.0,78.0,86.0,23.67,30.33,25.33,27.33,R,144.0,61.5,26.765,30.0,-0.6907783302134549,2.1214830095600146
UC-352,CA,II,CT,GA,TC,GA,,,,CC,TC,GA,TT,GG,GG,CC,CC,TT,TT,TT,GG,CC,TT,TT,CC,CC,GG,TT,AA,GG,CC,TT,GA,GA,AA,GG,GG,CC,TT,GG,,GG,CC,AA,CC,CC,GG,,GG,AA,CT,"+9, +9",AA,TT,TC,TT,AC,TT,TT,GG,CC,GG,TT,CC,AA,CC,GG,GG,CC,GG,GG,CG,GG,TT,CC,CT,TC,CG,GG,GG,AG,AG,TC,AA,GA,AT,CC,AA,CG,GG,AA,AA,GG,TT,TT,CC,CC,GG,TT,CC,GG,AA,AA,GG,CT,GG,TA,GG,AT,AA,CC,GA,GG,CT,TT,TC,CT,,CG,,,AT,CC,GG,CG,AG,AC,TA,CC,CA,GG,GG,CT,AA,,,GG,CC,GG,GG,AG,GA,CC,CT,CC,GG,CC,AG,GG,CC,GG,GG,GG,GG,TT,AA,AA,GC,TT,GG,AA,TT,TC,4G5G,,GG,CC,,,CC,GG,,GA,CC,AA,CT,CG,,,CC,GG,TT,AA,CC,CC,TC,GA,CC,CT,GA,CG,CG,AA,CT,TT,CC,TT,CC,GT,AG,CT,GT,TC,GT,CT,GG,,GA,AA,GT,CT,GT,AG,,TT,GG,GG,TT,TT,,,,,,,0.0,UC,02-3,Female,20.0,Caucasian,20.0,20.0,0.0,0.0,20.0,20.0,0.0,0.0,123.0,64.0,21.111,112.0,82.0,74.0,12.0,23.33,13.33,24.33,L,122.0,64.0,20.939,11.67,-1.9203096341337473,3.7106448314718308
UC-353,CC,ID,CT,GA,TC,GA,,,,AA,TT,GG,TC,AG,GT,CC,TC,TA,CC,GT,AG,CT,CC,TT,CC,GG,GG,GG,GG,GG,CC,TT,GA,AA,AA,GG,GG,CC,TT,GG,,GG,CC,AA,CC,CC,GG,GG,GG,AA,,"+9, +9",AG,TT,TC,TT,AC,TA,CC,,,,,,,,,AG,CT,CG,AG,CC,GG,TT,CC,CT,TC,CC,AA,GA,AG,AG,TC,CC,GG,AT,TT,AA,CG,GG,AA,AT,GG,TT,TT,CC,CC,,,,,,AA,GG,CC,GG,,GG,AA,AA,CC,GG,GG,CT,TT,TC,CT,,CG,TT,AA,AA,AA,,,GG,AA,TA,,AA,GG,GG,CC,GG,,,GG,CC,GG,GG,AA,GA,CG,CC,,,CT,GG,GG,CC,GG,GT,GA,GG,TC,AC,AA,GC,TT,AG,AG,TT,TT,5G5G,AA,GG,CC,AA,GG,CC,GG,CC,,CT,AA,CC,CC,,,CG,GG,CT,GA,TT,TT,TT,GG,CC,CC,GG,GG,CG,AA,CT,CC,CT,TT,CT,GT,AG,TT,GT,TC,GT,CT,GA,,GA,AA,GG,CC,TT,AA,,CT,GA,GA,TC,TT,,,,,,,0.0,UC,02-3,Male,24.0,Caucasian,27.5,32.5,5.0,18.2,22.5,32.5,10.0,44.4,191.0,71.5,26.265,112.0,79.0,78.0,5.0,14.33,6.33,13.33,R,182.0,71.5,25.027,22.67,-0.9678058158745085,-2.668843890154559
UC-354,CC,ID,CC,GG,CC,AA,,,,CA,TT,GG,TT,AA,TT,CC,CC,AA,CC,TT,GG,CC,CC,TT,CC,GG,GG,GG,GG,GG,CC,AT,GA,GA,AG,GA,GG,CC,GT,GA,,GG,CC,AA,CC,CT,GG,,GG,AA,CC,,GG,CC,TC,CC,AC,TA,TT,GG,CC,GG,TT,CC,AG,CC,GG,AA,CT,CC,AA,CG,GA,TT,CC,CT,TC,CC,GA,GA,AA,AA,TT,AC,GG,AT,CT,AA,GG,GG,AA,AT,GG,TT,CT,CC,TT,GG,TT,CC,GG,AA,AA,GG,CC,GA,AA,GG,AA,AA,CC,GG,GG,CC,TT,CC,CC,,CC,TT,GG,AA,CA,GG,GG,GG,AA,AA,CT,CA,GC,GG,CC,GG,,,GG,CC,GG,GG,AA,GA,CC,CC,AA,GG,TT,GG,TT,CT,GT,GT,GA,GG,TC,AC,AA,GG,TT,GG,AA,TT,TC,4G4G,AA,GG,CC,AA,,CC,GG,CT,GG,CC,AA,CT,CC,,,CC,GG,TT,AA,CT,CT,TT,GG,CC,CT,GA,CC,CG,AA,TT,CC,CC,TT,CC,GT,AG,TT,GG,CC,GG,CC,GG,,AA,AA,GG,CC,TT,AA,,CT,GG,GA,TC,TT,,,,,,,0.0,UC,02-3,Female,25.0,Caucasian,10.0,15.0,5.0,50.0,10.0,10.0,0.0,0.0,118.0,66.5,18.758,127.0,77.0,96.0,16.33,26.33,16.67,23.0,L,118.0,66.0,19.044,21.67,-0.19522514929073062,0.18558622752836598
UC-355,CC,ID,CC,GG,CC,AA,,,,CC,TC,GG,TT,AG,,CC,CC,TA,CT,TT,GG,,CT,,,,,GT,GA,GG,,,,AA,,,AA,TT,GG,GG,,GG,CC,AA,CC,CT,GG,GG,GG,AA,CC,"-9, +9",AG,TT,TC,CC,AA,TT,CC,GG,CC,GG,TT,CC,AG,CC,GG,AG,CC,CC,GG,CC,GG,TT,CC,CC,TT,CC,GG,GG,AG,AG,TC,AA,GA,,CT,AA,GG,GG,AA,AT,GG,TT,,CC,CC,GA,TT,CC,GG,AA,AG,GA,TT,GG,TT,GG,AA,AA,CA,AA,GG,CT,TT,TC,CC,,CC,TC,GA,AT,CC,GG,GG,AG,AC,TT,CC,CA,GC,GG,CC,GA,,,GG,TT,GG,GG,GG,GA,CC,CC,CA,GG,CC,GG,GT,TT,GG,GG,GA,GA,TC,AC,AA,GG,TT,AG,AG,TT,TC,4G4G,AA,GG,CC,AA,GG,CC,GG,CT,GG,CC,AA,CC,CC,,,CC,GA,CT,GG,CT,CC,TT,GG,CC,CT,GA,CC,CG,AA,CT,CT,CT,TT,CT,,,CC,GG,TC,GG,CT,GG,,GG,AA,GT,CT,GT,AG,,CT,GA,GG,TC,TG,,,,,,,0.0,UC,02-3,Male,35.0,African Am,40.0,50.0,10.0,25.0,42.5,45.0,2.5,5.9,178.0,69.0,26.283,148.0,108.0,72.0,5.67,10.33,6.67,11.33,R,181.0,68.5,27.118,6.33,7.592384708266279,11.391949613925618
UC-356,,,,,,,,,,,,,TT,AG,,CC,CC,TA,CT,TT,GG,,CT,,,,,GT,GG,GG,,,,GA,,,,,,,,,,,,,,,,,,,,,,,,,,,,,,,,,,,,,,,,,,,,,,,,,,,,,,,,,,,,,,,,,,,,,,,,,,,,,,,,,,,,,,,,,,,,,,,,,,,,,,,,,,,,,,,,,,,,,,,,,,,,,,,,,,,,,,,,,,,,,,,,,,,,,,,,,,,,,,,,,,,,,,,,,,,,,,,,,,,,,,,,,,,,,,,,0.0,UC,02-3,Male,38.0,Am Indian,22.5,25.0,2.5,11.1,22.5,27.5,5.0,22.2,191.0,67.5,29.47,160.0,100.0,86.0,9.33,16.33,10.0,16.33,R,200.0,67.5,30.859,29.67,-1.0378614282128622,0.7961276655105182
UC-357,CA,ID,TT,AA,TT,GG,,,,AA,TT,GG,TT,AG,GT,CC,CC,TA,CT,TT,GG,CC,CT,CT,CC,CG,GG,GT,GA,GG,CC,AT,GG,GG,AG,GA,GG,CC,TT,GG,,GG,CC,AA,CC,CT,GG,GG,GG,AA,CC,"-9, +9",AA,TT,TC,TT,AA,TA,TT,GG,CC,GG,TT,CC,AA,CC,GG,AG,CC,GG,GG,CC,GG,TT,CC,TT,CC,CC,GA,GG,GG,AA,TC,AA,AA,AA,CT,AA,GG,GG,AA,AA,GG,TT,CC,CC,CC,GG,TT,CC,GG,AA,AG,GG,CT,GG,AA,GG,AA,AA,CC,GG,GG,CC,TT,CC,CT,,CG,TT,GG,AT,CC,GG,CG,AG,AC,TT,CC,CA,GC,GG,TT,GA,,,GG,CC,GG,GG,AA,GG,CG,CT,CA,GG,CT,AG,GT,CC,GG,GT,GG,GA,TC,AC,AA,GC,TC,AA,AG,TT,TC,4G5G,AA,GG,CT,AA,GG,CC,GG,CT,GA,CC,AA,CC,CC,,,CC,GG,TT,AA,CT,CT,TT,GG,CC,CT,GA,CG,CG,AA,TT,CT,CT,TT,CT,GG,AA,CC,GT,CC,GT,CC,GG,,GG,CC,TT,CC,TT,AA,,TT,GA,GG,TC,TT,,,,,,,0.0,UC,02-3,Male,20.0,Caucasian,45.0,52.5,7.5,16.7,42.5,40.0,-2.5,-5.9,204.0,72.0,27.664,141.0,70.0,64.0,9.67,20.0,9.67,19.0,R,202.0,72.0,27.393,9.33,-1.7728452224149231,1.6281192957845028
UC-358,,ID,CC,GG,CC,AA,,,,,TT,GG,,,,,,,,,,,,,,,,,,,,,,,,,GG,CC,TT,GG,,GG,CC,AA,CT,CC,GG,AA,GG,AA,CC,"+9, +9",GG,CT,CC,CT,AA,TT,CC,GG,CC,GG,TT,CC,AA,CC,GG,AA,CT,,,CC,,TT,CC,CC,TT,CC,AA,GA,AG,AG,TC,CC,GG,,CT,AA,GG,GG,AA,TT,GG,,,CC,CC,GG,TT,CC,GG,AG,AA,GG,,GG,AA,GG,AA,AA,CC,GG,GG,,TT,CC,,,CG,TT,GA,AT,CC,GG,GG,GG,AA,AA,CT,,,,TT,GG,,,GG,TC,GG,GG,AG,GG,CC,CT,CC,GG,CC,AG,GG,CC,GG,GG,GA,GG,TT,AA,AA,GC,TT,AA,GG,TT,,4G5G,AA,GG,CC,AA,AA,CC,GG,CC,GA,CC,AA,,CC,,,CC,GA,CT,GA,TT,TT,TT,GG,CC,CT,AA,CG,GG,AA,TT,,,TT,CT,,,CC,GG,CC,GG,CC,GG,,AA,CC,TT,CC,TT,AA,,CT,GA,GA,TT,TT,,,,,,,,,,,,,,,,,,,,,,,,,,,,,,,,,,,,-0.6790406746525608,-1.344420400924468
UC-359,CA,DD,CT,GA,TC,GA,,,,CC,TT,GA,TT,GG,GG,CC,TC,TT,CT,GT,AG,CT,CT,TT,CC,CC,GG,TT,AA,GG,CC,AT,GG,GG,GG,GA,GG,CT,GT,GG,,GG,CC,AA,CC,CC,GG,GA,GG,AA,CC,"-9, +9",AG,CT,TC,CT,AA,TA,CC,GG,CC,GG,TT,CC,AA,CC,GG,AA,CT,CG,AG,CG,GG,TT,CC,CT,CC,GG,GG,GG,AA,AG,,AC,GG,TT,CT,AA,CC,GG,AA,AA,GG,CC,CT,CC,CC,GG,TT,CC,GG,AA,AA,GG,CT,GG,AA,GG,AA,AA,CC,GG,GG,CC,TT,TC,CC,,,TT,GA,AA,,GG,CG,AG,CC,TT,CC,CA,GC,GG,CT,GA,,,GG,TC,GG,GG,AA,GA,GG,CC,CC,GG,CT,GG,GG,CC,GG,TT,GG,GA,TC,AC,AA,GC,TT,AG,AA,TT,TC,5G5G,AA,GG,CC,AA,GA,CC,GG,CC,GA,CC,AG,CC,CG,,,CG,AA,TT,AA,CC,CC,TT,GG,CC,CC,GG,GG,CC,AA,CT,CC,CC,TT,CC,GT,AG,CC,GG,CC,GG,CC,GG,,GA,AC,GT,CC,TT,AA,,TT,GA,GG,TT,TT,,,,,,,0.0,UC,02-3,Male,36.0,Caucasian,25.0,42.5,17.5,70.0,25.0,25.0,0.0,0.0,162.0,69.0,23.921,108.0,76.0,82.0,15.0,21.0,14.33,22.67,R,163.0,69.5,23.723,7.33,-1.8830192740360963,-0.5844730356472893
UC-360,CA,ID,CC,GG,CC,AA,,,,CC,TT,GG,TT,AA,TT,CC,CC,AA,CC,TT,GG,CC,CC,TT,CC,GG,GG,GG,GG,GG,CC,TT,GG,GA,AA,GG,GG,CC,GT,GA,,GG,CC,AA,CT,CC,AG,GA,GG,AA,,"-9, +9",GG,TT,TC,TT,AA,TA,TC,,,,,,,,,AG,CC,GG,AA,CC,GG,TT,CC,CC,TT,CG,GG,GG,AG,AA,TT,CC,GG,TT,CT,AA,GG,GG,AA,AA,GG,TT,TT,CC,CC,,,,,,AA,GG,CT,GG,TA,GG,AA,AA,CC,GA,GG,CC,TT,TC,CT,,CG,TT,GA,,CC,,,AG,AC,TA,CC,CA,GC,GG,TT,GA,,,GG,CC,GG,,AG,AA,CC,CT,,,CT,AG,GT,CC,GG,GT,GA,GG,TC,AC,AA,CC,TT,AG,AA,TT,TC,4G5G,AA,GG,CT,AA,GA,,AG,CC,,CT,AA,CT,CC,,,CC,GA,CC,AA,CC,CC,TT,GG,CC,CC,GG,CG,CG,AA,TT,CT,TT,TT,CC,TT,GG,CC,GG,CC,GG,CT,GG,,GA,AA,GG,CC,TT,AA,,CT,GA,GA,TC,TT,,,,,,,0.0,UC,02-3,Female,38.0,Caucasian,12.5,17.5,5.0,40.0,12.5,15.0,2.5,20.0,111.0,66.0,17.914,92.0,61.0,88.0,15.0,22.0,10.33,24.33,R,109.0,66.0,17.591,15.0,-1.353714853157133,-1.6968520131662042
UC-361,CC,ID,CC,GA,TC,GA,,,,CC,,,TT,AA,TT,CC,CC,AA,CC,TT,GG,CC,CC,TT,CC,GG,GG,GG,GG,GG,CC,TT,GA,GG,AG,GA,,CC,GT,GA,,,CC,AA,CC,CC,GG,GG,,AA,,"-9, +9",AG,TT,TC,TT,AC,,TC,,,,,,,,,AG,CT,CG,AG,,GG,,,CT,CC,CC,GG,GG,AG,,,,,AT,TT,AA,CG,,,,,TT,CT,,,,,,,,,,CT,GG,,,,,,,,TT,,CC,CC,,,,,,,,,,,,,CC,GG,GG,CT,,,,,,,,,,,CT,,,,AG,GG,CC,GG,GG,,,,,,,,,,,TC,4G4G,,,,,,,,,,,,CT,,,,CC,GG,,,,,,,CC,CC,GG,CG,CC,,,CT,CC,,,GT,AG,CT,GT,TC,GT,CT,GG,,,AA,TT,CC,GT,AG,,,,,TC,,,,,,,,0.0,UC,02-3,Female,25.0,Caucasian,12.5,15.0,2.5,20.0,15.0,17.5,2.5,16.7,182.0,68.5,27.268,102.0,58.0,80.0,27.0,33.0,27.0,33.67,R,188.0,68.5,28.166,30.0,-1.2844509498277763,-0.016442499861786437
UC-362,CA,ID,CC,GG,CC,GA,,,,CC,TT,GG,TT,GG,GG,CC,CC,TT,TT,GT,GG,CT,TT,CC,CG,GG,GG,TT,GG,GG,TT,AA,GG,GG,GG,AA,GG,CC,TT,GG,,GG,CC,AA,CT,CC,AG,GA,GG,AA,,"+9, +9",AA,TT,TC,TT,AA,AA,TT,,,,,,,,,GG,CC,CC,AG,CC,GA,TT,CC,CC,TC,CC,GG,GG,AG,AG,TC,AA,GA,TT,TT,AA,GG,GG,AA,TT,,TT,CC,CC,CT,,,,,,AA,GG,CT,GA,AA,GG,AA,AA,,GG,GG,CC,TT,CC,CC,,CC,TT,GA,AA,,,,AG,AC,TA,CT,AA,GG,GG,CC,AA,,,GG,TC,GG,GG,GG,,CC,CC,,,CC,GG,GG,,GG,GT,GG,GG,CC,AC,AA,GC,TT,AA,AG,TT,CC,4G5G,AA,GG,CT,AA,GA,CC,AG,CC,,TT,AG,CC,CC,,,CC,GA,TT,AA,CT,CT,TT,GG,CC,TT,GA,CG,GG,AA,TT,CT,CC,TT,CT,GT,AG,CC,GG,CC,GG,CC,GA,,GA,AA,GT,CC,GT,AG,,CT,AA,GA,TC,TT,,,,,,,0.0,UC,02-3,Male,25.0,Caucasian,35.0,40.0,5.0,14.3,35.0,35.0,0.0,0.0,202.0,74.0,25.932,112.0,80.0,72.0,16.0,25.67,18.33,28.33,R,204.0,73.0,26.912,7.0,-1.0343226164839074,2.4013056390061895
UC-363,CC,DD,CT,GA,TC,GA,,,,CA,TC,GG,TT,AA,,CC,CC,AA,CC,TT,GG,,CC,,,,,GG,GG,GG,,,,GG,,,GG,CC,GT,GA,,GG,CC,AA,CC,CT,GG,,GG,AA,,"-9, +9",AG,CC,TC,TT,AA,AA,CC,,,,,,,,,AG,CC,CG,AG,CC,GG,TT,CC,CT,TC,CG,GA,GG,AG,GG,CC,AC,GG,,CT,AG,GG,AA,TT,AT,GG,TT,,CC,CT,,,,,,AA,GG,CC,GG,AA,GG,AA,AA,CC,GG,GG,CC,TT,CC,CC,,CC,TT,GA,AA,CA,,,AA,CC,TA,CC,CC,GC,GG,CC,GG,,,CC,TT,GG,GG,AA,GG,CC,CC,,,CT,GG,GG,CC,GT,GG,GG,GG,TC,AC,AA,CC,TT,AA,AG,TT,TT,5G5G,AA,GG,CC,AA,,CC,GG,CT,,CC,AA,CT,CC,,,CC,GG,CC,AA,TT,TT,TT,GG,CT,CC,GA,CC,CC,AA,TT,CT,CC,TT,CT,,,CC,GG,CC,GG,CC,GG,,GA,AC,TT,CC,GT,AG,,TT,AA,GG,TT,TT,,,,,,,0.0,UC,02-3,Male,21.0,Hispanic,22.5,35.0,12.5,55.6,25.0,27.5,2.5,10.0,151.0,68.0,22.957,120.0,83.0,80.0,14.0,20.67,13.0,20.0,R,150.0,68.0,22.805,16.33,0.9642466184357177,-0.8006365352478935
UC-364,CC,ID,CT,GA,TC,GA,,,,CA,TT,GG,TT,AG,GT,CC,CC,TA,CT,TT,GG,CC,CT,CT,CC,CG,GG,GT,GG,GG,TT,AA,GG,GA,GG,AA,GG,CC,GG,GA,,GG,CG,AA,CT,CC,AA,GA,GG,AA,,"-9, +9",AG,CT,TC,CT,AC,TA,TT,,,,,,,,,AG,CC,CG,AG,CC,GG,TT,CC,CT,TT,CC,GA,GG,AG,AG,TC,AC,GG,AA,CC,AA,GG,GG,AA,TT,GG,TC,CT,CC,CC,,,,,,AA,GG,CC,GG,AA,GG,AA,AA,CC,GG,GG,CC,TT,CC,CT,,CG,TT,GG,AA,CA,,,AG,AC,TA,CC,CA,GG,GG,CC,GG,,,GG,TC,GA,GG,AG,AA,CC,CT,,,CT,AG,GG,CT,TT,GG,GG,AA,CC,CC,AA,GG,TT,AG,AG,TT,TC,4G5G,AA,GG,CT,AA,GA,CG,AA,CC,,CC,AA,CT,CC,,,CC,GG,TT,GA,CT,CT,TC,GA,CC,CT,GA,CG,CG,AA,CT,CT,CC,TT,CC,GT,AG,CC,GT,TC,GT,CT,GG,,GG,CC,TT,CC,TT,AA,,TT,GA,GG,TT,TT,,,,,,,0.0,UC,02-3,Male,33.0,Caucasian,32.5,42.5,10.0,30.8,32.5,37.5,5.0,15.4,174.0,67.0,27.249,122.0,78.0,68.0,6.0,10.33,6.0,11.0,L,173.0,67.0,27.093,17.0,-2.0918974494930946,0.9737783507047968
UC-365,CA,ID,CC,GG,CC,AA,,,,CC,TT,GG,TT,AG,GT,CC,CC,TA,CT,TT,GG,CC,CT,CT,CC,CG,GG,GT,GG,GG,TC,AT,GA,GA,AG,GA,GA,CT,GG,GA,,,CC,AA,CC,CC,GG,GA,GG,AA,,"-9, +9",AG,CT,TC,CT,AC,TT,TC,,,,,,,,,AG,CT,CC,AG,CC,GA,CC,GG,CC,TC,CG,GG,GA,AG,AG,TC,AC,GA,TT,CT,AA,GG,GG,AA,AT,GG,TT,CT,CC,CT,,,,,,AA,GG,CC,GG,AA,GG,AA,AA,CC,GG,GG,CT,TT,TC,CT,,CG,TT,GA,AA,CA,,,GG,AA,TA,CT,AA,GG,GG,TT,GA,,,GC,TT,GA,GG,AG,GA,CC,CC,,,CT,GG,GG,CC,GG,GT,GG,GG,CC,CC,AA,GC,TT,GG,AA,TT,TC,4G5G,AA,,CC,AA,GA,CC,GG,CC,,CC,AG,CC,CC,,,CC,GA,TT,AA,CT,CT,TT,GG,CC,CT,GA,CG,CG,AA,CT,CC,CT,TT,CC,GT,AG,CC,GG,CC,GG,CC,GG,,GG,CC,TT,CC,TT,AA,,CT,GA,GA,TC,TT,,,,,,,0.0,UC,02-3,Female,37.0,Caucasian,15.0,20.0,5.0,33.3,17.5,22.5,5.0,28.6,153.0,67.5,23.607,123.0,71.0,66.0,8.0,12.67,7.0,14.33,L,151.0,67.5,23.298,9.33,-2.535028173636295,-0.11695586386183117
UC-366,CA,ID,CT,GA,TC,GA,,,,CC,TT,GG,TT,AA,TT,CC,CC,AA,CC,TT,GG,CC,CC,TT,CC,GG,GG,GG,GG,GG,CC,TT,GG,GA,AG,GG,GG,CC,GG,GA,,GG,CC,AA,CT,CC,AG,GA,GG,AA,,"-9, +9",GG,CT,TC,TT,AA,TT,TC,,,,,,,,,AA,TT,GG,GG,CC,GA,TT,CC,CT,CC,CC,GG,AA,GG,AG,TC,AC,GG,AT,CC,AA,CG,GG,AA,TT,GG,TC,CT,CC,CC,,,,,,AA,GG,CT,GA,TA,GG,AA,AA,CC,GA,GG,CC,TT,CC,TT,,GG,TT,GG,AA,CC,,,GG,AA,AA,CT,AA,GG,GG,CC,GA,,,GC,TC,GG,GG,AG,GA,CC,CC,,,TT,GG,GT,CC,GG,GG,GA,GA,TC,AC,AA,GG,TT,AG,AG,TT,TT,4G5G,AA,GG,CT,AA,GA,CC,AG,CC,,CC,AA,CT,CC,,,CC,GG,TT,AA,TT,TT,TT,GG,CC,CC,GG,CG,CC,AA,CT,CC,CC,TT,CC,TT,GG,CT,GT,TC,GT,CT,GA,,GG,AA,GG,CC,TT,AA,,CT,GA,GA,TC,TT,,,,,,,0.0,UC,02-3,Female,21.0,Caucasian,17.5,25.0,7.5,42.9,17.5,17.5,0.0,0.0,155.0,66.5,24.64,107.0,68.0,68.0,14.33,23.67,17.33,23.0,R,165.0,67.0,25.84,7.67,-2.1098357698191443,-0.23500427555359737
UC-367,CC,,,GG,CC,AA,,,,CC,TT,GG,TT,AG,GT,CC,CC,TA,CT,TT,GG,CC,CT,TT,CC,CG,GG,GT,GA,GG,CC,AT,GG,GA,GG,GA,GG,CC,GG,AA,,GG,CC,AA,CC,CC,GG,GG,GG,AA,,"-9, -9",GG,TT,TC,TT,AA,AA,TC,,,,,,,,,GG,CC,GG,GG,CG,GG,TT,CC,CC,TC,CC,GG,GA,GG,GG,CC,CC,GG,AT,CC,AG,CG,GG,AA,AT,GG,TT,CT,CC,CC,,,,,,AA,GG,CC,,TA,GG,AA,AA,CC,GG,GG,CT,TT,,CT,,CG,TT,GA,AA,CC,,,AG,AC,AA,CT,CA,GG,GG,CT,GA,,,GC,TC,GA,,AG,GA,CC,,,,CT,GG,GG,CC,,GT,GG,GA,CC,CC,AA,GG,TT,AA,GG,TT,TT,,AA,GG,CC,AA,GG,CC,GG,CC,,CT,AG,CT,CC,,,,GG,CT,AA,CT,CT,TT,GG,,,,,,AA,TT,CT,CT,TT,CC,GT,AG,,GG,CC,GG,CC,,,GG,AA,GT,CC,TT,AA,,CT,GA,GA,TC,TT,,,,,,,0.0,UC,02-3,Female,18.0,Caucasian,12.5,17.5,5.0,40.0,15.0,17.5,2.5,16.7,125.0,61.0,23.616,117.0,70.0,76.0,22.0,33.33,28.33,34.33,R,123.0,61.5,22.862,28.0,-2.877453192985476,-0.27126579074356955
UC-368,CC,DD,CT,GA,TC,GA,,,,CA,TT,GG,TT,GG,GG,CC,CC,TT,TT,TT,GG,CC,TT,CT,CC,CC,GG,TT,GA,GG,TC,AT,GA,GG,AG,GA,GA,CT,GT,GG,,GG,CC,AA,CT,CC,AG,GG,GG,AA,,"-9, +9",AA,TT,TC,TT,AA,TA,TC,,,,,,,,,AA,CT,CG,AG,GG,GG,TC,CG,CT,TC,CG,GA,GG,AG,AG,TC,AA,GA,TT,CT,AA,GG,GG,AA,AA,GG,TT,CC,CC,CC,,,,,,AA,GG,CC,GA,TA,GG,AA,AA,,GA,GG,CT,TT,TC,CC,,CC,TT,AA,AA,CA,,,AA,CC,AA,TT,CC,GC,GG,CT,GA,,,GC,TC,GG,GG,AA,GA,CC,CC,,,CC,GG,GG,CT,GG,GG,GG,GA,CC,CC,AA,CC,TT,AA,AA,TT,TT,5G5G,AA,GG,CT,AA,GG,CC,AG,CC,,CC,AA,CT,CC,,,CC,GG,CT,AA,TT,TT,TT,GG,CC,CC,GG,CG,CC,AA,TT,CC,CC,TT,CC,GT,AG,CT,GT,TC,GT,CT,GA,,GG,AA,GT,CC,GT,AG,,TT,GG,GG,TT,TT,,,,,,,0.0,UC,02-3,Female,25.0,Caucasian,15.0,20.0,5.0,33.3,17.5,17.5,0.0,0.0,165.0,64.0,28.319,98.0,64.0,72.0,32.67,43.67,35.33,40.0,R,167.0,65.0,27.787,34.33,-2.7064578944702613,4.374732675946172
UC-369,CC,II,CC,GG,CC,AA,,,,CC,TC,GG,TT,AA,,CC,CC,AA,CC,TT,GG,,CC,,,,,GG,GG,GG,,,,AA,,,GG,CC,TT,GG,,GG,CC,AA,CC,CC,GG,GG,GG,AA,,"-9, +9",AG,TT,CC,TT,AC,TT,CC,,,,,,,,,AG,CC,CC,AA,CC,GG,TT,CC,CC,TC,GG,GG,GG,AG,AG,TC,AA,GG,,CT,AA,CC,GG,AA,AA,GG,TC,,CC,CC,,,,,,AA,GG,CC,GG,TA,GG,AA,AA,CC,GA,GG,CT,TT,TC,CT,,CG,TT,GG,AA,CC,,,AA,CC,TA,CT,CA,GG,GG,TT,GA,,,GG,CC,GG,GG,AG,GA,GG,CC,,,TT,GG,GT,CC,GT,TT,GG,GG,TC,AC,,GC,TT,GG,AA,TT,CC,4G5G,AA,GG,CC,AA,GG,,GG,CC,,CC,AG,CC,CC,,,CG,GA,TT,AA,CC,CC,TT,GG,CC,CT,GA,CC,GG,AA,CT,CT,CT,TT,CT,,,CC,GT,TC,GT,CC,GA,,AA,AC,TT,CC,GT,AG,,TT,GG,GG,TT,TT,,,,,,,,,,,,,,,,,,,,,,,,,,,,,,,,,,,,-0.6317181690143132,0.144634064020602
UC-370,AA,ID,TT,AA,TT,GG,,,,CA,TT,,TT,AG,GT,CC,CC,AA,CC,TT,GG,CC,CC,TT,CC,GG,GG,GG,GG,GG,CC,TT,GG,GG,AA,GG,GG,CC,GT,GG,,GG,CC,AA,CT,CC,AG,GG,GG,AA,,"-9, +9",AG,CT,TC,CT,AA,TT,TT,,,,,,,,,GG,CC,CC,AG,CG,GA,TT,CC,TT,CC,CC,GA,GG,AG,AG,TC,AC,GA,AT,CC,AA,CG,GG,AA,AT,GG,TT,CT,CC,CC,,,,,,AA,GG,TT,GA,AA,GG,AA,AA,CC,GG,GG,CC,TT,CC,CC,,CC,TT,AA,AA,CC,,,AG,AC,AA,,CA,GC,GG,CC,GA,,,GC,TC,GG,GG,AG,,CC,CC,,,CC,GG,GG,CC,GG,,GG,GA,CC,CC,AA,CC,TT,AA,AG,TT,CC,4G4G,AA,GG,CT,AA,GG,CC,AG,CC,,CT,AG,CC,CC,,,CG,GG,TT,AA,CT,CT,TT,GG,CC,CC,GG,CC,CG,AC,CC,TT,CT,TT,CC,TT,GG,CT,GG,CC,GG,CC,GG,,AA,AA,GT,CC,GT,AG,,TT,GA,GG,TT,TT,,,,,,,0.0,UC,02-3,Male,19.0,Caucasian,32.5,45.0,12.5,38.5,35.0,37.5,2.5,7.1,195.0,71.0,27.194,120.0,76.0,80.0,27.67,39.0,30.67,40.0,R,195.0,71.0,27.194,31.33,-1.7916105659193744,-1.2033028881301906
UC-371,CA,ID,CC,GG,CC,AA,,,,CC,TT,GG,TT,AG,GT,CC,CC,TA,CT,TT,GG,CC,CT,TT,CC,CG,GG,GT,GA,GG,CC,TT,GG,GA,AG,GG,GG,CC,TT,GG,,GG,CC,AA,CC,CC,GG,GG,GG,AA,CT,,AA,CT,TC,CT,CC,TT,TC,GG,CC,GG,TT,CC,AG,CC,GA,AG,CC,CC,GG,CC,GG,TT,CC,CC,TC,CG,GG,GG,AG,AA,TT,AC,GA,AT,CC,AA,GG,GG,AA,AA,GG,TT,CT,CC,CT,GG,TT,CC,GG,AA,AA,GG,CC,GG,TA,GG,AA,AA,CC,GA,GG,CC,TT,CC,CT,,CG,TT,GA,AA,CC,GG,GG,AG,,TA,CC,CA,CC,GG,TT,GA,,,GC,TT,GG,GG,AG,AA,CG,CC,CC,GG,CT,GG,GG,CC,GG,GT,GG,GA,CC,CC,AA,CC,TT,AG,AG,TT,TT,4G5G,AA,GG,CC,AA,GG,CC,GG,CC,GG,CT,AA,CC,CC,,,CC,GG,CT,AA,CT,CT,TC,GA,CC,CC,GG,CC,CC,AA,TT,CC,CC,TT,CC,GT,AG,CC,GG,CC,GG,CC,GG,,GA,CC,GT,CC,TT,AA,,TT,GA,GA,TT,TT,,,,,,,0.0,UC,02-3,Female,20.0,Caucasian,22.5,25.0,2.5,11.1,22.5,20.0,-2.5,-11.1,157.0,71.0,21.895,108.0,78.0,62.0,20.67,26.0,19.67,26.0,R,155.0,71.0,21.616,24.0,-2.0828674216051137,-1.8375012600529566
UC-372,CC,DD,CT,GA,TC,GA,,,,AA,TT,GG,TT,AG,GT,CC,TC,TA,CC,GT,AG,CT,CC,TT,CG,CG,GG,GG,GG,GA,CC,AT,GG,GG,AG,GA,GG,CC,GG,AA,,GG,CC,AA,CC,CC,GG,GG,GG,AA,,"+9, +9",AA,CT,TC,TT,AA,TA,TT,,,,,,,,,AG,CT,CG,AG,CC,GA,TT,CC,CT,CC,CC,AA,GA,AG,AA,TC,AA,AA,TT,CT,AA,GG,GG,AA,TT,GG,TT,CC,,CC,,,,,,AA,GG,CT,GG,TA,GG,AA,AA,CC,GG,GG,CT,TT,TC,CC,,CC,TT,GG,AA,CC,,,AA,CC,TA,CC,CC,GG,GC,TT,GA,,,GC,TC,GG,GG,AG,GA,,CC,,,CT,GG,GG,CT,GG,GG,GG,GG,TC,AC,AA,CC,TC,AG,AA,TT,CC,4G5G,AA,GG,CC,AA,GG,CC,GG,CC,,CC,AA,CC,CG,,,CC,GG,TT,GA,TT,TT,TT,GG,CC,CT,GA,CG,CG,AA,CT,CT,CC,TT,CC,GG,AA,CT,GG,CC,GG,CC,GG,,GA,AA,GG,CC,TT,AA,,TT,AA,GG,TT,TT,,,,,,,0.0,UC,02-3,Male,20.0,Caucasian,27.5,42.5,15.0,54.5,30.0,32.5,2.5,8.3,157.0,69.5,22.85,145.0,55.0,96.0,14.33,8.67,7.67,13.33,R,161.0,69.5,23.432,13.0,1.1975636765663658,-3.1220634007435333
UC-373,,,,,,,,,,,,,TT,AA,,CC,CC,AA,CC,TT,GG,,CC,,,,,GG,GG,GG,,,,GG,,,,,,,,,,,,,,,,,,,,,,,,,,,,,,,,,,,,,,,,,,,,,,,,,,,,,,,,,,,,,,,,,,,,,,,,,,,,,,,,,,,,,,,,,,,,,,,,,,,,,,,,,,,,,,,,,,,,,,,,,,,,,,,,,,,,,,,,,,,,,,,,,,,,,,,,,,,,,,,,,,,,,,,,,,,,,,,,,,,,,,,,,,,,,,,,,,,,,,,,,,,,,,,,,,,,,,,,,,,,,-0.3544004233263259,-0.2048259656667802
UC-374,,,,,,,,,,,,,,,,,,,,,,,,,,,,,,,,,,,,,,,,,,,,,,,,,,,,,,,,,,,,,,,,,,,,,,,,CC,,,,,,,,,,AA,TT,,,,,,,,,,,,,,,,,,,,,,,,AA,GG,AA,AA,CC,GG,GG,,,,,,,,,,,,,,,,,,,,,,,,,,,,,,,,,,,,,,,,GG,GG,,,,,,,,,,,,,,,,,,,,,,,CC,,,,GG,,,,,,,,,,,,,,,,,,,,,,,,,,,,,,,,,,,,,,,,,,,,,,,,,,,,,,,,,,,,,,,,,,,,,,,,,,-0.395457239971777,-0.3349955666925453
UC-375,,,,,,,,,,,,,TT,AG,,CC,CC,TA,CT,TT,GG,,CT,,,,,GT,GG,GG,,,,GG,,,,,,,,,,,,,,,,,,,,,,,,,,,,,,,,,,,,,,,,,,,,,,,,,,,,,,,,,,,,,,,,,,,,,,,,,,,,,,,,,,,,,,,,,,,,,,,,,,,,,,,,,,,,,,,,,,,,,,,,,,,,,,,,,,,,,,,,,,,,,,,,,,,,,,,,,,,,,,,,,,,,,,,,,,,,,,,,,,,,,,,,,,,,,,,,,,,,,,,,,,,,,,,,,,,,,,,,,,,,,-1.1398197305765347,0.8445245237936987
UC-376,CC,ID,CT,GA,TC,GA,,,,CC,TT,GG,TT,GG,GG,CC,TC,TT,CT,GT,AG,CT,CT,TT,CG,CC,GG,GT,GA,GA,CC,AT,GG,GA,AG,GA,GA,CC,GT,GA,,GG,CC,AA,CC,CC,GG,AA,GG,AA,,"-9, +9",AG,CT,TC,CC,AC,TA,TT,,,,,,,,,GG,CC,GG,GG,CC,GA,TT,CC,CT,CC,CG,GG,GG,GG,AG,TC,AA,GG,TT,CC,AG,CG,,,AT,GG,TT,CC,CC,,,,,,,,,CC,GG,AA,GG,AA,AA,CC,GG,GG,CC,TT,CC,CC,,CC,TT,GA,AT,CA,,,AG,AC,TT,CC,CA,GC,GG,CC,AA,,,GG,TC,GG,GG,AA,AA,CC,CC,,,TT,GG,GG,CC,GG,GT,GG,GA,CC,AC,AA,GG,TT,AA,AA,TT,TT,4G5G,AA,GG,CC,AA,AA,CC,GG,CC,,CC,AG,CC,CG,,,CC,GG,TT,AA,CC,CC,CC,AA,CC,CC,GA,CC,CG,AA,CT,CT,CT,TT,CC,TT,GG,CC,GG,CC,GG,CC,GG,,AA,AC,GT,CC,TT,AA,,,,,TC,TT,,,,,,,0.0,UC,02-3,Female,22.0,Caucasian,10.0,20.0,10.0,100.0,12.5,15.0,2.5,20.0,122.0,67.0,19.106,98.0,70.0,70.0,21.67,29.0,21.0,29.0,R,121.0,67.2,18.837,6.0,1.2106816946492078,-1.8808417467267293
UC-377,CC,DD,TT,GG,CC,AA,CG,GG,GG,CA,TT,GG,TT,AG,GT,CC,CC,TA,CT,TT,GG,CC,CT,TT,CC,CC,GG,GT,GA,GG,CC,TT,GG,GG,AG,GG,GA,CT,GG,GA,,GA,CC,AA,CC,CC,GG,GG,GA,AA,,"+9, +9",GG,TT,CC,TT,AA,AA,TC,,,,,,,,,AA,TT,CG,AG,CC,GG,TC,CG,CC,CC,CG,AA,GG,AA,AA,TT,AA,AA,TT,TT,AA,GG,GG,AA,AA,GG,TT,TT,CC,CC,,,,,,AA,GG,CC,GG,TA,GG,AA,AA,CC,GG,GG,CT,TT,TC,TT,,GG,TT,GG,AA,CA,,,AG,AC,TA,CC,CA,GG,GG,CT,GA,AA,AG,GG,TC,GG,GG,AG,AA,CC,CT,,,CC,AG,GG,CT,GT,GG,GG,GG,CC,CC,AA,GC,TT,GG,AA,TT,TC,4G5G,AA,GA,CC,AA,GG,CC,GG,CC,,CC,AG,CT,CC,,,CG,GG,TT,AA,CT,CT,TT,GG,CC,CC,GG,CG,CC,AA,CT,CT,CC,,CC,GT,AG,CC,GG,TC,GG,CT,GG,,GG,AC,GT,CC,TT,AA,TT,CT,GA,GA,TC,TT,,,,,,,0.0,UC,03-1,Female,34.0,Caucasian,15.0,30.0,15.0,100.0,17.5,22.5,5.0,28.6,142.0,67.3,22.04,118.0,76.0,74.0,5.67,11.0,5.0,13.0,R,135.0,68.0,20.524,4.33,-0.06124887757119046,-0.8048999695617287
UC-378,CC,,TT,GG,CC,AA,CC,GG,CG,CA,TC,GG,TT,GG,GG,CC,TC,TT,CT,GT,AG,CT,CT,CT,CG,CC,GG,GT,GG,GA,TC,AA,GG,GA,GG,AA,GG,CC,GG,AA,,GA,CC,AA,CC,CC,GG,GG,GA,AA,,"-9, +9",AG,CT,CC,CT,AA,TA,TT,,,,,,,,,GG,CC,CG,GG,CC,GG,,CC,CC,CC,CG,GA,GA,AG,AG,TC,CC,GG,AT,CC,AA,GG,GG,AA,AT,GG,TC,CT,CC,CT,,,,,,AA,GG,CT,GA,AA,GG,AA,AA,CC,GG,GG,CC,TT,TC,CT,,CG,TT,GG,AT,CC,,,AA,CC,TT,CC,CC,GG,GG,CC,,AA,AA,GG,TT,GG,GG,AG,AA,CC,CC,,,CT,GG,GG,CC,GT,GT,GG,GG,CC,CC,AA,GC,TT,AA,GG,TC,TC,4G4G,AA,GA,CC,AA,GG,CC,GG,CC,,CT,AA,CC,CC,,,CC,AA,TT,AA,CT,CT,TT,GG,CC,CC,GG,CG,CC,AA,TT,,CC,,CT,GG,AA,CC,GT,TC,GT,CT,GG,,GA,AC,GT,CC,TT,AA,CC,TT,GG,GG,TT,TT,,,,,,,0.0,UC,03-1,Male,22.0,Caucasian,25.0,40.0,15.0,60.0,25.0,35.0,10.0,40.0,145.0,69.3,21.225,130.0,70.0,77.0,5.67,7.0,5.0,8.67,R,148.0,69.0,21.853,4.67,3.194722384836449,-3.0500433092606736
UC-379,CC,DD,TT,GG,CC,AA,CC,AG,GG,CA,TC,GG,TT,AG,GT,CC,TC,TA,CC,GT,AG,CC,CC,TT,CG,GG,GG,GG,GG,GA,CC,TT,GG,GG,AG,GG,,CT,GG,GG,,,CC,AA,CC,CC,AG,GA,GG,AT,,"-9, -9",AA,CT,TC,CC,AA,TT,TC,,,,,,,,,AA,CC,GG,GG,CG,GG,TT,CC,CC,CC,CC,GA,GG,AA,AA,TT,AA,AA,TT,CC,AA,GG,GG,AA,TT,GG,,CT,CC,CC,,,,,,AA,AA,CT,AA,TA,GG,AA,AA,CC,GG,GG,CC,TT,TC,CC,,CG,TT,GG,AA,,,,AA,CC,AA,CC,CC,GG,GG,CC,GG,AA,AA,GG,TT,GG,GG,GG,GG,CG,CT,,,CC,AG,GG,CC,GT,GG,GA,GA,TC,AC,AA,GC,TC,AA,AA,TT,TC,4G5G,AA,,,AT,GA,CC,AG,CC,,CC,,CC,CC,,,CC,GG,CC,GG,CT,CT,TC,GA,CC,CC,AA,CC,CC,AA,CT,TT,CT,,CC,GG,AA,CC,GG,TT,GG,CT,GG,,GG,AA,TT,CT,GT,AG,CC,CT,GA,GA,TC,TG,,,,,,,0.0,UC,03-1,Female,25.0,Caucasian,17.5,22.5,5.0,28.6,17.5,22.5,5.0,28.6,146.0,63.0,25.86,122.0,72.0,70.0,9.33,19.0,8.33,18.67,R,141.0,63.0,24.974,6.67,5.547602398722317,2.0257780450667897
UC-380,CC,ID,CC,GA,TC,GA,CC,AG,GG,CA,TT,GG,TT,GG,GG,CC,CC,TT,TT,TT,GG,CC,TT,CT,CC,CC,GG,TT,GA,GG,TC,AT,GA,GG,AG,GA,GA,CT,GG,GG,,GA,CC,AA,CC,CC,GG,GA,GA,AT,,"-9, +9",GG,CT,TC,CT,AA,AA,TT,,,,,,,,,AG,CT,GG,GG,CG,GG,TT,CC,CT,TC,GG,GA,GG,AG,AA,TT,CC,GG,AT,CT,AA,CG,GA,AT,AT,GG,TC,CC,CC,CC,,,,,,AA,GG,CC,GG,AA,GG,AA,AA,CC,GG,GG,CT,TA,TC,CC,,CG,TT,GG,AT,CC,,,AG,AC,TA,CT,CA,GG,GG,CT,,AA,AG,GG,TC,GA,GG,AG,GA,CC,CC,,,CC,GG,GG,CC,TT,GT,GG,GG,TC,AC,AA,GC,TT,AG,AG,TT,TC,5G5G,AA,GA,CC,AT,GA,CC,GG,CC,,CC,AG,CC,CC,,,CC,GA,TT,GA,CC,CC,TC,GA,CC,TT,GG,CG,CC,AA,TT,CT,CT,,CC,GG,AA,CC,GT,TC,GT,CT,GG,,GA,AC,GT,CC,TT,AA,CT,CC,GG,AA,CC,TT,,,,,,,0.0,UC,03-1,Male,19.0,Caucasian,30.0,37.5,7.5,25.0,30.0,35.0,5.0,16.7,137.0,74.0,17.588,122.0,83.0,72.0,3.0,9.67,3.0,9.0,R,142.0,68.5,21.275,3.33,-0.38111597568336536,2.068126621659985
UC-381,,,,,,,,,,,,,,,,,,,,,,,,,,,,,,,,,,,,,,,,,,,,,,,,,,,,,,,,,,,,,,,,,,,,,,,,,,,,,,,,,,,,,,,,,,,,,,,,,,,,,,,,,,,,,,,,,,,,,,,,,,,,,,,,,,,,,,,,,,,,,,,,,,,,,,,,,,,,,,,,,,,,,,,,,,,,,,,,,,,,,GA,,,,,,,,,,,,,,,,,,,,,,,,,,,,,,,,,,,,,,,,,,,,,,,,,,,,,,,,,,,,,,,,,,,,,,,,,,-0.009334966201439266,-0.028357703669678824
UC-382,CA,ID,TT,AA,TT,GG,CG,GG,CG,CA,TT,GG,TT,AG,GT,CC,CC,TA,CT,TT,GG,CC,CT,TT,CC,CG,GG,GT,GA,GG,CC,TT,GG,GA,AG,GG,GG,CC,GT,GG,,GA,CC,AA,CT,CC,AG,GG,GA,AA,,"-9, -9",AA,TT,TC,TT,AC,TT,TT,,,,,,,,,AG,CT,GG,GG,CG,GG,TT,CC,TT,TT,CC,GA,GA,AG,AG,TC,CC,GG,AT,TT,AA,GG,GA,AT,AA,GG,CC,CC,CC,CC,,,,,,AA,GG,CC,GG,TA,GG,AA,AA,CC,GG,GG,CT,TT,TC,CT,,GG,TT,GA,AT,CC,,,AG,AC,TT,CC,CA,GG,GG,CT,GA,AG,AG,GG,CC,GA,GG,AG,GA,CC,CT,,,CC,AG,GG,CC,GG,GG,GG,GG,CC,CC,AA,,TT,AG,AA,TT,TT,5G5G,AA,GA,CT,AA,GG,CC,AG,CC,,CC,AA,CC,GG,,,CC,AA,CT,AA,TT,TT,TT,GG,CC,CT,GG,GG,CC,AA,CT,CC,CC,,CT,GG,AA,CC,GT,TC,GT,CT,GA,,AA,AC,GT,CC,TT,AA,TT,CT,GA,GA,TC,TT,,,,,,,0.0,UC,03-1,Female,34.0,Caucasian,17.5,22.5,5.0,28.6,15.0,17.5,2.5,16.7,147.0,64.5,24.84,117.0,72.0,70.0,18.0,9.33,18.67,7.0,R,149.0,64.5,25.178,19.67,-1.0085496882947151,-1.3140147659953139
UC-383,CA,ID,TT,GA,TC,GA,CC,GG,CC,CC,TT,GG,TC,GG,GG,CC,CC,TT,TT,TT,GG,CC,TT,CT,CC,CG,GG,GT,GG,GG,CC,TT,GG,GG,AG,GG,GA,CT,GG,GG,,GA,CC,AA,CT,CC,AG,GG,GA,AA,,"+9, +9",AA,CT,TC,CT,AA,TA,TT,,,,,,,,,AA,CC,CG,AG,CC,GA,TT,CC,CT,CC,CC,GG,AA,GG,AG,CC,AC,GA,AT,CC,AA,GG,GA,AT,AA,GG,TT,CT,CC,CT,,,,,,AA,GG,CT,GA,AA,GG,AA,AA,CC,GG,GG,CT,TT,TC,CC,,CC,TT,GG,AA,CA,,,GG,AA,TT,CC,AA,GG,GG,CT,GA,AA,AA,GG,TC,GA,GG,AG,GA,CC,CC,,,CC,GG,GG,CC,GG,GT,GG,GG,TC,AC,AA,GC,TC,AA,AA,TT,TC,4G4G,AA,GA,CT,AA,GG,CC,AG,CC,,CC,AG,TT,CC,,,CC,GG,TT,AA,TT,TT,TT,GG,CC,CC,GG,GG,CC,AA,CT,CT,CC,,CC,GT,AG,CT,GT,TC,GT,CT,GG,,GG,CC,TT,CC,TT,AA,CC,TT,GG,GG,TT,TT,,,,,,,0.0,UC,03-1,Male,21.0,Caucasian,30.0,40.0,10.0,33.3,32.5,35.0,2.5,7.7,175.0,68.0,26.606,122.0,70.0,74.0,5.33,7.33,5.0,8.0,R,174.0,72.0,23.596,4.0,-0.9350623696416722,-0.11457946710032078
UC-384,CC,ID,TT,GA,TC,GA,CC,AG,CG,CC,TT,GG,TT,AA,,CC,CC,AA,CC,TT,GG,,CC,,,,,GG,GG,GG,,,,GA,,,GA,CT,GG,GA,,GG,CC,AA,CC,CC,GG,GG,GG,AA,,,AA,TT,CC,TT,AC,TT,TT,,,,,,,,,AG,CC,CG,GG,CG,GG,TT,CC,CT,CC,CC,GG,GA,AG,AA,TC,CC,GG,,CT,AA,GG,GG,AA,AT,GG,TC,,CC,CC,,,,,,AA,GG,CT,GG,AA,GG,AA,AA,CC,GG,GG,CC,TT,CC,CC,,CG,TT,GA,AA,CC,,,AG,AC,TT,CC,CA,GG,GG,TT,GG,AG,AG,GG,TC,GG,GG,AG,AA,CC,CT,,,CT,GG,GG,CC,GT,GT,GG,GG,TC,AC,AA,,TT,AA,GG,TC,TT,4G4G,AA,GG,CC,AA,GG,CC,GG,CC,,CC,AG,CC,CC,,,CG,GG,CT,GA,CC,CC,TT,GG,CT,CC,GA,CC,CG,AA,TT,TT,CC,,CT,,,CC,GT,TC,GT,CT,GA,,GA,AA,GT,CC,TT,AA,CC,CT,GA,GA,TC,TT,,,,,,,,,,,,,,,,,,,,,,,,,,,,,,,,,,,,-1.4967033108998016,-0.002418024453723383
UC-385,CC,ID,TT,GG,CC,AA,CG,GG,CG,CA,TT,GG,TT,GG,GG,CC,CC,TT,TT,TT,GG,CC,TT,CT,CC,CC,GG,TT,GA,GG,CC,AT,GG,GG,AG,GA,GA,CT,GG,GG,,GG,CC,AA,CC,CC,GG,GA,GG,AT,,"-9, -9",AG,TT,TC,CT,AA,TT,TC,,,,,,,,,AG,CT,CG,AG,CC,GG,TT,CC,CT,CC,CC,GA,GG,AG,AG,TC,AA,GG,AT,TT,AA,GG,GG,AA,AA,GG,TT,CC,CC,CC,,,,,,AA,GG,CT,GA,TA,GA,AA,AA,CC,GA,GG,CT,TT,TC,CT,,CG,TT,GA,AA,CC,,,AG,AC,AA,CT,CA,GC,GG,CT,GG,AA,AA,GG,TT,GG,GG,AG,GA,CC,CT,,,CC,AG,GG,CC,GT,GG,GG,GG,TC,AC,AA,GC,TT,AA,,TT,TC,5G5G,AA,GG,CC,AT,GA,CC,GG,CC,,CC,AG,CC,CC,,,CC,GG,CC,GA,CT,CC,TT,GG,CC,CT,GG,GG,CC,AA,CT,CT,CC,,CC,GT,AG,CC,TT,TT,TT,TT,GG,,AA,AA,GT,CC,TT,AA,CC,TT,GG,GG,TT,TT,,,,,,,0.0,UC,03-1,Female,23.0,Caucasian,22.5,35.0,12.5,55.6,22.5,32.5,10.0,44.4,167.0,67.5,25.767,111.0,72.0,70.0,4.33,14.33,6.0,13.0,R,167.0,68.0,25.389,5.0,-1.5381230282104148,4.487617088614954
UC-386,CC,ID,TT,GA,TC,GA,CG,GG,CG,CC,TT,GA,TT,AG,GT,CC,TC,TA,CT,TT,GG,CC,CT,TT,CC,CG,GG,GT,GA,GG,CC,TT,GG,GA,AA,GG,GG,CC,GG,AA,,GG,CC,AA,CT,CC,AG,GG,GG,AA,,"+9, +9",AG,TT,TC,TT,AA,AA,TC,,,,,,,,,AG,TT,GG,GG,CC,GG,TC,CG,CT,TC,CC,GA,GA,AG,AG,TC,,GA,TT,TT,AA,CG,GA,AT,AA,GG,TT,CT,CC,CT,,,,,,,GG,CT,GG,TA,GA,AA,AA,CC,GA,GG,CC,TT,TC,CT,,CG,TT,GA,AA,CC,,,AG,AC,TA,CT,CA,GC,GG,CC,GA,GG,GG,GG,TC,GA,GG,AG,GA,CC,CC,,,CT,GG,GG,CC,GG,GT,GA,GA,TC,AC,AA,CC,TT,AA,GG,TT,TC,5G5G,AA,GG,CT,AA,GG,CC,AG,CC,,CT,AA,CC,CC,,,CC,GG,TT,AA,CT,CT,TT,GG,CC,CC,GA,CC,GG,AC,CT,TT,CC,,CC,GT,AG,CC,GG,CC,GG,CC,GG,,AA,AC,GT,CC,TT,AA,CC,TT,GG,GG,TT,TT,,,,,,,0.0,UC,03-1,Female,21.0,Caucasian,17.5,30.0,12.5,71.4,20.0,20.0,0.0,0.0,128.0,62.0,23.409,109.0,58.0,60.0,21.67,29.0,20.67,29.67,R,131.0,62.0,23.958,26.67,-0.9332678113944618,-0.5171016316869841
UC-387,CC,ID,TT,AA,TT,GG,CG,AG,CG,CC,TT,GG,TT,AA,TT,CC,CC,AA,CC,TT,GG,CC,CC,TT,CC,GG,GG,GG,GG,GG,CC,AT,GG,GG,AG,GA,GG,CC,GT,GG,,GG,CC,AA,CC,CC,GG,GG,GG,AA,,"-9, +9",AG,CC,TC,CC,AC,AA,TT,,,,,,,,,AG,CT,CG,GG,CG,GG,TT,CC,TT,TC,CC,GG,GG,AG,AG,TC,AA,GA,TT,CT,AG,GG,GA,AT,AA,GG,TC,CT,CC,CC,,,,,,AA,GG,CC,GA,AA,GG,AA,AA,CC,GG,GG,CC,TT,CC,CC,,CC,TT,GG,AT,CA,,,AG,AC,TT,CC,CA,GC,GG,TT,GG,AA,AA,GG,CC,GG,GG,AG,AA,CC,TT,,,CT,AA,GT,,GT,GG,GG,GA,TC,AC,AA,GC,TC,AG,AG,TT,TT,4G4G,AA,GG,CC,AA,GG,CC,GG,CC,,CC,AA,CC,CC,,,CC,GG,CT,AA,CC,CC,TC,GA,CC,CT,GG,CC,CG,AA,CC,CC,CC,,CC,GT,AG,CC,GT,TC,GT,CT,GG,,AA,AC,TT,CT,TT,AA,TT,TT,GA,GG,TT,TT,,,,,,,0.0,UC,03-1,Female,21.0,Caucasian,17.5,25.0,7.5,42.9,20.0,25.0,5.0,25.0,143.0,69.0,21.115,115.0,78.0,72.0,25.0,33.33,24.67,32.0,R,148.0,69.0,21.853,25.0,-0.8768636696059074,-0.24076506861146676
UC-388,CC,,CT,GA,TC,GG,,GG,CG,CA,TT,GA,TT,AG,GT,CC,CC,TA,CT,TT,GG,CC,CT,TT,CC,CG,GG,GT,GA,GG,CC,TT,GA,GA,AA,GG,GG,CC,TT,GG,,GG,CC,AA,CC,CC,GG,GG,GG,AA,,"-9, -9",AA,TT,TC,TT,AC,TA,TT,,,,,,,,,AG,CT,CC,AG,CC,GG,TT,CC,CT,TT,CC,GA,GG,GG,AG,TC,AC,GA,AT,CT,AA,CC,GG,AA,AT,GG,TC,CT,CC,CC,,,,,,AA,GG,CC,GA,AA,GG,AA,AA,CC,GG,GG,CC,TT,CC,CC,,CC,TT,GA,AA,CC,,,AG,AC,TA,CT,CA,GC,GC,CC,AA,AG,GG,GG,TC,GG,GA,AG,GA,CC,CC,,,CC,GG,GG,CT,GG,GT,GG,GA,TC,CC,AA,CC,TT,GG,,TT,TC,5G5G,AA,GG,CC,AA,GG,CC,GG,CC,,CC,AA,CT,CC,,,CC,GG,TT,AA,CT,CT,TT,GG,CC,TT,AA,CC,GG,AA,CC,TT,CC,,CC,TT,GG,TT,GG,CC,GG,CC,GA,,AA,AA,GG,CC,TT,AA,CC,CT,GA,GA,TC,TT,,,,,,,0.0,UC,03-1,Female,19.0,Caucasian,12.5,25.0,12.5,100.0,12.5,20.0,7.5,60.0,114.0,64.5,19.264,113.0,60.0,90.0,18.67,28.33,18.67,27.67,R,115.0,64.5,19.433,16.0,-4.041743407684843,0.6644597887265509
UC-389,CA,ID,TT,AA,TT,GG,GG,,CC,CC,TT,GG,TT,AG,GT,CC,CC,TA,CT,TT,GG,CC,CT,TT,CC,CG,GG,GT,GA,GG,CC,TT,GG,AA,AG,GG,GG,CC,GT,GA,,GA,CC,AA,CC,TT,GG,GG,GA,AA,,"+9, +9",GG,CC,TC,CC,AA,TA,TT,,,,,,,,,AA,CT,GG,GG,CC,GG,TT,CC,TT,TC,CC,GG,GA,AA,AA,TT,AC,GA,AT,CC,AG,GG,GG,AA,AT,GG,TT,CC,CC,CC,,,,,,AA,GG,CC,GG,AA,GG,AA,AA,CC,GG,GG,CC,TT,CC,CT,,CG,TT,GA,AA,CC,,,AG,AC,TT,CC,CA,CC,GG,CT,GA,AG,AG,GC,TC,GG,GG,AA,AA,CC,CC,,,,GG,GT,CT,GG,GT,GG,GA,CC,CC,AA,GG,TT,AA,GG,TT,TC,4G4G,AA,GA,CC,AA,GG,CC,GG,TT,,CC,AA,CC,CC,,,CC,GA,CT,AA,CT,CT,TT,GG,CC,CC,GG,CC,CG,AA,CT,CC,CT,,CC,GG,AA,CC,GG,CC,GG,CC,GG,,GA,AA,GG,CC,TT,AA,CT,TT,GA,GG,TT,TT,,,,,,,0.0,UC,03-1,Female,33.0,Caucasian,17.5,27.5,10.0,57.1,17.5,17.5,0.0,0.0,168.0,65.5,27.528,124.0,78.0,74.0,29.0,40.0,28.67,40.33,R,170.0,65.5,27.856,34.67,1.9083977885808987,-1.2605666775131636
UC-390,CC,II,TT,GG,CC,AA,GG,AG,CG,CC,TT,GG,TT,AG,GT,CC,CC,TA,CT,TT,GG,CC,CT,CT,CC,CG,GA,GT,GG,GG,CC,AT,GG,GA,GG,AA,GG,CC,GT,GG,,GG,CC,AA,CC,CC,GG,GA,GG,AT,,"-9, +9",AA,TT,TC,TT,AC,TT,TC,,,,,,,,,AG,CT,CG,AG,CC,AA,TT,CC,CC,TT,CC,GG,GA,AA,AA,TT,AA,GA,AT,CT,AA,GG,GA,AT,AA,GG,TT,TT,CC,CC,,,,,,AA,GG,CT,GG,TA,GG,AA,AA,CC,GA,GG,CC,TT,CC,CT,,GG,TT,GG,AT,CC,,,AG,AC,TA,CT,CA,GG,GG,CC,GA,AG,GG,GG,CC,GG,GG,AA,AA,CC,CT,,,CT,AG,GT,CT,GT,GG,GA,GG,TT,AA,AA,GC,TT,GG,AA,TT,TT,5G5G,AA,GG,CC,AT,GA,CC,GG,CC,,CT,AA,CC,CC,,,CC,GG,CT,AA,TT,TT,TT,GG,CC,CC,GA,CC,CG,AA,CT,TT,CC,,CT,GG,AA,CT,GT,TC,GT,CT,GA,,GA,AA,GT,CT,GT,AG,CT,TT,GG,GG,TT,,,,,,,,0.0,UC,03-1,Male,19.0,Caucasian,20.0,35.0,15.0,75.0,22.5,32.5,10.0,44.4,158.0,72.5,21.132,90.0,62.0,74.0,20.67,25.33,16.0,25.33,L,158.0,72.5,21.132,21.67,0.10817642074512664,1.7702717838768567
UC-391,AA,DD,CC,AA,TC,GG,CG,GG,GG,AA,TT,GG,TT,GG,,CC,TC,TT,CT,GT,AG,,CT,,,,,GG,GG,GA,,,,GG,,,,TT,GG,GG,,GG,CG,AA,CC,CC,AA,GG,GG,AA,,"-9, +9",GG,TT,TC,CT,AA,TT,CC,,,,,,,,,AA,CT,CG,GG,CC,GG,TT,CC,CT,TC,CG,AA,GA,AA,AA,TT,AA,GG,,CT,AA,GG,GG,AA,AA,GG,CC,,CG,CC,,,,,,AG,GG,TT,GG,TA,GG,AT,AT,CA,GA,GA,CT,TT,TC,CC,,CG,TT,GG,AT,CC,,,AG,CC,TT,CC,CC,GC,GG,CC,GA,AG,GG,GC,TC,GG,GG,GG,GA,CG,CC,,,CC,GG,GG,CC,GT,GG,GA,GG,TC,AC,AA,GG,TT,AA,AG,TT,TT,,AA,GG,CC,AA,GG,CG,AA,CC,,CT,,CT,CC,,,CC,GA,CT,AA,TT,CT,TT,GG,CC,CC,GA,CG,CG,AA,TT,TT,CT,,CC,,,CC,GG,TT,GG,TT,GG,,GG,AC,TT,CC,TT,AA,CT,TT,GA,GG,TT,GG,,,,,,,0.0,UC,03-1,Female,19.0,African Am,17.5,20.0,2.5,14.3,17.5,22.5,5.0,28.6,221.0,64.5,37.345,128.0,84.0,78.0,45.33,52.0,49.0,49.0,R,219.0,64.5,37.007,45.0,8.279975941791365,7.571558835065617
UC-392,CC,DD,TT,GA,TC,GA,CC,AG,CG,CC,TT,GG,TT,GG,GG,CC,TC,TT,CT,GT,AG,CT,CT,CT,CC,CC,GG,TT,GA,GG,TC,AA,GG,GG,GG,AA,GG,CC,TT,GG,,GG,CC,AA,CT,CC,AG,GG,GG,AA,,"-9, +9",AG,CT,TC,TT,AA,TT,TT,,,,,,,,,AG,CT,GG,GG,CG,GG,TT,CC,CT,TT,CG,GG,GG,AA,AG,TC,,GA,AT,CT,AA,GG,GA,AT,AA,GG,TC,TT,CC,CC,,,,,,AA,GG,TT,GG,AA,GG,AA,AA,CC,GG,GG,CT,TT,TC,CC,,CG,TT,GA,AT,CC,,,AG,AC,TA,CT,CA,CC,GG,CC,GA,AG,AG,GG,CC,GG,GG,AA,AA,CC,CC,,,CC,GG,GT,CC,GG,GG,GG,GG,CC,CC,AA,GC,TT,AG,AA,TT,CC,4G5G,AA,GG,CT,AA,GG,CC,AG,CC,,CC,AA,TT,CC,,,CC,GG,TT,AA,TT,TT,TT,GG,CC,CC,GG,CG,CC,AA,TT,CT,CC,,CC,GT,AG,CT,GG,CC,GG,CC,GG,,AA,AC,GT,CC,TT,AA,CC,CC,AA,AA,CC,TT,,,,,,,0.0,UC,03-1,Female,19.0,Caucasian,15.0,22.5,7.5,50.0,15.0,20.0,5.0,33.3,119.0,64.5,20.109,119.0,70.0,62.0,22.33,28.0,21.33,27.0,R,118.0,64.5,19.94,18.33,0.44730374289889596,-0.536518753420182
UC-393,CC,ID,TT,GG,CC,AA,CG,GG,GG,AA,TT,GA,TT,AG,GT,CC,CC,AA,CC,TT,GG,CC,CC,TT,CC,GG,GG,GG,GG,GG,CC,TT,GG,GA,AG,GG,GG,CC,TT,GG,,GG,CC,AA,CT,CC,AG,GG,GG,AA,,"-9, +9",GG,CT,CC,CC,AA,TA,CC,,,,,,,,,AG,CC,GG,GG,CC,GG,TT,CC,CC,TC,CG,AA,GG,AG,AA,TT,AA,GA,TT,CT,AA,CG,GG,AA,AT,GG,TC,CT,CC,CT,,,,,,AA,GG,CC,GG,TA,GG,AA,AA,CC,GG,GG,CC,TT,CC,CC,,CG,TT,GA,AA,CA,,,GG,AA,AA,TT,AA,GG,GG,CC,GA,AG,AG,GG,TC,GG,GG,AA,GG,CG,CT,,,TT,AG,GG,CC,GG,GG,GG,GA,CC,CC,AA,GC,TT,GG,AA,TT,TT,4G5G,AA,GG,CT,AA,GG,CC,AG,CC,,CT,AA,CC,CC,,,CC,GA,TT,AA,CT,CT,TC,GA,CC,CT,GA,CG,CG,AA,TT,CT,CC,,CT,GG,AA,CC,TT,TT,TT,TT,GG,,GG,AC,GT,CC,TT,AA,CT,CT,GG,GA,TC,TT,,,,,,,0.0,UC,03-1,Male,20.0,Caucasian,30.0,37.5,7.5,25.0,30.0,37.5,7.5,25.0,262.0,66.0,42.283,124.0,82.0,67.0,20.67,21.0,22.0,20.33,R,259.0,66.5,41.173,20.0,-2.479678338013594,0.39081600188951987
UC-394,AA,ID,TT,GG,CC,AA,CG,AG,CG,CC,TT,GG,TT,AG,GT,CC,CC,TA,CT,TT,GG,CC,CT,TT,CC,CG,GG,GT,GA,GG,CC,AT,GG,GG,GG,GA,GG,CC,GT,GA,,GG,CC,AA,CC,CC,GG,GG,GG,AA,,"+9, +9",GG,CT,TC,CT,AA,TT,TT,,,,,,,,,AA,TT,CG,AG,CC,GA,TT,CC,CC,CC,GG,GG,GG,AA,AA,TT,CC,GG,AA,CT,AA,GG,GG,AA,AA,GT,TT,CC,CC,CT,,,,,,AA,GG,CC,GA,AA,GG,AA,AA,CC,GG,GG,CT,TA,TC,CC,,CC,TT,GA,TT,CC,,,AA,CC,AA,CC,CC,GG,GG,CT,,AG,AG,GG,TT,GG,GG,AG,GA,CC,CC,,,CT,GG,GG,CC,GG,GG,GA,,TC,AC,AA,GC,TT,AA,AA,TT,TC,4G5G,AA,GG,CC,AA,GG,CC,GG,CC,,CC,AA,CC,CC,,,CC,GA,TT,AA,CC,CC,TT,GG,CC,CT,GG,CC,CC,AA,TT,CT,CT,,CC,GG,AA,CC,GG,CC,GG,CC,GG,,AA,AA,GT,CC,TT,AA,CC,TT,GA,GG,TT,TT,,,,,,,0.0,UC,03-1,Female,20.0,Caucasian,12.5,20.0,7.5,60.0,17.5,17.5,0.0,0.0,125.0,66.0,20.173,119.0,81.0,64.0,6.67,15.33,6.67,13.0,R,124.0,66.0,20.012,6.0,-1.5402682697328283,-1.535104912044937
UC-395,AA,DD,CC,GG,CC,AA,CG,GG,CC,CC,TT,GG,TT,AG,GT,CC,CC,TA,CT,TT,GG,CC,CT,TT,CC,CG,GG,GT,GA,GG,CC,TT,AA,GG,AA,GG,GA,CT,GG,GG,,GG,CC,AA,CT,CC,AG,GG,GG,AA,,"-9, +9",GG,TT,CC,TT,AC,TA,TC,,,,,,,,,GG,CC,CG,AG,CC,GA,TC,CG,CC,TC,CG,GG,GG,AG,AG,TC,AC,GG,TT,CT,AA,CG,GG,AA,AA,GG,TC,TT,CC,CT,,,,,,AA,GA,CC,GG,AA,GG,AA,AA,CC,GG,GG,CC,TT,TC,CC,,CC,TT,GG,AA,CC,,,AA,CC,AA,CT,CA,GC,GG,CC,,AA,AA,GC,TC,GG,GG,AA,AA,CC,CC,,,CT,GG,GG,CC,GG,,GG,GG,CC,CC,AA,GC,TC,GG,AA,TC,TT,4G4G,AA,GG,CT,AA,GG,CC,AG,CC,,CT,AG,CC,CC,,,CC,,CT,GA,CC,CC,TC,GA,CC,CC,GG,CG,CC,AA,CT,CT,CC,,CC,TT,GG,TT,GG,CC,GG,CC,GG,,GA,AA,GT,CC,GT,AG,CC,CT,GG,GA,TC,TG,,,,,,,0.0,UC,03-1,Female,19.0,Caucasian,17.5,25.0,7.5,42.9,17.5,20.0,2.5,14.3,135.0,61.5,25.092,102.0,70.0,78.0,35.0,27.0,35.33,27.0,L,134.0,62.0,24.506,25.33,-1.2992643326518778,1.8286598376306527
UC-396,AA,II,TT,GG,CC,AA,CC,GG,GG,AA,TT,GG,TT,GG,GG,CC,CC,TT,TT,TT,GG,CC,TT,CT,CC,CC,GG,TT,GG,GG,TC,AT,GG,GG,GG,GA,GG,CC,GT,GG,,GG,CC,AA,CC,CC,GG,AA,GG,TT,,"-9, +9",AG,CC,CC,CC,AC,TT,TC,,,,,,,,,AG,CT,GG,GG,CC,GA,TT,CC,CC,TC,CG,AA,GG,AG,AG,TC,AC,GG,AT,CC,AA,GG,GG,AA,AT,GG,TT,CC,CC,CT,,,,,,AA,GG,CC,GG,TA,GG,AA,AA,CC,GG,GG,CT,TT,TC,CT,,CG,TT,GA,AA,CA,,,AG,AC,TA,CT,CA,GG,GG,CT,GA,AG,AG,GC,TT,GG,GG,AA,AA,CC,CT,,,CT,AG,GG,CT,GG,GT,GG,GG,TC,AC,AA,GC,TT,AG,AA,TT,TT,5G5G,AA,GG,CC,TT,AA,CC,GG,CC,,CT,AA,CC,CG,,,CC,GA,TT,AA,TT,CT,TT,GG,CT,CC,GA,CC,CG,AA,CT,CT,CC,,CT,TT,GG,CC,GG,CC,GG,CC,GG,,AA,AA,GG,CC,TT,AA,CC,CT,GG,GA,TC,TT,,,,,,,0.0,UC,03-1,Female,20.0,Caucasian,20.0,30.0,10.0,50.0,20.0,20.0,0.0,0.0,155.0,66.0,25.015,100.0,78.0,80.0,30.0,35.0,31.33,35.0,R,149.0,66.0,24.047,26.0,-1.0433102601430264,2.175503047627776
UC-397,CC,ID,TT,GA,TC,GA,CG,GG,CG,CA,TT,GA,TT,AA,TT,CC,CC,AA,CC,TT,GG,CC,CC,TT,CC,GG,GG,GG,GG,GG,TC,AA,GG,GG,GG,AA,GG,CC,GG,GA,,GG,CC,AA,CC,CC,GG,GG,GG,AA,,"-9, +9",GG,CC,TC,CC,AA,TT,TC,,,,,,,,,AA,CT,GG,GG,CC,GG,TT,CC,CT,,CG,GA,GG,AG,AG,TC,AC,GA,AT,CT,AG,GG,GA,AT,AA,GG,TT,CT,,CC,,,,,,AA,,CT,GG,AA,GG,AT,AA,CC,GG,GG,CC,TT,CC,CT,,CG,TT,AA,AA,CC,,,AA,CC,AA,CT,CC,GC,GC,CC,GA,AG,AG,GC,TC,GG,GG,AA,GA,CC,CC,,,TT,GG,GG,CC,GG,GT,GA,GG,TC,AC,AA,GC,TC,GG,AA,TT,TT,5G5G,AA,GG,CC,AA,GG,CC,GG,CC,,CT,AA,CT,CG,,,CG,GA,CC,AA,CT,CT,TT,GG,CT,CC,GA,CC,CG,AA,CT,CT,CC,,CC,GG,AA,CC,TT,TT,TT,TT,GG,,GG,AC,GT,CC,TT,AA,TT,CT,GG,GA,,TT,,,,,,,0.0,UC,03-1,Female,22.0,Caucasian,15.0,20.0,5.0,33.3,15.0,20.0,5.0,33.3,105.0,64.0,18.021,103.0,51.0,66.0,6.33,10.67,7.0,12.67,R,106.0,64.0,18.193,5.67,-1.692217106373458,1.4014120615982026
UC-398,CA,DD,TT,AA,TT,GG,CC,AG,CG,CC,TT,GG,TT,GG,,CC,CC,TT,TT,TT,GG,,TT,,,,,TT,GG,GG,,,,AA,,,,CC,TT,GG,,,CC,AA,CC,CC,GG,GG,GG,AA,,"-9, +9",GG,TT,TC,TT,AA,TA,TT,,,,,,,,,AG,CC,GG,GG,CG,GA,TT,CC,TT,CC,CC,GG,GG,AG,AA,TC,AA,AA,,CT,AG,GG,GA,AT,AA,GG,TT,,,CC,,,,,,AA,GG,CC,GG,TA,GG,AA,AA,CC,GG,GG,TT,TT,TC,CC,,CC,TT,GG,AA,CC,,,AA,CC,TA,CT,CC,GG,GG,CT,GA,AA,AA,GG,CC,GG,GG,AG,AA,CC,CC,,,CC,GG,GG,CC,GG,GG,GG,GG,TC,AC,AA,GC,TC,AG,AA,TT,TT,4G5G,AA,,,AA,GG,CC,GG,CC,,CC,,CT,CC,,,CC,GG,,AA,CT,CT,TT,GG,CC,CC,GG,CG,CC,AA,CT,CC,TT,,CT,,,CT,GG,CC,GG,CC,GG,,GA,AA,GG,CC,TT,AA,TT,CT,GG,GA,TC,TT,,,,,,,,,,,,,,,,,,,,,,,,,,,,,,,,,,,,-1.4351032218812403,1.0007371387226731
UC-399,CA,DD,TT,GA,TC,GA,CC,GG,CG,CA,TT,GG,TT,AA,TT,CC,CC,AA,CC,TT,GG,CC,CC,TT,CC,GG,GG,GG,GG,GG,CC,AT,GG,GA,AG,GA,GA,CT,GG,GG,,GG,CC,AA,CC,CC,GG,GG,GG,AA,,"-9, +9",GG,CT,TC,CT,AC,TA,TT,,,,,,,,,AG,CT,GG,GG,CG,GA,TC,CG,CT,TC,CC,GA,GG,AG,AG,CC,,,AA,CT,AA,CG,GG,AA,AA,GG,TT,CT,CC,CC,,,,,,AA,GG,CC,GG,TA,GG,AA,AA,CC,GG,GG,CC,TT,CC,CT,,CG,TT,GG,AA,CA,,,GG,AA,TA,CC,AA,GG,GG,CT,GG,AA,AG,GG,CC,GG,GG,AG,AA,CC,CT,,,TT,AG,GG,CC,GG,GT,GA,GG,TC,AC,AA,CC,TC,AA,AG,TT,TT,4G5G,AA,GG,CC,AA,GG,CC,GG,CC,,CC,AG,CC,CC,,,CC,GA,CC,GA,CT,CC,TC,GA,CC,CC,GA,CG,CG,AA,CT,CC,CC,,CC,GT,AG,CC,GT,TC,GT,CT,GA,,GA,AA,GG,CC,TT,AA,CC,CT,AA,GA,TC,TT,,,,,,,0.0,UC,03-1,Male,20.0,Caucasian,25.0,35.0,10.0,40.0,27.5,35.0,7.5,27.3,159.0,72.0,21.562,122.0,82.0,88.0,3.0,4.33,3.0,4.0,R,164.0,72.0,22.24,3.33,-1.5357789721055655,0.3459267943440341
UC-400,CC,ID,TT,GA,TC,GA,CC,AG,CG,CC,TC,GG,TT,AA,TT,CC,TC,TA,CC,TT,GG,CC,CC,TT,CC,GG,GG,GG,GG,GG,CC,AT,GG,GA,AG,GA,GG,CC,GG,GA,,GA,CC,AA,CT,CC,AG,GG,GA,AA,,"+9, +9",AA,CT,TC,CT,AC,TT,TC,,,,,,,,,GG,CC,CG,AG,CC,GG,TT,CC,CT,TC,CC,GG,GG,GG,GG,CC,AA,,AT,CC,AA,CG,GG,AA,AA,GG,TT,CT,CC,CT,,,,,,AA,GG,CC,GA,TA,GG,AA,AA,CC,GG,GG,CC,TT,CC,CT,,CG,TT,GG,AA,CC,,,GG,AA,TA,CC,AA,GC,GG,CT,GA,AG,AG,GG,TC,GG,GG,AA,GG,GG,CC,,,CT,GG,GG,CC,GG,GG,GG,GG,TT,AA,AA,GG,TT,AA,GG,TT,CC,4G4G,AA,GA,CT,AA,GG,CC,AG,CC,,CC,AA,CC,CC,,,CC,GA,TT,AA,CC,CC,TC,GA,CC,TT,GG,CG,CC,AA,CT,CT,CT,,CT,GT,AG,CC,GG,CC,GG,CC,GG,,AA,AA,GG,CC,TT,AA,CT,CT,AA,GA,TC,TT,,,,,,,0.0,UC,03-1,Female,20.0,Caucasian,12.5,25.0,12.5,100.0,15.0,17.5,2.5,16.7,148.0,66.5,23.527,119.0,71.0,70.0,8.67,15.67,8.33,14.67,R,149.0,66.5,23.686,6.67,0.46940439102266807,-3.6628496333183627
UC-401,CC,ID,,AA,TC,GG,,,,CA,,,TT,GG,GG,CC,TC,TT,TT,TT,GG,CC,TT,TT,CC,CC,GG,TT,GA,GG,TC,AT,GA,GG,AG,GA,,CC,GT,GA,,,CC,AA,CC,CC,GG,,GG,AA,,"-9, +9",AA,TT,TC,TT,AA,,TT,,,,,,,,,AG,CT,GG,GG,,GG,,,TT,TC,CC,GA,GA,AG,,,,,AT,TT,AA,GG,,,,,CC,CC,,,,,,,,,,CT,GA,,,,,,,,CT,,,CT,,,,,,,,,,,,,AA,GG,GC,CT,,,,,,,,,,,,,,,GG,GG,CC,,GT,,,,,,,,,,,TT,,,,,,,,,,,,,CC,,,,,GA,,,,,,,,,,,,,,CT,CC,,,GT,AG,,GT,TC,GT,CT,,,,AA,GG,CC,TT,AA,TT,,,,TC,,,,,,,,0.0,UC,03-1,Female,19.0,Caucasian,10.0,25.0,15.0,150.0,15.0,17.5,2.5,16.7,116.0,62.5,20.876,110.0,70.0,52.0,18.67,25.67,18.33,26.67,R,117.0,62.5,21.056,21.33,-1.2617259518481294,3.3999014153575424
UC-402,,ID,CC,,,,CC,GG,CG,,TT,GG,,,,,,,,,,,,,,,,,,,,,,,,,GG,,GT,,,GG,,,,,,,,,,,,,,,,TT,,,,,,,,,,AG,CT,,,CC,,,CC,,,,,,,AA,TT,CC,GG,,,,,GA,AT,AT,GG,,,,CT,,,,,,AA,GG,,GG,AA,GG,AA,AA,CC,GG,GG,,TT,TC,,,CG,TT,GA,AA,CA,,,GG,AA,TT,CC,,,,,GG,GG,GG,GC,CC,GG,GA,AG,AA,CG,CC,,,,,,,GG,,GG,GA,CC,CC,AA,GG,TC,AG,AG,TC,,4G5G,AA,GG,,AT,GA,CC,GG,CC,,CT,AA,,CC,,,CC,,TT,AA,CT,CT,TT,GG,CC,CC,GG,CC,CC,AA,CT,,,,CT,,,CC,,,,,GA,,GA,,,,,,,CT,GG,GA,,TT,,,,,,,,,,,,,,,,,,,,,,,,,,,,,,,,,,,,-0.9809959218994748,-1.4908071451944844
UC-403,CC,DD,CT,GA,TC,,CC,AA,CC,CC,TT,GG,TT,AG,GT,CC,TC,TA,CC,GT,AG,CT,CC,TT,CG,CG,GG,GG,GG,GA,CC,TT,GG,GG,AG,GG,GA,CT,GG,GG,,GG,CC,AA,CT,CC,AG,GA,GG,AA,,"-9, +9",AG,TT,TC,TT,AA,TA,TT,,,,,,,,,GG,CC,CG,GG,CC,GG,TT,CC,TT,TC,,GG,GG,AA,AA,TT,CC,GG,TT,CT,AA,CG,GG,AA,TT,GG,TT,CC,CG,CT,,,,,,AA,GG,CT,GG,AA,GG,AA,AA,CC,GG,GG,CC,TT,CC,CT,,CG,TT,GG,AA,CA,,,AG,AC,TA,CC,CA,CC,GG,CC,GG,AG,GA,GC,TT,GG,GG,AA,GA,CC,CT,,,TT,AG,GG,CT,GT,GT,GA,GG,TC,AC,AA,GC,TC,AA,GG,TT,TT,4G5G,AA,GG,CT,AA,GG,CC,AG,CC,,CC,AA,CT,CC,,,CC,GG,CT,AA,CC,CC,CC,AA,CC,CT,GA,CG,CG,AA,TT,CT,,,,GG,AA,CT,GT,TC,GT,CT,GG,CC,GA,AC,TT,CC,GT,AG,CC,TT,GA,,TT,TT,,,,,,,0.0,UC,03-3,Male,29.0,Caucasian,27.5,37.5,10.0,36.4,32.5,27.5,-5.0,-15.4,171.0,70.5,24.187,102.0,62.0,68.0,14.33,19.67,15.33,20.67,R,175.0,70.0,25.107,16.67,1.0271355453781124,-3.5715832608033447
UC-404,CA,DD,CT,GA,TC,GA,CG,GA,CC,CA,TT,GG,TT,AG,,CC,TC,TA,CC,GG,AG,,CC,,,,,GG,GG,GA,,,,GA,,,GA,CT,GT,GG,,GG,CC,AA,CC,CC,GG,GG,GG,AA,,"-9, -9",AG,TT,TC,TT,,TA,TC,,,,,,,,,AA,CT,CG,AG,CC,GG,CC,CG,CT,CC,CG,GA,GG,AA,AA,TT,AC,GG,,CT,AA,GG,GA,AT,AA,GG,TT,,CG,CC,,,,,,AA,GG,TT,GG,AA,GG,AA,AA,CC,GG,GG,CC,TT,CC,CC,,CG,TT,GA,AA,CC,,,AG,AC,AA,TT,CC,GG,GG,CC,GG,AA,,GG,CC,GG,GG,AG,GA,CC,CC,,,CT,GG,GT,CC,GG,GG,GG,GG,CC,CC,AA,GC,TT,AG,AG,TT,TC,4G5G,AA,GG,CC,AA,GG,CC,GG,CT,,CC,AA,CC,CC,,,CC,GA,CT,AA,CC,CC,CC,AA,CC,CC,GG,CG,CC,AA,CT,,CT,,CT,,,CC,GT,TC,GT,CC,GG,CC,GG,AC,TT,CC,GT,AG,CC,CT,AA,GG,TC,TT,,,,,,,0.0,UC,03-3,Male,32.0,Other,32.5,40.0,7.5,23.1,35.0,37.5,2.5,7.1,151.0,67.5,23.298,112.0,70.0,62.0,13.0,22.33,12.33,21.67,R,155.0,67.5,23.916,15.33,1.9400040284833215,-1.7082884698347636
UC-405,CC,DD,CC,GG,CC,AA,CG,AA,CC,CC,TT,GG,TT,GG,,CC,CC,TT,TT,GG,GG,,TT,,,,,GT,AA,GG,,,,GG,,,GG,CC,GT,GG,,GG,CC,AA,CC,CT,GG,GG,GG,AA,,"+9, +9",AG,TT,TC,TT,AC,TT,TT,,,,,,,,,AG,CC,GG,GG,CC,GG,TT,CC,CC,TC,CG,GA,GG,AG,AG,TC,AC,GG,,TT,AA,GG,GA,AT,AT,GG,TC,,CG,CT,,,,,,AA,GG,TT,GG,TA,GG,AA,AA,CC,GA,GG,CC,TT,CC,CT,,CG,TT,GG,AA,CC,,,AG,AC,TT,CC,CC,GC,GG,CC,GA,AG,GA,GG,TC,GG,GG,AG,,CC,CC,,,CC,GG,GG,CC,GT,GG,GA,GG,TC,AC,AA,GG,TT,AA,GG,TT,TT,4G5G,AA,GG,CC,AA,GG,CC,GG,CT,,CC,GG,CC,CC,,,CC,GG,CT,GG,CC,CC,TT,GG,CC,TT,AA,CC,GG,AA,CT,TT,CT,,CC,,,TT,GG,CC,GG,CC,GG,CC,GA,AC,GT,CC,TT,AA,CC,TT,GG,GG,TT,TT,,,,,,,0.0,UC,03-3,Male,35.0,Other,32.5,47.5,15.0,46.2,35.0,42.5,7.5,21.4,204.0,67.5,31.476,116.0,72.0,64.0,20.33,21.0,23.33,21.0,R,204.0,67.5,31.476,18.67,2.0411378512089526,2.858776319876343
UC-406,CC,DD,CT,GA,TC,GA,CG,AA,CC,CC,TT,GG,TT,AG,GT,CC,CC,TA,CT,TT,GG,CC,CT,TT,CC,CG,GG,GT,GA,GG,CC,AT,GG,GA,AG,GA,GG,CC,GG,AA,,GG,CC,AA,CC,CT,GG,GG,GG,AA,,"+9, +9",GG,CT,TC,CT,AC,TA,TT,,,,,,,,,AG,CT,CC,AG,CC,GG,TT,CC,CT,TC,CC,GA,GA,AA,AA,TT,AA,GA,AT,CC,AG,GG,GG,AA,AA,GG,TT,CT,CG,CC,,,,,,AA,GG,CT,GA,AA,GG,AA,AA,CC,GG,GG,CC,TT,CC,CT,,CG,TT,GG,TT,CC,,,AA,CC,TA,CC,CC,GG,GG,TT,GA,AG,GG,GG,TC,GG,GA,AG,GG,GG,CC,,,CT,GG,GG,CC,GG,GG,GG,GG,TC,AC,AA,GC,TC,AA,AG,TT,TC,4G4G,AA,GG,CC,AA,GG,CC,GG,CC,,CT,AA,CC,CC,,,CC,GG,CT,AA,CT,CT,TC,GA,CC,CT,GA,CC,CG,AA,CC,CC,CC,,CC,GT,AG,CC,GG,CC,GG,CC,GA,CT,GA,AA,GG,CC,TT,AA,CC,CT,GA,GA,TC,TT,,,,,,,0.0,UC,03-3,Male,27.0,Caucasian,27.5,37.5,10.0,36.4,30.0,37.5,7.5,25.0,159.0,71.5,21.865,123.0,58.0,66.0,3.0,8.67,3.0,8.33,L,158.0,71.8,21.546,3.0,-2.0934840768528273,0.6167240445387067
UC-407,CA,II,CC,GG,CC,AA,CC,GA,CG,CC,TT,GG,TC,GG,,CC,TT,TT,CC,GG,AA,,CC,,,,,GG,GG,AA,,,,GA,,,GG,CC,TT,GG,,GA,CC,AA,CC,CC,GG,GG,GG,AA,,"-9, -9",AG,CT,TC,TT,CC,TT,TT,,,,,,,,,AG,CT,GG,GG,CC,GA,CC,CG,CC,TT,GG,GA,GG,AA,AA,TT,AC,GG,,TT,AA,GG,GG,AA,AT,GG,TC,,CG,CC,,,,,,AA,GG,CT,GG,TT,GA,AA,AT,CA,AA,GA,CT,TA,TC,CT,,CG,TT,GG,AA,CC,,,GG,AA,TA,CC,AA,GG,GG,TT,GG,GG,GG,GG,TT,GG,GG,AA,GA,CC,CC,,,CT,GG,GG,CC,GG,GG,GG,GA,TC,AC,AA,GG,TT,AG,AG,TC,TC,4G4G,AA,GA,CC,AA,GA,CC,GG,CC,,CC,AA,CT,CC,,,CC,GG,CT,AA,CT,CT,TC,GA,CC,CC,GG,GG,CC,AA,TT,TT,CC,,CC,,,CC,GG,CC,GG,CC,GG,CC,GA,AA,TT,CT,GT,AG,CC,TT,GG,GG,TT,TT,,,,,,,0.0,UC,03-3,Female,31.0,Asian,12.5,17.5,5.0,40.0,12.5,20.0,7.5,60.0,110.0,62.0,20.117,110.0,64.0,72.0,14.33,21.67,15.33,21.33,R,110.0,62.0,20.117,16.33,12.545645784705124,-2.179991020000642
UC-408,CC,II,TT,GA,TC,GA,,,,AA,TT,GG,TT,AA,TT,CC,CC,AA,CC,TT,GG,CC,CC,TT,CC,GG,GG,GG,GG,GG,CC,TT,GG,GA,AG,GA,GG,CC,GT,GA,,GG,CC,AA,CC,CC,GG,GA,GA,AA,,"+9, +9",AG,CT,TC,CT,AA,AA,TC,,,,,,,,,AA,CT,GG,GG,CC,GG,TT,CC,CT,TC,CG,GG,GG,AA,AA,TT,AA,GA,AT,CT,AA,GG,GA,AT,TT,GG,TC,CT,,CC,,,,,,AG,GG,TT,GG,TT,GG,AA,AA,CC,GG,GG,CC,TT,CC,CT,,CG,TT,GA,AA,CA,,,AG,AC,TA,CT,CA,GC,GG,CT,GA,,,GC,TT,GG,GG,AG,AA,CC,CT,,,CC,AG,GT,CC,GG,GT,GG,GG,TT,AA,AA,CC,TT,AG,AG,TC,TT,4G5G,AA,GG,CC,AA,GG,CC,GG,CC,,CC,AA,CC,CC,,,CC,GA,CT,AA,CC,CC,TT,GG,CC,CT,GA,CC,GG,AA,CC,CC,CC,,CC,GT,AG,CC,GG,CC,GG,CC,GG,CC,GA,AA,GT,CC,GT,AG,CC,CT,GA,AA,TC,TT,,,,,,,0.0,UC,03-3,Female,23.0,Caucasian,15.0,17.5,2.5,16.7,15.0,17.5,2.5,16.7,117.0,62.2,21.26,118.0,68.0,74.0,4.67,8.33,6.0,8.67,R,119.0,62.0,21.763,5.33,1.0365555998811278,-0.08933899119756102
UC-409,CC,ID,CC,GG,CC,AA,CC,AA,CC,CC,TT,GG,TT,AG,GT,CC,CC,TA,CT,TT,GG,CC,CT,CT,CC,CG,GG,GT,GG,GG,TC,AT,GA,GA,AG,GA,GG,CC,GT,GG,,GG,CC,AA,CC,CC,GG,GG,GG,AA,,"-9, +9",AG,CT,TC,CT,AC,TA,TT,,,,,,,,,AA,CC,CG,AG,CC,AA,CC,CG,CC,CC,GG,GG,GG,AA,AA,TT,AC,GG,AT,CC,AA,CG,GG,AA,AT,GG,TT,CC,CG,CC,,,,,,AA,GG,TT,GG,AA,GG,AA,AA,CC,GG,GG,CC,TT,CC,CC,,CC,TT,AA,AA,CC,,,AA,CC,TA,CT,CC,GC,GG,TT,GG,AG,GA,GG,TC,GA,GG,AG,AA,CC,CT,,,CT,AG,GT,CC,GG,TT,GA,GG,TC,AC,AA,GC,TT,AA,AG,TT,TT,5G5G,AA,GG,CC,AA,GG,CC,GG,CC,,CC,AA,CT,CC,,,CC,GA,CT,GA,CC,CC,TC,GA,CC,CC,GG,CC,CG,AC,TT,CT,CT,,CT,GT,AG,CC,GG,CC,GG,CC,GG,CC,GA,AC,GT,CC,TT,AA,CC,CT,AA,GG,TC,TT,,,,,,,0.0,UC,03-3,Female,24.0,Caucasian,15.0,25.0,10.0,66.7,15.0,18.25,3.3,21.7,130.0,65.5,21.302,124.0,60.0,62.0,8.33,16.0,7.67,17.0,R,131.0,64.3,22.274,10.33,-2.062044138852597,-0.14673500082534569
UC-410,CA,II,CT,GA,TC,GA,CG,GA,CC,CA,TT,GG,TT,GG,GG,CC,CC,TT,TT,TT,GG,CC,TT,CT,CC,CC,GG,TT,AA,GG,CC,TT,GA,GG,AG,GG,GG,CC,GT,GA,,GG,CC,AA,CC,CC,GG,GG,GG,AA,,"+9, +9",AG,TT,TC,TT,AA,TA,TC,,,,,,,,,AG,CT,GG,GG,CC,GG,TT,CC,CT,TC,CC,GG,GA,AA,AA,TT,AC,GA,AT,CT,AA,GG,GG,AA,AA,GG,TT,CT,CG,CC,,,,,,AG,GG,CT,GA,AA,GG,AA,AA,CC,GG,GG,CC,TT,CC,CT,,GG,TT,GA,AT,CC,,,AG,AC,TA,CT,CA,GG,GG,CT,GA,AG,GG,GG,CC,GG,GG,AG,GA,CG,CC,,,CC,GG,GT,CC,GG,GT,GG,GA,CC,CC,AA,GC,TC,AA,AG,TT,TC,4G4G,AA,GG,CC,AA,GA,CC,GG,CC,,CC,GG,CC,CC,,,CC,GA,CT,GA,CT,CT,TT,GG,CC,CC,GG,GG,CC,AA,TT,CC,CT,,,GT,AG,CT,GG,CC,GG,CC,GG,CT,GA,AC,GT,CC,TT,AA,CC,CT,AA,,,TT,,,,,,,0.0,UC,03-3,Male,19.0,Caucasian,27.5,37.5,10.0,36.4,30.0,37.5,7.5,25.0,147.0,68.0,22.349,123.0,46.0,88.0,3.0,5.33,3.33,6.33,R,155.0,68.0,23.565,3.67,-2.0475930491383485,4.126483582652124
UC-411,CC,ID,CC,GG,CC,AA,GG,GA,CG,CC,TT,GG,TT,AA,TT,CC,CC,AA,CC,TT,GG,CC,CC,TT,CC,GG,GG,GG,GG,GG,CC,TT,GG,,AA,GG,GG,CC,TT,GG,,GG,CC,AA,CC,CC,GG,GA,GG,AA,,"-9, +9",AG,CT,TC,CT,AC,TT,TT,,,,,,,,,AG,CC,GG,GG,CC,GG,TT,CC,CT,TT,CC,GG,GG,AG,AG,TC,CC,GG,AT,CT,AA,GG,GA,AT,AA,GG,TC,CC,CG,CC,,,,,,AA,GG,CC,GA,AA,GG,AA,AA,CC,GG,GG,CC,TT,CC,CT,,CG,TT,GA,AT,CA,,,AG,AC,TA,CT,CA,GG,GG,CT,AA,AA,GA,GC,TC,GG,GG,AA,GA,CC,CC,,,TT,GG,GG,CT,GG,GG,GG,AA,CC,CC,AA,GG,TT,AA,AA,TT,CC,4G5G,AA,GG,CC,AA,GG,CC,GG,CT,,CC,AA,CC,CG,,,CC,,TT,GA,CT,CT,TT,GG,CC,CT,GA,CC,CG,AA,CT,CC,CC,,CC,TT,GG,CT,GT,TC,GT,CT,GG,CC,AA,AA,TT,CC,GT,AG,CC,TT,GA,GG,TT,TT,,,,,,,0.0,UC,03-3,Female,21.0,Caucasian,17.5,25.0,7.5,42.9,17.5,20.0,2.5,14.3,112.0,62.0,20.483,98.0,62.0,62.0,15.67,26.33,17.0,24.0,R,113.0,62.0,20.666,19.0,-1.6438079632370695,0.6447202521191238
UC-412,CC,ID,CT,GA,TC,GA,CC,GG,GG,CC,TT,GG,TT,GG,GG,CC,TC,TT,CT,GT,AG,CT,CT,TT,CC,CC,GG,TT,AA,GG,CC,TT,GG,GG,AG,GG,GA,CT,GG,GG,,GG,CC,AA,CC,CC,GG,GG,GG,AA,,"-9, +9",GG,CC,CC,TT,AA,AA,CC,,,,,,,,,GG,CC,CG,AG,CC,GG,TT,CC,CT,TT,CC,GG,GG,AG,AG,TC,AA,GA,TT,CT,AA,,GG,AA,TT,GG,TT,CC,CG,CC,,,,,,AA,GG,CC,AA,AA,GG,AA,AA,CC,GG,GG,CC,TT,CC,CC,,CG,TT,AA,AT,CC,,,AA,CC,TA,CT,CC,GG,GC,CT,GA,AA,GA,GC,TC,GG,GA,AG,GA,CG,CT,,,CT,AG,GT,CC,GG,GG,GG,AA,CC,CC,AA,CC,TC,AA,AA,TC,TC,4G4G,AA,GG,CC,AA,GG,CC,GG,CC,,CC,AG,CT,CC,,,CC,GG,CT,GA,CT,CT,TT,GG,CC,CT,GG,GG,CG,AA,TT,CC,CC,,CC,TT,GG,CT,GG,CC,GG,CC,GG,CC,GA,AC,GT,CC,TT,AA,CC,CT,GA,,TC,TT,,,,,,,0.0,UC,03-3,Male,24.0,Caucasian,30.0,45.0,15.0,50.0,35.0,35.0,0.0,0.0,164.0,67.0,25.683,122.0,76.0,68.0,5.33,9.0,5.0,10.0,R,163.0,72.2,21.982,5.0,-1.4001024306198833,2.0367199850090985
UC-413,,,,,,,,,,,,,,,,,,,,,,,,,,,,,,,,,,,,,,,,,,,,,,,,,,,,,,,,,,,,,,,,,,,,,,,,,,,,,,,,,,,,,,,,,,,,,,,,,,,,,,,,,,,,,,,,,,,,,,,,,,,,,,,,,,,,,,,,,,,,,,,,,,,,,,,,,,,,,,,,,,,,,,,,,,,,,,,,,,,,,,,,,,,,,,,,,,,,,,,,,,,,,,,,,,,,,,,,,,,,,,,,,,,,,,,,,,,,,,,,,,,,,,,,,,,,,,,4.144103703791282e-17,-1.0900765763055393e-17
UC-414,CA,DD,CT,GG,CC,AA,,,,CC,TC,GG,TC,GG,GG,CC,CC,TA,CT,TT,GG,CC,CT,CT,CC,CG,GG,GT,GG,GG,TC,AT,GG,GA,AG,GA,GA,CT,GG,GA,,GG,CC,AA,CT,CC,GG,GG,GG,AA,,"+9, +9",AG,CC,TC,CC,AA,TA,TT,,,,,,,,,AG,CC,GG,GG,CG,GG,TT,CG,CC,TC,CC,GA,GG,AG,AG,TC,AA,GG,AA,CC,AG,GG,GG,AA,AT,GG,TT,CC,,CC,,,,,,AA,GA,CT,GG,TT,GG,AA,AA,CC,GG,GG,CC,TT,CC,CT,,GG,TT,GA,AA,CC,,,AG,AC,TA,TT,CA,GC,GG,CC,GA,,,GG,CC,GG,GG,AA,AA,CG,CT,,,CC,AG,GT,CC,GG,GG,GG,GG,TC,AC,AA,GC,TT,AG,AG,TC,TT,5G5G,AA,GG,,AA,GG,CC,GG,CC,,CC,AA,CT,CC,,,CC,GA,CC,GA,CT,CT,TC,GA,CC,CT,GA,CC,GG,AC,TT,CT,CC,,CC,GT,AG,CT,GG,CC,GG,CC,GA,CT,AA,AA,GT,CC,GT,AG,CC,TT,GG,GA,TT,TT,,,,,,,0.0,UC,03-3,Male,19.0,Caucasian,20.0,30.0,10.0,50.0,25.0,27.5,2.5,10.0,156.0,70.0,22.381,117.0,58.0,76.0,3.0,8.33,4.33,5.67,R,162.0,70.0,23.242,3.0,1.1760534158101168,2.548146985979754
UC-415,CA,ID,CT,GA,TC,GA,CC,GG,CC,AA,TT,GG,TT,AG,,CT,CC,TA,CT,TT,GG,,CT,,,,,GT,GG,GG,,,,GA,,,GG,CC,TT,GG,,GG,CC,AA,CC,CC,GG,GG,GG,AA,,"-9, +9",AA,TT,TC,CC,AA,TT,TC,,,,,,,,,AA,CT,CC,AG,CC,GG,TC,CC,CT,TC,CG,AA,GA,AG,AA,TC,AC,GA,,TT,AA,,GG,AA,AT,GG,TT,,CG,CC,,,,,,AA,GG,CC,GA,AA,GG,AA,AA,CC,GG,GG,CC,TT,CC,CC,,CC,TT,GA,AA,AA,,,AG,AC,AA,CT,CA,GC,GG,CT,GG,AA,GA,GG,CC,GG,GG,AG,GG,CC,CC,,,CC,GG,GG,CC,GG,GT,GG,GA,CC,CC,AA,GG,TT,GG,AA,TT,TC,5G5G,AA,GG,,AA,GG,CC,GG,CC,,CC,AA,CC,CC,,,CC,GG,TT,AA,CT,CT,TC,GA,CC,CC,GG,CG,CC,AA,CC,CC,CT,,CC,,,CT,TT,TT,TT,TT,GG,CC,GG,AC,TT,CC,GT,AG,CC,TT,GA,GA,TT,,,,,,,,,,,,,,,,,,,,,,,,,,,,,,,,,,,,,-3.143692124630966,1.3853769842636074
UC-416,CC,II,CC,GG,CC,AA,CG,GA,CC,CA,TT,GG,TC,AG,GT,CC,TC,AA,CC,GT,AG,CT,CC,TT,CG,CG,GG,GG,GG,GA,CC,AT,GG,GA,AG,GA,GG,CC,GT,GG,,GG,CC,AA,CT,CT,AG,GG,GG,AA,,,AA,TT,TC,TT,AA,AA,TT,,,,,,,,,AA,CC,GG,GG,CC,GG,TT,CC,CC,TC,CG,GA,GG,AA,AA,TT,CC,GG,TT,CC,AG,GG,GG,AA,TT,GG,TC,CC,CG,CC,,,,,,AA,GG,CT,GG,AA,GG,AA,AA,CC,GG,GG,CC,TT,CC,CT,,GG,TT,GA,AT,CC,,,AA,CC,TA,CT,CC,CC,GG,CT,GA,AA,AA,GG,CC,GG,GG,AA,GG,CG,CC,,,CT,GG,GG,CT,GG,GT,GG,GA,TC,AC,AA,CC,CC,AG,AG,TT,TC,4G4G,AA,GG,CT,AA,,CC,AG,CT,,CT,AA,CC,CC,,,CC,GA,CC,AA,CC,CC,TT,GG,CC,CC,GG,CG,CC,AA,CC,CC,CC,,CT,GT,AG,CC,GT,TC,GT,CT,GG,CC,AA,AA,GG,CC,TT,AA,CC,CT,GA,GA,TC,TT,,,,,,,0.0,UC,03-3,Male,33.0,Caucasian,35.0,45.0,10.0,28.6,35.0,37.5,2.5,7.1,210.0,71.0,29.286,116.0,70.0,60.0,15.67,25.0,18.33,25.0,R,208.0,71.0,29.007,21.0,2.1479599871750183,-2.889950747380531
UC-417,,,,,,,,,,,,,,,,,,,,,,,,,,,,,,,,,,,,,,,,,,,,,,,,,,,,,,,,,,,,,,,,,,,,,,,,,,,,,,,,,,,,,,,,,,,,,,,,,,,,,,,,,,,,,,,,,,,,,,,,,,,,,,,,,,,,,,,,,,,,,,,,,,,,,,,,,,,,,,,,,,,,,,,,,,,,,,,,,,,,,,,,,,,,,,,,,,,,,,,,,,,,,,,,,,,,,,,,,,,,,,,,,,,,,,,,,,,,,,,,,,,,,,,,,,,,,,,4.144103703791282e-17,-1.0900765763055393e-17
UC-418,CA,ID,TT,GA,TC,GA,,,,CC,TC,GG,TT,GG,,CC,TT,TT,CC,GG,AA,,CC,,,,,GG,GG,AA,,,,GG,,,GG,CC,GG,AA,,GG,CC,AA,CC,CT,GG,GA,GG,AA,,"-9, -9",GG,CC,TT,CT,AA,TA,TC,,,,,,,,,AA,CT,GG,GG,CC,GA,TT,CG,CT,TT,GG,GG,GG,AA,AA,TT,CC,GG,,CT,AA,GG,GG,AA,AT,GG,TC,,,CC,,,,,,AA,GA,CC,GG,AA,AA,AA,AA,CC,AA,GG,CC,TT,CC,CT,,CG,TT,GA,AA,CC,,,GG,AA,TA,CT,AA,GC,GG,TT,GG,,,GG,TT,GG,GG,AA,AA,CG,CC,,,CC,GG,GG,CC,TT,GG,GG,GG,TT,AA,AA,GC,TC,AA,AG,TC,CC,5G5G,AA,GG,CC,AA,GA,CC,GG,CT,,CC,AA,TT,CC,,,CC,GA,CT,AA,CT,CT,TC,GA,CC,CC,GG,CG,CG,AC,CT,TT,CC,,TT,,,CC,GG,CC,GG,CC,GG,CC,GG,AA,GT,CT,TT,AA,CC,TT,GA,GA,TT,TT,,,,,,,0.0,UC,03-3,Female,22.0,Asian,7.5,12.5,5.0,66.7,10.0,12.5,2.5,25.0,129.0,62.0,23.592,107.0,58.0,62.0,9.0,19.33,7.33,19.0,R,130.0,61.5,24.163,7.0,7.343482899281866,-3.650973202013851
UC-419,CC,DD,CC,GG,CC,AA,CC,GA,CG,CC,TT,GG,CC,GG,,CC,TT,TT,CC,GG,AA,,CC,,,,,GG,GG,AA,,,,GA,,,GG,CC,GG,AA,,GG,CC,AA,CC,TT,GG,GG,GG,AA,,"-9, -9",AG,TT,TT,TT,AA,TT,TC,,,,,,,,,AA,CT,GG,GG,CC,GG,TT,CC,CC,TC,CG,GG,GA,AG,AA,TC,AA,GG,,CC,AG,GG,GG,AA,AT,GT,TC,,CG,CT,,,,,,AA,GG,CT,GG,TT,AA,AA,,CC,AA,GG,CT,TA,TC,TT,,GG,TT,GA,AA,CC,,,GG,,TA,CC,AA,GC,GG,CC,GG,AG,GG,GG,TT,GG,GG,AG,AA,CC,CC,,,CC,GG,GG,CC,GG,GG,GG,GG,TT,AA,AA,GG,,,AG,,TC,4G5G,AA,GG,CC,AA,GG,CC,GG,TT,,CC,AG,CC,CC,,,CC,AA,TT,AA,CC,CC,TC,GA,CC,CT,GA,CC,GG,AC,TT,TT,CC,,CC,,,CC,GG,CC,GG,CC,GA,CC,GG,AC,GT,CT,TT,AA,CC,,GA,AA,TT,TT,,,,,,,0.0,UC,03-3,Female,19.0,Asian,12.5,18.25,5.8,46.0,15.0,17.5,2.5,16.7,137.0,63.0,24.266,110.0,63.0,72.0,12.67,14.33,12.67,14.33,R,141.0,63.5,24.583,13.67,10.54062179841224,-4.139481811483521
UC-420,CA,II,TT,AA,TT,GG,CC,GA,CC,CA,TC,GG,TT,GG,,CC,TT,TT,CC,GG,AA,,CC,,,,,GG,GG,AA,,,,GG,,,GG,CC,TT,GG,,GG,CG,AA,CC,CC,AG,GA,GG,AA,,"-9, -9",GG,CC,TT,TT,AA,TA,TT,,,,,,,,,AA,CT,GG,GG,CC,GA,TT,CC,TT,TT,GG,GA,GG,AA,AA,TT,AC,GA,,CT,AA,GG,GG,AA,AA,GG,TT,,CG,CT,,,,,,AA,GG,CC,GG,TT,GA,AA,AA,CC,GA,GG,CT,TA,TC,CT,,CG,TT,GA,AA,CC,,,GG,AA,TA,CC,AA,GC,GG,CT,GA,GG,GG,GG,TT,GG,GG,AA,GA,CC,CC,,,CT,GG,GG,CC,GT,GG,GG,GG,TT,AA,AA,GC,CC,AA,AG,TT,TC,4G5G,AA,GG,CC,AA,GA,CG,AG,CC,,CT,AA,TT,CC,,,CC,GA,TT,AA,CT,CT,TC,GA,CC,CC,GG,GG,CC,AA,TT,TT,CC,,CT,,,CC,GG,CC,GG,CC,GG,CT,GA,AA,TT,CC,TT,AA,CC,TT,GA,GG,TT,TT,,,,,,,0.0,UC,03-3,Female,19.0,Asian,10.0,15.0,5.0,50.0,10.0,12.5,2.5,25.0,145.0,62.0,26.518,122.0,67.0,81.0,10.67,19.0,20.67,11.67,R,146.0,62.0,26.701,11.67,7.787421442948912,-4.734190769771523
UC-421,CA,ID,TT,AA,TT,GG,CG,GA,CC,CC,TT,GG,TT,AG,,CC,TC,TA,CC,TT,GG,,CC,,,,,GG,GG,GA,,,,GG,,,GG,CC,TT,GG,,GA,CC,AA,CC,CC,GG,GA,GA,AA,,"-9, +9",GG,TT,TT,TT,AA,AA,TC,,,,,,,,,AG,CC,GG,GG,CC,GG,TT,CC,TT,TT,CG,GA,GG,AA,AA,TT,AC,GA,,CT,AG,GG,GG,AA,AT,GG,TT,,CG,CC,,,,,,AA,GG,CC,GG,TT,AA,AA,AA,CC,AA,GG,CC,TT,CC,CT,,CG,,GA,AT,CC,,,AG,,TT,CC,CA,GC,GG,CT,GA,AG,GA,GC,TT,GG,GG,AA,GG,CG,CT,,,CT,AG,GG,CC,GG,GT,GG,GG,TT,AA,AA,CC,TT,AG,AA,TT,CC,4G5G,AA,GA,CC,AA,GA,CC,GG,CC,,CC,AA,CT,CC,,,CG,GG,TT,AA,CT,CT,TT,GG,CC,CC,GA,CG,CG,AA,CT,CT,CC,,CC,,,CC,GG,CC,GG,CC,GA,CC,GA,CC,TT,CC,TT,AA,CC,CT,GA,,TT,TT,,,,,,,0.0,UC,03-3,Male,29.0,Asian,20.0,32.5,12.5,62.5,25.0,32.5,7.5,30.0,134.0,64.0,22.999,115.0,68.0,68.0,9.33,13.0,9.0,14.33,R,136.0,64.0,23.342,11.67,3.523012017497247,-3.855530588172328
UC-422,,,,,,,,,,,,,,,,,,,,,,,,,,,,,,,,,,,,,,,,,,,,,,,,,,,,,,,,,,,,,,,,,,,,,,,,,,,,,,,,,,,,,,,,,,,,,,,,,,,,,,,,,,,,,,,,,,,,,,,,,,,,,,,,,,,,,,,,,,,,,,,,,,,,,,,,,,,,,,,,,,,,,,,,,,,,,,,,,,,,,,,,,,,,,,,,,,,,,,,,,,,,,,,,,,,,,,,,,,,,,,,,,,0.0,UC,03-3,Female,26.0,Asian,12.5,20.0,7.5,60.0,12.5,12.5,0.0,0.0,116.0,64.0,19.909,102.0,70.0,68.0,15.67,22.67,15.0,22.0,R,114.0,64.0,19.566,16.0,4.144103703791282e-17,-1.0900765763055393e-17
UC-423,,,,,,,,,,,,,,,,,,,,,,,,,,,,,,,,,,,,,,,,,,,,,,,,,,,,,,,,,,,,,,,,,,,,,,,,,,,,,,,,,,,,,,,,,,,,,,,,,,,,,,,,,,,,,,,,,,,,,,,,,,,,,,,,,,,,,,,,,,,,,,,,,,,,,,,,,,,,,,,,,,,,,,,,,,,,,,,,,,,,,,,,,,,,,,,,,,,,,,,,,,,,,,,,,,,,,,,,,,,,,,,,,,,,,,,,,,,,,,,,,,,,,,,,,,,,,,,4.144103703791282e-17,-1.0900765763055393e-17
UC-424,CA,DD,CC,GG,CC,AA,,,,CC,TT,GA,TC,AA,TT,CC,CC,AA,CC,TT,GG,CC,CC,TT,CC,GG,GG,GG,GG,GG,CC,TT,GG,GG,AA,GG,GG,CC,GT,GA,,GG,CC,AA,CC,CC,GG,GG,GG,AA,,"-9, +9",AG,CT,TT,TT,AA,TT,TC,,,,,,,,,AA,CC,GG,GG,CC,,TT,CC,CC,,CC,GG,GA,AG,AG,TC,CC,GG,AT,CT,AG,GG,GG,AA,AT,GG,TT,CC,,CC,,,,,,AA,GG,CT,GA,TT,GG,AA,AA,CC,GG,GG,CC,TT,CC,CT,,CC,TT,GG,AA,CC,,,AG,AC,TA,TT,CA,,GG,CT,GG,,,GG,TC,GG,GG,,AA,CC,CC,,,CT,GG,GG,CC,GG,GG,GA,GG,TT,AA,AA,GG,CC,,,TC,TC,4G5G,AA,GG,CC,AA,GG,CC,GG,CC,,CT,AA,CC,CC,,,CC,AA,TT,AA,CC,CC,TT,GG,CC,CC,GG,GG,CC,AA,CT,CT,CC,,CC,GG,AA,CC,GG,CC,GG,CC,GG,CC,AA,AA,GT,CC,GT,AG,CC,TT,GG,GA,TT,TT,,,,,,,0.0,UC,03-3,Female,28.0,Caucasian,12.5,16.25,3.8,30.0,15.0,13.75,-1.3,-8.3,155.0,65.0,25.791,121.0,71.0,76.0,13.67,20.67,13.67,23.33,R,157.0,65.2,25.963,16.67,-0.4231427609342015,-1.6983521875177436
UC-425,AA,DD,,GA,TC,GA,,,,AA,,,TT,AG,GT,CC,CC,TA,CT,TT,GG,CC,CT,CT,CC,CG,GG,GT,GG,GG,TC,AT,GG,GA,AG,GA,,CC,GG,GA,,,CC,AA,CC,CC,GG,GA,GG,AA,,"-9, +9",GG,CT,TT,CT,AA,,TC,,,,,,,,,AG,CC,GG,GG,CG,GG,,,CT,CC,GG,AA,GG,AA,AG,TC,,,AT,CC,AA,CC,GG,AA,,,TT,CT,,,,,,,,AA,GG,TT,GG,AA,GG,AA,AA,CC,GG,GG,CC,,,CC,,,,,,,,,GG,AA,TA,CC,CA,GG,GG,CT,,,,,,,,,,,,,,,GG,GG,CC,,GG,GG,GG,TC,AC,AA,,,,,,TC,,,,,,,,,,,,,CC,CC,,,CC,GA,,,,,,,,,,,,,,CC,CC,,,GG,AA,,GG,CC,GG,CC,,,,AC,GT,CC,TT,AA,CC,TT,GG,GG,TC,,,,,,,,0.0,UC,04-1,Male,23.0,Caucasian,30.0,40.0,10.0,33.3,32.5,27.5,-5.0,-15.4,189.0,69.5,27.507,135.0,85.0,70.0,9.67,13.0,9.67,15.0,R,186.0,70.0,26.685,11.67,-1.9291356229196128,0.48676462804940185
UC-426,,,,,,,,,,,,,,,,,,,,,,,,,,,,,,,,,,,,,,,,,,,,,,,,,,,,,,,,,,,,,,,,,,,,,,,,,,,,,,,,,,,,,,,,,,,,,,,,,,,,,,,,,,,,,,,,,,,,,,,,,,,,,,,,,,,,,,,,,,,,,,,,,,,,,,,,,,,,,,,,,,,,,,,,,,,,,,,,,,,,,,,,,,,,,,,,,,,,,,,,,,,,,,,,,,,,,,,,,,,,,,,,,,,,,,,,,,,,,,,,,,,,,,,,,,,,,,,4.144103703791282e-17,-1.0900765763055393e-17
UC-427,CC,ID,,GA,TC,GA,,,,CA,,,TC,AG,,CC,TC,TA,CC,GT,AG,,CC,,,,,GG,GG,GA,,,,AA,,,,CC,GT,GA,,,CC,AA,CC,CC,GG,GG,GG,AA,,"-9, -9",GG,CT,TC,CT,AA,,TT,,,,,,,,,AG,CC,GG,GG,CC,GG,,,CT,TT,CG,GA,GA,AG,AA,TT,,,,CT,AA,GG,GG,AA,,,CC,,,,,,,,,AA,GG,TT,GA,TA,GG,AT,AA,CA,GA,GG,CC,,,CC,,,,,,,,,AA,CC,TA,CC,CA,GG,GG,CT,,,,,,,,,,,,,,,GG,GG,CT,,GG,GG,GG,TT,AA,AA,,,,,,TT,,,,,,,,,,,,,CT,CC,,,CC,GG,,,,,,,,,,,,,,TT,CC,,,,,,GG,CC,GG,CC,,,,AC,GT,CC,TT,AA,CT,CT,GA,GA,TC,,,,,,,,0.0,UC,04-1,Female,19.0,Hispanic,15.0,20.0,5.0,33.3,17.5,20.0,2.5,14.3,125.0,62.0,22.86,114.0,62.0,64.0,20.33,34.33,19.67,33.33,R,129.0,62.0,23.592,17.0,3.946588191267334,-0.2387321958448507
UC-428,CC,ID,,AA,TT,GG,,,,CA,,,TT,AA,TT,CC,CC,AA,CC,TT,GG,CC,CC,TT,CC,GG,GG,GG,GG,GG,CC,AT,GG,GG,AG,GG,,CC,GT,GA,,,CC,AA,CC,CC,GG,GG,GG,AA,,"-9, +9",AA,TT,TT,TT,AC,,TC,,,,,,,,,GG,CC,GG,GG,CG,GA,,,TT,TC,CG,GA,GA,AA,AA,TC,,,AT,CC,AG,GG,GG,AA,,,TC,CC,,,,,,,,AA,GG,CC,GG,AA,GG,AA,AA,CC,GG,GG,CT,,,CT,,,,,,,,,AG,AC,TA,CC,CC,GC,GC,CT,,,,,,,,,,,,,,,GG,GG,CT,,TT,GG,GA,TC,AC,AA,,,,,,TC,,,,,,,,,,,,,CC,CC,,,CG,GA,,,,,,,,,,,,,,CC,CC,,,GT,AG,,GG,CC,GG,CC,,,,AA,GG,CC,TT,AA,CC,TT,GG,GG,TT,,,,,,,,0.0,UC,04-1,Female,20.0,Caucasian,12.5,16.25,3.8,30.0,15.0,13.75,-1.3,-8.3,145.0,64.5,24.502,120.0,73.0,86.0,20.33,37.0,23.33,32.33,R,142.0,64.0,24.372,21.0,-0.9997947216457294,-1.539314943325407
UC-429,CA,ID,,GG,CC,AA,,,,CA,,,TT,GG,,CC,TT,TT,CC,GG,AA,,CC,,,,,GG,GG,AA,,,,GA,,,,CC,TT,GG,,,CC,AA,CC,TT,GG,GG,GG,AA,,"-9, -9",AG,CT,TT,TT,AC,,TT,,,,,,,,,AG,CT,GG,GG,CC,GG,,,CC,TT,CG,GA,GG,AA,AA,TT,,,,CC,AA,GG,GA,AT,,,TT,,,,,,,,,AA,GG,TT,GG,TA,GA,AA,AA,CC,GA,GG,CC,,,CT,,,,,,,,,AG,AC,TT,CC,CA,GC,GG,CT,,,,,,,,,,,,,,,GG,GG,CC,,GG,GG,GA,TC,AC,AA,,,,,,TC,,,,,,,,,,,,,CC,CC,,,CC,GG,,,,,,,,,,,,,,TT,CC,,,,,,GG,CC,GG,CC,,,,AC,TT,CC,TT,AA,CC,TT,,GG,TT,,,,,,,,0.0,UC,04-1,Female,34.0,Asian,10.0,12.5,2.5,25.0,12.5,13.75,1.3,10.0,118.0,61.0,22.293,127.0,62.0,80.0,13.33,18.67,14.33,19.33,R,121.0,61.5,22.49,12.67,6.1531226720841,-3.354386699561285
UC-430,CC,ID,,AA,TT,GG,,,,CC,,,TT,AG,GT,CC,CC,TA,CT,TT,GG,CC,CT,TT,CC,CG,GG,GT,GA,GG,CC,TT,GG,GG,AG,GG,,CT,GG,GA,,,CC,AA,CC,CC,GG,GG,GG,AA,,"-9, -9",AG,TT,TC,TT,AC,,CC,,,,,,,,,GG,CC,GG,GG,CC,AA,,,TT,TC,CG,GG,GG,AG,AG,TC,,,TT,CT,AA,CG,GA,AT,,,TC,CC,,,,,,,,AA,GG,CC,GG,AA,GG,AA,AA,CC,GG,GG,CC,,,CC,,,,,,,,,AG,AC,AA,CT,CA,GC,GG,TT,,,,,,,,,,,,,,,GG,GG,CC,,GG,GA,GG,TT,AA,AA,,,,,,CC,,,,,,,,,,,,,CC,CG,,,CC,GA,,,,,,,,,,,,,,CC,CC,,,GG,AA,,GT,TC,GT,CT,,,,CC,TT,CC,TT,AA,TT,CT,AA,GA,TC,,,,,,,,0.0,UC,04-1,Male,31.0,Caucasian,40.0,40.0,0.0,0.0,40.0,40.0,0.0,0.0,250.0,71.0,34.864,137.0,84.0,76.0,21.33,21.33,22.0,21.67,R,257.0,71.0,35.84,9.0,-2.5898432015718966,0.36423516666441214
UC-431,CC,DD,,GA,TC,GA,,,,CA,,,TT,AG,,CC,CC,TA,CT,TT,GG,,CT,,,,,GT,GA,GG,,,,GG,,,,CC,GT,GA,,,CC,AA,CT,CC,AG,GG,GG,AA,,"-9, +9",AA,TT,TT,TT,AC,,TC,,,,,,,,,AA,CC,CG,AG,CC,GG,,,CT,TC,CC,GA,GG,GG,GG,CC,,,,CT,AG,CG,GG,AA,,,TC,,,,,,,,,AA,GG,CC,GG,AA,GG,AA,AA,CC,GG,GG,CT,,,CC,,,,,,,,,AG,AC,AA,CT,CA,GG,GG,CT,,,,,,,,,,,,,,,AA,GT,CC,,GG,GA,GG,TT,AA,AA,,,,,,TT,,,,,,,,,,,,,CC,CC,,,CC,GA,,,,,,,,,,,,,,CT,CC,,,,,,GG,CC,GG,CC,,,,AC,TT,CC,TT,AA,TT,TT,GG,GG,TT,,,,,,,,,,,,,,,,,,,,,,,,,,,,,,,,,,,,,-2.124128366376956,0.5092237865809138
UC-432,CC,DD,,AA,TT,GG,,,,CA,,,TC,AG,,CC,TC,TA,CC,GT,AG,,CC,,,,,GG,GG,GA,,,,AA,,,,CC,GT,GA,,,CC,AA,CC,CC,GG,GG,GG,AA,,"-9, +9",AA,TT,TT,TT,AA,,TC,,,,,,,,,AA,CC,GG,GG,CC,GG,,,TT,TT,CC,GA,GA,AG,AA,TT,,,,CC,AG,GG,GG,AA,,,CC,,,,,,,,,AG,GG,CT,GG,TA,GA,AA,AA,CC,GA,GG,CC,,,TT,,,,,,,,,AG,AC,AA,CT,CA,GC,GG,CC,,,,,,,,,,,,,,,GG,GG,CC,,GG,GG,GG,TT,AA,AA,,,,,,TT,,,,,,,,,,,,,CC,CC,,,CG,GA,,,,,,,,,,,,,,CT,CC,,,,,,GG,CC,GG,CC,,,,AC,TT,CT,GT,AG,CT,CT,GG,GA,TC,,,,,,,,0.0,UC,04-1,Male,20.0,Hispanic,22.5,32.5,10.0,44.4,32.5,27.5,-5.0,-15.4,145.0,70.0,20.803,124.0,78.0,76.0,13.0,20.67,12.33,15.33,R,138.0,70.0,19.799,9.67,4.1905351827637585,-2.3167970250892327
UC-433,CC,DD,,GA,TC,GA,,,,CA,,,TT,AG,,CC,TC,TA,CC,GT,AG,,CC,,,,,GG,GG,GA,,,,GG,,,,CC,TT,GG,,,CC,AA,CC,CC,GG,GA,GG,AA,,"-9, +9",AA,CT,TT,TT,AC,,TC,,,,,,,,,AA,TT,CG,AG,CG,GG,,,CT,CC,CC,GA,GG,GG,AG,CC,,,,CC,AA,,GG,AA,,,CC,,,,,,,,,AA,GG,CC,GG,AA,GG,AA,AA,CC,GG,GG,CC,,,CT,,,,,,,,,AG,AC,TA,CC,CA,GG,GG,TT,,,,,,,,,,,,,,,GG,GG,CC,,GT,GG,GG,TC,AC,AA,,,,,,TC,,,,,,,,,,,,,CC,CC,,,CC,GA,,,,,,,,,,,,,,CC,CC,,,,,,GG,CC,GG,CC,,,,AA,GT,CC,TT,AA,CT,CT,GG,GA,TC,,,,,,,,,,,,,,,,,,,,,,,,,,,,,,,,,,,,,0.3683675367038293,-2.2436672238527153
UC-434,CC,II,,GA,TC,GA,,,,CC,,,TT,AG,,CC,TC,TA,CC,GT,AG,,CC,,,,,GG,GG,GA,,,,AA,,,,CC,GG,AA,,,CC,AA,CT,CC,AG,GG,GG,AA,,"-9, -9",GG,CT,CC,CT,AA,,CC,,,,,,,,,GG,CC,CC,AA,CC,GG,,,CT,TC,CG,GG,GG,AG,AA,TC,,,,CC,AA,GG,GG,AA,,,TC,,,,,,,,,AA,GG,CC,GG,AA,GG,AA,AA,CC,GG,GG,CT,,,TT,,,,,,,,,AG,AC,TT,CC,CA,GG,GG,CC,,,,,,,,,,,,,,,GG,GG,CC,,GG,GA,GG,TT,AA,AA,,,,,,TC,,,,,,,,,,,,,CC,CC,,,CC,GG,,,,,,,,,,,,,,CT,CC,,,,,,GG,CC,GG,CC,,,,AA,TT,CT,GT,AG,CC,TT,GG,GG,TT,,,,,,,,0.0,UC,04-1,Male,19.0,Other,18.13,30.0,11.9,65.5,22.5,27.5,5.0,22.2,133.0,69.5,19.357,110.0,84.0,64.0,12.0,20.33,12.0,19.67,L,136.0,69.5,19.794,15.0,1.869951711110148,-2.9267564084302946
UC-435,CA,ID,,GA,TC,GA,,,,CC,,,TC,GG,,CC,TT,TT,CC,GG,AA,,CC,,,,,GG,GG,AA,,,,AA,,,,CC,GT,AA,,,CC,AA,CC,CC,AG,GG,GG,AA,,"-9, -9",AG,TT,TC,TT,AC,,TT,,,,,,,,,AA,TT,GG,GG,CC,GG,,,CT,CC,CG,GG,GG,AG,AG,TC,,,,CT,AA,GG,GA,AT,,,TC,,,,,,,,,AA,GG,CT,GG,TA,GA,AA,AA,CC,GA,GG,CC,,,CT,,,,,,,,,GG,AA,TA,CC,AA,GG,GG,CT,,,,,,,,,,,,,,,GG,GG,CC,,GG,GG,GG,TT,AA,AA,,,,,,TC,,,,,,,,,,,,,CC,,,,CC,GA,,,,,,,,,,,,,,TT,CC,,,,,,GG,CC,GG,CC,,,,AA,TT,CT,TT,AA,CT,TT,GG,GG,TT,,,,,,,,0.0,UC,04-1,Male,19.0,Asian,35.0,45.0,10.0,28.6,35.0,37.5,2.5,7.1,227.0,65.0,37.771,127.0,67.0,63.0,13.67,18.67,14.0,14.33,R,225.0,65.2,37.209,17.33,5.600791151475272,-4.030630228824942
UC-436,CC,ID,,AA,TT,GG,,,,CC,,,TC,AA,TT,CC,CC,AA,CC,TT,GG,CC,CC,TT,CC,GG,GG,GG,GG,GG,TC,AT,GA,GA,AG,GA,,CC,TT,GG,,,CC,AA,CC,CC,GG,GG,GG,AA,,"-9, +9",AG,TT,TC,CT,AC,,TT,,,,,,,,,AG,CT,CC,GG,CC,GA,,,TT,TT,GG,GA,GG,GG,GG,CC,,,AT,CC,AA,GG,GG,AA,,,TT,TT,,,,,,,,AA,GG,CC,GA,AA,GG,AA,AA,CC,GG,GG,CC,,,CT,,,,,,,,,AG,AC,AA,CT,CA,GG,GG,CT,,,,,,,,,,,,,,,GG,GG,CT,,GT,GG,GG,TC,AC,AA,,,,,,CC,,,,,,,,,,,,,CC,CG,,,CC,GA,,,,,,,,,,,,,,TT,CC,,,GG,AA,,GG,CC,GG,CC,,,,AC,GT,CC,TT,AA,TT,TT,GG,GG,TT,,,,,,,,0.0,UC,04-1,Male,26.0,Caucasian,32.5,37.5,5.0,15.4,30.0,35.0,5.0,16.7,166.0,70.0,23.816,116.0,75.0,60.0,15.67,22.0,15.67,23.33,R,167.0,70.0,23.959,12.33,-0.8028054840836953,-1.878570012131609
UC-437,CC,ID,,GA,TC,GA,,,,CC,,,TC,GG,,CC,TT,TT,CC,GG,AA,,CC,,,,,GG,GG,AA,,,,AA,,,,CC,GT,GA,,,CC,AA,CT,CC,AG,GG,GG,AA,,"-9, -9",AG,CC,TT,CT,AA,,TT,,,,,,,,,GG,CC,GG,GG,CC,GG,,,CT,TT,GG,GG,GG,AA,AA,TT,,,,TT,GG,GG,GG,AA,,,TT,,,,,,,,,AA,GG,CT,GG,TA,GG,AA,AA,CC,GG,GG,CC,,,CC,,,,,,,,,AG,AC,TA,CC,CA,GC,GC,CT,,,,,,,,,,,,,,,GG,TT,CC,,GG,GA,GG,TT,AA,AA,,,,,,TT,,,,,,,,,,,,,CC,CC,,,CC,AA,,,,,,,,,,,,,,CT,CT,,,,,,GG,CC,GG,CC,,,,AC,GT,CC,TT,AA,TT,TT,,GG,TT,,,,,,,,0.0,UC,04-1,Male,35.0,Asian,22.5,30.0,7.5,33.3,25.0,25.0,0.0,0.0,140.0,63.0,24.797,122.0,64.0,60.0,7.67,17.0,6.67,17.0,R,142.0,63.5,24.757,8.67,4.7739880175475555,-3.943210296469712
UC-438,CC,ID,,GA,TC,GA,,,,CC,,,TT,GG,GG,CC,CC,TT,TT,TT,GG,CC,TT,CT,CC,CC,GG,TT,GA,GG,TC,AT,GG,GA,AG,GA,,CT,GG,GA,,,CC,AA,CC,CC,GG,GG,GG,AA,,"+9, +9",GG,TT,TC,CT,AA,,TT,,,,,,,,,AG,CC,CC,AA,CC,GG,,,CT,TT,CG,GG,GG,AA,AA,TT,,,TT,CT,AA,GG,GG,AA,,,TT,CT,,,,,,,,AA,GG,CC,GA,AA,GG,AA,AA,CC,GG,GG,CT,,,CC,,,,,,,,,AG,AC,TA,CT,CA,GC,GC,CT,,,,,,,,,,,,,,,GG,TT,CC,,GT,GA,GG,TT,AA,AA,,,,,,TT,,,,,,,,,,,,,CC,CC,,,CC,GA,,,,,,,,,,,,,,TT,CC,,,GT,AG,,GT,TC,GT,CT,,,,AA,GG,CC,TT,AA,CC,TT,GG,GG,TT,,,,,,,,0.0,UC,04-1,Male,25.0,Caucasian,22.5,27.5,5.0,22.2,20.0,20.0,0.0,0.0,129.0,71.0,17.99,118.0,73.0,78.0,5.67,16.67,6.0,16.0,R,136.0,71.0,18.966,10.0,-2.6488319759070187,3.7073585538311216
UC-439,CC,II,,GA,TC,GA,,,,CC,,,TC,AG,,CC,TC,TA,CC,GT,AG,,CC,,,,,GG,GG,GA,,,,GA,,,,CC,GT,GA,,,CC,AA,CC,CC,GG,AA,GA,AA,,"-9, -9",GG,TT,TC,TT,AC,,TT,,,,,,,,,AA,CT,CG,AG,CC,GG,,,CT,TC,CG,GG,GG,AA,AA,TT,,,,CC,AA,GG,GG,AA,,,TT,,,,,,,,,AA,GG,TT,GG,TA,GA,AA,AA,CC,GA,GG,CT,,,CT,,,,,,,,,GG,AA,TA,CC,AA,CC,GG,CT,,,,,,,,,,,,,,,GG,GG,CC,,GG,GG,GG,TT,AA,AA,,,,,,TC,,,,,,,,,,,,,CT,CC,,,CC,GG,,,,,,,,,,,,,,TT,CC,,,,,,GG,CC,GG,CC,,,,AC,GT,CC,GT,AG,CC,TT,GA,GG,TT,,,,,,,,0.0,UC,04-1,Female,19.0,Asian,8.75,13.75,5.0,57.1,8.75,11.25,2.5,28.6,94.5,61.5,17.565,88.0,60.0,88.0,13.67,25.0,12.33,24.0,R,96.0,62.0,17.557,12.33,3.452557277038486,-3.6027615180518433
UC-440,CA,II,,GA,TC,GA,,,,CA,,,TT,GG,GG,CC,CC,TT,TT,TT,GG,CC,TT,CC,CC,CC,GG,GT,GG,GG,TT,AA,GG,AA,GG,AA,,CC,GT,GA,,,CC,AA,CC,CC,GG,GG,GG,AA,,"-9, +9",GG,CT,TT,CT,,,TC,,,,,,,,,AG,CT,GG,GG,CG,GG,,,CT,TC,CG,GA,GG,AA,AA,TT,,,AT,CT,AA,GG,GA,AT,,,TT,CT,,,,,,,,AA,GG,TT,GA,AA,GG,AA,AA,CC,GG,GG,TT,,,TT,,,,,,,,,AA,CC,TA,CC,CC,GG,GC,CC,,,,,,,,,,,,,,,GG,GG,CC,,GG,AA,GG,TC,AC,AA,,,,,,TC,,,,,,,,,,,,,CC,CC,,,CC,GA,,,,,,,,,,,,,,CT,CC,,,TT,GG,,TT,TT,TT,TT,,,,AC,TT,CC,GT,AG,TT,CT,AA,GA,TT,,,,,,,,0.0,UC,04-1,Female,29.0,Caucasian,11.25,15.0,3.8,33.3,13.15,15.0,1.9,14.1,130.0,62.5,23.396,121.0,64.0,64.0,8.33,20.67,7.0,21.33,R,131.0,62.0,23.958,10.33,-1.2465382606646753,4.325571632673409
UC-441,CA,ID,,GA,TC,GA,,,,CA,,,TT,AG,GT,CC,TC,TA,CC,GT,AG,CT,CC,TT,CG,CG,GG,GG,GG,GA,CC,AT,GG,GA,AG,GA,,CC,TT,GG,,,CC,AA,CC,CC,GG,GG,GG,AA,,"-9, +9",AG,TT,TT,TT,AA,,TC,,,,,,,,,AA,CT,CG,AG,CC,GG,,,CT,TC,CG,GA,GG,AA,AA,TT,,,AT,CT,AA,,GG,AA,,,TC,TT,,,,,,,,AA,GG,CC,GG,AA,GG,AA,AA,CC,GG,GG,CT,,,CC,,,,,,,,,AG,AC,AA,CT,CA,GG,GG,TT,,,,,,,,,,,,,,,AG,GG,CC,,GG,AA,GG,TT,AA,AA,,,,,,TC,,,,,,,,,,,,,CC,CC,,,CC,GG,,,,,,,,,,,,,,CT,CC,,,GT,AG,,GT,TC,GT,CC,,,,CC,TT,CC,TT,AA,CT,CT,GG,GA,TC,,,,,,,,0.0,UC,04-1,Female,18.0,Caucasian,15.0,22.5,7.5,50.0,15.0,17.5,2.5,16.7,154.0,68.0,23.413,119.0,59.0,64.0,10.33,21.67,12.33,22.0,R,154.0,68.0,23.413,11.0,0.7464174178791448,-2.9559761190495157
UC-442,CC,II,,GG,CC,AA,,,,CC,,,TC,AA,TT,CC,CC,AA,CC,TT,GG,CC,CC,TT,CC,GG,GG,GG,GG,GG,CC,AT,GG,GG,AG,GA,,CC,GT,GA,,,CC,AA,CC,CC,GG,GG,GG,AA,,"-9, -9",AG,CT,TC,CT,AA,,CC,,,,,,,,,AA,CT,CC,AA,CG,GG,,,CC,TC,CC,GG,GG,AG,AA,TC,,,AT,TT,AG,GG,GG,AA,,,CC,CC,,,,,,,,AA,GG,CC,GG,AA,GG,AT,AA,CC,GG,GG,TT,,,CC,,,,,,,,,GG,AA,TA,CC,AA,GC,GG,CT,,,,,,,,,,,,,,,GG,GT,CC,,GT,GG,GG,CC,CC,AA,,,,,,TC,,,,,,,,,,,,,TT,CC,,,CC,AA,,,,,,,,,,,,,,CT,CT,,,GT,AG,,GT,TC,GT,CT,,,,AA,GG,CC,TT,AA,CT,CC,AA,AA,CC,,,,,,,,0.0,UC,04-1,Female,23.0,Caucasian,15.0,22.5,7.5,50.0,15.0,18.75,3.8,25.0,126.0,66.0,20.335,116.0,65.0,60.0,4.67,10.67,7.0,12.0,R,125.0,66.0,20.173,5.33,-0.16401969643921138,-0.23208802469834783
UC-443,CC,II,,GG,CC,AA,,,,CC,,,TC,AA,TT,CC,CC,AA,CC,TT,GG,CC,CC,TT,CC,GG,GG,GG,GG,GG,CC,TT,GG,GG,AA,GG,,CC,GT,GA,,,CC,AA,CC,CC,GG,GG,GG,AA,,"-9, +9",AG,TT,TC,TT,AA,,CC,,,,,,,,,AA,CT,CG,AG,CG,GG,,,CC,CC,CC,GG,GG,AG,AA,TC,,,AA,TT,AA,GG,GG,AA,,,CC,CC,,,,,,,,AA,GG,CT,GG,AA,GG,AA,AA,CC,GG,GG,CT,,,CC,,,,,,,,,GG,AA,TA,CC,AA,GC,GG,CT,,,,,,,,,,,,,,,GG,GT,CC,,GT,GG,GG,CC,CC,AA,,,,,,TC,,,,,,,,,,,,,TT,CC,,,CC,AA,,,,,,,,,,,,,,TT,CC,,,GT,GG,,GT,TC,GT,CT,,,,AA,GG,CC,TT,AA,CT,CT,GA,GA,TC,,,,,,,,0.0,UC,04-1,Female,23.0,Caucasian,15.0,20.0,5.0,33.3,17.5,17.5,0.0,0.0,155.0,65.0,25.791,118.0,75.0,62.0,10.67,12.67,10.33,14.67,R,154.0,66.0,24.854,11.0,-1.0628702794127758,-0.32237436354828936
UC-444,CC,DD,,GA,TC,GA,,,,CA,,,TC,AA,TT,CC,CC,AA,CC,TT,GG,CC,CC,TT,CC,GG,GG,GG,GG,GG,CC,TT,GG,GG,AA,GG,,CC,GT,GG,,,CC,AA,CC,CC,GG,GA,GG,AA,,,AG,CT,TC,CT,AA,,TT,,,,,,,,,AG,CC,CC,AG,CC,GA,,,CT,TT,CC,GA,GG,AG,AG,TC,,,AT,CC,AA,GG,GG,AA,,,TC,CC,,,,,,,,AA,GG,CC,GG,TA,GG,AA,AA,CC,GA,GG,CT,,,CC,,,,,,,,,GG,AA,TA,CC,AA,GC,GG,CT,,,,,,,,,,,,,,,GG,GG,CC,,TT,GG,GG,TC,AC,AA,,,,,,TC,,,,,,,,,,,,,CC,CC,,,CG,GA,,,,,,,,,,,,,,TT,CC,,,TT,GG,,GT,TC,GT,CT,,,,AA,GT,CC,TT,AA,CT,CT,AA,GA,TC,,,,,,,,0.0,UC,04-1,Female,21.0,Caucasian,15.0,25.0,10.0,66.7,17.5,20.0,2.5,14.3,116.0,60.0,22.652,114.0,50.0,60.0,8.0,14.67,8.33,14.33,R,116.0,59.5,23.035,9.0,-0.8864438840868712,-0.17986414061013198
UC-445,CA,ID,,GA,TT,GG,,,,CC,,,TT,AA,TT,CC,CC,AA,CC,TT,GG,CC,CC,TT,CC,GG,GG,GG,GG,GG,CC,TT,GG,GG,AA,GG,,CC,GT,GA,,,CC,AA,CC,CC,GG,GG,GG,AA,,"+9, +9",AA,CT,TC,CT,AA,,TT,,,,,,,,,AA,CT,CC,AG,CC,GG,,,TT,TT,CC,GG,GG,AG,AA,CC,,,AT,CT,AG,GG,GA,AT,,,TT,CC,,,,,,,,AA,GG,CC,GG,AA,GG,AA,AA,CC,GG,GG,CC,,,CC,,,,,,,,,GG,AA,AA,TT,AA,CC,GG,CC,,,,,,,,,,,,,,,AG,GG,CT,,GG,GA,GA,TC,AC,AA,,,,,,TC,,,,,,,,,,,,,CT,CG,,,CC,GA,,,,,,,,,,,,,,TT,CC,,,GG,AA,,GT,TC,GT,CT,,,,CC,TT,CC,TT,AA,CT,TT,,GG,TT,,,,,,,,0.0,UC,04-1,Male,39.0,Caucasian,26.25,37.5,11.3,42.9,30.0,27.5,-2.5,-8.3,281.0,72.0,38.106,136.0,90.0,60.0,23.67,30.0,17.67,25.0,L,280.0,72.0,37.971,25.0,-1.4992513757375303,-0.9520495144604848
UC-446,AA,DD,,AA,TT,GG,,,,CC,,,TT,AG,GT,CC,CC,TA,CT,TT,GG,CC,CT,TT,CC,CG,GG,GT,GA,GG,CC,TT,GA,GG,AG,GG,,CC,GG,AA,,,CC,AA,CC,CC,GG,GA,GG,AA,,"+9, +9",AA,TT,TT,TT,AA,,TC,,,,,,,,,AA,CT,CG,AG,CG,GG,,,TT,CC,CC,GG,GA,AG,AG,TC,,,AA,CT,AA,GG,GG,AA,,,TT,CT,,,,,,,,AA,GG,CT,GG,AA,GG,AA,AA,CC,GG,GG,CC,,,CC,,,,,,,,,AA,CC,TA,CT,CC,GG,GG,CT,,,,,,,,,,,,,,,GG,GG,CC,,GG,GG,GA,TC,AC,AA,,,,,,TC,,,,,,,,,,,,,CT,CC,,,CC,GG,,,,,,,,,,,,,,CT,CC,,,GG,AA,,GG,CC,GG,CC,,,,AC,GT,CC,TT,AA,CC,TT,GA,GG,TT,,,,,,,,0.0,UC,04-1,Male,20.0,Caucasian,35.0,45.0,10.0,28.6,40.0,42.5,2.5,6.3,213.0,73.0,28.099,126.0,78.0,80.0,8.33,19.33,9.0,19.0,R,215.0,71.5,29.565,7.0,-2.2547981624627385,-0.2742321155408315
UC-447,CA,ID,,AA,TT,GG,,,,CC,,,TT,GG,GG,CC,CC,TT,TT,TT,GG,CC,TT,CC,CC,CC,GG,TT,GG,GG,TT,AA,GG,GA,AG,GA,,,GT,GA,,,CC,AA,CC,CC,GG,GA,GG,AA,,"-9, +9",GG,TT,TC,TT,AA,,CC,,,,,,,,,AA,CT,GG,GG,CC,GG,,,TT,TC,CG,GG,GA,AA,AA,TT,,,AT,TT,AA,GG,AA,TT,,,TC,CT,,,,,,,,AA,GG,CC,GG,TA,GA,AA,AA,CC,GA,GG,CC,,,TT,,,,,,,,,AA,CC,TA,CC,CC,GC,GG,CT,,,,,,,,,,,,,,,AG,GG,CC,,GT,GA,GG,TC,AC,AA,,,,,,CC,,,,,,,,,,,,,CC,CC,,,CG,GG,,,,,,,,,,,,,,CT,CT,,,GT,AG,,GG,CC,GG,CC,,,,AA,TT,CC,GT,AG,CT,CT,AA,GA,TT,,,,,,,,0.0,UC,04-1,Male,25.0,Caucasian,21.25,25.0,3.8,17.6,21.25,20.0,-1.3,-5.9,164.0,71.0,22.871,119.0,64.0,63.0,7.33,15.0,8.33,14.33,R,166.0,70.0,23.816,8.67,-0.07081308988823848,2.8660828964200378
UC-448,AA,II,,GG,CC,AA,,,,CA,,,TT,GG,GG,CC,TC,TT,CT,TT,AG,CT,CT,TT,CG,CC,GG,GT,GA,GA,CC,AT,GG,GA,GG,GA,,TT,GG,GG,,,CC,AA,CC,CC,GG,GG,GG,AA,,"-9, +9",AA,CC,TT,CT,AA,,CC,,,,,,,,,AG,CT,GG,GG,CG,GG,,,CC,TC,CC,GA,GG,AA,AA,TT,,,AA,CT,AA,GG,GA,AT,,,CC,CC,,,,,,,,AA,GG,CC,GG,TA,GA,AA,AA,CC,GA,GG,CC,,,CC,,,,,,,,,AG,AC,TA,CC,CA,GG,GG,TT,,,,,,,,,,,,,,,AG,GG,CC,,GG,GG,GG,TT,AA,AA,,,,,,TC,,,,,,,,,,,,,CT,CC,,,CG,GG,,,,,,,,,,,,,,TT,CT,,,GG,AA,,GG,CC,GG,CC,,,,AA,GG,CC,TT,AA,CC,TT,AA,GG,TT,,,,,,,,0.0,UC,04-1,Male,28.0,Caucasian,22.5,33.75,11.3,50.0,40.0,36.25,-3.8,-9.4,157.0,68.5,23.522,130.0,90.0,70.0,7.0,12.67,7.67,11.67,R,160.0,68.0,24.325,7.33,2.5511964159379183,-0.2797230920330386
UC-449,CC,ID,,GA,TC,GA,,,,AA,,,TT,AG,GT,CC,TC,TA,CC,TT,GG,CT,CC,TT,CC,CG,GG,GG,GG,GA,CC,AA,GG,GA,GG,GA,,CC,GT,GG,,,CC,AA,CT,CC,AG,GG,GG,AA,,"-9, +9",AA,CT,TT,CT,AA,,CC,,,,,,,,,GG,CC,CG,AG,CC,GG,,,CT,TC,CG,AA,GG,AA,AA,TT,,,TT,CT,AA,GG,GG,AA,,,TC,CC,,,,,,,,AA,GG,CC,GG,TA,GA,AA,AA,CC,GA,GG,CT,,,CC,,,,,,,,,AG,AC,TA,CT,CA,GC,GG,CC,,,,,,,,,,,,,,,AG,GG,CC,,GG,GG,GG,TT,AA,AG,,,,,,TT,,,,,,,,,,,,,CT,CG,,,CC,GG,,,,,,,,,,,,,,CT,CC,,,TT,GG,,GG,CC,GG,CC,,,,AA,GG,CC,TT,AA,CT,TT,GA,GG,TT,,,,,,,,0.0,UC,04-1,Male,20.0,Caucasian,35.0,47.5,12.5,35.7,40.0,37.5,-2.5,-6.3,234.0,72.0,31.733,122.0,71.0,70.0,10.67,18.33,11.0,20.0,R,236.0,72.0,32.004,14.67,0.9171345365001863,-2.292029669704888
UC-450,CC,DD,,GA,TC,GA,,,,CA,,,TT,AG,GT,CC,CC,TA,CT,TT,GG,CC,CT,CT,CC,CG,GG,GT,GG,GG,TC,AT,GA,GA,AG,GA,,CC,GG,GA,,,CC,AA,CC,CT,GG,GA,GG,AA,,"+9, +9",AG,CC,TC,CT,AC,,TT,,,,,,,,,AA,TT,GG,GG,CC,GA,,,CT,CC,CC,GA,GG,AG,AG,TC,,,AT,CC,AG,GG,GA,AT,,,TT,CC,,,,,,,,AA,GG,TT,GA,AA,GG,AT,AA,CC,GG,GG,CC,,,CT,,,,,,,,,AG,AC,TT,CC,CC,GG,GG,CT,,,,,,,,,,,,,,,GG,GG,CC,,GT,GG,GG,TC,AC,AA,,,,,,CC,,,,,,,,,,,,,CT,CG,,,CC,GA,,,,,,,,,,,,,,TT,CC,,,GT,AG,,GG,CC,GG,CC,,,,AA,GT,CC,GT,AG,CT,CC,GA,AA,CC,,,,,,,,0.0,UC,04-1,Male,19.0,Caucasian,20.0,26.25,6.3,31.3,25.0,26.25,1.3,5.0,142.0,63.7,24.602,114.0,72.0,72.0,8.67,17.67,6.33,15.33,R,134.0,62.5,24.116,5.33,-0.12052301621875494,1.2253172928856957
UC-451,CA,ID,,AA,TT,GG,,,,CC,,,TT,AA,TT,CC,CC,AA,CC,GT,GG,CC,CC,TT,CC,GG,GG,GG,GG,GG,CC,TT,GG,GG,AA,GG,,CC,GT,GG,,,CC,AA,CT,CC,AG,GG,GG,AA,,"+9, +9",AA,TT,CC,CT,AC,,CC,,,,,,,,,AA,CC,GG,GG,CC,GG,,,TT,TC,CC,GG,GG,AA,AA,TT,,,AT,CT,AA,GG,GG,AA,,,TT,CC,,,,,,,,AA,GG,CC,GG,AA,GG,AA,AA,CC,GG,GG,CC,,,TT,,,,,,,,,AG,AC,TA,CT,CA,GG,GG,CC,,,,,,,,,,,,,,,GG,GG,CC,,GG,GG,GA,CC,CC,AA,,,,,,CC,,,,,,,,,,,,,CC,CC,,,CC,GA,,,,,,,,,,,,,,CC,CT,,,GG,AA,,GG,CC,GG,CC,,,,AC,GT,CC,TT,AA,CC,TT,AA,GG,TT,,,,,,,,0.0,UC,04-1,Female,19.0,Caucasian,12.5,20.0,7.5,60.0,15.0,11.25,-3.8,-25.0,145.0,65.5,23.76,110.0,58.0,72.0,21.67,23.33,22.0,22.67,R,143.0,65.5,23.432,22.0,-0.842081148736372,-1.9973868816528721
UC-452,CC,ID,,GA,TC,GA,,,,CC,,,TC,AA,TT,CC,CC,AA,CC,TT,GG,CC,CC,TT,CC,GG,GG,GG,GG,GG,CC,TT,GA,GG,AA,GG,,CT,GT,GG,,,CC,AA,CC,CC,GG,GG,GG,AA,,,AA,CC,TT,CC,AA,,CC,,,,,,,,,AG,CT,GG,GG,CG,GG,,,CT,TC,CC,GG,GG,GG,AG,CC,,,AA,TT,AG,GG,GG,AA,,,TT,CT,,,,,,,,AA,GG,CC,GG,AA,GG,AA,AA,CC,GG,GG,CT,,,CT,,,,,,,,,AA,CC,TT,CC,CC,GG,GG,CC,,,,,,,,,,,,,,,GG,GG,CT,,GG,GG,GA,CC,CC,AA,,,,,,TT,,,,,,,,,,,,,CC,CC,,,CC,GG,,,,,,,,,,,,,,CT,CC,,,GT,AG,,GT,TC,GT,CT,,,,AA,GG,CC,TT,AA,CT,CC,AA,AA,TT,,,,,,,,2.0,UC,04-1,Male,20.0,Caucasian,,30.0,,,27.5,30.0,2.5,9.1,153.0,69.7,22.14,116.0,78.0,72.0,4.0,14.0,4.67,10.67,R,158.0,70.0,22.668,4.33,-0.4696991426886049,-0.04244914460903184
UC-453,AA,ID,,GA,TC,GA,,,,CC,,,TT,AA,TT,CC,CC,AA,CC,TT,GG,CC,CC,TT,CC,GG,GG,GG,GG,GG,CC,TT,GA,GG,AA,GG,,CC,GT,GG,,,CC,AA,CC,CC,GG,GA,GG,AA,,"-9, +9",AA,CT,TT,CT,AA,,TT,,,,,,,,,GG,CC,CG,GG,CC,GG,,,CT,TC,CG,GG,GA,AG,AA,TT,,,,TT,AG,GG,GG,AA,,,TC,CT,,,,,,,,AA,GG,CT,GG,AA,GG,AA,AA,CC,GG,GG,CC,,,CC,,,,,,,,,GG,AA,AA,,AA,GG,GG,CC,,,,,,,,,,,,,,,GG,GG,CC,,TT,GG,GG,TT,AA,AG,,,,,,CC,,,,,,,,,,,,,CT,CC,,,CC,GG,,,,,,,,,,,,,,CT,CC,,,GT,AG,,GT,TC,GT,CT,,,,AA,GT,CC,GT,AG,CT,TT,,GG,TT,,,,,,,,0.0,UC,04-1,Male,24.0,Caucasian,25.0,33.75,8.8,35.0,30.0,31.25,1.3,4.2,239.0,69.0,35.29,127.0,72.0,84.0,20.67,24.67,20.67,25.67,R,232.0,68.5,34.759,15.67,-1.237713231644474,-0.26242353689053716
UC-454,CA,ID,,GA,TC,GA,,,,CA,,,TC,AG,,CC,CC,TA,CT,TT,GG,,CT,,,,,GT,GG,GG,,,,AA,,,,CC,GT,GA,,,CC,AA,CC,CC,GG,GG,GG,AA,,"+9, +9",AG,TT,TT,TT,AC,,TC,,,,,,,,,AG,CT,GG,GG,CG,GA,,,CT,CC,CC,GA,GA,AG,GG,CC,,,,CC,AA,CC,GG,AA,,,TC,,,,,,,,,AA,GG,CT,GG,TT,GG,AA,AA,CC,GA,GG,CC,,,CC,,,,,,,,,AA,CC,AA,CT,CC,GG,GG,CT,,,,,,,,,,,,,,,GG,GG,CC,,GT,GG,GA,CC,CC,AA,,,,,,TT,,,,,,,,,,,,,CC,CC,,,CC,GG,,,,,,,,,,,,,,CT,CC,,,,,,GG,CC,GG,CC,,,,AC,GT,CC,TT,AA,CC,,GA,GG,TT,,,,,,,,,,,,,,,,,,,,,,,,,,,,,,,,,,,,,-0.608512796565296,0.5373155061058505
UC-455,CC,II,,AA,TT,GG,,,,CC,,,TC,AG,,CC,TC,TA,CC,GT,AG,,CC,,,,,GG,GG,AA,,,,GG,,,,CC,GT,GA,,,CC,AA,CC,CC,GG,GG,GG,AA,,"-9, +9",GG,CT,TC,CT,AC,,TC,,,,,,,,,GG,CC,CG,AG,CG,GG,,,TT,TT,CG,GG,GG,GG,AG,TC,,,,CT,AA,GG,GG,AA,,,TC,,,,,,,,,AA,GG,TT,GG,AA,GG,AA,AA,CC,GG,GG,CT,,,CT,,,,,,,,,AG,AC,,CC,CA,GG,GC,CT,,,,,,,,,,,,,,,GG,GT,CC,,GT,GG,GG,TC,AC,AA,,,,,,TT,,,,,,,,,,,,,CC,CC,,,CC,GG,,,,,,,,,,,,,,TT,CC,,,,,,GT,TC,GT,CT,,,,AC,GT,CC,TT,AA,CT,CT,GA,GA,TC,,,,,,,,,,,,,,,,,,,,,,,,,,,,,,,,,,,,,1.343815488178953,-2.5086807049092346
UC-456,CC,ID,,GG,CC,AA,,,,CA,,,TT,GG,,CC,CC,TT,TT,TT,GG,,TT,,,,,TT,AA,GG,,,,GG,,,,CC,GT,GA,,,CC,AA,CC,CT,GG,GA,GG,AA,,"+9, +9",AG,TT,TT,CT,CC,,TC,,,,,,,,,AG,CC,CC,AG,CC,GA,,,CC,TT,CG,GA,GG,AA,AG,TC,,,,CC,AA,CG,GG,AA,,,TT,,,,,,,,,AA,GG,CC,GG,AA,GG,AA,AA,CC,GG,GG,CC,,,CC,,,,,,,,,AG,AC,TA,CC,CA,GC,GG,TT,,,,,,,,,,,,,,,GG,GG,CT,,GG,GG,GG,TC,AC,AA,,,,,,TC,,,,,,,,,,,,,CC,CC,,,CC,GG,,,,,,,,,,,,,,CC,CC,,,,,,GG,CC,GG,CC,,,,AA,GG,CC,TT,AA,CT,CC,GG,AA,TC,,,,,,,,,,,,,,,,,,,,,,,,,,,,,,,,,,,,,-1.5838947905028278,1.3988751393340373
UC-457,CC,ID,,GG,CC,AA,,,,CC,,,TT,GG,,CC,TC,TT,CT,GT,AG,,CT,,,,,GT,GG,GA,,,,AA,,,,CT,GT,GG,,,CC,AA,CC,CC,GG,GG,GG,AA,,"-9, +9",GG,TT,TC,CT,AA,,TT,,,,,,,,,AG,CC,GG,GG,CC,GA,,,CC,TT,CC,GG,GG,GG,AG,CC,,,,CT,AG,GG,GA,AT,,,TT,,,,,,,,,AA,GG,CC,GA,AA,GG,AA,AA,CC,GG,GG,CC,,,CC,,,,,,,,,AG,AC,TA,CT,CA,GG,GC,CT,,,,,,,,,,,,,,,GG,GG,CC,,GG,GG,GG,TC,AC,AA,,,,,,TC,,,,,,,,,,,,,CC,CC,,,CG,GA,,,,,,,,,,,,,,CC,,,,,,,GG,CC,GG,CC,,,,AA,GT,CT,GT,AG,CT,,GA,GG,TT,,,,,,,,,,,,,,,,,,,,,,,,,,,,,,,,,,,,,1.4874124274730207,-0.806306387571892
UC-458,CA,,,GA,TC,GA,,,,CC,,,TC,GG,,CC,TT,TT,CC,GG,AA,,CC,,,,,GG,GG,GA,,,,AA,,,,CC,GG,GG,,,CG,AA,CC,CC,AG,GA,GG,AA,,"-9, -9",AG,TT,TT,TT,AA,,TC,,,,,,,,,AG,CC,GG,GG,,GG,,,CT,TT,CG,GG,GA,AA,,,,,,TT,AA,GG,,,,,TT,,,,,,,,,,,CT,,,,,,,,,CT,,,CC,,,,,,,,,AA,AC,TT,CC,CC,GC,GG,CC,,,,,,,,,,,,,,,GG,GG,CC,,GG,,,,,,,,,,,TT,,,,,,,,,,,,,CT,CC,,,CC,GA,,,,,,,,,,,,,,CT,,,,,,,GG,CC,GG,CC,,,,AA,GG,CC,TT,AA,,,,,TT,,,,,,,,0.0,UC,04-3,Female,20.0,Asian,12.5,18.75,6.3,50.0,12.5,15.0,2.5,20.0,123.0,61.5,22.862,48.0,62.0,66.0,8.0,23.67,8.33,21.67,R,123.0,61.5,22.862,10.0,4.596000374047345,-3.298304817384939
UC-459,CC,,,GA,TC,GA,,,,CA,,,TT,AA,GG,CC,TT,TT,CC,GG,AA,TT,CC,TT,GG,CC,GG,GG,GG,GG,CC,AT,GG,GG,AG,GA,,CC,GT,AA,,,CC,AA,CC,CC,GG,GA,GA,AA,,"-9, +9",GG,CT,TT,TT,AC,,TT,,,,,,,,,AA,TT,GG,GG,,GA,,,CT,TT,CC,GA,GG,AA,,,,,TT,CT,AA,GG,,,,,TT,TT,,,,,,,,,,CC,,,,,,,,,CC,,,CT,,,,,,,,,AG,AC,AA,CC,CA,GC,GG,CC,,,,,,,,,,,,,,,AG,GG,CC,,GG,,,,,,,,,,,TC,,,,,,,,,,,,,CC,CC,,,CC,GG,,,,,,,,,,,,,,CT,,,,GG,AA,,GG,CC,GG,CC,,,,AA,TT,CT,GG,GG,,,,,TT,,,,,,,,0.0,UC,04-3,Female,19.0,Caucasian,15.0,17.5,2.5,16.7,15.0,12.5,-2.5,-16.7,130.0,65.0,21.631,102.0,66.0,82.0,15.33,22.0,14.67,20.67,L,123.0,65.5,20.155,13.0,6.183025394069753,-4.653214692474675
UC-460,CA,,,GA,TC,GA,,,,CC,,,TT,AG,GT,CC,TC,TA,CC,GT,AG,CT,CC,TT,CC,GG,GG,GG,GG,GG,CC,AT,GG,GG,AG,GA,,CC,TT,GG,,,CC,AA,CT,CT,AG,GG,GG,AA,,"-9, -9",AG,TT,TC,CT,AA,,TT,,,,,,,,,AG,CT,CG,AG,,GA,,,CT,TT,CC,GG,GA,AA,,,,,AT,CC,AG,,,,,,TT,CC,,,,,,,,,,CC,,,,,,,,,CC,,,CC,,,,,,,,,AA,CC,TA,CC,CC,GC,GG,CC,,,,,,,,,,,,,,,GG,GG,CC,,GG,,,,,,,,,,,CC,,,,,,,,,,,,,CC,CC,,,CC,GA,,,,,,,,,,,,,,TT,,,,GG,AA,,GT,TC,GT,CT,,,,,GG,CC,TT,AA,,,,,CC,,,,,,,,0.0,UC,04-3,Female,20.0,Caucasian,12.5,17.5,5.0,40.0,12.5,10.0,-2.5,-20.0,111.0,61.0,20.971,102.0,58.0,68.0,7.67,17.33,7.67,17.33,R,112.0,61.0,21.16,6.0,0.6238906658561952,-1.7520628593018244
UC-461,CA,,,GG,CC,AA,,,,AA,,,TT,AG,,CT,CC,TT,CT,TT,GG,,CT,,,,,GG,GG,GA,,,,GG,,,,CC,GG,GG,,,CC,AA,CC,CT,GG,GG,GG,AA,,"-9, +9",GG,TT,TT,CC,AA,,TC,,,,,,,,,AA,CT,GG,GG,,GG,,,CC,CC,CC,AA,AA,AG,,,,,,CT,AA,GG,,,,,TC,,,,,,,,,,,CT,,,,,,,,,CC,,,CC,,,,,,,,,AG,AC,TA,CT,CA,GC,GG,CC,,,,,,,,,,,,,,,GG,GT,CC,,GG,,,,,,,,,,,TT,,,,,,,,,,,,,CC,CC,,,CC,GG,,,,,,,,,,,,,,CT,,,,,,,GT,TC,GT,CT,,,,AA,TT,CC,GG,GG,,,,,CC,,,,,,,,0.0,UC,04-3,Female,19.0,African Am,22.5,25.0,2.5,11.1,22.5,22.5,0.0,0.0,157.0,66.0,25.338,106.0,68.0,62.0,11.0,17.67,11.0,17.0,R,158.0,66.5,25.117,11.33,1.118436952000766,1.9575372549083543
UC-462,CA,,,AA,TT,GG,,,,CA,,,TC,AA,,CC,CC,AA,CC,TT,GG,,CC,,,,,GG,GG,GG,,,,GA,,,,CT,GT,GG,,,CC,AA,CC,CT,GG,GG,GG,AA,,"-9, +9",GG,CT,TC,CC,AC,,TC,,,,,,,,,AA,TT,GG,GG,,GG,,,TT,TC,CG,GA,GG,AG,,,,,,CT,AA,CG,,,,,TT,,,,,,,,,,,CT,,,,,,,,,CC,,,CT,,,,,,,,,AG,AC,TT,CC,CA,GC,GG,TT,,,,,,,,,,,,,,,GG,GG,CC,,GG,,,,,,,,,,,TC,,,,,,,,,,,,,CC,CC,,,CC,GG,,,,,,,,,,,,,,CT,,,,,,,GG,CC,GG,CC,,,,AA,GT,CT,GT,AG,,,,,TC,,,,,,,,0.0,UC,04-3,Male,24.0,Asian,17.5,22.5,5.0,28.6,20.0,22.5,2.5,12.5,121.0,65.5,19.827,110.0,71.0,80.0,6.0,12.0,6.0,11.67,R,122.0,65.5,19.991,6.33,1.8347619305364558,-0.4982193966620215
UC-463,CC,,,GG,CC,AA,,,,CA,,,TC,AG,,CC,TC,TA,CC,GT,AG,,CC,,,,,GG,GG,GA,,,,GA,,,,CC,GT,GA,,,CC,AA,CC,CC,GG,GA,GG,AA,,"+9, +9",GG,TT,CC,TT,CC,,CC,,,,,,,,,AA,CC,GG,GG,,GG,,,CC,TT,CC,GA,GG,AG,,,,,,CC,AG,GG,,,,,TC,,,,,,,,,,,CC,,,,,,,,,CT,,,CT,,,,,,,,,AA,CC,TT,CC,CC,GC,GG,TT,,,,,,,,,,,,,,,GG,GG,CC,,GG,,,,,,,,,,,,,,,,,,,,,,,,TT,CC,,,CC,GA,,,,,,,,,,,,,,TT,,,,,,,GG,CC,GG,CC,,,,AC,GT,CC,TT,AA,,,,,TT,,,,,,,,0.0,UC,04-3,Female,32.0,Asian,17.5,20.0,2.5,14.3,20.0,20.0,0.0,0.0,176.0,65.0,29.285,126.0,78.0,66.0,19.33,26.67,20.33,28.67,R,176.0,65.0,29.285,16.67,2.4956693172915623,-2.9853764493480783
UC-464,CA,,,AA,TT,GG,,,,AA,,,TT,GG,,CC,TT,TT,CC,GG,AA,,CC,,,,,GG,GG,GA,,,,GA,,,,CC,GG,GA,,,CC,AA,CC,CT,GG,GG,GG,AA,,"-9, +9",AG,CT,TC,TT,AA,,TC,,,,,,,,,AA,CC,GG,GG,,GG,,,TT,TT,CG,AA,GG,GG,,,,,,CC,AG,GG,,,,,TT,,,,,,,,,,,CC,,,,,,,,,TT,,,TT,,,,,,,,,AA,CC,TT,CC,CC,GG,GG,CC,,,,,,,,,,,,,,,GG,GG,CC,,GT,,,,,,,,,,,TC,,,,,,,,,,,,,CC,CC,,,CC,AA,,,,,,,,,,,,,,TT,,,,,,,GG,CC,GG,CC,,,,AA,GT,TT,GT,AG,,,,,TT,,,,,,,,0.0,UC,04-3,Female,26.0,Asian,8.75,12.5,3.8,42.9,8.75,12.5,3.8,42.9,101.0,62.5,18.177,95.0,55.0,64.0,10.33,16.0,10.0,16.67,R,104.0,62.3,18.837,6.33,6.143034031108045,-2.9175094155173444
UC-465,CC,,,GA,TC,GA,,,,CC,,,TT,AA,TT,CC,CC,AA,CC,TT,GG,CC,CC,TT,CC,GG,GG,GG,GG,GG,CC,TT,GG,GA,AA,GG,,CC,GG,AA,,,CC,AA,CT,CC,AG,GG,GG,AA,,"-9, +9",AA,CT,TT,CT,AA,,TT,,,,,,,,,AG,CT,GG,GG,,GG,,,CT,TT,CG,GG,GA,GG,,,,,TT,CT,AG,GG,,,,,TT,CT,,,,,,,,,,CC,,,,,,,,,CC,,,CT,,,,,,,,,AA,CC,TA,CT,CC,GG,GG,CC,,,,,,,,,,,,,,,GG,GG,CT,,GT,,,,,,,,,,,CC,,,,,,,,,,,,,CT,CC,,,CC,GG,,,,,,,,,,,,,,CT,,,,GT,AG,,GG,CC,GG,CC,,,,AC,TT,CC,GT,AG,,,,,TT,,,,,,,,0.0,UC,04-3,Male,21.0,Caucasian,28.75,32.5,3.8,13.0,30.0,27.5,-2.5,-8.3,174.0,68.0,26.454,118.0,74.0,64.0,7.0,19.33,8.67,21.67,R,181.0,67.8,27.681,7.0,-0.13623871266178186,-0.9556744777299031
UC-466,CC,,,GA,TC,GA,,,,CA,,,TT,GG,,CC,TC,TT,CT,GT,AG,,CT,,,,,GT,GA,GA,,,,GG,,,,CC,,GG,,,CC,AC,CC,CC,AG,GG,GG,AA,,"-9, +9",GG,CC,CC,TT,AA,,TT,,,,,,,,,AA,CC,GG,GG,,GA,,,CT,TT,CG,GA,GG,AA,,,,,,CC,AA,GG,,,,,TC,,,,,,,,,,,CC,,,,,,,,,CC,,,CC,,,,,,,,,GG,AA,TA,CT,AA,GC,GG,CC,,,,,,,,,,,,,,,GG,GG,CC,,GG,,,,,,,,,,,TT,,,,,,,,,,,,,CC,CC,,,CC,GG,,,,,,,,,,,,,,CT,,,,,,,GG,CC,GG,CC,,,,AA,GT,CC,GT,AG,,,,,TC,,,,,,,,,,,,,,,,,,,,,,,,,,,,,,,,,,,,,2.3589158837294764,1.375297147948459
UC-467,CA,,,GG,CC,AA,,,,CC,,,TT,AG,GT,CC,CC,TA,CT,TT,GG,CC,CT,TT,CC,CG,GG,GT,GA,GG,CC,AT,GG,GG,AG,GG,,CT,GT,GG,,,CC,AA,CC,CC,GG,GG,GG,AA,,"-9, +9",GG,TT,TC,CT,AA,,TT,,,,,,,,,AA,CT,CC,AA,,GG,,,CC,TC,CC,GG,GA,AG,,,,,AT,CT,AA,CG,,,,,TT,CC,,,,,,,,,,CT,,,,,,,,,CC,,,TT,,,,,,,,,AG,AC,AA,CT,CA,GC,GG,CT,,,,,,,,,,,,,,,GG,GG,CC,,GG,,,,,,,,,,,TC,,,,,,,,,,,,,CC,CC,,,CC,AA,,,,,,,,,,,,,,TT,,,,GG,AA,,GT,TC,GT,CT,,,,AA,GG,CC,TT,AA,,,,,TC,,,,,,,,0.0,UC,04-3,Female,24.0,Caucasian,13.25,17.5,4.3,32.1,15.0,13.25,-1.8,-11.7,170.0,64.0,29.177,105.0,72.0,70.0,17.67,24.0,18.33,26.33,R,180.0,64.0,30.894,24.0,-2.696649998035606,1.2798520889984564
UC-468,CC,,,GA,TC,GA,,,,CC,,,TT,AG,,CC,TC,TA,CC,GT,AG,,CC,,,,,GG,GG,GA,,,,GA,,,,CC,GT,GG,,,CC,AA,CT,CC,AG,GG,GG,AA,,,AG,TT,TT,TT,AA,,TC,,,,,,,,,AG,CC,CG,GG,,GG,,,CT,TC,CG,GG,GA,AA,,,,,,CT,AG,GG,,,,,TT,,,,,,,,,,,TT,,,,,,,,,CC,,,CT,,,,,,,,,AG,AC,TT,CC,CA,GC,GG,CC,,,,,,,,,,,,,,,GG,GT,CC,,GT,,,,,,,,,,,TC,,,,,,,,,,,,,CC,CC,,,CC,AA,,,,,,,,,,,,,,CT,,,,,,,GG,CC,GG,CC,,,,AA,GT,CC,GT,AG,,,,,TT,,,,,,,,0.0,UC,04-3,Male,24.0,Other,25.0,30.0,5.0,20.0,25.0,30.0,5.0,20.0,174.0,68.0,26.454,114.0,64.0,84.0,10.33,16.67,10.33,18.67,R,173.0,68.5,25.919,7.67,2.0873611830854566,-1.7177667314766347
UC-469,CC,,,GG,CC,AA,,,,CC,,,TC,GG,,CC,TT,TT,CC,GG,AA,,CC,,,,,GG,GG,GA,,,,GA,,,,CC,GT,GA,,,CC,AA,CC,CC,GG,AA,AA,AA,,"-9, +9",AG,TT,TT,CT,CC,,TC,,,,,,,,,AG,CT,GG,GG,,GG,,,CC,TC,CC,GG,GG,AG,,,,,,CT,AA,GG,,,,,TC,,,,,,,,,,,CT,,,,,,,,,CC,,,CT,,,,,,,,,AG,AC,AA,CC,CA,GC,GG,TT,,,,,,,,,,,,,,,AG,GG,CC,,GG,,,,,,,,,,,TT,,,,,,,,,,,,,CT,CC,,,CC,GA,,,,,,,,,,,,,,CT,,,,,,,GG,CC,GG,CC,,,,AC,TT,CT,GT,AG,,,,,TC,,,,,,,,0.0,UC,04-3,Male,20.0,Asian,27.5,33.75,6.3,22.7,28.75,30.0,1.3,4.3,184.0,63.5,32.079,106.0,78.0,80.0,10.0,25.33,11.33,25.33,R,183.0,63.5,31.905,12.33,5.578687193211624,-4.571468335562902
UC-470,CA,,,GG,CC,AA,,,,CC,,,TT,AG,GT,CC,CC,TA,CT,TT,GG,CC,CT,TT,CC,CG,GG,GT,GA,GG,CC,TT,GG,GA,GG,GA,,CC,GT,GA,,,CC,AA,CT,CC,AG,GG,GG,AA,,"+9, +9",AG,CC,TC,CC,CC,,TT,,,,,,,,,GG,CC,CC,AG,,GG,,,CC,TC,CC,GG,GG,GG,,,,,TT,CT,AG,GG,,,,,TC,CC,,,,,,,,,,CT,,,,,,,,,CC,,,CC,,,,,,,,,AG,AC,TT,CC,CA,GC,GG,CT,,,,,,,,,,,,,,,GG,GG,CC,,GG,,,,,,,,,,,CC,,,,,,,,,,,,,CT,CC,,,CC,GA,,,,,,,,,,,,,,TT,,,,GG,AA,,GG,CC,GG,CC,,,,AC,GT,CC,TT,AA,,,,,TT,,,,,,,,0.0,UC,04-3,Male,37.0,Caucasian,31.25,35.0,3.8,12.0,35.0,32.5,-2.5,-7.1,206.0,72.0,27.936,121.0,71.0,64.0,13.0,16.33,13.33,16.67,R,216.0,71.5,29.703,11.33,-0.8364074637542629,0.40076557265779006
UC-471,CC,,,GA,TC,GA,,,,CC,,,TC,AG,,CC,TC,TA,CC,GT,AG,,CC,,,,,GG,GG,GA,,,,GG,,,,CC,GG,GA,,,CC,AA,CC,CC,GG,GG,GG,AA,,"-9, -9",AG,CT,TT,TT,AC,,CC,,,,,,,,,AG,CT,GG,GG,,GG,,,CT,CC,GG,GG,GA,AA,,,,,,TT,AA,GG,,,,,TC,,,,,,,,,,,CT,,,,,,,,,CC,,,CT,,,,,,,,,AG,AC,AA,CC,CA,GG,GG,CT,,,,,,,,,,,,,,,GG,GG,CC,,GG,,,,,,,,,,,CC,,,,,,,,,,,,,CT,CC,,,GG,GG,,,,,,,,,,,,,,CT,,,,,,,GG,CC,GG,CC,,,,AA,TT,TT,GG,GG,,,,,TC,,,,,,,,0.0,UC,04-3,Female,18.0,Asian,13.75,15.0,1.3,9.1,15.0,15.0,0.0,0.0,133.0,69.0,19.639,118.0,78.0,88.0,9.67,19.33,9.0,18.33,R,140.0,70.0,20.086,12.33,3.4850207846318604,-2.333987048856211
UC-472,CA,,,GG,CC,AA,,,,CC,,,TT,GG,,CC,TC,TT,CT,GT,AG,,CT,,,,,GT,GA,GA,,,,GG,,,,CC,GT,GA,,,CC,AA,CC,CC,AG,GA,GG,AA,,"-9, +9",AA,CT,TT,CT,AC,,TT,,,,,,,,,AA,CT,GG,GG,,GG,,,CC,TT,CG,GG,GG,AA,,,,,,CC,AA,GG,,,,,CC,,,,,,,,,,,TT,,,,,,,,,TT,,,CC,,,,,,,,,AG,AC,TT,CC,CA,GG,GC,CC,,,,,,,,,,,,,,,AG,TT,CC,,GT,,,,,,,,,,,TC,,,,,,,,,,,,,CC,CC,,,CC,GG,,,,,,,,,,,,,,TT,,,,,,,GT,TC,GT,CT,,,,AA,TT,CC,GT,AG,,,,,TC,,,,,,,,0.0,UC,04-3,Female,20.0,African Am,17.5,23.75,6.3,35.7,20.0,21.25,1.3,6.3,123.0,63.5,21.444,110.0,70.0,80.0,6.0,11.33,5.67,10.33,R,123.0,63.8,21.243,6.33,2.120071175650371,1.5268406395338003
UC-473,CA,,,GA,TC,GA,,,,CC,,,TT,AG,,CC,CC,TA,CT,TT,GG,,CT,,,,,GT,GA,GG,,,,GG,,,,CC,TT,GG,,,CC,AA,TT,CC,AA,GG,GG,AA,,"-9, +9",AG,CT,TT,TT,AA,,TT,,,,,,,,,AA,CT,CC,AG,,GG,,,CT,CC,CG,GG,GA,AA,,,,,,CT,AG,GG,,,,,TC,,,,,,,,,,,CC,,,,,,,,,CC,,,CC,,,,,,,,,AA,CC,TA,CT,CC,GG,GG,CT,,,,,,,,,,,,,,,GG,GG,CT,,GT,,,,,,,,,,,TT,,,,,,,,,,,,,CT,CC,,,CC,GA,,,,,,,,,,,,,,CT,CC,,,,,,GG,CC,GG,CC,,,,CC,TT,CC,TT,AA,,,,,TT,,,,,,,,0.0,UC,04-3,Female,20.0,African Am,21.25,28.75,7.5,35.3,18.75,17.5,-1.3,-6.7,154.0,62.0,28.164,112.0,70.0,74.0,13.67,20.33,12.67,15.33,R,151.0,62.0,27.615,15.33,-1.5319077464552129,0.5612577383292884
UC-474,,,,,,,,,,,,,,,,,,,,,,,,,,,,,,,,,,,,,,,,,,,,,,,,,,,,,,,,,,,,,,,,,,,,,,,,,,,,,,,,,,,,,,,,,,,,,,,,,,,,,,,,,,,,,,,,,,,,,,,,,,,,,,,,,,,,,,,,,,,,,,,,,,,,,,,,,,,,,,,,,,,,,,,,,,,,,,,,,,,,,,,,,,,,,,,,,,,,,,,,,,,,,,,,,,,,,,,,,,,,,,,,,,0.0,UC,04-3,Male,22.0,Caucasian,30.0,40.0,10.0,33.3,32.5,32.5,0.0,0.0,166.0,71.5,22.827,118.0,63.0,60.0,7.0,19.0,8.33,20.67,R,169.0,71.0,23.568,10.0,4.144103703791282e-17,-1.0900765763055393e-17
UC-475,,,,,,,,,,,,,,,,,,,,,,,,,,,,,,,,,,,,,,,,,,,,,,,,,,,,,,,,,,,,,,,,,,,,,,,,,,,,,,,,,,,,,,,,,,,,,,,,,,,,,,,,,,,,,,,,,,,,,,,,,,,,,,,,,,,,,,,,,,,,,,,,,,,,,,,,,,,,,,,,,,,,,,,,,,,,,,,,,,,,,,,,,,,,,,,,,,,,,,,,,,,,,,,,,,,,,,,,,,,,,,,,,,0.0,UC,04-3,Female,20.0,Caucasian,20.0,25.0,5.0,25.0,22.5,25.0,2.5,11.1,166.0,67.0,25.996,120.0,63.0,74.0,15.0,22.0,16.67,25.67,R,164.0,67.5,25.304,13.33,4.144103703791282e-17,-1.0900765763055393e-17
UC-476,CC,,,GA,TC,GA,,,,CA,,,TT,AG,GT,CC,TC,TA,CC,GT,AG,CT,CC,TT,CG,CG,GG,GG,GG,GA,TC,AA,GG,AA,GG,AA,,CC,GT,GA,,,CC,AA,CC,CC,GG,GG,GG,AA,,"+9, +9",AA,TT,TT,TT,AA,,TC,,,,,,,,,AG,CC,GG,GG,,GG,,,CT,CC,CG,GA,GG,AG,,,,,AT,CC,AA,GG,,,,,TT,TT,,,,,,,,,,CC,,,,,,,,,CC,,,CC,,,,,,,,,GG,AA,TA,CT,CA,GG,GG,CC,,,,,,,,,,,,,,,GG,GG,CC,,GG,,,,,,,,,,,TT,,,,,,,,,,,,,CC,CG,,,CC,GG,,,,,,,,,,,,,,TT,,,,GG,AA,,GT,TC,GT,CT,,,,AA,GT,CC,GT,AG,,,,,TC,,,,,,,,0.0,UC,04-3,Male,18.0,Caucasian,26.25,32.5,6.3,23.8,18.25,22.5,4.3,23.3,159.0,70.0,22.812,122.0,62.0,74.0,8.0,13.33,7.67,14.67,L,158.0,70.0,22.668,7.33,1.8767523347019583,-1.9305485143952015
UC-477,,,,,,,,,,,,,,,,,,,,,,,,,,,,,,,,,,,,,,,,,,,,,,,,,,,,,,,,,,,,,,,,,,,,,,,,,,,,,,,,,,,,,,,,,,,,,,,,,,,,,,,,,,,,,,,,,,,,,,,,,,,,,,,,,,,,,,,,,,,,,,,,,,,,,,,,,,,,,,,,,,,,,,,,,,,,,,,,,,,,,,,,,,,,,,,,,,,,,,,,,,,,,,,,,,,,,,,,,,,,,,,,,,0.0,UC,04-3,Female,18.0,Caucasian,17.5,20.0,2.5,14.3,17.5,13.75,-3.8,-21.4,113.0,62.5,20.336,118.0,82.0,94.0,6.33,15.0,7.67,14.33,R,112.0,62.5,20.156,8.67,4.144103703791282e-17,-1.0900765763055393e-17
UC-478,CA,,,GA,TC,GA,,,,CC,,,TT,GG,GG,CC,CC,TT,TT,TT,GG,CC,TT,CT,CC,CC,GG,TT,GA,GG,CC,AT,GA,GA,AG,GA,,CT,GT,GA,,,CC,AA,CC,CC,GG,GA,GG,AA,,"-9, -9",AA,CT,TT,CT,AA,,TT,,,,,,,,,GG,CC,GG,GG,,GG,,,CT,TC,CC,GG,GG,AG,,,,,TT,CT,AG,GG,,,,,TC,CT,,,,,,,,,,CC,,,,,,,,,CC,,,CT,,,,,,,,,GG,AA,TA,CC,AA,GG,GG,CC,,,,,,,,,,,,,,,AG,GG,CC,,GG,,,,,,,,,,,TT,,,,,,,,,,,,,CC,CG,,,CG,AA,,,,,,,,,,,,,,TT,CC,,,GG,AA,,GG,TC,GG,CT,,,,AA,TT,CC,GT,AG,,,,,TC,,,,,,,,0.0,UC,04-3,Male,18.0,Caucasian,21.25,31.25,10.0,47.1,25.0,23.75,-1.3,-5.0,128.0,72.0,17.358,118.0,68.0,66.0,4.0,10.67,3.67,10.0,R,130.0,72.0,17.629,4.33,-1.1722166901657203,3.1515407349143794
UC-479,CA,,,GA,TC,GA,,,,CC,,,TC,GG,,CC,TT,TT,CC,GG,AA,,CC,,,,,GG,GG,AA,,,,GA,,,,CC,GT,GA,,,CC,AA,CC,CC,GG,GG,GG,AA,,"-9, -9",AG,CC,CC,CT,AC,,TC,,,,,,,,,AG,CT,CG,GG,,GG,,,CT,TT,CG,GG,GG,AG,,,,,,TT,AG,GG,,,,,TT,,,,,,,,,,,CT,,,,,,,,,CT,,,CT,,,,,,,,,AG,AC,TT,CC,CA,CC,GG,CC,,,,,,,,,,,,,,,GG,GG,CC,,GT,,,,,,,,,,,CC,,,,,,,,,,,,,CC,CC,,,CC,GA,,,,,,,,,,,,,,CT,CC,,,,,,GG,CC,GG,CC,,,,CC,TT,CT,TT,AA,,,,,TC,,,,,,,,0.0,UC,04-3,Female,19.0,Asian,8.25,17.5,9.3,112.1,11.25,10.0,-1.3,-11.1,106.0,60.0,20.699,116.0,58.0,70.0,8.67,15.67,8.67,17.33,R,106.0,59.5,21.049,8.67,5.185242041712768,-4.264041759996399
UC-480,CC,,,GG,CC,AA,,,,AA,,,TT,AG,GT,CC,CC,TA,CT,GT,GG,CC,CT,TT,CC,CG,GG,GT,GA,GG,CC,TT,GG,GA,AG,GA,,CC,GT,GA,,,CC,AA,CC,CC,GG,GG,GG,AA,,"-9, +9",AA,CT,TT,CT,AA,,,,,,,,,,,AG,CT,CC,AG,,GG,,,CC,TC,CG,AA,GG,AG,,,,,AT,CC,AA,GG,,,,,TC,CT,,,,,,,,,,CT,,,,,,,,,CC,,,CC,,,,,,,,,AG,AA,TA,CC,CA,GG,GG,CT,,,,,,,,,,,,,,,AA,TT,CC,,GT,,,,,,,,,,,TC,,,,,,,,,,,,,CC,CC,,,CC,GG,,,,,,,,,,,,,,CC,,,,GT,AG,,GG,CC,GG,CC,,,,AA,GG,CC,TT,AA,,,,,TC,,,,,,,,0.0,UC,04-3,Male,21.0,Caucasian,32.5,40.0,7.5,23.1,32.5,35.0,2.5,7.7,178.0,67.5,27.464,122.0,58.0,56.0,8.33,17.33,10.33,17.33,R,173.0,67.5,26.693,9.0,-0.8426134271926152,0.9396605014313151
UC-481,CA,,,GA,TC,GA,,,,CC,,,TT,AG,GT,CC,CC,TA,CT,TT,GG,CC,CT,CT,CC,CG,GG,GT,GG,GG,TC,AT,GA,GA,AG,GA,,CC,TT,GG,,,CC,AA,CC,CC,GG,GG,GG,AA,,"-9, -9",AG,TT,TC,TT,AA,,TT,,,,,,,,,GG,CC,GG,GG,,GG,,,CT,TC,CC,GG,GG,AG,,,,,TT,TT,AG,GG,,,,,TT,CC,,,,,,,,,,CC,,,,,,,,,CC,,,CC,,,,,,,,,GG,AA,TA,CC,CA,GG,GG,CC,,,,,,,,,,,,,,,GG,GG,CC,,GT,,,,,,,,,,,TC,,,,,,,,,,,,,CT,CC,,,CC,GA,,,,,,,,,,,,,,CC,CC,,,GT,AG,,GT,TC,GT,CT,,,,AC,GT,CC,TT,AA,,,,,CC,,,,,,,,0.0,UC,04-3,Female,19.0,Caucasian,16.25,20.0,3.8,23.1,13.75,15.0,1.3,9.1,177.0,67.0,27.719,112.0,80.0,92.0,15.33,25.33,16.67,23.67,L,169.0,67.5,26.076,17.33,-2.145104672677969,1.16879259816744
UC-482,CA,,,GG,CC,AA,,,,CA,,,TT,AA,,CC,CC,AA,CC,TT,GG,,CC,,,,,GG,GG,GG,,,,GG,,,,CC,GT,GG,,,CC,AA,CC,CT,GG,GG,GG,AA,,"-9, -9",AG,CT,TT,CT,AC,,TC,,,,,,,,,AA,CT,CG,AG,,AA,,,CC,TC,CC,AA,GA,AA,,,,,,CC,AA,GG,,,,,CC,,,,,,,,,,,TT,,,,,,,,,CT,,,CT,,,,,,,,,AG,AC,TA,CT,CA,GG,GG,CT,,,,,,,,,,,,,,,GG,GG,CC,,GT,,,,,,,,,,,TC,,,,,,,,,,,,,CC,CC,,,CC,GG,,,,,,,,,,,,,,CT,CT,,,,,,GG,CC,GG,CC,,,,AC,GT,CC,TT,AA,,,,,TC,,,,,,,,0.0,UC,04-3,Female,21.0,Hispanic,12.5,16.25,3.8,30.0,12.5,13.75,1.3,10.0,131.0,61.5,24.349,110.0,80.0,68.0,5.33,14.0,7.33,11.67,R,136.0,61.5,25.278,6.67,0.17455332351330033,-0.47648730194311045
UC-483,CC,,,AA,TT,GG,,,,CC,,,TT,AA,TT,CC,CC,AA,CC,TT,GG,CC,CC,TT,CC,GG,GG,GG,GG,GG,CC,TT,GG,GG,AA,GG,,CC,TT,GG,,,CC,AA,CT,CC,AG,GG,GG,AA,,"-9, +9",AG,CT,TC,CT,AC,,TC,,,,,,,,,AG,CT,CG,AG,,GA,,,CT,TC,CG,GG,GG,GG,,,,,TT,CT,AA,CG,,,,,TC,CC,,,,,,,,,,CT,,,,,,,,,CT,,,CT,,,,,,,,,AG,AC,AA,CT,CA,GC,GG,CC,,,,,,,,,,,,,,,AA,GG,CT,,GG,,,,,,,,,,,TT,,,,,,,,,,,,,CT,CC,,,CC,AA,,,,,,,,,,,,,,TT,CT,,,TT,GG,,GG,CC,GG,CC,,,,AA,GT,CC,TT,AA,,,,,CC,,,,,,,,0.0,UC,05-1,Male,19.0,Caucasian,35.0,40.0,5.0,14.3,30.0,35.0,5.0,16.7,196.0,71.0,27.333,142.0,83.0,76.0,14.67,17.33,13.33,18.67,R,199.0,71.0,27.752,10.0,-0.5811125886757217,-0.7772625784384966
UC-484,CC,,,GG,CC,AA,,,,CA,,,TT,AG,GT,CC,CC,TA,CT,TT,GG,CC,CT,TT,CC,CG,GG,GT,GA,GG,CC,TT,GG,GG,AG,GG,,,GG,GG,,,CG,AA,CC,CC,AG,AA,GG,AA,,"-9, +9",AA,TT,TT,CT,AA,,,,,,,,,,,AA,CC,GG,GG,,GG,,,CC,TT,CG,GA,GG,,,,,,TT,CC,AA,GG,,,,,TT,CC,,,,,,,,,,CT,,,,,,,,,CC,,,CT,,,,,,,,,AG,AA,TT,,CA,GC,GG,TT,,,,,,,,,,,,,,,AG,GT,CT,,,,,,,,,,,,,CC,,,,,,,,,,,,,CC,CC,,,CC,,,,,,,,,,,,,,,,CC,,,TT,GG,,GT,TC,GG,CC,,,,AA,GG,CC,TT,AA,,,,,TC,,,,,,,,0.0,UC,05-1,Male,19.0,Caucasian,27.5,37.5,10.0,36.4,32.5,32.5,0.0,0.0,241.0,69.5,35.075,148.0,74.0,96.0,10.0,29.33,13.0,26.33,R,237.0,69.5,34.493,10.67,-0.9264550989277471,1.3514079895723488
UC-485,CC,,,GA,TC,GA,,,,CC,,,TC,AG,GT,CC,CC,TA,CT,TT,GG,CC,CT,CT,CC,CG,GG,GT,GG,GG,CC,AT,GG,GA,AG,GA,,CC,GG,AA,,,CC,AA,CT,CC,AG,GG,GG,AA,,"-9, +9",GG,CT,TC,CT,AA,,TT,,,,,,,,,AG,CT,CG,AG,,GG,,,CT,TT,CC,GG,AA,AG,,,,,,TT,AA,GG,,,,,TC,CT,,,,,,,,,,TT,,,,,,,,,CC,,,CC,,,,,,,,,AG,AC,TT,CC,CC,GC,GG,CT,,,,,,,,,,,,,,,GG,GG,CC,,GT,,,,,,,,,,,CC,,,,,,,,,,,,,TT,CC,,,CG,GA,,,,,,,,,,,,,,CT,CT,,,GT,AG,,GT,TC,GT,CT,,,,AA,GT,CC,TT,AA,,,,,TT,,,,,,,,0.0,UC,05-1,Male,26.0,Caucasian,30.0,35.0,5.0,16.7,30.0,30.0,0.0,0.0,191.0,75.5,23.556,143.0,70.0,64.0,3.67,8.0,3.33,8.0,R,191.0,75.5,23.556,4.0,-1.7627440614196621,0.7970320331386468
UC-486,CC,,,GA,TC,GA,,,,CC,,,TC,AG,,CT,CC,TA,CC,TT,GG,,CC,,,,,GG,GG,GA,,,,GG,,,,CC,TT,GA,,,CC,AA,CC,CC,GG,GG,GG,AA,,"-9, -9",AG,TT,TT,TT,AC,,TT,,,,,,,,,AG,CC,CG,GG,,GG,,,CT,TT,CG,GG,GG,AG,,,,,,TT,AA,CG,,,,,TT,,,,,,,,,,,CC,,,,,,,,,CC,,,CT,,,,,,,,,GG,AA,TT,CC,AA,GG,GG,TT,,,,,,,,,,,,,,,GG,GG,CC,,GG,,,,,,,,,,,TT,,,,,,,,,,,,,CT,CC,,,CC,GA,,,,,,,,,,,,,,CT,CC,,,,,,GT,TC,GT,CT,,,,CC,TT,CC,TT,AA,,,,,TT,,,,,,,,,,,,,,,,,,,,,,,,,,,,,,,,,,,,,0.12143189952999646,-1.131029338346934
UC-487,CC,,,AA,TT,GG,,,,AA,,,CC,AG,GT,CC,CC,TA,CT,TT,GG,CC,CT,TT,CC,CG,GG,GT,GA,GG,TC,AT,GG,GA,GG,GA,,CC,GT,GA,,,CC,AA,CC,CC,GG,GA,GA,AA,,"-9, -9",AG,CC,TC,TT,AC,,CC,,,,,,,,,AG,CT,GG,AG,,GA,,,TT,TC,CG,AA,GG,GG,,,,,TT,TT,GG,GG,,,,,TT,TT,,,,,,,,,,CT,,,,,,,,,TT,,,CT,,,,,,,,,AG,AC,TA,CC,CA,GC,GG,CC,,,,,,,,,,,,,,,GG,GG,CC,,TT,,,,,,,,,,,TC,,,,,,,,,,,,,CC,CC,,,CC,GA,,,,,,,,,,,,,,CC,CC,,,GG,AA,,GG,CC,GG,CC,,,,AA,GT,CT,GT,AG,,,,,TT,,,,,,,,0.0,UC,05-1,Male,24.0,Caucasian,17.5,25.0,7.5,42.9,17.5,21.25,3.8,21.4,171.0,67.5,26.384,119.0,62.0,76.0,17.0,22.33,15.33,24.67,R,169.0,68.3,25.468,16.33,1.8634940605444517,-0.7863526285426882
UC-488,CC,,,GA,TC,GA,,,,CC,,,TT,AA,,CC,CC,AA,CC,TT,GG,,CC,,,,,GG,GG,GG,,,,GG,,,,CC,TT,GG,,,CC,AA,CC,CT,GG,GG,GG,AA,,"-9, +9",AG,CT,TC,CT,AA,,TC,,,,,,,,,AA,CC,GG,GG,,GG,,,CT,TC,CC,GG,GG,AG,,,,,,CT,AG,CG,,,,,TC,,,,,,,,,,,CT,,,,,,,,,CT,,,CC,,,,,,,,,AA,CC,TA,CC,CC,CC,GC,CT,,,,,,,,,,,,,,,AG,GG,CC,,TT,,,,,,,,,,,TC,,,,,,,,,,,,,CC,CC,,,CC,GA,,,,,,,,,,,,,,CT,CC,,,,,,GT,TC,GT,CT,,,,AC,GT,CC,TT,AA,,,,,TC,,,,,,,,0.0,UC,05-1,Female,33.0,Asian,11.25,13.75,2.5,22.2,12.5,12.5,0.0,0.0,123.0,61.5,22.862,102.0,58.0,64.0,13.0,20.0,14.67,20.33,R,125.0,62.0,22.86,14.33,-0.9452840008304482,0.4187806932905515
UC-489,CC,,,GG,CC,AA,,,,CC,,,TT,AA,,CC,CC,TA,CC,TT,GG,,CC,,,,,GG,GG,AA,,,,GG,,,,CT,GT,GG,,,CC,AA,CC,CT,AG,GG,GG,AA,,"-9, +9",AG,CT,TT,CT,CC,,CC,,,,,,,,,AA,CT,CG,GG,,GG,,,CC,TC,CC,GG,GG,AG,,,,,,CT,AG,GG,,,,,TT,,,,,,,,,,,CT,,,,,,,,,CC,,,CC,,,,,,,,,AA,CC,TT,CC,CC,CC,GG,CT,,,,,,,,,,,,,,,AG,GG,CC,,GT,,,,,,,,,,,TC,,,,,,,,,,,,,CT,CC,,,CC,GG,,,,,,,,,,,,,,CT,CC,,,,,,TT,CC,TT,TT,,,,AC,TT,CC,TT,AA,,,,,TT,,,,,,,,,,,,,,,,,,,,,,,,,,,,,,,,,,,,,0.5016742656319452,-0.2513898880035811
UC-490,CA,,,GG,CC,AA,,,,CC,,,TT,AA,TT,CC,CC,AA,CC,TT,GG,CC,CC,TT,CC,GG,GG,GG,GG,GG,CC,TT,GG,GG,AA,GG,,CC,TT,GG,,,CC,AA,CC,CC,GG,GA,GG,AA,,"-9, +9",AG,TT,CC,TT,AC,,TT,,,,,,,,,AA,TT,CC,AA,,GG,,,CC,TC,CG,GG,GA,AG,,,,,TT,CT,AA,GG,,,,,TT,CC,,,,,,,,,,CT,,,,,,,,,CC,,,CC,,,,,,,,,AG,AC,TT,CC,CA,GC,GG,CT,,,,,,,,,,,,,,,GG,GG,CC,,GT,,,,,,,,,,,TC,,,,,,,,,,,,,CC,CG,,,CG,GA,,,,,,,,,,,,,,CT,,,,GT,AG,,GT,TC,GT,CT,,,,AC,GT,CC,TT,AA,,,,,TC,,,,,,,,0.0,UC,05-1,Female,24.0,Caucasian,12.5,17.5,5.0,40.0,12.5,15.0,2.5,20.0,154.0,66.0,24.854,121.0,62.0,80.0,21.33,26.67,21.0,25.67,R,146.0,66.0,23.562,15.67,-1.6496867086411704,-0.27950761596307866
UC-491,CA,,,GA,TC,GA,,,,CA,,,TC,AA,,CC,CC,AA,CC,TT,GG,,CC,,,,,GG,GG,GG,,,,GG,,,,,,GA,,,,,,,,,,,,"-9, -9",AG,TT,CC,TT,AC,,TT,,,,,,,,,GG,CC,,,,GG,,,CT,CC,CC,GA,GG,AA,,,,,,,,,,,,,TT,,,,,,,,,,,CC,,,,,,,,,CC,,,CT,,,,,,,,,GG,AA,TT,CC,AA,GC,,TT,,,,,,,,,,,,,,,,,CC,,GG,,,,,,,,,,,TC,,,,,,,,,,,,,,CC,,,CC,GA,,,,,,,,,,,,,,CT,CC,,,,,,GG,CC,GG,CC,,,,AC,GT,CC,GT,AG,,,,,TC,,,,,,,,0.0,UC,05-1,Female,26.0,Other,16.25,22.5,6.3,38.5,20.0,20.0,0.0,0.0,152.0,67.0,23.804,119.0,64.0,66.0,8.67,21.0,7.0,21.33,R,152.0,67.0,23.804,9.33,0.5309231682512564,-0.8854645081366674
UC-492,CC,,,AA,TT,GG,,,,CC,,,TT,AA,TT,CC,CC,AA,CC,TT,AG,CC,CC,TT,CC,GG,GG,GG,GG,GG,CC,TT,GG,,AA,GG,,TT,GT,GG,,,CC,AA,CC,CC,GG,GG,GG,AA,,,GG,TT,TT,CT,AA,,TT,,,,,,,,,AA,CC,GG,GG,,GA,,,CT,TC,CC,GG,GG,AA,,,,,AA,CC,AA,GG,,,,,TC,CC,,,,,,,,,,CC,,,,,,,,,TT,,,CT,,,,,,,,,AA,CC,TA,CC,CC,GC,GG,CC,,,,,,,,,,,,,,,AG,GT,CC,,,,,,,,,,,,,TC,,,,,,,,,,,,,CC,CC,,,CG,GA,,,,,,,,,,,,,,CT,CT,,,GG,AA,,GG,CC,GG,CC,,,,AA,GG,CC,TT,AA,,,,,TC,,,,,,,,0.0,UC,05-1,Female,22.0,Caucasian,17.5,22.5,5.0,28.6,17.5,22.5,5.0,28.6,128.0,64.0,21.969,130.0,74.0,66.0,10.67,24.67,10.67,22.33,R,140.0,63.5,24.408,14.33,0.31756165628337896,-0.6198650152780291
UC-493,CA,,,GA,TC,GA,,,,CA,,,TT,AG,GT,CC,CC,TA,CT,TT,GG,CC,CT,TT,CC,CG,GG,GT,GA,GG,CC,TT,GG,GG,AA,GG,,CC,TT,GG,,,CC,AA,CC,CC,GG,GG,GG,AA,,"+9, +9",AA,CT,TT,CT,AA,,TT,,,,,,,,,AG,CT,CG,AG,,GG,,,CT,TT,CC,GA,GA,AA,,,,,AT,CC,AA,GG,,,,,TT,CC,,,,,,,,,,CC,,,,,,,,,CC,,,CT,,,,,,,,,AG,AC,TT,CC,CA,CC,GG,CC,,,,,,,,,,,,,,,GG,GG,CC,,GG,,,,,,,,,,,TC,,,,,,,,,,,,,CC,CC,,,CC,GA,,,,,,,,,,,,,,CT,CC,,,TT,GG,,GT,TC,GT,CT,,,,AA,GG,CT,TT,AA,,,,,TC,,,,,,,,0.0,UC,05-1,Male,18.0,Caucasian,22.5,27.5,5.0,22.2,22.5,25.0,2.5,11.1,125.0,71.0,17.432,116.0,72.0,76.0,3.33,6.0,3.33,6.0,R,124.0,70.0,17.79,3.33,-1.6445666029383852,1.3828246572716436
UC-494,,,,,,,,,,,,,,,,,,,,,,,,,,,,,,,,,,,,,,,,,,,,,,,,,,,,,,,,,,,,,,,,,,,,,,,,,,,,,,,,,,,,,,,,,,,,,,,,,,,,,,,,,,,,,,,,,,,,,,,,,,,,,,,,,,,,,,,,,,,,,,,,,,,,,,,,,,,,,,,,,,,,,,,,,,,,,,,,,,,,,,,,,,,,,,,,,,,,,,,,,,,,,,,,,,,,,,,,,,,,,,,,,,,,,,,,,,,,,,,,,,,,,,,,,,,,,,,4.144103703791282e-17,-1.0900765763055393e-17
UC-495,CA,,,GA,TC,GA,,,,CC,,,TT,AA,GT,CC,TC,TA,CC,TT,GG,CT,CC,TT,CG,CG,GG,GG,GG,GG,CC,AT,GA,GA,AG,GA,,,TT,GG,,,CC,AA,CC,CC,GG,GA,,AA,,"-9, -9",AG,TT,TT,CT,AC,,TT,,,,,,,,,AA,CT,CG,AG,,GA,,,CT,TC,CC,GG,GA,AA,,,,,TT,CT,AA,CG,,,,,TT,CC,,,,,,,,,,CC,,,,,,,,,CC,,,CC,,,,,,,,,AA,CC,TT,CC,CC,GG,GG,CT,,,,,,,,,,,,,,,GG,GG,CC,,GT,,,,,,,,,,,CC,,,,,,,,,,,,,CT,CC,,,CC,GG,,,,,,,,,,,,,,CT,CT,,,GT,AG,,GG,CC,GG,CC,,,,AA,GG,CC,TT,AA,,,,,TT,,,,,,,,0.0,UC,05-1,Male,18.0,Caucasian,40.0,45.0,5.0,12.5,42.5,40.0,-2.5,-5.9,158.0,69.5,22.995,108.0,62.0,60.0,3.0,7.67,3.0,9.0,R,154.0,69.8,22.221,3.0,0.02865649088392325,-2.3013014840152985
UC-496,CA,,,GA,TC,GA,,,,CA,,,TT,AA,TT,CC,CC,AA,CC,TT,GG,CC,CC,TT,CC,GG,GG,GG,GG,GG,CC,AT,GG,GG,AA,GG,,CT,GT,GG,,,CC,AA,CC,CT,GG,GG,GG,AA,,"-9, +9",AA,CT,TT,CT,AC,,TT,,,,,,,,,AG,CC,GG,GG,,GG,,,CT,TT,CC,GA,GA,AG,,,,,AT,TT,AA,GG,,,,,TC,CC,,,,,,,,,,CC,,,,,,,,,CT,,,CT,,,,,,,,,GG,AA,TA,CC,AA,GG,GG,CT,,,,,,,,,,,,,,,AG,GT,CT,,TT,,,,,,,,,,,CC,,,,,,,,,,,,,TT,CC,,,CC,GA,,,,,,,,,,,,,,CC,TT,,,GT,AG,,TT,TT,TT,TT,,,,AA,GG,CC,TT,AA,,,,,TT,,,,,,,,0.0,UC,05-1,Male,18.0,Caucasian,30.0,37.5,7.5,25.0,32.5,37.5,5.0,15.4,185.0,72.5,24.743,132.0,76.0,66.0,8.0,15.0,7.67,15.67,R,189.0,72.5,25.278,8.0,-1.185757571263445,1.489163455290139
UC-497,CC,,,GA,TC,GA,,,,CA,,,TT,GG,,CC,TT,TT,CC,GG,AA,,CC,,,,,GT,GA,GA,,,,GG,,,,CC,TT,GG,,,CC,AA,CC,CC,GG,GA,,AA,,"-9, +9",GG,TT,TC,TT,CC,,CC,,,,,,,,,AG,CC,GG,AG,,GG,,,CT,TC,CC,GA,GG,AG,,,,,,CC,AA,CC,,,,,TC,,,,,,,,,,,CT,,,,,,,,,TT,,,TT,,,,,,,,,AG,AC,TA,CC,CA,GG,GG,CT,,,,,,,,,,,,,,,GG,GT,CT,,GT,,,,,,,,,,,CC,,,,,,,,,,,,,CC,CC,,,CC,GA,,,,,,,,,,,,,,CT,CC,,,,,,GT,TC,GG,CC,,,,AC,GT,CC,TT,AA,,,,,TT,,,,,,,,0.0,UC,05-1,Male,27.0,Asian,30.0,40.0,10.0,33.3,32.5,37.5,5.0,15.4,214.0,71.8,29.182,124.0,76.0,75.0,10.33,23.67,11.0,21.67,R,218.0,72.0,29.563,7.67,2.6592906625021056,-1.6322127012989933
UC-498,CC,,,GA,TC,GA,,,,CC,,,TT,AA,TT,CC,CC,AA,CC,TT,GG,CC,CC,TT,CC,GG,GG,GG,GG,GG,CC,TT,GA,GG,AA,GG,,CT,GT,GG,,,CC,AA,CC,CT,GG,GA,GG,AA,,"-9, +9",GG,CT,TC,CT,AC,,CC,,,,,,,,,GG,CC,CC,AG,,GG,,,CT,CC,CG,GG,GG,AA,,,,,AT,CT,AA,CG,,,,,TT,CC,,,,,,,,,,CT,,,,,,,,,CC,,,CT,,,,,,,,,AG,AC,AA,CT,CA,GC,GG,CT,,,,,,,,,,,,,,,GG,GG,CC,,GT,,,,,,,,,,,TT,,,,,,,,,,,,,CC,CC,,,CC,AA,,,,,,,,,,,,,,TT,CT,,,GT,AG,,GG,CC,GG,CC,,,,AC,TT,CC,TT,AA,,,,,TT,,,,,,,,0.0,UC,05-1,Female,21.0,Caucasian,12.5,20.0,7.5,60.0,12.5,15.0,2.5,20.0,115.0,59.8,22.607,116.0,68.0,84.0,6.67,18.67,7.0,17.67,R,110.0,60.0,21.481,6.67,-0.6944117530725049,-0.5807025992262873
UC-499,CA,,,AA,TC,GG,,,,CC,,,CC,GG,,CC,TC,TT,CT,GT,AG,,CT,,,,,GT,GA,GA,,,,GA,,,,CC,GT,GG,,,CC,AA,CC,CT,GG,GG,GG,AA,,"-9, +9",GG,CT,TC,TT,AA,,TC,,,,,,,,,GG,CT,CG,AA,,,,,CT,TT,CC,GG,AA,AG,,,,,,TT,AA,GG,,,,,TT,,,,,,,,,,,CC,,,,,,,,,CC,,,CC,,,,,,,,,AG,AC,AA,CC,CA,,GG,CC,,,,,,,,,,,,,,,GG,GG,CC,,TT,,,,,,,,,,,TT,,,,,,,,,,,,,TT,CC,,,CC,GG,,,,,,,,,,,,,,CT,CT,,,,,,GT,TC,GT,CT,,,,AC,TT,CC,TT,AA,,,,,TT,,,,,,,,0.0,UC,05-1,Female,26.0,Hispanic,13.75,15.0,1.3,9.1,13.75,13.75,0.0,0.0,186.0,63.0,32.945,118.0,78.0,66.0,17.67,25.33,16.67,22.33,R,184.0,63.3,32.282,16.67,1.3248458475213305,-0.750735398090011
UC-500,CC,,,GA,TC,GA,,,,CC,,,TT,AA,TT,CC,CC,AA,CC,TT,GG,CC,CC,TT,CC,GG,GG,GG,GG,GG,CC,TT,GG,GG,AA,GG,,CC,GG,GA,,,CC,AA,CT,CC,AG,GG,GG,AA,,"-9, +9",AG,TT,TT,CT,AA,,TT,,,,,,,,,AG,CC,CG,AG,,GG,,,CT,TC,CC,GG,GA,GG,,,,,TT,CT,AA,CG,,,,,TC,CC,,,,,,,,,,CC,,,,,,,,,CT,,,CC,,,,,,,,,AA,CC,TA,CC,CC,GG,GG,CT,,,,,,,,,,,,,,,GG,GG,CC,,GT,,,,,,,,,,,TC,,,,,,,,,,,,,CT,CC,,,CC,GA,,,,,,,,,,,,,,TT,CT,,,GT,AG,,TT,TT,TT,TT,,,,AA,GT,CC,GT,AG,,,,,TT,,,,,,,,0.0,UC,05-1,Female,19.0,Caucasian,11.25,16.25,5.0,44.4,12.5,13.25,0.8,6.0,150.0,66.5,23.845,119.0,62.0,76.0,10.67,15.0,9.67,14.33,R,147.0,66.3,23.51,11.33,-1.8632711953198104,1.136001214869208
UC-501,CC,,,GG,CC,AA,,,,CA,,,TT,AG,GT,CC,CC,TA,CT,TT,GG,CC,CT,TT,CC,CG,GG,GT,GG,GG,TC,AA,GG,AA,GG,AA,,CC,GT,GA,,,CC,AA,TT,CC,AA,,GG,AA,,"+9, +9",GG,CC,TT,CC,AA,,TT,,,,,,,,,AA,TT,GG,GG,,GG,,,CC,TT,CG,GA,GA,GG,,,,,AT,CC,AA,CG,,,,,TT,CT,,,,,,,,,,CC,,,,,,,,,CC,,,CC,,,,,,,,,GG,AC,AA,CC,CA,GG,GG,CT,,,,,,,,,,,,,,,GG,GG,CC,,GG,,,,,,,,,,,TT,,,,,,,,,,,,,CT,CG,,,CG,GA,,,,,,,,,,,,,,CT,CC,,,GT,AG,,GT,TC,GT,CT,,,,CC,TT,CC,TT,AA,,,,,CC,,,,,,,,0.0,UC,05-1,Male,29.0,Caucasian,21.25,27.5,6.3,29.4,25.0,27.5,2.5,10.0,159.0,69.5,23.141,122.0,72.0,66.0,6.67,10.67,6.33,11.0,R,157.0,70.0,22.525,6.67,-1.2120969000217285,0.4942633830169387
UC-502,AA,,,GG,CC,AA,,,,CC,,,TT,AG,GT,CC,TC,TA,CC,GT,AG,CT,CC,TT,CC,CG,GG,GT,GA,GG,CC,AT,GG,GG,AG,GA,,CT,GT,GG,,,CC,AA,CT,CC,AG,GG,GG,AA,,"-9, -9",AA,TT,TT,TT,AC,,TT,,,,,,,,,AG,CC,CG,GG,,GG,,,CC,TT,CC,GG,GG,AA,,,,,,CC,AA,GG,,,,,TT,CT,,,,,,,,,,CT,,,,,,,,,CC,,,CC,,,,,,,,,GG,AC,AA,TT,CA,GG,GC,CT,,,,,,,,,,,,,,,GG,GG,CC,,GG,,,,,,,,,,,CC,,,,,,,,,,,,,CC,CC,,,CC,AA,,,,,,,,,,,,,,CT,CT,,,GG,AA,,TT,TT,TT,TT,,,,AC,GT,CC,TT,AA,,,,,TC,,,,,,,,0.0,UC,05-1,Female,20.0,Caucasian,10.0,11.25,1.3,12.5,10.0,13.75,3.8,37.5,118.0,63.5,20.573,115.0,68.0,61.0,12.0,17.33,9.33,16.33,R,118.0,63.3,20.703,11.33,-0.36219477853363397,0.013938932586385218
UC-503,CA,,,GA,TC,GA,,,,CC,,,TT,AG,GT,CC,TC,TA,CC,GT,AG,CC,CC,CT,CC,CG,GG,GG,GG,GA,CC,AT,GG,GG,AG,GG,,CC,TT,GG,,,CC,AA,CC,CC,GG,GG,GG,AA,,"-9, +9",AG,CC,TT,CT,AA,,TT,,,,,,,,,AG,CC,CC,AA,,GG,,,CT,TC,CG,GG,GG,GG,,,,,AT,CT,AA,GG,,,,,TT,CC,,,,,,,,,,CC,,,,,,,,,CC,,,TT,,,,,,,,,AG,AC,TA,CT,CA,GG,GG,CT,,,,,,,,,,,,,,,AG,GG,CC,,GG,,,,,,,,,,,CC,,,,,,,,,,,,,CT,CC,,,CC,GA,,,,,,,,,,,,,,CT,CC,,,GG,AA,,GT,TC,GT,CT,,,,AC,TT,CC,GT,AG,,,,,TC,,,,,,,,0.0,UC,05-1,Female,20.0,Caucasian,13.25,22.5,9.3,69.8,16.25,16.25,0.0,0.0,121.0,62.7,21.637,121.0,64.0,64.0,6.67,15.33,7.67,15.0,R,115.0,63.0,20.369,10.0,0.0366383908580836,-1.4341084696721973
UC-504,CA,,,GA,TC,GA,,,,CA,,,TC,GG,,CC,TT,TT,CC,GG,AA,,CC,,,,,GG,GG,AA,,,,GA,,,,CC,TT,GG,,,CG,AA,CC,CC,AG,GG,GG,AA,,"-9, -9",AA,TT,TT,TT,AC,,TC,,,,,,,,,AA,TT,CG,AG,,GG,,,CT,TT,CG,GA,GG,AA,,,,,,TT,AA,GG,,,,,TT,,,,,,,,,,,CC,,,,,,,,,TT,,,CT,,,,,,,,,AA,AC,AA,CC,CC,GC,GG,CT,,,,,,,,,,,,,,,GG,GG,CC,,GG,,,,,,,,,,,CC,,,,,,,,,,,,,CT,CC,,,CC,GA,,,,,,,,,,,,,,TT,CC,,,,,,GG,CC,GG,CC,,,,AC,GG,CT,TT,AA,,,,,CC,,,,,,,,0.0,UC,05-1,Female,21.0,Asian,15.0,20.0,5.0,33.3,18.25,17.5,-0.8,-4.1,138.0,61.5,25.65,110.0,59.0,76.0,11.0,18.67,12.67,18.67,R,135.0,61.3,25.256,11.0,5.367871963628951,-3.9330529016925606
UC-505,CA,,,GA,TC,GA,,,,CC,,,TT,AG,GT,CC,CC,TA,CT,TT,GG,CC,CT,CT,CC,CG,GG,GT,GG,GG,CC,TT,AA,GG,AA,GG,,CC,GT,GA,,,CC,AA,CC,CC,GG,GG,GG,AA,,"-9, +9",GG,CT,TT,CC,AC,,TC,,,,,,,,,AG,CC,GG,GG,,GA,,,CT,CC,CC,GG,GG,AG,,,,,AT,CC,AA,CG,,,,,TC,CC,,,,,,,,,,CT,,,,,,,,,CT,,,CT,,,,,,,,,AG,AC,AA,CT,CA,CC,GG,CT,,,,,,,,,,,,,,,GG,GT,CC,,GG,,,,,,,,,,,TC,,,,,,,,,,,,,CC,CC,,,GG,GA,,,,,,,,,,,,,,TT,CT,,,GT,AG,,GT,TC,GT,CT,,,,AC,GT,CC,GT,AG,,,,,TC,,,,,,,,0.0,UC,05-1,Female,22.0,Caucasian,10.0,13.75,3.8,37.5,11.25,13.75,2.5,22.2,109.0,61.0,20.593,103.0,62.0,60.0,9.33,16.33,8.0,15.0,R,110.0,61.5,20.446,11.67,-1.8327122890036025,1.8786634442570478
UC-506,AA,,,GA,CC,AA,,,,CC,,,TT,GG,,CC,TC,TT,CT,GT,AG,,CT,,,,,TT,GA,GG,,,,GG,,,,TT,GG,GG,,,CC,AA,CC,CC,GG,GA,GG,AA,,"-9, -9",GG,CT,TT,CC,AA,,TC,,,,,,,,,AA,CC,GG,GG,,GA,,,CC,TC,CC,GG,GG,AG,,,,,,CC,AG,GG,,,,,TC,,,,,,,,,,,TT,,,,,,,,,CT,,,CC,,,,,,,,,AA,CC,TA,TT,CC,GG,GG,CC,,,,,,,,,,,,,,,GG,GG,CT,,GT,,,,,,,,,,,CC,,,,,,,,,,,,,CT,CC,,,CC,GG,,,,,,,,,,,,,,CC,CC,,,,,,GT,TT,GT,TT,,,,AA,TT,CC,TT,AA,,,,,TT,,,,,,,,0.0,UC,05-1,Male,18.0,African Am,27.5,37.5,10.0,36.4,28.25,35.0,6.8,23.9,174.0,69.5,25.324,119.0,62.0,68.0,8.0,14.33,9.33,14.0,R,176.0,70.0,25.251,7.67,0.5541658872508999,2.1525174674646017
UC-507,CA,,,GG,CC,AA,,,,CC,,,TT,AG,GT,CC,CC,TA,CT,TT,GG,CC,CT,TT,CC,CG,GG,GT,GA,GG,CC,TT,GA,GG,AA,GG,,CC,GT,GA,,,CC,AA,CC,CC,GG,GA,GG,AA,,"-9, +9",GG,CC,TC,CT,AC,,CC,,,,,,,,,AA,CC,GG,GG,,GA,,,CC,CC,CG,GG,GA,AA,,,,,TT,CT,AA,GG,,,,,TC,CC,,,,,,,,,,TT,,,,,,,,,CT,,,TT,,,,,,,,,AA,CC,TA,CC,CC,GC,GC,CC,,,,,,,,,,,,,,,GG,GG,CC,,GG,,,,,,,,,,,CC,,,,,,,,,,,,,CC,CC,,,CG,GG,,,,,,,,,,,,,,CT,CC,,,GG,AA,,GG,CC,GG,CC,,,,AC,GT,CC,TT,AA,,,,,TT,,,,,,,,0.0,UC,05-1,Male,19.0,Caucasian,27.5,35.0,7.5,27.3,30.0,35.0,5.0,16.7,154.0,68.5,23.073,139.0,62.0,72.0,4.67,9.67,5.0,8.67,R,160.0,69.0,23.625,9.0,-1.0616605453206367,0.33093540407280486
UC-508,CC,,,GA,TC,GA,,,,CA,,,TC,AG,,CC,CC,TA,CT,TT,GG,,CT,,,,,GT,GG,GG,,,,GG,,,,CT,GT,GG,,,CC,AA,CT,CC,AG,GG,GG,AA,,"-9, -9",AG,TT,TC,CT,AA,,TC,,,,,,,,,AG,CT,CG,GG,,GA,,,CT,TT,CC,GA,GG,AG,,,,,,TT,AG,GG,,,,,TC,,,,,,,,,,,CT,,,,,,,,,CC,,,CT,,,,,,,,,AG,AC,TA,CC,CA,GG,GG,CC,,,,,,,,,,,,,,,GG,GG,CC,,GG,,,,,,,,,,,TT,,,,,,,,,,,,,CC,CC,,,CG,GG,,,,,,,,,,,,,,TT,CC,,,,,,GT,TT,GT,TT,,,,AA,GT,CC,TT,AA,,,,,CC,,,,,,,,0.0,UC,05-1,Male,18.0,Other,27.5,37.5,10.0,36.4,32.5,37.5,5.0,15.4,159.0,67.8,24.316,122.0,68.0,81.0,4.33,9.33,4.0,7.0,R,162.0,67.8,24.775,4.67,-1.244815218750646,1.1097645963221572
UC-509,,,,GG,CC,AA,,,,AA,,,CC,GG,,CC,TT,TT,CC,GG,AA,,CC,,,,,GG,GG,AA,,,,GA,,,,CC,GG,AA,,,CG,AA,CC,CC,AG,GG,GG,AA,,"-9, -9",AG,CT,TC,CT,,,TT,,,,,,,,,AA,CT,GG,GG,,,,,CC,TT,CC,AA,GG,AG,,,,,,TT,AA,GG,,,,,,,,,,,,,,,,TT,,,,,,,,,,,,,,,,,,,,,GG,AA,TT,CC,,,GG,CC,,,,,,,,,,,,,,,GG,GG,CC,,TT,,,,,,,,,,,TC,,,,,,,,,,,,,CC,,,,,GA,,,,,,,,,,,,,,CT,CT,,,,,,GG,CC,GG,CC,,,,CC,TT,CC,TT,AA,,,,,TT,,,,,,,,0.0,UC,05-1,Female,18.0,Asian,10.0,13.75,3.8,37.5,11.25,12.5,1.3,11.1,133.0,61.2,24.963,108.0,80.0,105.0,10.67,19.67,11.33,19.0,R,128.0,61.0,24.183,9.0,5.554410940408525,-4.240565528541233
WV-1206,CC,ID,CT,GA,TC,GA,,AA,,CC,TT,GG,TT,AG,GT,CC,CC,TA,CT,TT,GG,CC,CT,CT,CC,CG,GG,GT,GG,GG,TC,AT,GG,GA,GG,GA,GG,CC,TT,GA,,GG,CC,AA,CC,CC,GG,GA,GG,AA,,"+9, +9",GG,CC,TC,CC,AA,TA,TT,,,,,,,,,AG,CT,GG,GG,CC,GG,TT,CC,CT,TC,CC,GG,GG,AA,AA,TC,AC,GA,AT,CC,AG,CG,GG,AA,AT,GG,TT,TT,CC,CC,,,,,,AA,GG,CT,GG,TA,GG,AA,AA,CC,GA,GG,CC,TT,TC,TT,CC,GG,TT,GG,AT,CC,,,GG,AA,TA,CC,AA,CC,GG,CT,AA,,,GC,TC,GG,,AG,GG,CG,CC,,,CC,GG,GG,CC,GT,TT,GG,GG,CC,CC,AA,GC,TC,AA,AG,TT,CC,5G5G,AA,GG,CC,AA,GA,CC,GG,CC,,TT,AA,CC,CG,,,CC,GA,TT,AA,CT,CT,TT,GG,CC,CC,GG,CG,CC,AA,CT,CT,CC,TT,CT,GT,AG,CC,GT,TC,GG,CT,AA,CT,GG,AA,GG,CC,TT,AA,CC,CT,GG,GA,TC,TT,,,,,,,0.0,WV,02-1,Female,31.0,Caucasian,15.0,20.0,5.0,33.3,17.5,22.5,5.0,28.6,136.0,68.0,20.676,105.0,48.0,80.0,9.33,16.33,9.67,16.0,R,136.0,68.0,20.676,9.0,-2.3530694886223267,0.5195416578353255
WV-1207,CC,DD,TT,AA,TT,GG,,AA,,CC,TC,GG,TT,AG,,CC,TC,TA,CC,GT,AG,,CC,,,,,GG,GG,GA,,,,GA,,,GG,,,GA,,GG,CC,AA,CC,CC,GG,GG,GG,AA,CC,"-9, -9",GG,CT,TT,CT,AA,TA,TT,GG,CC,GG,TT,CC,AG,CC,GG,AG,CC,GG,GG,CC,GG,TT,CC,TT,TT,GG,GG,GG,AA,AA,TC,AC,GA,,CT,AG,GG,GA,AT,AA,GT,TT,,CC,CT,GG,TT,CC,GG,AA,AA,GG,TT,GG,TT,AA,AA,AA,CC,AA,GG,CT,TA,TT,CT,CC,CG,TT,GG,AA,CC,GC,GG,AA,CC,TA,CC,CC,GC,GG,TT,GG,,,GG,TT,GG,GG,AG,AA,CC,CC,CC,GG,CT,GG,GG,CC,GT,GG,GG,GG,TT,AA,AA,GG,TT,AA,GG,TT,TT,4G4G,AA,GG,CC,AA,GG,CC,GG,CC,GA,CC,AG,CT,CC,,,CC,GA,CC,GA,CT,CT,TT,GG,CC,CC,GA,CC,CC,AA,TT,TT,CC,TT,CC,,,CC,GG,CC,GG,CC,GA,CT,GG,AA,GT,CT,GT,AG,CT,TT,AA,GG,TT,TT,,,,,,,0.0,WV,02-1,Female,37.0,Asian,15.0,22.5,7.5,50.0,17.5,20.0,2.5,14.3,125.0,64.0,21.454,100.0,70.0,116.0,11.33,25.83,12.33,25.83,R,126.0,64.0,21.625,9.0,7.5143459084433175,-3.7371542648485674
WV-1208,CC,II,TT,GG,CC,AA,,AG,,CC,TT,GG,TT,GG,GG,CC,TC,TT,CT,GT,AG,CT,CT,CT,CC,CC,GG,TT,GA,GG,CC,AA,GG,GA,GG,AA,GG,CC,GT,GA,,GG,CC,AA,CC,CC,GG,GG,GG,AA,CC,"-9, +9",AA,TT,TT,TT,AA,TT,TC,GG,CC,GG,TT,CC,GG,CC,GG,AA,CC,GG,GG,CC,GG,TT,CC,CC,CC,CC,GG,GA,AG,AG,TC,CC,GG,TT,CT,AA,CG,GG,AA,TT,GG,TC,CC,CC,CC,GG,TT,CC,GG,AA,AA,GG,CT,GG,TA,GG,AA,AA,CC,GA,GG,CT,TT,TC,CC,CC,CC,TT,GG,AA,CC,GG,CG,GG,AA,TA,,AA,GG,GG,CC,GG,,,GG,CC,GA,GG,AG,GA,CC,CC,CC,GG,CC,GG,GG,CT,GG,TT,GA,GG,TC,AC,AA,GG,TT,AG,AA,TC,TT,4G5G,AA,GG,CC,AA,GG,CC,GG,CC,AA,TT,AA,CT,CC,,,CC,AA,TT,GA,CT,CT,TT,GG,CC,CC,GG,GG,CC,AA,CC,CT,CC,TT,CC,GG,AA,CC,GG,CC,GG,CC,GG,CT,GG,AA,TT,CC,GT,AG,CC,CC,AA,GA,CC,TT,,,,,,,0.0,WV,02-1,Female,35.0,Caucasian,12.5,27.5,15.0,120.0,12.5,20.0,7.5,60.0,124.0,66.0,20.012,110.0,70.0,72.0,6.17,15.33,4.0,12.33,R,124.0,66.0,20.012,5.33,1.8672650563626043,-0.2644962831426667
WV-1209,AA,DD,CC,GG,CC,AA,,AA,,CC,TT,GG,TT,AA,TT,CC,CC,AA,CC,TT,GG,CC,CC,TT,CC,GG,GG,GG,GG,GG,CC,TT,GA,GG,AA,GG,GG,CC,GT,GA,,GG,CC,AA,CT,CC,AG,GG,GG,AA,,"-9, -9",GG,CT,CC,CT,AA,TT,TC,,,,,,,,,GG,CC,CC,AG,CC,GG,TT,CC,CC,TC,CC,GG,GG,AA,AA,TT,AA,GA,AT,CT,AA,GG,GG,AA,TT,GG,TT,TT,CC,CT,,,,,,AA,GG,CC,GA,TA,GG,AA,AA,CC,GG,GG,CC,TT,TC,TT,CC,GG,TT,GG,,CA,,,GG,AA,TA,CT,AA,CC,GG,CC,GG,,,GG,TC,GA,GG,AG,GA,CC,TT,,,CC,AA,GG,CC,GT,GG,GG,GG,TC,AC,AA,GG,TT,AG,AG,TC,TC,4G4G,AA,GG,CT,AA,GG,CC,AG,CC,,CC,AG,CC,CC,,,CG,GG,CT,AA,TT,TT,TT,GG,CT,CC,GA,CC,CC,AA,TT,TT,CC,TT,CC,GT,AG,CC,GT,TC,GT,CT,AA,CC,AA,AA,GG,CC,TT,AA,TT,CC,GA,AA,CC,TT,,,,,,,0.0,WV,02-1,Female,27.0,Caucasian,17.5,25.0,7.5,42.9,20.0,22.5,2.5,12.5,146.0,66.0,23.562,118.0,72.0,84.0,19.17,35.17,15.97,32.17,R,147.0,66.0,23.724,15.67,-2.286587235823043,-1.4218287761792252
WV-1210,CA,II,CC,GG,CC,AA,,AG,,CC,TT,GG,TT,AG,GT,CC,CC,TA,CT,TT,GG,CC,CT,CT,CC,CG,GG,GT,GG,GG,TC,AT,GG,GA,AG,GA,GG,CC,GG,GA,,GG,CC,AA,CC,CC,GG,GG,GG,AA,,"-9, +9",GG,TT,TC,TT,AA,TA,TC,,,,,,,,,AA,CT,GG,GG,CC,GG,TC,CG,CC,CC,CC,GG,GG,GG,AA,CC,AC,GA,AA,CC,AA,GG,GG,AA,AT,GG,TT,CC,CC,CC,,,,,,AA,GG,CC,GG,TA,GG,AA,AA,CC,GA,GG,CC,TT,TC,CT,CC,CG,TT,GA,TT,CC,,,GG,AA,TA,CC,AA,GC,GG,TT,GG,,,GC,TC,GG,GG,AG,GA,CC,CC,,,CC,GG,GG,CC,GG,GG,GG,AA,CC,CC,AA,GC,TT,AA,AA,,TC,4G5G,AA,GG,CC,AA,GG,CC,GG,CC,,CC,AA,CC,CC,,,CC,GA,,AA,CT,CT,TC,GA,CC,CT,GA,CG,CG,AA,CT,CC,CC,TT,CC,GG,AA,CC,GG,CC,GG,CC,GG,CC,GA,AA,GT,CC,TT,AA,TT,TT,GG,GG,TT,TT,,,,,,,0.0,WV,02-1,Female,22.0,Caucasian,15.0,27.5,12.5,83.3,12.5,25.0,12.5,100.0,134.0,66.0,21.626,110.0,64.0,60.0,5.17,13.67,6.33,11.0,R,134.0,66.0,21.626,6.17,-1.8253501710120033,-0.019225584291371816
WV-1211,CA,II,CC,GG,CC,AA,,AG,,CC,TT,GG,TT,GG,GG,CC,TC,TT,CT,GT,AG,CT,CT,CT,CG,CC,GG,GT,GG,GA,CC,AT,GG,GA,AG,GA,GG,CC,GT,GA,,GG,CC,AA,CC,CC,GG,GG,GG,AA,,"+9, +9",AA,CT,TT,TT,AC,TT,TC,,,,,,,,,GG,CC,CC,AA,CG,GG,TC,CG,CC,TC,CC,GA,GG,AA,AA,TT,AA,GA,TT,TT,AA,CG,GA,AT,AA,GG,TT,CC,CC,CC,,,,,,AA,GG,CT,GG,TA,GA,AA,AA,CC,GA,GG,CC,TT,TC,CC,CC,CG,TT,AA,AT,CC,,,GG,AA,TA,CC,CA,GG,,CC,GA,,,GG,CC,GG,GG,GG,AA,CC,CC,,,CC,GG,GG,CC,GG,GT,GG,GG,TC,AC,AA,GG,TT,AA,AG,TT,CC,4G5G,AA,GG,CC,AA,GG,CC,GG,CC,,CC,AA,,CC,,,CC,,CT,GA,TT,TT,TT,GG,CC,CC,GG,GG,CG,AC,CT,CC,TT,TT,CC,GG,AA,CT,GT,TC,GT,CT,GG,CC,AA,AA,GG,CC,TT,AA,TT,TT,GA,GG,TT,TT,,,,,,,0.0,WV,02-1,Female,31.0,Caucasian,15.0,22.5,7.5,50.0,17.5,22.5,5.0,28.6,122.0,62.0,22.312,108.0,62.0,72.0,14.17,24.83,15.17,23.5,R,121.0,62.0,22.129,11.17,2.243910275512035,-0.43632027437048826
WV-1212,CA,ID,CT,GA,TC,GA,,GG,,CA,TC,GG,TT,AA,TT,CC,CC,AA,CC,TT,GG,CC,CC,TT,CC,GG,GG,GG,GG,GG,CC,TT,GG,GA,AG,GA,GA,CT,GT,GG,,GG,CC,AA,CT,CC,AG,GG,GG,AA,,"-9, -9",AA,TT,TT,TT,AC,TA,CC,,,,,,,,,GG,CC,CG,GG,CC,GG,TT,CC,CT,TT,CC,GA,GA,AG,AG,TC,CC,GG,AA,CT,AA,CG,GG,AA,AT,GG,TT,CT,CC,CC,,,,,,AA,GG,CC,GG,TA,GG,AA,AA,CC,GG,GG,CC,TT,TC,CT,CC,CG,TT,GA,AA,CC,,,GG,AA,TA,,AA,GG,GG,CT,AA,,,GC,TC,GG,GG,AG,GG,CC,CC,,,CT,GG,GG,CC,GT,TT,GG,GA,TC,AC,AA,GG,TT,AG,AG,TC,TT,4G5G,AA,GG,CT,AA,GG,CC,AG,CC,,CC,AG,CC,CC,,,CC,GA,CT,GA,CC,CC,TT,GG,CC,CC,GG,CG,CC,AA,CT,CT,CC,TT,CC,TT,GG,CC,GT,TC,GT,CT,GA,CC,GG,CC,TT,CC,TT,AA,TT,CC,GA,AA,CC,TT,,,,,,,0.0,WV,02-1,Female,22.0,Caucasian,15.0,25.0,10.0,66.7,15.0,22.5,7.5,50.0,118.0,62.0,21.58,98.0,62.0,72.0,8.67,21.33,11.17,21.17,R,124.0,62.0,22.677,11.33,-1.9378422533990953,-0.9702816587151871
WV-1213,CC,DD,CT,GA,TC,GA,,AG,,CC,TT,GG,TT,AG,GT,CC,CC,TA,CT,TT,GG,CC,CT,TT,CC,CG,GG,GT,GA,GG,CC,AT,GA,GG,AG,GA,GG,CC,GT,GA,,GG,CC,AA,CC,CC,GG,GG,GG,AA,CC,"-9, +9",AG,TT,TT,CT,AA,TA,TT,GG,CC,GG,TT,CC,AA,CC,GG,AG,CC,CG,AG,CC,GG,TT,CC,CT,TT,CC,GG,GG,AG,AG,CC,AC,GA,AT,CT,AA,CG,GA,AT,AA,GG,TT,CT,CC,CC,GG,TT,CC,GG,AA,AA,GG,CC,GG,AA,GG,AA,AA,CC,GG,GG,CC,TT,TC,CT,CC,CG,TT,GA,TT,CC,GG,CG,AG,AC,TA,CT,CA,GC,GG,CT,GA,,,GC,TC,GG,GG,AG,GA,CC,CT,CC,GG,CC,AG,GG,CT,GG,TT,GG,GG,TC,AC,AA,GC,TT,AG,AA,TC,TC,4G4G,AA,GG,CC,AA,GG,CC,GG,CC,GG,CC,AA,CC,CG,,,CG,GG,TT,AA,TT,TT,TT,GG,CC,CT,GA,CC,CG,AA,CT,TT,CC,TT,CC,GT,AG,CC,GT,TC,GT,CT,GG,CC,GG,AA,GT,CC,TT,AA,TT,TT,GA,GA,TT,TT,,,,,,,0.0,WV,02-1,Female,37.0,Caucasian,15.0,32.5,17.5,116.7,15.0,20.0,5.0,33.3,152.0,68.0,23.109,110.0,70.0,84.0,12.5,23.33,11.33,20.67,R,153.0,68.0,23.261,10.5,-5.462852190698764,-0.5279184183359064
WV-1214,CA,DD,CC,GG,CC,AA,,AG,,CC,TT,GG,TT,AG,GT,CC,CC,TA,CT,TT,GG,CC,CT,TT,CC,CG,GG,GT,GA,GG,CC,TT,GG,GG,AA,GG,GG,CC,GG,GA,,GG,CC,AA,CC,CC,GG,GG,GG,AA,,"+9, +9",AA,TT,TC,TT,AA,TA,CC,,,,,,,,,AA,TT,CG,AG,CG,GG,TT,CC,CC,CC,CC,GG,GA,AG,AA,TC,AC,GG,AT,TT,AA,GG,GA,AT,TT,GG,TC,CT,CC,CC,,,,,,AA,GG,CC,GG,AA,GG,AA,AA,CC,GG,GG,CT,TT,TT,CC,CC,CG,TT,GG,AT,AA,,,AG,AC,TA,CC,CA,GC,,TT,GG,,,GG,TC,GA,GG,AG,AA,CC,CC,,,CC,GG,GG,CC,GG,GT,GA,GG,TT,AA,AA,GC,TT,AA,AG,TC,TC,4G5G,AA,GG,CC,AA,GG,CC,GG,CC,,TT,AA,CT,CC,,,CC,GG,TT,AA,CT,CT,TT,GG,CC,CC,GG,CG,CC,AA,CT,TT,CC,TT,CC,TT,GG,CT,GT,TC,GT,CT,GG,CC,GA,AA,GG,CC,TT,AA,TT,TT,GG,GG,TT,TT,,,,,,,0.0,WV,02-1,Male,27.0,Caucasian,35.0,47.5,12.5,35.7,40.0,45.0,5.0,12.5,196.0,75.0,24.496,110.0,84.0,75.0,5.5,14.83,4.5,12.67,R,198.0,75.0,24.746,6.0,-3.653881759588909,-0.4559736090104166
WV-1215,CC,DD,CT,GA,TC,GA,,,,CC,,,TT,AG,GT,CC,CC,TA,CT,TT,GG,CC,CT,CT,CC,CG,GG,GT,GG,GG,TC,AT,GG,GA,AG,GA,,CT,TT,GA,,,CC,AA,CC,CC,GG,GG,GG,AA,CC,"-9, +9",AG,CT,TC,CC,AC,,TT,GG,CC,GG,TT,CC,AA,CC,GG,GG,CC,CG,AG,,GG,,,CT,CC,CC,GG,GG,AG,,,,,TT,CT,AA,GG,,,,,TT,CC,,,GG,TT,CC,GG,AA,,,CC,GG,,,,,,,,CT,,TC,CC,,,,,,,GG,CG,,,,,CA,GG,GG,CT,,,,,,,,,,,CC,CC,GG,,GG,GG,CC,GG,GG,,,,,,,,,,,TC,4G5G,,,,,,,,,GA,,,CC,,,,CC,AA,,,,,,,,,,,CC,,,CT,CT,,,GG,AA,CC,TT,TT,TT,TT,GG,,,AA,GG,CC,TT,AA,TT,,,,TT,,,,,,,,0.0,WV,02-1,Female,20.0,Caucasian,12.5,22.5,10.0,80.0,17.5,20.0,2.5,14.3,90.0,60.0,17.575,110.0,72.0,72.0,5.0,11.5,5.83,10.17,L,86.0,60.0,16.794,4.25,-2.9738720198331814,2.129113182972712
WV-1216,CC,II,CC,GG,CC,AA,,GG,,CC,TT,GG,TT,GG,GG,CC,CC,TT,TT,TT,GG,CC,TT,CT,CC,CC,GG,TT,GA,GG,TC,AT,GA,GA,AG,GA,GA,CT,GT,GA,,GG,CC,AA,CT,CC,AG,GG,GG,AA,CT,"-9, +9",GG,CT,TT,CT,AA,AA,TT,GG,CC,GG,TT,CC,AA,CC,GG,AA,CC,CG,AG,CC,GA,TT,CC,CC,TC,CC,GG,GA,AA,AA,TC,AC,GA,AT,TT,AA,GG,GG,AA,AT,GG,TC,CT,CC,CC,GG,TT,CC,GG,AA,AA,GG,CC,GA,AA,GG,AA,AA,CC,GG,GG,CC,TT,TC,CT,CC,CG,TT,GA,AT,CA,GG,CC,AA,CC,TA,CT,CA,GC,GG,TT,GA,,,GG,CC,GG,GG,AA,GG,CC,CC,CA,GG,CT,GG,GT,CC,GG,GG,GG,AA,CC,CC,AA,GG,TT,GG,AA,TT,CC,4G5G,AA,GG,CT,AA,GG,CC,AG,CC,GA,TT,AG,CC,CC,,,CC,GA,CT,GG,TT,TT,TT,GG,CC,CT,GA,CG,CG,AA,CC,CC,CT,TT,CC,GG,AA,CT,GG,CC,GG,CC,GG,CC,AA,AA,GG,CC,TT,AA,TT,CT,GA,GA,TC,TT,,,,,,,0.0,WV,02-1,Male,19.0,Caucasian,35.0,47.5,12.5,35.7,35.0,40.0,5.0,14.3,135.0,70.0,19.368,118.0,64.0,68.0,3.0,6.67,3.0,5.0,R,131.0,70.0,18.794,4.17,-2.808134955817359,4.046100039726034
WV-1217,CA,ID,CT,GA,TC,GA,,AG,,CC,TT,GG,TT,AG,GT,CC,CC,TA,CT,TT,GG,CC,CT,CT,CC,GG,GG,GT,GG,GG,TC,AT,GG,GA,AG,GA,GG,CC,GT,GA,,GG,CC,AA,CC,CC,GG,GA,GG,AA,CC,"-9, -9",GG,TT,TT,TT,AA,TT,TT,GG,CC,GG,TT,CC,AA,CC,GG,AA,TT,CG,AG,CG,GG,TC,CG,CT,CC,CC,GG,GA,AG,AG,TC,AA,GG,,CT,AA,GG,GG,AA,AT,GG,TC,CT,CC,CC,GG,TT,CC,GG,AA,AA,GG,CC,GG,AA,GG,AA,AA,CC,GG,GG,CT,TT,TT,CC,CC,CG,TT,GA,TT,CC,GG,GG,GG,AA,AA,CC,AA,GG,GG,CT,GG,,,GG,CC,GA,GG,AG,GA,CC,CC,AA,GG,CT,GG,TT,CT,GG,GG,GG,,TC,AC,AA,GG,TT,AA,AG,TC,TC,4G4G,AA,GG,CC,AA,GA,CC,GG,CC,GG,CC,AA,CT,CC,,,CC,GG,CT,AA,CT,CT,TT,GG,CC,CC,GG,CG,CC,AA,TT,CC,CC,TT,CC,GT,AG,CC,GG,CC,GG,CC,GG,CC,GA,AA,GG,CC,TT,AA,TT,CT,GA,GA,TC,TT,,,,,,,0.0,WV,02-1,Female,22.0,Caucasian,15.0,25.0,10.0,66.7,20.0,20.0,0.0,0.0,136.0,69.0,20.081,115.0,64.0,84.0,7.67,22.5,9.5,20.33,R,135.0,69.0,19.934,7.67,-2.355340982546247,1.484665917594078
WV-1218,CA,ID,CC,GG,CC,AA,,GG,,CA,TT,GG,TT,AG,GT,CC,CC,TA,CT,TT,GG,CC,CT,TT,CC,CG,GG,GT,GA,GG,CC,TT,GG,GA,AG,GA,GA,CT,GG,GA,,GG,CC,AA,CC,CC,GG,GA,GG,AA,CC,"-9, +9",AG,TT,TT,TT,AA,TT,CC,GG,CC,GG,TT,CC,AG,CC,GG,AG,CT,GG,GG,CC,GA,TT,CC,CC,TC,CC,GA,GG,AG,AG,TC,CC,GG,AT,CT,AG,GG,GG,AA,TT,GG,TC,CC,CC,CC,GG,TT,CC,GG,AA,AA,GG,CT,GG,TA,GG,AA,AA,CC,GG,GG,CC,TT,TC,CC,CC,CC,TT,GA,AT,CA,GG,GG,AA,CC,TA,CC,CC,GC,GG,CC,GG,,,GG,TC,GA,GG,GG,GA,CC,CC,CC,GT,TT,GG,GG,CT,GT,GT,GG,GG,TC,AC,AA,GC,TC,AG,AG,TT,TC,4G4G,AA,GG,CC,AA,GA,CC,GG,CC,GA,CC,AG,CC,CC,,,CC,GA,TT,AA,CT,CC,TC,GA,CC,CC,GG,CG,CC,AA,TT,CT,CC,TT,CT,GG,AA,CC,GT,TC,GT,CC,GA,CC,AA,AA,GT,CC,GT,AG,,CT,GA,GA,TC,TT,,,,,,,0.0,WV,02-1,Male,24.0,Caucasian,40.0,57.5,17.5,43.8,40.0,45.0,5.0,12.5,212.0,73.0,27.967,112.0,44.0,92.0,12.67,31.0,13.17,28.17,L,205.0,73.0,27.044,11.67,-1.49180912599742,1.3472235922566254
WV-1219,CA,ID,TT,AA,TT,GG,,AA,,CC,TT,GG,TT,AA,TT,CC,CC,AA,CC,TT,GG,CC,CC,TT,CC,GG,GG,GG,GG,GG,CC,AT,GG,GG,AG,GA,GG,CC,GG,GA,,GG,CC,AA,CC,CT,GG,GA,GG,AA,CT,"+9, +9",AA,CT,TT,TT,AA,TA,TC,GG,CC,GG,TT,CC,AG,CT,GG,AA,TT,CG,AG,CG,GG,TC,CG,TT,CC,CC,GG,GA,AA,AA,TT,AA,GA,AA,TT,AA,GG,GG,AA,TT,GG,TC,CC,CC,CC,GG,TT,CC,GG,AA,AA,GG,CC,GG,AA,GG,AA,AA,CC,GG,GG,CC,TT,TC,CC,CC,CC,TT,GG,AA,CA,GG,CG,AA,CC,TA,CT,CC,CC,GG,CC,GA,,,,CC,GG,GG,AA,AA,CC,CC,CC,GG,CC,GG,GG,CT,GT,GT,GG,AA,CC,CC,AA,GC,TT,AA,AA,TC,TT,4G4G,AA,GG,CC,AA,GA,CC,GG,CT,GA,CC,AG,CC,CC,,,CC,AA,TT,AA,CT,CT,TT,GG,CC,CT,GA,CC,CG,AA,TT,,CT,TT,CC,GG,AA,CC,GT,TC,GT,CT,GA,CC,GG,AA,GG,CC,TT,AA,TT,CT,GG,GA,TC,TT,,,,,,,0.0,WV,02-1,Female,20.0,Caucasian,20.0,27.5,7.5,37.5,20.0,22.5,2.5,12.5,140.0,63.5,24.408,90.0,62.0,66.0,19.33,28.33,20.0,27.33,L,145.0,63.5,25.28,12.0,-0.8149593500792054,0.0863455663298722
WV-1220,,,,,,,,,,,,,,,,,,,,,,,,,,,,,,,,,,,,,,,,,,,,,,,,,,,,,,,,,,,,,,,,,,,,,,,,,,,,,,,,,,,,,,,,,,,,,,,,,,,,,,,,,,,,,,,,,,,,,,,,,,,,,,,,,,,,,,,,,,,,,,,,,,,,,,,,,,,,,,,,,,,,,,,,,,,,,,,,,,,,,,,,,,,,,,,,,,,,,,,,,,,,,,,,,,,,,,,,,,,,,,,,,,,,,,,,,,,,,,,,,,,,,,,,,,,,,,,4.144103703791282e-17,-1.0900765763055393e-17
WV-1221,CA,II,CC,GG,CC,AA,,GG,,CC,TT,GG,TT,AA,TT,CC,CC,AA,CC,TT,GG,CC,CC,TT,CC,GG,GG,GG,GG,GG,CC,TT,GA,GG,AA,GG,GG,CC,TT,GG,,GG,CC,AA,CC,CC,GG,GG,GG,AA,CC,"+9, +9",GG,CT,TC,TT,AA,TA,TC,GG,CC,GG,TT,CC,AA,CC,GG,AA,CT,GG,GG,CG,GG,TT,CC,CC,TT,CC,GG,GG,AA,AA,TT,AC,GA,TT,CC,AG,GG,GG,AA,AT,GG,TT,CC,CC,CC,GG,TT,CC,GG,AA,AA,GG,TT,GG,TA,GA,AA,AA,CC,GA,GG,CC,TT,TC,CC,CC,CC,TT,AA,AA,CC,GC,GG,AG,AC,TA,CT,CA,GG,GG,CC,GA,,,GC,TC,GG,GG,AA,GA,CG,CC,CC,GG,CT,GG,GG,CC,GG,GG,GG,GG,TC,AC,AA,GC,TT,AA,AG,TT,TC,5G5G,AA,GG,CC,AA,GG,CC,GG,CC,GG,TT,AG,CC,CC,,,CC,GG,CT,AA,TT,TT,TT,GG,CC,CT,GA,CG,CG,AA,CC,CT,CC,TT,CC,GG,AA,CC,GG,CC,GG,CC,GG,CC,GA,AC,GT,CC,TT,AA,CT,CT,GG,GA,TC,TT,,,,,,,0.0,WV,02-1,Female,23.0,Caucasian,20.0,25.0,5.0,25.0,20.0,20.0,0.0,0.0,133.0,66.0,21.464,112.0,72.0,74.0,10.83,17.83,11.83,16.0,R,131.0,66.0,21.142,8.83,-0.5797802553919841,-1.2005203421855835
WV-1222,CC,ID,TT,AA,TT,GG,,AG,,CA,TT,GG,TT,AA,TT,CC,CC,AA,CC,TT,GG,CC,CC,TT,CC,GG,GG,GG,GG,GG,CC,TT,GA,GG,AA,GG,GA,CT,GT,GA,,GG,CC,AA,CT,CC,AG,GG,GG,AA,CC,"-9, +9",GG,TT,CC,TT,AC,TA,CC,GG,CC,GG,TT,CC,AG,CT,GG,GG,CC,GG,GG,CC,GG,TT,CC,TT,CC,CC,GA,GG,AG,AG,TC,AA,GA,TT,TT,AA,CG,GG,AA,AT,GG,TC,CT,CC,CC,GG,TT,CC,GG,AA,AA,GG,CT,GG,AA,GG,AA,AA,CC,GG,GG,CT,TT,TT,CT,CC,CG,TT,GA,AA,CC,GG,CG,AG,AC,TT,CC,CA,GG,GG,CC,GA,,,GG,CC,GG,GG,AA,AA,CC,CT,CC,GG,CT,AG,GG,CT,GG,GG,GG,GA,TC,AC,AG,GC,TT,AA,AG,TT,TC,4G5G,AA,GG,CT,AA,GG,CC,AG,CC,GG,CC,AA,CC,CG,,,CC,GG,TT,AA,CT,CT,TT,GG,CC,CC,GG,GG,CC,AA,TT,CT,CC,TT,CC,GT,AG,CC,GG,CC,GG,CC,GG,CC,AA,AC,TT,CC,GT,AG,TT,TT,GG,GG,TT,TT,,,,,,,0.0,WV,02-1,Female,19.0,Caucasian,17.5,30.0,12.5,71.4,17.5,30.0,12.5,71.4,150.0,66.0,24.208,138.0,78.0,100.0,6.83,14.33,6.67,14.0,R,150.0,66.0,24.208,7.17,-0.6358190519015778,-1.8094185460217322
WV-1223,CA,ID,TT,AA,TT,GG,,GG,,CC,TT,GG,TT,AG,GT,CC,TC,TA,CC,GT,AG,CT,CC,TT,CG,CG,GG,GG,GG,GA,CC,AT,GG,GA,AG,GA,GG,CC,GT,GA,,GG,CC,AA,CC,CC,GG,GA,GG,AA,CC,"-9, +9",AG,CT,TT,CT,AA,TT,TT,GG,CC,GG,TT,CC,AA,CC,GG,AG,CC,CG,AG,CC,GG,TT,CC,TT,CC,GG,GG,GA,AA,AA,TT,AC,GA,TT,CT,AA,CG,GA,AT,AA,GG,TC,CC,CC,CC,GG,TT,CC,GG,AA,AA,GG,TT,GG,TA,GG,AA,AA,CC,GG,GG,CT,TT,TT,CT,CC,CC,TT,GA,AA,CC,GG,CG,AA,CC,AA,CT,CC,GG,GG,CT,GA,,,GG,CC,GG,GG,AA,GA,CC,TT,CA,GG,TT,AA,GT,CC,GG,GG,GG,GG,CC,CC,AA,GG,TT,AG,AG,TT,TT,5G5G,AA,GG,CC,AA,GA,CC,GG,CC,GG,TT,AA,CC,CC,,,CC,GG,TT,GA,TT,TT,TT,GG,CC,CC,GG,CG,CC,AA,TT,,CT,TT,CC,GG,AA,CT,GT,TC,GT,CT,GG,CC,AA,AA,GT,CC,GT,AG,CC,CT,GG,GA,TC,TG,,,,,,,0.0,WV,02-1,Female,29.0,Caucasian,12.5,25.0,12.5,100.0,17.5,25.0,7.5,42.9,123.0,60.0,24.019,78.0,58.0,76.0,9.5,24.17,10.17,22.5,L,120.0,60.0,23.433,9.0,1.6561343557703372,-1.8663776895823558
WV-1224,CA,ID,TT,AA,TT,GG,,GG,,CA,TT,GG,TT,AG,,CC,CC,TA,CT,TT,GG,,CT,,,,,GT,GG,GG,,,,GA,,,GG,CC,GT,GA,,GG,CC,AA,CT,CC,AG,GG,GG,AA,,"+9, +9",AG,CT,TT,CT,AC,TT,CC,,,,,,,,,GG,CT,GG,GG,CG,GA,TT,CC,TT,TC,CC,GA,GA,AG,AG,TC,AA,GA,,CT,AA,GG,GG,AA,AA,GG,TT,,CC,CC,,,,,,AA,GG,CC,GG,TA,GA,AA,AA,CC,GA,GG,CC,TT,TC,CT,CC,CG,TT,GA,AA,CC,,,AG,AC,TA,CT,CA,CC,GC,CT,GG,,,GG,TC,GG,GG,AA,GA,CC,CC,,,CC,GG,GG,CC,GG,GG,GA,GA,TC,AC,AA,GG,TT,,AA,TT,TC,4G4G,AA,GG,CT,AA,GG,CC,AG,CC,,CC,AA,CC,CC,,,CG,GA,CC,GG,CT,,TC,,CC,CC,GG,GG,CC,AA,CT,,CC,TT,CC,,,CT,GG,CC,GG,CC,GG,CC,GA,AA,GG,CC,TT,AA,CT,CT,AA,GA,TC,TT,,,,,,,,,,,,,,,,,,,,,,,,,,,,,,,,,,,,-0.8651637236134996,-0.5967483409320908
WV-1225,CA,II,TT,AA,TT,GG,,GG,,CA,TT,GG,TT,GG,GG,CC,CC,TT,TT,TT,GG,CC,TT,CC,CC,CC,GG,TT,GG,GG,TT,AA,GG,AA,GG,AA,GG,CC,TT,GG,,GG,CC,AA,CC,CC,GG,GA,GG,AA,CC,"-9, +9",GG,TT,TC,CT,AA,AA,TT,GG,CC,GG,TT,CC,AA,CC,GG,AG,CC,CG,AG,CC,GG,TT,CC,TT,TC,CC,GA,GG,AG,AG,TC,AC,GG,AT,CT,AA,CG,GA,AT,AT,GG,TT,CT,CC,CC,GG,TT,CC,GG,AA,AA,GG,CT,GG,TA,GG,AA,AA,CC,GG,GG,CC,TT,TC,CT,CC,CG,TT,GA,AT,CC,GG,CG,GG,AA,AA,CC,AA,GC,GC,CC,GA,,,GG,TC,GG,GG,AA,GA,CG,CC,CC,GG,TT,GG,GG,CT,GT,GG,GA,GG,TC,AC,AA,GG,TC,GG,AA,TT,TC,4G4G,AA,GG,CC,AA,GA,CC,GG,CC,GG,CC,AG,CT,CC,,,CC,GG,CT,AA,TT,TT,TT,GG,CC,CC,GG,CG,CC,AA,CT,,CT,TT,CT,GT,AG,TT,GG,CC,GG,CT,GA,CC,GA,AA,GG,CC,TT,AA,CC,TT,GA,GG,TT,TT,,,,,,,0.0,WV,02-1,Female,20.0,Caucasian,20.0,25.0,5.0,25.0,20.0,22.5,2.5,12.5,124.0,68.0,18.852,110.0,60.0,78.0,5.0,16.67,6.33,16.83,R,124.0,68.0,18.852,5.0,-2.5065440405282304,2.7666394095521065
WV-1226,,,,,,,,,,,,,,,,,,,,,,,,,,,,,,,,,,,,,,,,,,,,,,,,,,,,,,,,,,,,,,,,,,,,,,,,,,,,,,,,,,,,,,,,,,,,,,,,,,,,,,,,,,,,,,,,,,,,,,,,,,,,,,,,,,,,,,,,,,,,,,,,,,,,,,,,,,,,,,,,,,,,,,,,,,,,,,,,,,,,,,,,,,,,,,,,,,,,,,,,,,,,,,,,,,,,,,,,,,,,,,,,,,,,,,,,,,,,,,,,,,,,,,,,,,,,,,,4.144103703791282e-17,-1.0900765763055393e-17
WV-1227,AA,II,CT,GA,TC,GA,,AA,,CC,TT,GG,,AG,GT,CC,CC,,CT,,GG,CC,CT,TT,CC,CG,GG,TT,GG,GG,TC,AT,GA,GA,AG,GA,GG,CC,GT,GA,,,CC,AA,CC,CC,GG,GG,GG,AA,CT,"-9, +9",AG,TT,TT,TT,AC,TA,TT,GG,CC,GG,TT,CC,AA,CC,GG,GG,CC,GG,GG,CG,GG,,,CT,CC,CC,GG,GG,AA,AA,TT,AC,GG,AT,CT,AG,GG,GG,AA,AT,GG,TT,CC,CG,CT,GG,TT,CC,GG,AA,AA,GG,CC,GG,AA,GG,AA,AA,CC,GG,GG,CT,TT,TC,CC,CC,CC,TT,GA,AT,CC,GG,CG,AG,AC,TT,CC,AA,GC,GG,CT,GG,,,GG,CC,GG,GG,AA,GG,CC,CC,CC,GG,CT,GG,GG,CC,GT,GT,GG,GA,TC,AC,AA,GC,TT,AA,AG,TT,TC,4G4G,AA,,CC,AA,GG,CC,,CC,GG,CT,,CC,CC,,,CC,GG,,GA,TT,TT,TT,GG,CC,CC,GG,CC,CC,AA,TT,,CC,TT,CC,TT,GG,CT,GG,TC,GG,CT,GG,TT,,AC,GT,CT,GT,AG,,CT,GG,GA,TC,TT,,,,,,,0.0,WV,02-2,Male,38.0,Caucasian,37.5,50.0,12.5,33.3,45.0,40.0,-5.0,-11.1,172.0,70.0,24.677,120.0,82.0,76.0,3.83,15.67,4.0,15.5,R,172.0,70.0,24.677,5.0,-1.3818659632690993,0.923436913443011
WV-1228,CC,ID,TT,AA,TT,GG,,AG,,CA,TT,GG,TT,AA,TT,CC,CC,,CC,TT,GG,CC,CC,TT,CC,GG,GG,GG,GG,GG,CC,AT,GG,GA,AG,GA,GG,CC,GG,GA,,GG,CC,AA,CC,CC,GG,AA,GG,AA,CC,"-9, -9",AA,CC,TT,CT,AC,TT,TC,GG,CC,GG,TT,CC,AA,CC,GG,AA,TT,CG,AG,GG,GG,TT,CC,TT,CC,CG,GA,GA,AA,AA,TT,AA,AA,AT,CC,AA,CG,GA,AT,TT,GG,TT,CT,CC,CC,GG,TT,CC,GG,AA,AA,GG,CT,GG,AA,GG,AA,AA,CC,GG,GG,CC,TT,TC,CC,CC,CC,TT,GA,AA,CA,GG,GG,AG,AC,TA,CT,CA,GC,GG,CT,GA,,,GG,CC,GG,GG,AG,GA,CC,CC,CC,GG,TT,GG,GG,CC,GT,GG,GG,GG,TT,AA,AA,GG,TT,AA,AA,TT,TT,4G5G,AA,GG,CC,,AA,CC,GG,CC,GG,TT,AG,CC,CC,,,CC,GG,CT,AA,CT,CT,TT,GG,CC,CC,GG,CG,CC,AA,CT,TT,CT,TT,CC,GG,AA,CC,GG,CC,GG,CC,GA,CC,GA,AC,TT,CC,TT,AA,,TT,GA,GG,TT,TT,,,,,,,0.0,WV,02-2,Female,24.0,Caucasian,27.5,37.5,10.0,36.4,27.5,32.5,5.0,18.2,124.0,66.0,20.012,138.0,72.0,100.0,8.17,19.5,10.5,18.5,R,125.0,66.0,20.173,8.33,-1.1596101205537253,-2.4152014322363513
WV-1229,CA,DD,CC,GG,CC,AA,,AA,,CA,TC,GA,TT,AG,GT,CC,CC,TA,CT,TT,GG,CC,CT,CT,CC,CG,GG,GT,GG,GG,CC,AT,GG,GA,AG,GA,AA,TT,GG,GA,,GG,CC,AA,CC,CC,GG,GG,GG,AA,CC,"-9, +9",AA,TT,TT,TT,AC,TA,TT,GG,CC,GG,TT,CC,AA,CC,,GG,CC,CG,GG,CG,GG,TT,CC,CC,TC,CG,GA,GG,AG,AG,TC,AC,GG,TT,CT,AA,GG,GA,AT,AA,GG,TC,TT,CC,CC,GG,TT,CC,GG,AA,AA,GG,CT,GG,TA,GG,AA,AA,CC,GA,GG,CC,TT,TC,CT,CT,CC,TT,GA,AA,CA,GG,CC,AA,CC,AA,TT,CC,GC,GG,CC,GA,,,GG,CC,GG,GG,AA,GA,CC,CT,CA,GG,,AG,GT,CC,GT,GG,GG,GA,CC,CC,AA,GG,TT,AG,AA,TT,CC,4G5G,AA,GG,CC,AA,GG,,GG,CC,GA,CC,AG,CC,CG,,,CC,GA,CT,AA,TT,TT,TT,GG,CC,CC,GG,CC,CG,AC,TT,CC,CC,TT,CC,TT,GG,CC,GT,TC,GT,CT,GG,CC,AA,AA,GG,CC,TT,AA,,CT,GA,GA,TC,TT,,,,,,,0.0,WV,02-2,Female,23.0,Caucasian,20.0,27.5,7.5,37.5,17.5,22.5,5.0,28.6,136.0,64.0,23.342,120.0,58.0,68.0,13.0,30.33,18.5,29.33,L,138.0,64.0,23.685,15.5,-1.8219605118342226,2.8355574037200646
WV-1230,CA,ID,CC,GG,CC,AA,,GG,,CA,TT,GG,TT,AG,GT,CC,CC,TA,CT,TT,GG,CC,CT,CT,CC,CG,GG,GT,GG,GG,CC,TT,GG,GG,AA,GG,GG,CC,TT,GG,,GG,CC,AA,CT,CC,AG,GG,GG,AA,CC,"-9, -9",AA,TT,TT,CT,AA,TA,TT,GG,CC,GG,TT,CC,AG,CC,GG,AG,CC,CC,AG,CC,GG,TT,CC,CC,TT,CC,GA,GG,GG,GG,CC,AA,GA,AT,CT,AA,CG,GG,AA,AT,GG,TT,CC,CC,CC,GG,TT,CC,GG,AA,AA,GG,CC,GG,AA,GG,AA,AA,CC,GG,GG,CC,TT,TC,CT,CC,CG,TT,GA,AT,CC,GG,CG,AG,AC,TA,CT,CC,GC,GG,CC,GG,,,GG,CC,GA,GG,AG,GA,CC,CC,CC,GG,,GG,GG,CC,GT,GT,GA,GG,TT,AA,AA,GC,TC,GG,AA,TT,TT,5G5G,AA,GG,CT,AA,GG,CC,AG,CC,GG,CC,AA,CC,CC,,,CG,GG,TT,AA,CT,CT,TT,GG,CC,CC,GG,CG,CC,AA,TT,TT,CT,TT,CC,GG,AA,CC,GG,CC,GG,CC,GA,CC,AA,AC,GT,CC,TT,AA,,CT,GA,,TC,TT,,,,,,,0.0,WV,02-2,Female,20.0,Caucasian,17.5,27.5,10.0,57.1,20.0,20.0,0.0,0.0,129.0,60.0,25.191,114.0,79.0,96.0,12.17,29.33,15.17,28.5,R,129.0,60.0,25.191,15.33,-3.757378438931116,-1.1628697660041711
WV-1231,,,,,,,,,,,,,,,,,,,,,,,,,,,,,,,,,,,,,,,,,,,,,,,,,,,,,,,,,,,,,,,,,,,,,,,,,,,,,,,,,,,,,,,,,,,,,,,,,,,,,,,,,,,,,,,,,,,,,,,,,,,,,,,,,,,,,,,,,,,,,,,,,,,,,,,,,,,,,,,,,,,,,,,,,,,,,,,,,,,,,,,,,,,,,,,,,,,,,,,,,,,,,,,,,,,,,,,,,,,,,,,,,,,,,,,,,,,,,,,,,,,,,,,,,,,,,,,4.144103703791282e-17,-1.0900765763055393e-17
WV-1232,,,,,,,,,,,,,,,,,,,,,,,,,,,,,,,,,,,,,,,,,,,,,,,,,,,,,,,,,,,,,,,,,,,,,,,,,,,,,,,,,,,,,,,,,,,,,,,,,,,,,,,,,,,,,,,,,,,,,,,,,,,,,,,,,,,,,,,,,,,,,,,,,,,,,,,,,,,,,,,,,,,,,,,,,,,,,,,,,,,,,,,,,,,,,,,,,,,,,,,,,,,,,,,,,,,,,,,,,,,,,,,,,,,,,,,,,,,,,,,,,,,,,,,,,,,,,,,4.144103703791282e-17,-1.0900765763055393e-17
WV-1233,CA,DD,TT,AA,TT,GG,,AG,,CC,TT,GG,TT,AA,TT,CC,CC,AA,CC,TT,GG,CC,CC,TT,CC,GG,GG,GG,GG,GG,CC,TT,GA,GG,AA,GG,GA,CT,GT,GG,,GG,CC,AA,CC,CC,GG,GG,GG,AA,,"+9, +9",GG,CT,TC,CT,AC,TT,TT,,,,,,,,,AG,CT,GG,GG,CG,GG,TT,CC,TT,TC,CC,GG,GA,AG,GG,CC,AA,GA,AT,CC,AG,CG,GG,AA,TT,GG,TT,CT,CC,CC,GG,,,,,AA,GG,CC,GG,AA,GG,AA,AA,CC,GG,GG,CC,TT,TC,CC,CC,CC,TT,AA,AA,CC,,,AG,AC,TA,CT,CA,GC,GC,CT,GA,,,GG,CC,GG,GG,AA,GA,CC,CC,,,CT,GG,GG,CC,GG,GG,GA,GG,TC,AC,AA,GC,TT,AA,AG,TT,TT,4G5G,AA,GG,CC,AA,GG,CC,GG,CC,,CC,AA,CC,CC,,,CG,GG,CT,AA,TT,TT,TT,GG,CC,CC,AA,CC,GG,AA,TT,CC,CC,TT,CT,GG,AA,TT,TT,TT,TT,TT,GA,CC,GG,AC,GT,CC,TT,AA,,CT,GA,GA,TC,TT,,,,,,,0.0,WV,02-2,Female,24.0,Caucasian,17.5,27.5,10.0,57.1,22.5,25.0,2.5,11.1,124.0,65.0,20.632,102.0,68.0,72.0,7.17,19.67,9.33,19.33,R,125.0,64.0,21.454,7.33,-2.6605118120863165,0.6360390884823021
WV-1234,CC,ID,CT,GA,TC,GA,,AA,,CA,TT,GG,TT,AA,TT,CC,CC,AA,CC,TT,GG,CC,CC,TT,CC,GG,GG,GG,GG,GG,CC,TT,GG,GG,AA,GG,,CT,GT,GG,,GG,CG,AA,CC,CC,GG,GA,GG,AA,CC,"-9, +9",GG,CT,TC,CC,AA,AA,CC,GG,CC,GG,TT,CC,AA,CC,GG,AG,CC,CC,AA,CG,GG,TT,CC,CT,TC,CC,GA,GG,AG,AG,TC,CC,GG,TT,TT,AA,CG,GG,AA,AA,GG,TT,TT,CC,CT,GG,TT,CC,GG,AA,AA,GG,CC,GG,TA,GG,AA,AA,CC,,GG,CC,TT,TC,CC,CC,CG,TT,GG,AT,CC,GG,CG,AG,AC,TT,CC,CA,GC,GG,CC,GA,,,GG,TC,GG,GG,AG,GA,CC,CT,CC,GG,,AG,GG,CC,GG,GT,GG,GG,CC,CC,AA,CC,TT,AG,AG,TT,TT,4G4G,AA,GG,CC,AA,GA,CG,GG,CC,AA,TT,AG,CC,CC,,,CC,AA,CT,AA,CC,CC,TT,GG,CC,CC,GG,GG,CC,AA,CT,CC,CC,TT,CC,GT,AG,CC,GG,CC,GG,CC,GG,CC,GG,AA,GG,CC,TT,AA,,TT,GG,GG,TT,TT,,,,,,,0.0,WV,02-2,Female,22.0,Caucasian,20.0,30.0,10.0,50.0,22.5,22.5,0.0,0.0,130.0,65.5,21.302,100.0,58.0,68.0,6.0,18.17,6.0,18.33,R,130.0,65.6,21.237,7.5,-1.9010492461817856,-0.9629438277389097
WV-1235,CA,II,CT,GA,TC,GA,,AA,,CA,TT,GG,TT,GG,GG,CC,CC,TT,TT,TT,GG,CC,TT,CT,CC,CC,GG,TT,GG,GG,TT,AA,GG,AA,GG,AA,GG,CC,GT,GA,,GG,CC,AA,CC,CC,GG,GG,GG,AA,CT,"-9, +9",GG,CT,TC,CT,CC,TT,TT,GG,CC,GG,TT,CC,AA,CC,GG,GG,CC,GG,GG,CC,GG,,CC,CT,TC,CG,GA,GG,AG,AG,TC,AA,GA,AT,CT,AA,GG,GG,AA,AT,GG,TC,CC,CG,CC,GG,TT,CC,GG,AA,AA,GG,TT,GG,AA,GG,AA,AA,CC,GG,GG,CC,TT,TC,CT,CC,CG,TT,GG,AA,CA,GG,GG,AG,AC,TA,CC,CA,GG,GG,CT,AA,,,GC,TC,GG,GA,GG,GG,CC,CC,CC,GG,CT,GG,GG,CC,GG,GG,GG,GG,TT,AA,AA,GC,TT,AA,GG,TT,TC,4G5G,AA,GG,CC,AA,GG,CC,GG,CC,GA,CC,AG,CT,CC,,,CG,GA,TT,AA,CT,CT,TC,GA,CC,CC,GG,CG,CC,AA,CT,CT,CC,TT,CC,TT,GG,CC,GG,CC,GG,CC,GA,,AA,AA,GG,CC,TT,AA,,CT,GG,GA,TC,TT,,,,,,,0.0,WV,02-3,Male,39.0,Caucasian,32.5,37.5,5.0,15.4,37.5,37.5,0.0,0.0,200.0,74.4,25.4,120.0,84.0,64.0,4.17,13.17,4.17,11.5,R,198.0,74.4,25.146,4.67,-2.086581920161995,1.9194600373280648
WV-1236,AA,ID,CT,GA,TC,GA,,GG,,CC,TT,GG,TT,AA,TT,CC,CC,AA,CC,TT,GG,CC,CC,TT,CG,GG,GG,GG,GG,GG,CC,TT,GG,GG,AA,GG,GG,CC,GT,GA,,GG,CC,AA,CC,CC,GG,GG,GG,AA,CC,"+9, +9",GG,TT,TC,TT,AC,TT,TC,GG,CC,GG,TT,CC,AG,CT,GG,AG,CC,CG,AG,CG,GG,TT,CC,CT,TC,CC,GG,GA,AA,AA,TT,AC,GA,TT,TT,AA,GG,AA,TT,AA,GG,TC,CT,CC,CT,GG,TT,CC,GG,AA,AA,GG,CT,GA,AA,GG,AA,AA,CC,GG,GG,CC,TT,TC,CC,CC,CC,TT,AA,AA,CC,GC,CG,AG,AC,TA,CT,CA,GC,GC,TT,GA,,,GG,CC,GA,GG,GG,GG,CG,CT,CA,GG,TT,AG,GT,CC,GG,GT,GG,GG,TC,AC,AA,GC,TT,AA,AA,TT,TC,4G5G,AA,GG,CC,AA,GG,CC,GG,CC,GA,CC,AG,CC,CC,,,CC,GA,TT,AA,CT,CT,TT,GG,CC,CT,AA,CG,GG,AA,TT,TT,CT,TT,CC,GG,AA,CC,GG,CC,GG,CC,GG,CT,GA,AA,GG,CC,TT,AA,,CT,GG,GA,TC,TT,,,,,,,0.0,WV,02-3,Female,21.0,Caucasian,20.0,27.5,7.5,37.5,20.0,20.0,0.0,0.0,112.0,64.0,19.223,118.0,63.0,76.0,8.5,19.17,10.5,17.83,R,108.0,64.4,18.307,7.67,-0.8984866475303569,-0.10850724091089542
WV-1237,CC,ID,TT,AA,TT,GG,,GG,,CC,TT,GA,TT,AA,TT,CC,CC,AA,CC,TT,GG,CC,CC,TT,CC,GG,GG,GG,GG,GG,CC,AT,GG,GG,AG,GA,GG,CC,GG,AA,,GG,CC,AA,CC,CC,GG,GA,GG,AA,CC,"+9, +9",AG,TT,TT,TT,AA,AA,TT,GG,CC,GG,TT,CC,AA,CC,GG,GG,CT,GG,GG,CG,GG,TT,CC,TT,TC,CC,GG,GG,GG,GG,CC,AA,GG,TT,CT,AA,GG,GG,AA,AT,GG,TC,CC,CC,CT,GG,TT,CC,GG,AA,AA,GG,CC,GA,TA,GG,AA,AA,CC,GG,GG,CC,TT,TC,CC,CC,CC,TT,AA,AA,CC,GG,GG,AA,CC,TT,CC,CA,GC,GG,CT,GA,,,GC,TC,GG,GG,AG,GA,CG,CT,CC,TT,CT,AG,GG,CC,GT,GT,GG,GA,CC,CC,AA,GG,TT,AA,AG,TT,CC,4G5G,AA,GG,CC,AA,GA,CC,GG,CC,GG,CC,AG,CC,CC,,,CC,GG,CC,GA,CT,CT,TT,GG,CC,CT,GA,CG,CG,AA,CC,CT,CT,TT,TT,GG,AA,CC,GT,TC,GT,CT,GA,CT,GG,AC,GT,CC,TT,AA,,CT,AA,GA,TC,TT,,,,,,,0.0,WV,02-3,Male,39.0,Caucasian,32.5,35.0,2.5,7.7,32.5,35.0,2.5,7.7,210.0,70.0,30.129,128.0,82.0,60.0,11.33,27.67,10.33,24.5,R,212.0,70.0,30.416,12.83,-0.33776267207619054,1.0905234744815484
WV-1238,CC,ID,CT,GA,TC,GA,,GG,,AA,TT,GG,TC,AG,GT,CC,TC,TA,CC,GT,AG,CT,CC,TT,CG,CG,GG,GG,GG,GA,CC,AT,GA,GA,AG,GA,GG,CC,GT,GA,,GG,CC,AA,CT,CT,AG,GG,GG,AA,CC,"-9, -9",AA,CT,TT,CT,AA,TA,TC,GG,CC,GG,TT,CC,AA,CC,GG,GG,CC,GG,GG,CC,GG,,,CT,CC,CC,AA,GG,GG,GG,CC,AC,GG,AA,TT,AG,GG,GG,AA,AT,GG,TC,TT,CG,CC,GG,TT,CC,GG,AA,AA,GG,CT,GA,AA,GG,AA,AA,CC,GG,GG,CT,TT,TT,CT,CC,CG,TT,GG,AA,CC,CC,GG,GG,AA,TA,CC,AA,GC,GG,CC,GG,,,GG,TC,GG,GG,AA,GG,CG,CC,CC,GG,CT,GG,GG,CC,GT,GG,GG,GG,CC,CC,AA,CC,TT,AG,AA,CC,TT,5G5G,AA,GG,CT,AA,GG,CC,AG,CT,AA,CT,AA,CT,CC,,,CG,AA,,GA,CC,CC,TC,GA,CC,TT,AA,CC,GG,AA,TT,TT,CC,TT,CC,GG,AA,CC,GG,CC,GG,CC,GA,TT,,AC,GT,CC,TT,AA,,TT,GG,GG,TT,TT,,,,,,,0.0,WV,02-3,Male,21.0,Caucasian,12.5,17.5,5.0,40.0,10.0,12.5,2.5,25.0,133.0,65.0,22.13,102.0,70.0,72.0,10.0,23.0,9.17,21.83,L,125.0,65.0,20.799,9.5,4.787724339991048,-3.7788222506228264
WV-1239,CA,DD,CC,GG,CC,AA,,GG,,CC,TT,GA,TT,AG,,CC,CC,TA,CT,TT,GG,,CT,,,,,GT,GG,GG,,,,GA,,,GA,CT,GT,GG,,GG,CC,AA,CC,CC,GG,GG,GG,AA,,"+9, +9",AA,TT,TT,TT,AA,AA,TT,,,,,,,,,AA,TT,GG,GG,GG,GA,TT,CC,CC,TC,CC,GG,GG,GG,AG,CC,CC,AA,,CC,AA,GG,GG,AA,AT,GG,CC,,CC,CC,,,,,,AA,GG,CC,GG,AA,GG,AA,AA,CC,GG,GG,CC,TT,TC,CT,CT,CG,TT,GG,AA,CC,,,AG,AC,TA,CT,CA,GG,GG,CT,GA,,,GG,CC,GG,GG,GG,GG,CG,CT,,,CC,AG,GG,CC,GT,GG,GG,GA,CC,CC,AA,GG,TC,AG,AG,TC,CC,4G4G,AA,GG,CC,AA,GG,CC,GG,CC,,CC,AG,CC,CC,,,CG,GA,TT,AA,CT,CT,TT,GG,CT,CC,GG,CG,CC,AA,TT,CT,TT,TT,CC,,,CC,GT,TC,GT,CT,GG,CC,GA,AA,GG,CC,TT,AA,,CC,AA,AA,CC,TT,,,,,,,,,,,,,,,,,,,,,,,,,,,,,,,,,,,,-3.1017030274639454,1.3234416947026355
WV-1240,CA,DD,CT,GA,TC,GA,,,,CC,TT,GG,TT,AG,GT,CC,TC,TA,CC,GT,AG,CT,CC,TT,CG,GG,GG,GG,GG,GA,CC,TT,AA,GG,AA,GG,GG,CC,GG,GG,,GG,CC,AA,CC,CC,GG,GA,GG,AA,CC,"-9, -9",AG,CT,TC,CT,AC,TT,TT,GG,CC,GG,TT,CC,AA,CC,GG,GG,CC,CG,AG,CC,AA,TT,CC,CT,TC,CG,GG,GG,AG,AG,TC,AC,GA,TT,CT,AA,GG,GA,AT,AT,GG,TC,TT,CC,TT,GG,TT,CC,GG,AA,AA,GG,CT,GG,TA,GG,AA,AA,CC,GG,GG,CC,TT,TC,CT,CC,GG,TT,GA,AA,CC,GG,GG,AG,AC,AA,CC,CA,GC,GG,CT,GG,,,GC,TT,GG,GG,AA,AA,CC,CT,CC,GG,CC,AG,GG,CC,GG,GG,GG,GG,CC,CC,AA,CC,TT,GG,AA,TT,TC,4G5G,AA,GG,CC,AA,GA,CC,GG,CC,GA,CC,AG,CT,CG,,,CC,GA,TT,GA,CT,CT,TT,GG,CC,CC,GG,CC,CG,AC,CT,CT,TT,TT,CT,GG,AA,CT,GG,CC,GG,CC,GG,CC,GA,AC,TT,CC,GT,AG,,TT,GA,GG,TT,TT,,,,,,,0.0,WV,02-3,Male,22.0,Caucasian,25.0,32.5,7.5,30.0,27.5,30.0,2.5,9.1,175.0,73.0,23.086,120.0,78.0,74.0,3.0,9.5,4.33,8.17,R,170.0,73.0,22.426,3.33,2.0670960327804617,-4.607489878239006
WV-1241,CC,ID,CC,GG,CC,AA,,AA,,CC,TT,GG,TT,AG,GT,CC,CC,TA,CT,TT,GG,CC,CT,CT,CC,CG,GG,GT,GG,GG,TC,AT,GG,GA,AG,GA,GG,CC,TT,GG,,GG,CC,AA,CC,CC,GG,GG,GG,AA,,"+9, +9",AA,CT,TT,CT,AA,TA,TT,,,,,,,,,AG,CT,CG,GG,CC,GG,TT,CC,CC,TT,CC,GG,GG,GG,GG,CC,AA,GG,AT,TT,AA,CG,GG,AA,TT,GG,TT,CC,CC,CC,,,,,,AA,GG,CC,GG,AA,GG,AT,AA,CC,GG,GG,CC,TT,TC,CC,CC,CG,TT,AA,AA,CC,,,AA,CC,TA,CT,CC,CC,GG,CT,GG,,,GG,CC,GG,GG,AA,GG,CC,CC,,,CT,GG,GG,CC,GG,GT,GA,GA,TC,AC,AA,CC,TT,AA,GG,TT,TT,4G5G,AA,GG,CC,AA,GG,CC,GG,CC,,CC,AA,CT,CC,,,CG,GA,CT,AA,CC,CC,TT,GG,CC,CT,GA,CG,CG,AA,CT,CT,CC,TT,CC,TT,GG,CC,GG,CC,GG,CC,GG,CC,GA,AA,GG,CC,TT,AA,,CT,GG,GA,TC,TT,,,,,,,0.0,WV,02-3,Female,30.0,Caucasian,15.0,20.0,5.0,33.3,15.0,15.0,0.0,0.0,126.0,63.0,22.317,140.0,62.0,76.0,13.33,22.67,14.83,21.33,R,126.0,63.0,22.317,13.0,-2.2478346611054834,0.4881556432291277
WV-1242,CA,ID,CT,GA,TC,GA,,GG,,CA,TT,GG,TT,AA,TT,CC,CC,AA,CC,TT,GG,CC,CC,TT,CC,GG,GG,GG,GG,GG,CC,TT,GG,GG,AA,GA,GA,CT,GT,GG,,GG,CC,AA,CC,CC,GG,GA,GG,AA,,"+9, +9",AG,TT,TT,TT,AA,AA,TT,,,,,,,,,AG,CC,CC,AG,CC,GA,TT,CC,CT,TC,CC,GA,GG,AG,AG,TC,AC,GA,AT,CT,AA,GG,GG,AA,TT,GG,CC,CT,CC,CC,,,,,,AA,GG,CT,GA,TA,GG,AA,AA,CC,GG,GG,CT,TT,TT,CC,CC,CG,TT,GA,AA,CA,,,AG,AC,TA,CT,CA,GG,GG,CT,GA,,,GG,CC,GG,GG,AA,GG,CC,CC,,,CT,GG,GG,CC,GT,GT,GG,GG,TT,AA,AA,GC,TT,AG,AG,TT,TC,4G5G,AA,GG,CC,AA,GA,CC,GG,CC,,TT,AA,CT,CC,,,CC,AA,TT,GG,CT,CT,TT,GG,CC,CC,GA,CC,CG,AC,TT,CC,CC,TT,CC,GT,AG,CT,GG,CC,GG,CC,GG,CC,GA,AC,GT,CC,TT,AA,,TT,GA,GG,TT,TT,,,,,,,0.0,WV,02-3,Female,26.0,Caucasian,15.0,22.5,7.5,50.0,17.5,15.0,-2.5,-14.3,118.0,63.0,20.9,115.0,60.0,72.0,8.33,22.33,11.5,20.33,R,119.0,63.0,21.078,7.5,-0.5278524034173353,0.6128648448766089
WV-1243,CC,DD,TT,AA,TT,GG,,GG,,CC,TT,GA,TT,AG,TT,CC,CC,TA,CT,TT,GG,CC,TT,CT,CC,GG,GG,TT,GG,GG,CC,TT,GG,GA,AG,GA,GG,CC,GG,GA,,GG,CC,AA,CC,CC,AG,AA,GG,AA,CT,"-9, +9",GG,TT,CC,TT,AC,TA,TT,GG,CC,GG,TT,CC,AA,CC,,AA,CC,CC,GG,CC,GG,,,TT,TC,CC,GG,AA,AG,AG,TC,AC,AA,AT,CT,AG,GG,GA,AT,AT,GG,TT,CT,CG,CC,GG,TT,CC,GG,AG,AA,GG,CC,GA,AA,GG,AA,AT,CC,GG,GG,CC,TT,CC,CT,CC,CG,TT,GG,AT,CC,GG,,GG,AA,AA,CC,CA,GC,GG,CC,AA,,,GC,TT,GG,GG,AG,GG,CC,CC,CC,GG,,GG,GG,CC,GG,,GG,GA,CC,CC,AA,GG,TT,,AG,TT,TC,4G5G,,GG,CC,AA,AA,CC,AG,CC,GA,CT,AG,CC,CC,,,CC,GG,,AA,CT,CC,TT,GG,CC,CC,AA,GG,CC,AA,CT,CT,CT,TT,CC,GT,GG,,GT,TC,GT,CT,GG,TT,,AC,GT,CC,TT,AA,,CT,GA,GA,TC,TT,,,,,,,0.0,WV,02-3,Male,22.0,Caucasian,37.5,40.0,2.5,6.7,42.5,35.0,-7.5,-17.6,201.0,74.0,25.804,116.0,80.0,84.0,7.33,10.17,5.33,10.33,L,197.0,74.0,25.291,8.0,-1.3087101161141652,3.2620092045429123
WV-1244,AA,DD,CC,GG,CC,AA,,GG,,CC,TC,GG,TT,AA,,CC,CC,AA,CC,TT,GG,,CC,,,,,GG,GG,GG,,,,GG,,,GG,CC,GG,AA,,GG,CC,AA,CT,CC,AG,GG,GG,AA,,"-9, +9",AG,CT,TT,CT,AA,TA,CC,,,,,,,,,GG,CC,GG,GG,CG,GG,TT,CC,CC,TC,CG,GG,GG,GG,,CC,AC,GA,,CC,AA,CG,GG,AA,AT,GG,TC,,CC,CC,,,,,,AG,GG,CC,GA,AA,GG,AA,AA,CC,GG,GG,CT,TT,TT,CT,CC,CG,TT,GA,TT,CA,,,AA,,TA,CC,CC,GG,GG,CC,GA,,,GC,TC,GG,GG,AA,GA,CG,CC,,,CT,GG,GG,CC,GG,GT,,GG,TC,,AA,GG,TC,AA,GG,TT,TC,4G5G,AA,GG,CT,AA,GG,CC,AG,CC,,CC,AA,CC,CC,,,CG,GG,CC,AA,CC,CC,TC,GA,CC,TT,AA,CC,GG,AA,CC,CT,CC,TT,CT,,,CC,GG,CC,GG,CT,GG,CC,GA,AA,GG,CC,TT,AA,,CC,GA,AA,CC,TT,,,,,,,,,,,,,,,,,,,,,,,,,,,,,,,,,,,,-0.7247793356616713,-0.31607131110423614
WV-1245,AA,DD,CC,GG,CC,AA,,AA,,CC,TT,GG,TT,GG,,CC,TC,TT,CT,GT,GG,,CC,,,,,GG,GG,AA,,,,GG,,,GA,CT,GG,GA,,GG,CC,AA,CC,CC,AG,GA,GG,AA,,"+9, +9",GG,CT,TT,CC,AA,TT,TC,,,,,,,,,AG,CC,GG,GG,CG,GG,TT,CC,CC,TC,CG,GG,GA,AA,AG,TC,AA,GA,,TT,GG,GG,GG,AA,AA,GG,CC,,CC,CT,,,,,,AA,GG,TT,GG,TT,GG,AT,TT,CA,AA,GA,CT,TT,TT,CC,CC,GG,TT,GG,AA,AA,,,AA,CC,TA,CC,CC,GG,GG,CC,GG,,,GG,TT,GG,GG,GG,AA,CC,CT,,,CC,AG,GT,CT,GT,GT,GG,GA,TC,AC,AA,GG,TC,AG,AA,TT,TC,5G5G,AA,GG,CC,AA,GA,CC,AG,CC,,TT,AG,CC,CG,,,CC,GG,CC,GG,CT,CT,TT,GG,CC,CC,AA,CC,CC,AA,TT,TT,CT,TT,CC,,,CC,GG,TC,GG,CT,GA,CC,GA,AA,TT,CT,GT,AG,,TT,AA,GG,TT,TG,,,,,,,0.0,WV,02-3,Female,38.0,African Am,15.0,17.5,2.5,16.7,17.5,15.0,-2.5,-14.3,133.0,62.0,24.323,120.0,78.0,72.0,13.83,30.5,15.67,28.33,R,131.0,62.0,23.958,12.67,10.844186426228324,7.008745775215149
WV-1246,CC,II,TT,AA,TT,GG,,GG,,CC,TT,GG,TT,AA,TT,CC,CC,AA,CC,TT,GG,CC,CC,TT,CC,GG,GG,GG,GG,GG,CC,TT,GA,GG,AA,GG,GG,CC,TT,GG,,GG,CC,AA,CT,CC,GG,GG,GG,AA,,"-9, +9",AA,TT,TC,CT,AA,AA,TC,,,,,,,,,GG,CC,CG,AG,CC,GG,TC,CG,TT,CC,CC,GA,GA,AA,AA,TT,AC,AA,AT,TT,AA,GG,GG,AA,AT,GG,TC,CT,CC,CC,,,,,,AA,GG,CT,GA,TA,GA,AA,AA,CC,GA,GG,CC,TT,TC,CT,CC,CG,TT,GG,AA,CC,,,AG,AC,TA,CC,CC,GC,GG,CC,GG,,,CC,TT,GG,GG,AG,AA,CC,CC,,,CC,AG,GG,CC,GG,GG,GA,GG,TC,AC,AA,GG,TT,AG,AG,TT,CC,4G4G,AA,GG,CT,AA,GG,CC,GG,CC,,CC,AA,CT,CC,,,CC,GG,TT,AA,CT,CT,TT,GG,CC,CT,GA,CC,CG,AA,TT,CC,CT,TT,CT,GG,AA,CC,GT,CC,GT,CC,GA,CC,AA,AA,GT,CC,GT,AG,,TT,GG,GG,TT,TT,,,,,,,0.0,WV,02-3,Female,25.0,Caucasian,15.0,20.0,5.0,33.3,15.0,12.5,-2.5,-16.7,147.0,65.0,24.459,128.0,80.0,72.0,13.67,28.83,13.67,28.67,R,149.0,65.0,24.792,13.0,-0.38832227300371747,-1.0442821481554025
WV-1247,CC,DD,CT,GA,TC,GA,,AG,,CA,TT,GG,TT,AG,,CC,TC,TA,CC,GT,AG,,CC,,,,,GG,GG,GA,,,,GG,,,GG,CC,GT,GG,,GG,CG,AA,CC,CC,AG,GG,GG,AA,,"-9, -9",AA,TT,TT,TT,AC,TT,TT,,,,,,,,,AA,TT,CC,AG,CC,GG,TT,CC,CT,CC,CG,GA,GG,AA,AA,TT,AA,GA,,CC,AA,CG,GG,AA,AA,GG,TT,,CC,CC,,,,,,AA,GG,CT,GG,TA,GA,AA,AA,CC,GA,GG,CT,TA,TT,CC,CC,CC,TT,GG,AA,AA,,,AA,CC,AA,CT,CC,GG,GG,CC,GA,,,GG,CC,GG,GG,AA,GG,CG,CC,,,CT,GG,GG,CC,GG,GG,GA,GG,TT,AA,AA,CC,TC,AG,AG,TC,TT,5G5G,AA,GG,CC,AA,GG,CG,AG,CC,,CC,AG,CC,CC,,,CG,GA,TT,AA,TT,TT,TT,GG,CC,CC,GG,CG,CC,AA,CC,CT,CC,TT,CC,,,CT,GG,CC,GG,CC,GG,CC,AA,AA,TT,CT,GT,AG,,CT,GA,GA,TC,TT,,,,,,,,,,,,,,,,,,,,,,,,,,,,,,,,,,,,3.373153088442641,-2.311318052679034
WV-1248,CA,DD,CT,GA,TC,GA,,AA,,AA,TC,GG,TT,AA,,CC,CC,AA,CC,TT,GG,,CC,,,,,GG,GG,GG,,,,AA,,,GG,CC,TT,GG,,GG,CC,AA,CC,CC,GG,GA,GG,AA,,"-9, +9",GG,TT,TT,TT,AA,AA,TC,,,,,,,,,AA,CT,CC,AG,CC,GG,TT,CC,CT,TC,CC,AA,GG,GG,GG,CC,AC,GG,,CT,AA,CG,GG,AA,AT,GG,TC,,CC,CC,,,,,,AA,GG,CT,GG,AA,GG,AT,AA,CC,GG,GG,CC,TT,TC,CC,CC,CC,TT,GA,AA,CA,,,AG,AC,TA,CT,AA,GC,GG,TT,AA,,,GC,TC,GG,GA,AG,GA,CG,CC,,,CT,GG,GG,CC,GG,GG,GG,GG,TT,AA,AA,GC,TT,AA,GG,TT,TT,5G5G,AA,GG,CC,AA,GA,CC,GG,CC,,TT,AG,CC,CC,,,CC,GA,CT,GA,CT,CT,TC,GA,CC,CT,GA,CG,CG,AA,TT,TT,CC,TT,CC,,,CT,GT,TC,GT,CT,GG,CC,GA,AC,GT,CC,TT,AA,,TT,GG,GG,TT,TT,,,,,,,,,,,,,,,,,,,,,,,,,,,,,,,,,,,,-1.3342668438647296,0.7877114159715487
WV-1249,CC,DD,CT,GA,TC,GA,,AG,,CC,TT,GG,TT,AG,,CT,TC,TT,CC,GT,GG,,CC,,,,,GT,GG,GA,,,,GG,,,GG,CC,GG,GG,,GG,CC,AA,CT,CC,AG,GA,GG,AA,,"+9, +9",GG,CT,TC,CT,CC,TA,CC,,,,,,,,,AA,CT,GG,GG,CC,GG,TT,CC,CT,TC,CG,GG,GG,AG,AG,CC,AA,GG,,CT,AA,CG,GG,AA,AA,GG,CC,,GG,CC,,,,,,AA,GG,TT,AA,TA,GG,AA,AA,CC,GA,GG,CT,TT,TT,CC,CC,GG,TT,GG,AA,CC,,,AA,CC,TT,CC,CC,GC,GC,CC,GA,,,GC,TC,GG,GG,AA,GG,CC,CT,,,CC,AG,GT,CT,,GG,GG,GA,TC,AC,AA,GG,TC,AA,AG,TC,TT,5G5G,AA,GG,CT,AA,GA,CC,AG,CC,,CC,GG,CC,CC,,,CC,GG,CT,GA,CT,CC,TC,GA,CC,CT,AA,CC,CG,AA,CT,CT,CC,TT,CC,,,CC,GG,CC,GG,CC,GG,CC,AA,AA,GT,CC,GT,AG,,TT,GA,GG,TT,TT,,,,,,,,,,,,,,,,,,,,,,,,,,,,,,,,,,,,3.355044820310975,1.5904150420920407
WV-1250,CA,DD,CT,GG,CC,AA,,AG,,CA,TC,GA,TT,AA,TT,CC,CC,AA,CC,TT,GG,CC,CC,TT,CC,GG,GG,GG,GG,GG,CC,TT,GG,GA,AG,GA,GG,CC,GG,GA,,GG,CC,AA,CC,CC,GG,GA,GG,AA,,"-9, +9",AG,TT,TT,CC,AA,TT,TC,,,,,,,,,GG,CC,GG,GG,CC,GA,TT,CC,CC,TT,CC,GA,GA,AA,AA,TT,AC,GA,AT,CC,AA,CG,GA,AT,AA,GG,TT,CC,CC,CC,,,,,,AA,GG,CT,GG,AA,GG,AA,AA,CC,GG,GG,CC,TT,TC,CC,CC,,TT,GA,AA,CC,,,AG,AC,TT,CC,AA,GG,GG,CC,GG,,,GG,TT,GA,GG,GG,GA,CC,CC,,,TT,GG,GT,CC,GT,GT,GG,GA,CC,CC,AA,GC,TT,AA,AG,TC,TC,4G4G,AA,GG,CC,AA,GA,CC,GG,CC,,CC,AA,CC,CC,,,CC,GA,TT,AA,CC,CC,TT,GG,CC,CC,GG,CG,CC,AA,TT,CT,CT,TT,CC,GT,AG,CC,GT,TC,GT,CT,GA,CC,AA,AA,TT,CT,GG,GG,,CT,GG,GA,TC,TT,,,,,,,0.0,WV,02-3,Female,20.0,Caucasian,12.5,22.5,10.0,80.0,17.5,17.5,0.0,0.0,132.0,65.0,21.964,124.0,78.0,74.0,13.33,22.5,13.0,20.07,R,122.0,65.0,20.3,15.17,-0.1108835334957259,0.1392667707379097
WV-1251,CC,II,CT,GA,TC,GA,,AG,,CC,TT,GG,TT,AG,GT,CC,CC,TA,CT,TT,GG,CC,CT,TT,CC,CG,GG,GT,GA,GG,CC,AT,GG,GG,GG,GG,GG,CC,TT,GG,,GG,CC,AA,CC,CC,GG,GG,GG,AA,CC,"-9, +9",AA,CT,TT,CT,AA,TA,TT,GG,CC,GG,TT,CC,AA,CC,GG,AG,CT,GG,GG,CG,GG,TT,CC,CT,TC,CG,GA,GG,AG,AG,TC,AC,AA,AA,CT,AG,GG,GG,AA,AT,GG,TT,CC,CC,CC,GG,TT,CC,GG,AA,AA,GG,CC,GG,AA,GG,AA,AA,CC,GG,GG,CT,TA,TT,CC,CC,CC,TT,AA,AT,CC,GG,GG,GG,AA,TA,CT,AA,CC,GG,TT,GA,,,GG,CC,GA,GG,GG,GG,CG,CC,CC,GG,CC,GG,GG,CC,GG,GT,GG,GG,TT,AA,AG,GG,TC,AG,AG,TT,CC,4G4G,AA,GG,CC,AA,GG,CC,GG,CC,GG,TT,AA,CC,CC,,,CC,GG,CT,AA,CT,CT,TC,GA,CC,CC,GG,GG,CC,AA,TT,CT,CC,TT,CC,TT,GG,CC,GG,CC,GG,CC,GA,CC,GA,AA,GG,CC,TT,AA,,TT,GG,GG,TT,TT,,,,,,,0.0,WV,02-3,Female,20.0,Caucasian,10.0,22.5,12.5,125.0,10.0,10.0,0.0,0.0,132.0,65.0,21.964,116.0,72.0,80.0,7.67,22.0,8.0,21.67,R,133.0,65.0,22.13,9.5,-2.4188544969492343,-1.018397004062421
WV-1252,AA,ID,CT,GA,TC,GA,,AG,,CC,TT,GG,TT,AG,GT,CC,CC,AA,CC,TT,GG,CC,CC,TT,CC,GG,GG,GG,GG,GG,CC,TT,GG,GG,AA,GG,GG,CC,GT,GA,,GG,CC,AA,CC,CC,GG,GA,GG,AA,,"+9, +9",AG,CT,TT,CC,AA,TA,TC,,,,,,,,,AG,CC,CG,AG,CC,GG,TT,CC,CT,TC,CG,GG,GG,AA,AA,TT,AA,GG,TT,CT,AG,GG,GA,AT,AT,GG,TT,CT,CC,CT,,,,,,AA,GG,CC,GG,TA,GG,AA,AA,CC,GG,GG,CT,TT,TT,CT,CC,CG,TT,GG,AA,CC,,,AG,AC,AA,TT,AA,GC,GG,CT,GG,,,GC,TC,GA,GG,AG,GA,CG,CC,,,CT,GG,GT,CC,GG,GG,AA,GG,TT,AA,AA,GG,TC,AA,AG,TC,TT,4G5G,AA,GG,CC,AA,GA,CC,GG,CC,,CC,GG,CC,CG,,,CC,GG,CT,AA,CC,CC,TC,GA,CT,CC,GG,CC,CC,AA,TT,CT,CC,TT,CC,GG,AA,CT,TT,TT,TT,TT,GA,CC,AA,AC,GT,CC,TT,AA,,CT,GG,GA,TC,TT,,,,,,,0.0,WV,02-3,Female,20.0,Caucasian,17.5,25.0,7.5,42.9,20.0,22.5,2.5,12.5,169.0,65.5,27.692,130.0,58.0,84.0,28.17,32.5,24.67,30.67,R,171.0,65.5,28.02,20.5,-2.2871474138831767,0.31244330891936356
WV-1253,CC,ID,CT,GA,TC,GA,CC,GG,GG,AA,TT,GG,TT,AA,,CC,CC,AA,CC,TT,GG,,CC,,,,,GG,GG,GG,,,,GG,,,GG,CC,GG,AA,,GG,CC,AA,CC,CC,AG,GG,GG,AA,,"-9, -9",AG,TT,TC,TT,AC,TT,CC,,,,,,,,,GG,CC,CC,AA,CG,GG,TC,CG,CT,TC,CG,AA,GG,AG,AG,TC,AC,GG,,CT,AA,GG,GA,,AA,GG,TT,,CC,CC,,,,,,AA,GG,CT,GG,AA,GG,AA,AA,CC,GG,GG,CC,TT,TC,CC,,CC,TT,AA,AT,CC,,,AG,AC,AA,CC,CA,GG,GG,TT,,AG,AG,GC,TC,GA,GG,AG,GA,CG,CT,,,CT,AG,GG,CC,GG,GT,GA,GG,TC,AC,AA,GC,TT,AA,GG,TT,TT,4G4G,AA,GG,CC,AA,GG,CC,AG,CC,,CC,AA,CC,CC,,,CC,GA,TT,AA,CC,CC,TC,GA,CC,CC,GG,CC,CC,AA,CT,CT,CC,,CC,,,CT,GG,TC,GG,CT,GA,,GA,AC,GT,CC,TT,AA,CT,CC,GA,AA,CC,TT,,,,,,,,,,,,,,,,,,,,,,,,,,,,,,,,,,,,-2.4928868392819603,-1.877060018756298
WV-1254,CC,II,TT,GG,CC,AA,CG,AG,CG,CC,TT,GG,TT,AG,GT,CC,TC,TA,CC,GT,AG,CT,CC,TT,CG,CG,GG,GG,GG,GA,CC,TT,GG,GG,AA,GG,GG,CC,GG,AA,,GG,CC,AA,CT,CC,AG,GG,GG,AA,,"-9, -9",AG,TT,TC,CC,AA,TA,TC,,,,,,,,,AG,CC,CG,AG,CC,GG,TT,CC,CC,TC,CG,GG,GG,AG,AG,TC,AC,GA,AT,TT,AA,GG,GG,AA,AA,GG,TC,CT,CC,CT,,,,,,AA,GA,CC,GG,AA,GG,AA,AA,CC,GG,GG,CC,TT,CC,CT,,CG,TT,GG,AA,CC,,,GG,AA,TA,CC,CA,GC,GG,CC,,AA,AA,GC,TC,GA,GG,AG,AA,CC,CC,,,CC,GG,GG,CC,GG,GG,GG,GG,TC,AC,AA,GC,TT,AG,AA,TT,TC,4G5G,AA,GG,CT,AA,GG,CC,AG,CC,,CC,AA,CT,CC,,,CC,AA,TT,AA,CC,CC,TC,GA,CC,CT,GG,CG,CC,AA,CT,TT,CT,,CC,GT,AG,CC,GG,CC,GG,CC,GA,,GA,AA,GG,CC,TT,AA,CC,CC,GA,AA,CC,TT,,,,,,,2.0,WV,03-1,Female,23.0,Caucasian,,22.5,,,12.5,17.5,5.0,40.0,130.0,67.0,20.359,118.0,70.0,80.0,9.0,20.0,10.5,22.0,R,131.0,67.0,20.515,9.67,0.9064590737391108,-5.169734960041647
WV-1255,CC,ID,TT,AA,TC,GG,GG,GG,CC,CC,TT,GG,TT,AG,,CC,TC,TA,CC,GT,AG,,CC,,,,,GG,GG,GA,,,,GG,,,GA,CT,GT,GG,,GG,CC,AA,CC,CC,GG,GA,GG,AT,,"-9, +9",GG,TT,CC,TT,AC,TT,CC,,,,,,,,,AG,CT,CC,AG,CG,GG,TC,CG,TT,TC,CC,GG,GA,AG,AG,TC,AC,GA,,CC,AA,,GG,AA,AT,GG,TT,,CC,CC,,,,,,AA,GG,TT,GG,TA,GG,AA,AA,CC,GG,GG,CC,TT,CC,CT,,CG,TT,GG,AA,CC,,,AA,CC,TA,CT,CC,GG,GG,CT,GG,AA,AA,GG,CC,GA,GG,AG,GG,CG,CC,,,TT,GG,GG,CC,GG,GG,GG,GG,CC,CC,AA,GG,TT,AG,AG,TT,TT,4G5G,AA,GG,CC,AT,GA,CC,GG,CC,,CT,AG,CC,CC,,,CC,GA,TT,AA,CT,CT,TC,GA,CC,CC,GG,GG,CC,AA,CT,CT,TT,,CT,,,CT,GT,TC,GT,CT,GG,,AA,AA,GG,CC,TT,AA,CC,TT,GG,GG,TT,TT,,,,,,,,,,,,,,,,,,,,,,,,,,,,,,,,,,,,0.03454318196949509,-1.6100743895458731
WV-1256,CA,DD,TT,GG,CC,AA,CC,GG,CG,CA,TC,GG,TT,GG,,CC,TC,TT,CT,TT,AG,,CT,,,,,GT,GG,GA,,,,AA,,,GG,CC,GT,GA,,GG,CC,AA,CC,CC,GG,GG,GG,AA,,"+9, +9",GG,CT,TC,CT,AA,TT,TT,,,,,,,,,AG,CC,GG,GG,CG,GG,TT,CC,CC,CC,CC,GA,GA,GG,AG,CC,AA,GG,,CC,AA,CC,GG,AA,AA,GG,TC,,CC,CC,,,,,,AA,GG,CC,GG,AA,GG,AA,AA,CC,GG,GG,CC,TT,TC,CC,,CG,TT,GA,AA,CA,,,AG,AC,TT,CC,CA,GG,GG,CC,GG,AA,AA,CC,TT,GG,GG,AA,GA,CC,CC,,,CC,GG,GG,CC,GG,GT,GG,GG,TT,AA,AA,GG,TT,AA,AA,TT,TC,4G5G,AA,GG,CC,AA,GG,CC,GG,CC,,CC,AA,CC,CC,,,CC,GA,CC,GA,CT,CC,,,CC,CC,GG,GG,CC,AA,CT,CT,CC,,CC,,,TT,GG,CC,GG,CC,AA,,AA,AA,GG,CC,GT,AG,CC,CT,GA,GA,TC,TT,,,,,,,,,,,,,,,,,,,,,,,,,,,,,,,,,,,,0.2704424682764748,-0.9404071068887646
WV-1257,CC,ID,CT,GG,CC,AA,CC,GG,CC,CC,TT,GG,TT,AA,TT,CC,CC,AA,CC,TT,GG,CC,CC,TT,CC,GG,GG,GG,GG,GG,CC,TT,GA,GG,AA,GG,GA,CT,GT,GG,,GG,CC,AA,CC,CC,GG,GA,GG,AT,,"-9, -9",AG,TT,CC,TT,AA,TA,TC,,,,,,,,,GG,CC,CG,GG,CG,GA,TT,CC,CC,TT,CC,GG,GG,GG,GG,CC,AA,GG,AT,CT,AA,CG,GG,AA,AA,GG,TC,CT,CC,CT,,,,,,AA,GG,TT,GA,AA,GG,AA,AA,CC,GG,GG,CC,TT,CC,CC,,CC,TT,GA,AT,CC,,,AA,CC,TA,CT,CC,CC,GG,CT,GG,AA,AG,GG,CC,GG,GG,AA,GA,CC,CC,,,,GG,GG,CC,GT,GG,GG,GG,TC,AC,AA,GC,TT,AG,AA,TC,TT,4G5G,AA,GG,CC,AT,GA,CC,GG,CC,,CT,AG,CC,CC,,,CC,GA,TT,GA,CC,CC,TC,GA,CC,CC,GG,CC,CC,AA,CT,TT,CC,,CC,GT,AG,CC,GG,CC,GG,CC,GA,,GA,AA,GG,CC,TT,AA,CT,TT,GG,GG,TT,TT,,,,,,,0.0,WV,03-1,Female,22.0,Caucasian,10.0,17.5,7.5,75.0,10.0,10.0,0.0,0.0,100.0,62.0,18.288,115.0,72.0,92.0,4.83,12.5,5.67,10.0,R,99.0,62.0,18.105,4.17,-0.9124114041480444,-0.7059572037201078
WV-1258,CA,II,TT,AA,TT,GG,CG,AA,CC,CC,TT,GG,CC,GG,,CC,TC,TT,CT,GT,AG,,CT,,,,,GT,GA,GA,,,,GA,,,GG,CC,GT,GG,,GG,CG,AA,CC,CC,AG,GG,GG,AA,,"-9, -9",AG,CC,TT,CT,AC,TT,TT,,,,,,,,,GG,CC,CG,GG,CC,GG,TT,CC,TT,TC,CG,GG,GG,GG,AA,TC,AC,GG,,TT,AG,GG,GA,AT,AT,GG,TT,,CC,CC,,,,,,AA,GG,TT,GG,AA,GG,AA,AA,CC,GG,GG,CT,TT,TC,TT,,GG,TT,GG,AA,CC,,,AA,CC,TA,CC,CC,GC,GG,TT,GG,GG,GG,GG,TT,GG,GG,AA,GA,CC,CC,,,CT,GG,GG,CC,GG,GG,GG,GG,TT,AC,,GG,TT,AA,GG,TT,TT,4G5G,AA,GG,CC,AA,GG,CG,AG,CC,,CC,AA,CC,CC,,,CC,GA,CT,GG,TT,TT,TT,GG,CC,CC,GA,CG,CG,AA,CT,TT,CC,,CC,,,CC,GG,CC,GG,CC,GG,,GA,CC,TT,CC,TT,AA,CT,TT,GG,GG,TT,TT,,,,,,,0.0,WV,03-1,Female,26.0,Asian,15.0,22.5,7.5,50.0,17.5,20.0,2.5,14.3,145.0,65.0,24.127,122.0,92.0,92.0,10.83,28.83,16.0,26.83,R,143.0,65.0,23.794,10.67,4.710144252593189,-2.293896765217108
WV-1259,CC,DD,TT,GG,CC,AA,CC,GG,CG,CC,TT,GA,TT,GG,GG,CC,CC,TT,TT,TT,GG,CC,TT,TT,CC,CC,GG,TT,AA,GG,CC,TT,GG,GG,GG,GG,GA,CT,GT,GA,,GG,CC,AA,CT,CC,AG,GG,GG,AA,,"+9, +9",AA,CC,TT,CC,AA,TT,TC,,,,,,,,,AA,CT,GG,AG,CC,GG,TT,CC,CC,CC,CC,GA,GG,AA,AG,TC,AA,AA,AT,CC,AG,CG,,,AA,GG,TC,CC,CC,CC,,,,,,AA,GG,CC,GG,TA,GA,AA,AA,CC,GA,GG,CC,TT,CC,CC,,CC,TT,GA,AT,CC,,,AG,AC,TT,CC,CC,GC,GG,CT,GA,AG,AG,GG,TT,GG,GG,AA,GA,CG,CT,,,CC,AG,GG,CC,GG,TT,GG,GA,TC,AC,AA,GG,TC,GG,AA,TT,TT,,AA,GG,CT,AA,GG,CC,AG,CC,,CC,AG,CT,CC,,,CC,GG,TT,AA,CT,CC,TT,,CC,CT,GA,CG,CG,AA,CT,CT,CT,,CT,GG,AA,CC,GT,TC,GT,CT,GG,,GA,AA,GT,CC,TT,AA,CC,TT,GA,GG,TT,TT,,,,,,,0.0,WV,03-1,Male,24.0,Caucasian,25.0,37.5,12.5,50.0,30.0,35.0,5.0,16.7,214.0,72.0,29.02,138.0,80.0,84.0,14.83,26.0,13.67,25.33,R,205.0,72.0,27.8,14.17,-1.8722383519937875,3.772563074361006
WV-1260,,DD,CT,,,,CC,GG,CC,,TT,GG,,,,,,,,,,,,,,,,,,,,,,,,,GA,,GT,,,GG,,,,,,,,,,,,,,,,TA,,,,,,,,,,AA,TT,,,CC,,,,,,,,,,AG,TC,,,,,,,GG,AA,AA,GG,,,,,,,,,,AA,GG,,GG,TA,GG,AA,AA,CC,GA,GG,,TT,TC,,,CG,TT,GA,AA,CC,,,GG,AA,AA,TT,,,,,,AG,GG,GG,TC,GG,GG,AA,,CC,CC,,,,,,,GT,,GG,GG,TC,,AA,GC,TT,,,,,4G5G,AA,GG,CC,AT,GA,CC,GG,CC,,,AG,,CC,,,CG,,,AA,CC,CC,TC,GA,CC,CC,GG,CG,CC,AA,CT,,,,,,,CT,,,,,GG,,,,,,,,TT,CC,GG,AA,,TT,,,,,,,2.0,WV,03-1,Female,18.0,Caucasian,,17.5,,,12.5,12.5,0.0,0.0,130.0,67.0,20.359,130.0,72.0,76.0,11.5,24.67,9.33,22.17,R,127.0,67.0,19.889,10.67,-0.28262254517245317,-0.549334367219592
WV-1261,CC,ID,TT,AA,TT,GG,CC,AA,GG,CC,TT,GG,TT,GG,GG,CC,TC,TT,CT,GT,AG,CT,CT,CT,CG,CC,GG,GT,GG,GA,CC,AA,GG,AA,GG,AA,GG,CC,TT,GG,,GG,CC,AA,CC,CC,GG,GG,GG,AA,,"-9, -9",GG,CT,TC,CT,AA,AA,CC,,,,,,,,,AG,CC,CG,AG,CG,GG,TT,CC,TT,CC,CG,GG,GG,AG,AA,TC,CC,GG,TT,CT,AA,CG,GG,AT,TT,GG,TT,CT,CC,CC,,,,,,AA,GG,CC,GG,TA,GG,AA,AA,CC,GA,GG,CT,TT,TC,CC,,CC,TT,GA,AA,CC,,,AG,AC,TA,CT,CA,GC,GG,CC,GA,AG,AG,GC,TT,GG,GG,AA,GA,CC,CC,,,CT,GG,GT,CC,GG,TT,GG,GG,TC,AC,AA,GG,TT,AG,AA,TT,TC,4G5G,AA,GG,CC,AA,GG,CC,GG,CC,,CC,AA,CC,CC,,,CC,AA,TT,AA,CT,CT,TT,GG,CC,CC,GG,CG,CC,AA,CT,CT,CC,,CC,GG,AA,CC,GT,TC,GT,CT,GG,,AA,AC,GT,CC,TT,AA,CT,CC,GG,AA,CC,TT,,,,,,,0.0,WV,03-1,Male,22.0,Caucasian,17.5,22.5,5.0,28.6,20.0,20.0,0.0,0.0,109.0,68.0,16.572,115.0,72.0,92.0,2.17,6.0,2.83,5.17,R,113.0,68.0,17.18,2.0,1.6723909491827653,-2.17214472359782
WV-1262,CA,ID,CT,GA,TC,GA,,AG,CG,CC,TC,GG,TT,AA,TT,CC,CC,AA,CC,TT,GG,CC,CC,TT,CC,GG,GG,GG,GG,GG,CC,TT,GG,GG,AA,GG,GG,CC,GT,GA,,GG,CC,AA,CC,CC,GG,GG,GG,AA,,"+9, +9",AA,CT,TT,CT,CC,TT,CC,,,,,,,,,GG,CC,GG,GG,CC,GA,TT,CC,CT,TC,CC,GG,GG,AG,AG,TC,CC,GG,AA,CC,AA,GG,GG,AA,AA,GG,TT,CC,CC,CC,,,,,,AA,GG,CC,GG,AA,GG,AA,AA,CC,GG,GG,CC,,CC,CT,,CG,TT,GG,AA,CA,,,AA,AC,AA,TT,CC,GC,GG,CT,GA,GG,GG,GG,TC,GG,GG,AA,GA,CC,CT,,,CC,AG,GG,CC,GG,GT,GG,GA,TC,AC,AA,GC,TC,AG,AA,TT,CC,4G4G,AA,GG,CC,AA,GG,CC,GG,CC,,CC,AG,CC,CC,,,CC,GA,CC,GA,CT,CT,TC,GA,CC,CT,GA,CG,CG,AA,TT,CT,CT,,CT,TT,GG,CC,GG,CC,GG,CC,GG,,GA,AA,GT,CC,GT,AG,CT,CT,GG,GA,TC,TT,,,,,,,0.0,WV,03-1,Male,22.0,Caucasian,15.0,22.5,7.5,50.0,17.5,20.0,2.5,14.3,122.0,67.0,19.106,118.0,62.0,88.0,3.83,9.0,4.0,9.17,R,121.0,68.0,18.396,4.5,-1.4603361156013308,-0.9591433534241355
WV-1263,CA,ID,TT,AA,TT,GG,CC,AA,GG,CC,TT,GG,TT,AG,GT,CC,CC,AA,CC,TT,GG,CC,CC,TT,CC,GG,GG,GG,GG,GG,CC,TT,GG,GG,AA,GG,AA,TT,GG,GG,,GG,CC,AA,CT,CC,AG,GG,GG,AA,,"+9, +9",GG,CT,CC,CT,AC,TA,TT,,,,,,,,,GG,CC,CC,AG,CG,GA,TT,CC,TT,TC,CG,GG,GG,AG,AG,TC,AA,GG,TT,CT,AA,CG,GG,AA,AA,GG,TC,CT,CC,CC,,,,,,AA,GG,CC,GG,AA,GG,AA,AA,CC,GG,GG,CC,TT,CC,CT,,CG,TT,GG,TT,CC,,,AG,,TT,CC,CA,GC,GG,CC,GG,AA,AA,CC,TT,GA,GG,AG,GG,CC,CT,,,CC,AG,GG,CC,GG,TT,GG,GG,CC,CC,AA,GC,CC,AG,AA,TT,TT,4G5G,AA,GG,CT,AA,GG,CC,AG,CC,,CT,GG,CC,CC,,,CC,GG,CT,GA,CC,CC,TT,GG,CC,CC,GG,CC,CC,AA,TT,CT,CC,,CT,GG,AA,CT,GT,TC,GT,CT,GG,,GA,AC,TT,CC,TT,AA,CC,CT,GG,GG,TT,TT,,,,,,,0.0,WV,03-1,Male,23.0,Caucasian,17.5,30.0,12.5,71.4,,22.5,,,150.0,70.0,21.52,118.0,82.0,84.0,5.0,14.33,6.17,13.17,R,154.0,70.0,22.094,5.17,-2.2197241807275105,-0.5505462804855537
WV-1264,CA,II,TT,GA,TC,GA,CC,GG,CC,CC,TT,GG,TT,GG,,CC,TT,TT,CC,GG,AA,,CC,,,,,GG,GG,AA,,,,AA,,,GG,CC,TT,GG,,GG,CG,AA,CC,CT,AG,GG,GG,AA,,"-9, -9",AG,CT,TT,TT,AA,TA,CC,,,,,,,,,AA,CT,GG,GG,CC,GG,TT,CC,CT,CC,CG,GG,GG,AG,AA,TT,AC,GA,,CT,AA,GG,GG,AA,AA,GG,TC,,CG,CC,,,,,,AA,GG,CT,GG,AA,GG,AA,AA,CC,GG,GG,CC,TT,CC,CC,,CG,TT,GG,AA,CC,,,AA,CC,TT,CC,CC,GC,GG,CT,GG,AG,AG,GC,TC,GG,GG,AA,GA,CC,CT,,,CT,AG,GG,CC,GT,GG,GA,GG,TT,AA,AA,GC,TT,AA,AG,TT,TT,4G5G,AA,GG,CC,AA,GG,CG,AG,CT,,CC,AA,CC,CC,,,CC,GA,CC,AA,CT,CC,TT,GG,CC,CT,GG,CG,CC,AA,TT,TT,CC,,CT,,,CC,GG,CC,GG,CC,GG,,GG,AA,GT,CC,GT,AG,CT,TT,GA,GG,TT,TT,,,,,,,2.0,WV,03-1,Male,30.0,Asian,,27.5,,,22.5,25.0,2.5,11.1,183.0,70.0,26.255,118.0,66.0,76.0,11.5,19.67,14.5,23.0,R,182.0,70.0,26.111,13.0,5.444474774897642,-2.979818366155932
WV-1265,CC,II,CC,GG,CC,AA,CG,GG,CG,CA,TT,GG,TT,AG,GT,CT,CC,TT,CT,TT,GG,CT,CT,TT,CC,CC,GA,GT,GG,GA,CC,AT,GG,GG,GG,GG,GG,CC,GT,GA,,GG,CC,AA,CT,CC,AA,GA,GG,AA,,"+9, +9",AG,TT,TC,CT,AA,TA,TT,,,,,,,,,AG,CT,CC,GG,CC,GG,TT,CC,CC,TC,CG,GA,GG,AG,AG,TC,AC,GG,AT,TT,AG,GG,GA,AT,TT,GG,TT,TT,CC,CT,,,,,,AA,GG,CT,GG,TT,AA,AA,AA,CC,AA,GG,CT,TT,TC,CC,,CC,TT,GA,AT,CC,,,AA,CC,TT,CC,CC,GG,GC,TT,GA,AA,AA,GC,TC,GG,GG,AG,GG,CG,CC,,,CC,GG,GG,CC,GT,GG,GG,GG,TT,AC,AA,GC,TT,AG,,TT,TC,4G5G,AA,GG,CT,AA,GA,CC,AA,CC,,CT,AG,CC,CC,,,CC,GG,CT,AA,CT,CT,TC,GA,CC,TT,AA,CC,GG,AA,TT,CC,TT,,CT,GT,AG,CC,GG,CC,GG,CC,GA,,AA,AA,GG,CC,TT,AA,CC,TT,GA,GA,TT,TT,,,,,,,0.0,WV,03-1,Female,32.0,Caucasian,10.0,17.5,7.5,75.0,12.5,12.5,0.0,0.0,116.0,65.0,19.301,98.0,70.0,76.0,4.5,18.33,5.17,19.17,R,113.0,65.0,18.802,3.83,2.394645215136631,0.5696459390528363
WV-1266,CA,ID,TT,GA,TC,GA,CC,GG,CC,CC,TC,GG,TT,AG,GT,CC,CC,TA,CT,TT,GG,CC,CT,TT,CC,CG,GG,GT,GA,GG,CC,TT,GG,GG,AA,GG,GA,CT,GT,GG,,GG,CC,AA,CT,CC,AG,GA,GG,AT,,"-9, +9",AA,TT,TT,TT,AA,TT,TC,,,,,,,,,AG,CT,GG,GG,CC,GG,TT,CC,CT,TT,GG,GG,GA,AG,AG,TC,AC,GG,TT,CC,AG,GG,GG,AA,AT,GG,TT,CT,CC,CT,,,,,,AA,GG,CT,GG,AA,GG,AA,AA,CC,GG,GG,CC,TT,CC,CT,,CG,TT,GG,AT,CC,,,AG,AC,TA,CT,CA,GC,GG,CT,AA,AA,AA,GG,TC,GG,GA,AG,GG,CC,CT,,,CC,AG,GT,CC,GG,TT,GA,GG,TC,AC,AA,GG,TT,GG,AA,TC,TT,4G5G,AA,GG,CT,AT,GA,CC,AG,CC,,CC,AG,CC,CC,,,CC,GA,TT,AA,CT,CT,TT,GG,CC,CT,GG,CG,CG,AC,TT,TT,CT,,CC,GG,AA,CT,GG,CC,GG,CC,GG,,AA,AA,GG,CC,TT,AA,CT,TT,GG,GG,TT,TT,,,,,,,0.0,WV,03-1,Male,33.0,Caucasian,27.5,42.5,15.0,54.5,32.5,30.0,-2.5,-7.7,158.0,69.0,23.33,130.0,80.0,72.0,4.83,11.83,4.83,9.83,R,158.0,69.0,23.33,5.5,-2.9498002723167733,0.0499360786465859
WV-1267,CA,ID,CT,GG,CC,AA,GG,GG,GG,AA,TT,GG,TT,AA,TT,CC,CC,AA,CC,TT,GG,CC,CC,TT,CC,GG,GG,GG,GG,GG,CC,TT,GA,GG,AA,GG,GA,,GG,GA,,GG,CC,AA,CC,CT,GG,GG,GG,AA,,"+9, +9",GG,TT,CC,TT,AA,TA,TC,,,,,,,,,AA,CC,CG,AG,CG,GG,TT,CC,CC,TT,CG,AA,GG,AA,AA,TT,AA,,AT,CT,AA,CG,GG,AA,AA,GG,TT,TT,CC,CC,,,,,,AA,GG,CC,GA,TA,GG,AA,AA,CC,GA,GG,CC,TT,CC,CT,,CG,TT,GA,AT,CC,,,AG,AC,TA,CT,CA,GG,GC,CC,GA,AA,AA,GG,TC,GA,GG,AG,AA,CC,CC,,,CT,GG,GG,CC,GG,GG,GA,GG,TT,AA,AA,GG,TT,AG,AG,TT,TT,5G5G,AA,GG,CC,AA,GG,CC,GG,CT,,CT,AG,CC,CC,,,CC,GA,TT,AA,CT,CT,TT,GG,CC,CT,AA,CC,CG,AA,CT,CT,CC,,CT,GG,AA,CC,GG,CC,GG,CC,GA,,GA,AA,GT,CC,GT,AG,CC,TT,GG,GG,TT,TT,,,,,,,0.0,WV,03-1,Male,30.0,Caucasian,22.5,27.5,5.0,22.2,27.5,30.0,2.5,9.1,214.0,73.0,28.231,116.0,68.0,76.0,10.33,25.33,13.0,23.5,R,221.0,73.0,29.154,11.33,-0.24758432801972474,0.35005376397157745
WV-1268,CA,DD,CT,GA,TC,GA,CG,AG,CG,CC,TT,GG,TT,AG,GT,CC,TC,AA,CC,GT,AG,CT,CC,TT,CG,CG,GG,GG,GG,GA,CC,AT,GG,GA,AG,GA,GG,,GT,GA,,GG,CC,AA,CC,CC,AA,GG,GG,AA,,"+9, +9",GG,CT,CC,CT,AC,TT,TT,,,,,,,,,AG,CT,GG,GG,GG,GG,TT,CC,CT,CC,CC,GG,GA,GG,GG,CC,AA,AA,TT,CC,,CG,GG,AA,TT,GG,TC,CT,CC,CC,,,,,,AA,GG,CC,GG,TA,GA,AA,AA,CC,GA,GG,CC,TT,CC,CT,,CG,TT,GG,AT,CC,,,AA,CC,TA,CC,CC,GG,GC,CT,GA,AA,AG,GC,TC,GG,GG,AA,AA,CC,CC,,,CC,GG,GG,CT,TT,GT,GG,GG,TT,AC,AA,GC,TT,GG,AA,TT,CC,4G4G,AA,GG,CC,AA,GG,CC,AA,CC,,CC,AA,CT,CC,,,CG,GG,TT,AA,CC,CC,TT,GG,CC,CT,GA,CC,CG,AA,CT,CC,CT,,CC,GG,AA,CT,GG,CC,GG,CC,GG,,GA,AA,GT,CC,TT,AA,TT,CT,GG,GA,TC,TT,,,,,,,0.0,WV,03-1,Male,24.0,Caucasian,27.5,37.5,10.0,36.4,27.5,30.0,2.5,9.1,186.0,70.0,26.685,118.0,80.0,72.0,8.33,16.0,9.0,19.0,R,184.0,70.0,26.398,9.17,1.9361893752917245,-2.650701344826062
WV-1269,CA,ID,CT,GA,TC,GA,CC,GG,CC,CA,TC,GG,TT,AG,GT,CC,CC,TA,CT,TT,GG,CC,CT,TT,CC,CG,GG,GT,GA,GG,CC,AA,GG,AA,GG,AA,GG,,GT,GA,,GG,CC,AA,CC,CC,GG,GG,GG,AA,,"-9, -9",AG,CC,TC,CC,AA,TA,TT,,,,,,,,,GG,CC,CG,AG,CC,GG,TT,CC,CT,CC,CG,AA,GG,AA,AA,TT,AC,GA,AT,CT,AA,GG,,,AT,GG,TT,CT,CC,CT,,,,,,,,CC,GG,AA,GG,AA,AA,CC,GG,GG,CC,TT,CC,CC,,CC,TT,GG,AT,CC,,,GG,AA,AA,CC,AA,GC,GG,TT,GA,AA,AA,GC,TC,GG,GA,AG,GA,CC,CT,,,TT,AG,GG,CC,GT,GT,GG,GG,TC,AC,AG,GC,TT,AA,AG,TT,CC,5G5G,AA,GG,CC,AA,GG,CC,GG,CC,,CC,AA,CT,CC,,,CG,GA,TT,AA,CT,CT,TC,GA,CC,CT,GA,CG,CG,AA,TT,CC,CT,,CC,GG,AA,CT,GG,CC,GG,CC,GA,CC,GA,AC,GT,CC,TT,AA,CC,,,,TC,TT,,,,,,,0.0,WV,03-2,Female,26.0,Caucasian,12.5,25.0,12.5,100.0,17.5,17.5,0.0,0.0,168.0,66.0,27.113,110.0,78.0,80.0,13.67,30.0,14.83,31.67,R,168.0,66.0,27.113,14.67,-2.8796467036991715,-0.4466708204560041
WV-1270,CA,ID,CC,GG,CC,AA,GG,GA,CG,CC,TT,GG,TT,AG,GT,CC,TC,AA,CC,GT,AG,CT,CC,TT,CG,CG,GG,GG,GG,GA,CC,AT,GG,GA,AG,GA,GG,,GT,GA,,GG,CC,AA,CC,CC,GG,GG,GG,AA,,"+9, +9",AG,CT,TC,CT,AA,TA,TT,,,,,,,,,AA,CT,CG,GG,CC,GG,TC,CG,CC,TC,CG,GG,GG,AG,AG,TC,CC,GG,AT,TT,AA,CG,,,AA,GG,TT,CC,CC,CC,,,,,,,,CC,GG,AA,GG,AA,AA,CC,GG,GG,CC,TT,CC,CC,,CG,TT,GA,AA,CC,,,AG,AC,TA,CT,CA,GC,GG,CC,GG,AG,AG,GG,TC,GG,GG,AG,GA,CC,CT,,,TT,AG,GG,CC,GT,GG,GG,GA,TC,AC,AA,GC,TT,AG,AG,TT,TT,4G5G,AA,GG,CC,AA,GG,CC,GG,CC,,CC,AG,CT,CC,,,CG,GG,CT,AA,CT,CT,TT,GG,CC,CC,GG,GG,CC,AA,CT,CT,CT,,CC,GT,AG,TT,GG,CC,GG,CC,GA,CC,AA,AC,TT,CC,TT,AA,CC,,,,TC,TT,,,,,,,0.0,WV,03-2,Female,33.0,Caucasian,20.0,28.75,8.8,43.8,17.5,18.75,1.3,7.1,179.0,62.0,32.736,120.0,80.0,72.0,22.67,40.17,19.33,42.33,R,175.0,62.0,32.004,18.0,0.14926380421279292,-4.207706009084703
WV-1271,CC,II,CC,GG,CC,AA,CC,GA,CC,CA,TT,GG,TT,GG,GG,CC,TC,TT,CT,GT,AG,CT,CT,CT,CG,CC,GG,GT,GG,GA,CC,AT,GG,GA,AG,GA,GG,,TT,GG,,GG,CC,AA,CC,CT,GG,GG,GG,AA,,"-9, -9",AA,CT,TC,CT,AC,TT,TT,,,,,,,,,AG,CC,CG,AG,CC,GG,TT,CC,CC,CC,CC,GA,GG,AA,AA,TT,CC,GG,AT,CC,AA,GG,,,AT,GG,TT,CT,CC,CC,,,,,,,,CC,GG,AA,GG,AA,AA,CC,GG,GG,CT,TT,TC,CT,,CG,TT,GG,AT,CC,,,GG,AA,AA,CC,AA,GC,GG,TT,GA,AA,AA,GC,TC,GG,GG,AA,GG,CG,CC,,,CT,GG,GG,CT,GT,GT,GG,GA,CC,CC,AA,GG,TT,AG,AA,TC,TC,4G5G,AA,GG,CC,AA,GG,CC,GG,CT,,CC,AA,CC,CG,,,CC,GA,CT,AA,TT,TT,TT,GG,CC,CT,GA,CG,CG,AA,TT,TT,CT,,CC,TT,GG,CT,GT,CC,GT,CC,GG,CC,GA,AC,GT,CC,TT,AA,CC,,,,TC,TT,,,,,,,0.0,WV,03-2,Male,33.0,Caucasian,30.0,33.75,3.8,12.5,27.5,25.0,-2.5,-9.1,166.0,70.0,23.816,118.0,80.0,80.0,4.67,10.67,4.83,12.67,R,162.0,70.5,22.914,5.67,1.6230892824875816,-1.1692255960162612
WV-1272,CA,II,TT,AA,TT,GG,GG,GA,CC,CA,TT,GG,TT,AG,GT,CC,CC,TA,CT,TT,GG,CC,CT,TT,CC,CG,GG,GT,GA,GG,CC,TT,GG,GG,AA,GG,GG,CC,GT,GA,,,CC,AA,CC,CC,GG,GG,GG,AA,,"-9, -9",AG,CT,TT,CT,AA,TA,TT,,,,,,,,,AA,CT,CG,AG,CC,GA,TC,CG,TT,TC,GG,GA,GG,AG,AA,TT,AC,GA,AA,CT,AA,GG,,,TT,GG,TT,CT,CC,CC,,,,,,,,CT,GG,AA,GG,AA,AA,CC,GG,GG,CC,TT,CC,CC,,CC,TT,GA,AA,CC,,,AG,AC,TA,CT,CA,GC,GG,CT,GA,AA,AA,GG,CC,GG,GG,AA,GG,CG,CC,,,TT,GG,GG,CC,GG,GT,GA,GA,TC,AC,AA,CC,TT,AG,AG,TT,TC,4G5G,AA,,CC,AA,GG,CC,GG,CC,,CT,AG,CT,CC,,,CC,GG,CT,AA,CT,CT,TC,GA,CC,CT,GA,CG,CG,AA,TT,CT,CC,,CC,GT,AG,CC,GT,CC,GT,CC,GA,CC,GG,AC,GT,CC,TT,AA,CC,,,,TC,TT,,,,,,,0.0,WV,03-2,Male,28.0,Caucasian,27.5,35.0,7.5,27.3,27.5,27.5,0.0,0.0,295.0,71.0,41.14,130.0,88.0,72.0,31.33,44.67,31.67,42.5,L,291.0,71.0,40.582,26.33,-2.5111217077726917,0.051682313753662334
WV-1273,CA,ID,CC,GG,CC,AA,CG,GG,CC,AA,TC,GG,TT,AG,GT,CC,CC,TA,CT,TT,GG,CC,CT,TT,CC,CG,GG,GT,GA,GG,TC,AT,GA,GG,AA,GG,GA,,GT,GG,,GG,CC,AA,CT,CT,AG,GG,GG,AA,,"-9, +9",AA,CT,TC,TT,AA,AA,TC,,,,,,,,,AA,CT,CG,AG,CC,GG,TC,CG,CC,TT,CC,AA,GG,AA,AA,TT,AA,GG,AT,TT,AA,GG,,,AA,GG,CC,TT,CC,CC,,,,,,,,CT,GG,AA,GG,AA,AA,CC,GG,GG,CC,TT,CC,CC,,CG,TC,GA,AA,,,,AG,AC,AA,CT,CC,GG,GG,CC,GA,GG,GG,,TT,GG,GA,AG,GG,CG,CT,,,CC,AG,GG,CC,GG,GG,GG,GA,TC,AC,AA,CC,TC,AA,AA,TC,TC,5G5G,AA,GG,,AA,GG,CC,AG,CT,,CC,AG,CC,CC,,,CG,GA,CT,GA,CT,CT,TT,GG,CC,CT,GA,CC,CG,AA,CT,CT,CC,,CC,GG,AA,CC,GG,TT,GG,TT,GG,CT,GA,AA,GT,CC,GT,AG,CC,,,,TC,TT,,,,,,,0.0,WV,03-2,Male,27.0,Caucasian,17.5,30.0,12.5,71.4,22.5,17.5,-5.0,-22.2,148.0,71.0,20.64,130.0,78.0,68.0,6.5,19.67,5.67,17.33,L,145.0,71.0,20.221,6.17,0.160490327648073,4.284815067733518
WV-1274,CA,DD,TT,AA,TT,GG,CC,AG,CG,CC,TT,GG,TT,AA,TT,CC,CC,AA,CC,TT,GG,CC,CC,TT,CC,GG,GG,GG,GG,GG,CC,TT,GG,GG,AA,GG,GG,CC,GG,AA,,GG,CC,AA,CC,CC,GG,GG,GG,AA,,"+9, +9",AA,TT,TC,TT,AC,TA,TC,,,,,,,,,GG,CC,CG,AG,CC,AA,TT,CC,TT,TC,CG,GG,GG,AG,AG,TC,CC,GG,AA,CT,AA,CG,,,TT,GG,TT,CC,CC,CC,,,,,,,,CT,GA,TA,GG,AA,AA,CC,GG,GG,CC,TT,CC,TT,,GG,TT,GG,AA,CA,,,AG,AC,AA,CC,CA,GG,GG,CC,GG,AG,AG,GG,TC,GG,GG,AA,GG,CG,CT,,,TT,AG,GT,CC,TT,GG,GG,GA,CC,CC,AA,CC,TT,AA,AG,TC,TC,4G4G,AA,GG,CC,AA,GG,CC,GG,CC,,CC,GG,CC,CG,,,CC,GG,CT,AA,TT,TT,TT,GG,CC,CC,GG,CG,CC,AA,TT,CT,CC,,CT,GT,AG,CT,TT,TT,TT,TT,GG,CC,GA,AA,GT,CC,GT,AG,CC,,,,TT,TG,,,,,,,0.0,WV,03-2,Female,24.0,Caucasian,10.0,16.25,6.3,62.5,10.0,12.5,2.5,25.0,118.0,64.0,20.252,144.0,74.0,80.0,8.5,20.33,9.17,18.17,R,117.0,64.0,20.081,7.67,-1.0310430611252608,1.1302898640668773
WV-1275,CA,ID,CT,GA,TC,GA,CG,GG,CG,CA,TT,GA,TT,AA,,CC,CC,AA,CC,TT,GG,,CC,,,,,GG,GG,GG,,,,GA,,,GA,CT,GT,GG,,GG,CC,AA,CC,CC,GG,GG,GG,AA,,"-9, +9",GG,TT,TC,TT,AA,TT,CC,,,,,,,,,AG,CC,CG,AG,CG,GG,TT,CC,CT,TT,CC,GA,GG,AA,AA,TT,AA,GG,,CT,AA,GG,GA,AT,AT,GG,TC,,CG,CC,,,,,,AA,GG,TT,GG,AA,GG,AA,AA,CC,GG,GG,CC,TT,CC,CT,,CG,TT,GG,AT,CA,,,AG,AC,AA,TT,CA,GC,GG,TT,GA,AA,AA,GG,CC,GA,GG,AG,GA,CC,CC,,,CT,GG,GG,CC,GT,GT,GA,GG,TT,AA,AA,GG,TC,AA,GG,TT,TT,4G4G,AA,GG,CC,AA,GG,CC,GG,CC,,CT,AA,CC,CC,,,CC,GG,CC,GA,CC,CC,TC,GA,CC,CT,GA,CG,CG,AA,CT,CT,CC,,CC,,,CC,GG,CC,GG,CC,GG,CC,GG,AA,GT,CC,GT,AG,CC,CT,GA,,TC,TT,,,,,,,,,,,,,,,,,,,,,,,,,,,,,,,,,,,,-0.7466237036873495,0.39547437160515964
WV-1276,CA,ID,CT,GA,TC,GA,CG,AA,,CC,TT,GG,TT,GG,,CC,TC,TT,CT,GT,AG,,CT,,,,,TT,GA,GG,,,,GG,,,AA,CT,GG,GG,,GG,CC,AA,CC,CC,GG,GG,GG,AA,,"-9, -9",AG,CT,TC,CT,AA,TA,TC,,,,,,,,,AG,CT,CC,AA,GG,GG,TT,CC,CT,CC,CG,GG,GA,AG,AA,TT,AC,GG,,CC,AA,GG,GA,AT,AA,GG,CC,,CG,CC,,,,,,AA,GG,CC,GA,TA,GA,AA,AA,CC,GA,GG,CC,TT,CC,CC,,CC,TT,AA,AA,CA,,,AG,AC,TT,CC,CA,GG,GG,CT,GA,GG,GG,GG,TT,GG,GG,AG,GG,GG,CC,,,CT,GG,GG,CC,GG,GT,GG,GG,CC,CC,AA,GC,TC,,AG,TT,TT,4G4G,AA,GG,CC,AA,GG,CC,GG,CC,,CT,AG,CC,CC,,,CC,AA,TT,AA,CC,CC,TT,GG,CC,CT,GA,CG,CG,AA,TT,CT,CC,,CT,,,CC,GG,CC,GG,CC,GA,CC,AA,AC,GT,CC,TT,AA,CC,CT,GA,GG,TC,TT,,,,,,,,,,,,,,,,,,,,,,,,,,,,,,,,,,,,0.22613283986263902,0.9504098558229792
WV-1277,CC,ID,CC,GG,CC,AA,CG,AA,CC,CC,TT,GG,TT,AA,GT,CC,CC,TA,CC,GT,GG,CT,CC,TT,CC,GG,GG,GG,GG,GA,TC,AT,GG,GG,AA,GG,GG,CC,GG,GA,,GG,CG,AA,CC,CC,AG,GA,GG,AA,,"+9, +9",AG,CT,TC,CT,AA,TA,TC,,,,,,,,,AG,CC,GG,GG,CC,GG,TT,CC,CC,CC,CC,GG,GG,AA,AA,TT,AC,GA,TT,CT,AG,GG,GG,AA,AT,GG,TC,CC,CG,CC,,,,,,AA,GG,CT,GA,TA,GG,AT,AA,CC,GA,GG,CT,TT,TC,CC,,CG,TC,AA,AA,CC,,,AA,CC,TT,CC,CC,GC,GG,CC,GA,AA,GA,GC,TT,GG,GG,AG,GA,CG,CT,,,CT,AG,GT,CC,GG,GG,GG,GG,TT,AA,AA,GC,TT,AG,AG,TT,TC,5G5G,AA,GG,CC,AA,GA,CG,AG,CC,,CT,AG,CT,CG,,,CC,GG,CT,AA,CC,CC,TC,GA,CC,CT,GA,CC,CG,AA,CT,CT,CC,,CC,GT,AG,CC,GT,TC,GT,CT,GG,CC,GA,AA,GT,CC,TT,AA,CC,CT,GG,,TC,TT,,,,,,,0.0,WV,03-3,Female,31.0,Caucasian,16.25,25.0,8.8,53.8,11.25,12.5,1.3,11.1,131.0,62.0,23.958,110.0,70.0,68.0,6.67,22.0,10.0,19.67,R,127.0,62.0,23.226,4.5,2.5902082685837424,1.7284859915423816
WV-1278,CC,II,CT,GA,TC,GA,CC,GG,CG,CA,TT,GG,TT,AG,GT,CC,TC,TA,CC,GT,AG,CT,CC,TT,CG,CG,GG,GG,GG,GA,TC,AT,GG,GA,AG,GA,GG,CC,GT,GA,,GG,CC,AA,CC,CC,GG,GG,GG,AA,,"-9, +9",AA,CT,TT,CT,AA,TA,TC,,,,,,,,,AG,CT,GG,GG,CC,GA,CC,CG,CT,TT,CC,GA,GA,AG,AG,TC,AC,GG,AT,CT,AA,GG,GG,AA,TT,GG,CC,CT,CG,CC,,,,,,AA,GG,CT,GG,AA,GG,AA,AA,CC,GG,GG,CC,TT,CC,TT,,GG,TT,GG,AA,AA,,,GG,AA,TA,CT,AA,GG,GG,CT,GA,AA,GA,GG,CC,GG,GG,AA,GA,CC,CC,,,TT,GG,GG,CC,GT,GT,GA,GG,TC,AC,AA,GC,TC,GG,AA,TC,TC,4G5G,AA,GG,CC,AA,GG,CC,GG,CC,,CC,AA,CC,CC,,,CC,GG,TT,GA,CT,CT,TT,GG,CC,CT,GG,CG,CG,AA,TT,CT,CC,,CC,TT,GG,CC,GG,CC,GG,CC,GA,CC,GG,AC,TT,CC,GT,AG,CC,CT,GA,GG,TC,TT,,,,,,,0.0,WV,03-3,Female,40.0,Caucasian,20.0,30.0,10.0,50.0,21.25,21.25,0.0,0.0,227.0,64.0,38.96,104.0,68.0,76.0,19.67,46.0,21.67,41.17,R,229.0,64.0,39.303,22.33,1.6975881185205226,-2.96484428265982
WV-1279,CC,ID,CC,GG,CC,AA,CC,GA,CG,CC,TC,GG,TT,AA,TT,CC,CC,AA,CC,TT,GG,CC,CC,TT,CC,GG,GG,GG,GG,GG,CC,AT,GG,GG,AG,GG,GG,CC,GT,GG,,GG,CC,AA,CT,CC,AG,GG,GG,AA,,"-9, +9",AG,TT,TC,TT,AA,TA,CC,,,,,,,,,AA,CC,CG,AG,CC,GG,TC,CC,CC,CC,CC,GG,GG,AG,AG,TC,CC,GG,AT,CT,AA,GG,GA,AT,TT,GG,TC,CC,CG,CC,,,,,,AA,GG,TT,GG,AA,GG,AA,AA,CC,GG,GG,CC,TT,CC,CT,,CG,TT,GG,TT,CC,,,AG,AC,TA,CT,CA,GC,GG,CC,AA,AA,AA,GC,TC,GG,GG,AG,AA,CC,CC,,,CC,GG,GG,CC,GG,GT,GG,GG,TC,AC,AA,GC,TT,AG,AA,TT,TT,4G5G,AA,GG,CT,AA,GG,CC,AG,CC,,CC,AA,CT,CC,,,CG,GA,TT,AA,CT,CT,TT,GG,CC,CC,GG,CG,CC,AA,CT,CT,CT,,CC,GT,AG,CT,GT,TC,GT,CT,GG,CC,GA,AC,GT,CC,TT,AA,CC,TT,GA,AA,TT,TT,,,,,,,0.0,WV,03-3,Male,26.0,Caucasian,20.0,35.0,15.0,75.0,27.5,21.25,-6.3,-22.7,221.0,75.0,27.62,130.0,76.0,84.0,9.83,25.0,9.0,26.0,R,223.0,75.0,27.87,8.67,-3.2094000118995294,-1.4896946668100508
WV-1280,CA,II,CT,GA,TC,GA,CG,AA,,CC,TT,GG,TT,AA,,CC,CC,TA,CC,TT,GG,,CC,,,,,GG,GG,GA,,,,GG,,,GA,CT,GG,GA,,GG,CG,AA,CC,CC,AG,GG,GG,AA,,"-9, +9",AG,TT,TC,CT,AA,TA,TT,,,,,,,,,AG,CT,CG,AG,CC,GG,TT,CC,CT,CC,CC,GG,GA,AG,AG,TC,CC,GG,,CT,AA,CG,GG,AA,AT,GG,TT,,CG,CC,,,,,,AG,GG,CT,GG,TA,GG,AT,AT,CA,GA,GA,TT,TT,TT,CC,,CG,TT,GA,AA,CC,,,GG,AA,TT,CC,AA,GC,GG,CT,GA,AG,GA,GC,TT,GA,GG,AG,GA,CC,TT,,,CT,AA,GG,CC,GG,GG,GG,GG,CC,CC,AA,GC,TT,AG,AG,TT,TT,5G5G,AA,GG,CC,AA,GG,CG,AG,CC,,CC,GG,CC,CC,,,CC,GG,TT,AA,CT,CT,TT,GG,CC,CC,GA,CG,GG,AC,CC,CT,CC,,,,,CC,GT,CC,GT,CC,GG,CC,AA,AC,TT,CC,GT,AG,CC,TT,GA,GA,TT,TT,,,,,,,,,,,,,,,,,,,,,,,,,,,,,,,,,,,,4.638755904570829,5.040742466630708
WV-1281,CC,II,CT,GA,TC,GA,CG,GG,GG,CC,TT,GG,TT,AA,TT,CC,CC,AA,CC,TT,GG,CC,CC,TT,CC,GG,GG,GG,GG,GG,CC,TT,GG,GG,AA,GG,GG,CC,GT,GG,,GG,CC,AA,CC,CC,GG,GG,GG,AA,,"+9, +9",AA,TT,TC,TT,AA,TT,TC,,,,,,,,,AA,CT,GG,GG,GG,GG,TT,CC,CT,CC,CG,GG,GG,AA,AA,TT,AC,GA,AT,TT,AA,GG,GG,AA,AA,GG,TC,CC,CG,CT,,,,,,AA,GG,CT,GG,AA,GG,AA,AA,CC,GG,GG,CC,TT,CC,CT,,CG,TT,GA,AA,CC,,,AG,AC,AA,CT,CA,GC,GG,CT,GA,GG,GG,GG,TT,GG,GG,AG,GA,CC,CC,,,CT,GG,GG,CC,GG,GG,GA,GA,TC,AC,AA,GG,TT,AG,AG,TT,CC,4G5G,AA,GG,CC,AA,GG,CC,GG,CC,,CC,AG,CC,CC,,,CC,GG,CT,AA,CC,CC,TC,GA,CC,CT,GA,CC,GG,AC,CT,CC,TT,,CC,GT,AG,CC,TT,TT,TT,TT,GG,CC,GA,AC,GT,CC,TT,AA,CC,CC,GA,GA,CC,TT,,,,,,,0.0,WV,03-3,Female,20.0,Caucasian,10.0,20.0,10.0,100.0,12.5,12.5,0.0,0.0,149.0,62.0,27.249,102.0,70.0,80.0,17.0,35.5,18.17,34.33,R,149.0,62.0,27.249,15.33,-2.106341152633245,0.5380124350156049
WV-1282,CA,ID,CT,GA,TC,GA,CC,GA,CG,CC,TT,GG,TT,AG,GT,CC,TC,TA,CT,TT,GG,CC,CT,CT,CC,CG,GG,GT,GG,GG,TC,AT,GG,AA,GG,AA,GG,CC,GT,GA,,GG,CC,AA,CC,CC,GG,GG,GG,AA,,"+9, +9",AA,TT,TT,CT,AA,TA,TC,,,,,,,,,AG,CT,CG,AG,CC,GA,TT,CC,CT,CC,CC,GG,GG,AG,AG,TC,AC,GG,TT,CT,AG,GG,GG,AA,AT,GG,TC,CT,CG,CC,,,,,,AA,GG,CT,GG,TA,GG,AA,AA,CC,GG,GG,CC,TT,CC,TT,,GG,TT,GG,TT,AA,,,AG,,AA,TT,CC,CC,GG,CT,GA,AA,GA,GG,TC,GG,GG,AG,GA,CG,CC,,,TT,GG,GG,CC,TT,GT,GG,GG,TC,AC,AA,GC,TT,GG,AA,TT,TT,4G5G,AA,GG,CC,AA,GG,CC,GG,CC,,CC,AG,CC,CC,,,CG,GG,CT,AA,CC,CC,TT,GG,CC,CC,GG,CG,CC,AA,CT,CT,CC,,CC,GT,AG,CT,GG,CC,GG,CC,GG,CC,GG,AA,GT,CT,GT,AG,CC,TT,GA,,TT,TT,,,,,,,0.0,WV,03-3,Female,22.0,Caucasian,15.0,30.0,15.0,100.0,16.25,17.5,1.3,7.7,147.0,62.0,26.884,122.0,68.0,76.0,13.17,35.67,15.83,34.67,R,155.0,62.0,28.347,15.67,-1.3778449967001558,-0.025733829244223513
WV-1283,CA,ID,CC,GA,TC,GA,CG,GA,CC,CC,TT,GG,TC,AG,,CC,TC,TA,CC,GT,AG,,CT,,,,,GG,GG,GA,,,,AA,,,GA,CT,,GA,,GG,CG,AA,CC,CC,AG,GG,GG,AA,,"-9, +9",AG,CT,TC,CT,AC,TT,TT,,,,,,,,,AG,CT,CG,GG,CC,GG,CC,CG,CT,TC,CC,GA,GA,GG,GG,CC,AC,GA,,CC,AG,GG,GG,AA,AA,GG,TT,,CG,CC,,,,,,AA,GG,TT,GG,AA,GG,AA,AA,CC,GG,GG,CC,TT,CC,CC,,CC,TT,GA,AA,CC,,,AG,AC,AA,CC,CA,GC,GG,CT,GG,GG,GG,GG,TC,GG,GG,AA,AA,CC,CC,,,CC,GG,GG,,GT,GG,GG,GG,TC,AC,AA,GG,TT,AA,GG,TT,TC,5G5G,AA,GG,CC,AA,GG,CG,AG,CC,,CC,AA,CT,CC,,,CC,GG,TT,GA,CC,CC,TT,GG,CC,CC,GG,CG,CC,AA,CT,TT,CC,,CC,,,CT,GG,CC,GG,CC,GG,CC,GA,AC,TT,CT,GT,AG,CC,TT,GG,,TT,TT,,,,,,,0.0,WV,03-3,Male,29.0,Asian,21.25,30.0,8.8,41.2,22.5,25.0,2.5,11.1,187.0,68.0,28.43,118.0,80.0,84.0,9.0,17.67,11.67,15.17,R,188.0,68.0,28.582,10.0,3.523090284654031,-1.9609028779816566
WV-1284,CC,II,CT,GA,TC,GA,,AA,CC,CC,TT,GG,TT,AA,TT,CC,CC,AA,CC,TT,GG,CC,CC,TT,CC,GG,GG,GG,GG,GG,CC,TT,GG,GA,GG,AA,GA,CT,GT,GG,,GG,CC,AA,CC,CT,GG,GG,GG,AA,,"+9, +9",GG,CT,TC,CT,AA,TT,TC,,,,,,,,,AG,CT,GG,GG,CC,GG,TT,CC,TT,TT,CC,GG,GG,AA,AA,TT,AC,GG,AT,CT,,GG,GG,AA,AA,GG,TC,TT,CG,CT,,,,,,AA,GG,CT,GG,TA,GG,AA,AA,CC,GG,GG,CC,TT,CC,CC,,GG,TC,AA,AA,CA,,,AA,CC,TA,CT,CA,GC,GG,CC,AA,AG,AA,GG,CC,GA,GG,GG,AA,CG,CC,,,TT,GG,GT,CC,GT,GG,GG,GG,TT,AA,AG,GG,TT,AA,AA,TT,TT,4G4G,AA,GG,CC,AA,GG,CC,GG,CT,,CC,AG,CC,CG,,,CC,GA,CT,AA,CT,CT,TT,GG,CC,CC,GA,CC,CG,AA,CC,CT,CC,,CT,GG,AA,CC,GG,CC,GG,CC,GG,CC,AA,AA,GT,CC,TT,AA,CC,CT,GG,,TC,TT,,,,,,,0.0,WV,03-3,Male,39.0,Caucasian,27.5,37.5,10.0,36.4,28.25,28.25,0.0,0.0,273.0,72.0,37.021,138.0,90.0,80.0,20.83,32.17,21.0,33.0,R,275.0,72.0,37.293,20.0,1.5344795904700308,1.5507862578022673
WV-1285,CC,DD,TT,AA,TT,GG,CC,GA,CC,CA,TT,GG,TT,AG,GT,CC,CC,AA,CC,TT,GG,CC,CC,TT,CC,GG,GG,GG,GG,GG,CC,TT,GG,GG,AA,GG,GA,CT,GG,GG,,GG,CC,AA,CC,CC,GG,AA,GG,AA,,"+9, +9",AG,CT,TC,CT,AC,TT,CC,,,,,,,,,AA,CC,CC,AG,CC,GG,CC,CG,TT,TT,CC,GA,GA,AA,AA,TT,AA,AA,TT,CT,AA,GG,GA,AT,AA,GG,TT,CC,CG,CC,,,,,,AA,GG,CT,GG,AA,GG,AA,AA,CC,GG,GG,CT,TT,TC,CT,,,TT,GA,AA,CC,,,AA,,TA,CT,CC,GC,GG,CC,GA,AG,GA,GG,TC,GG,GG,AA,GG,CC,CC,,,CT,GG,GG,CC,GG,GG,GG,GG,CC,CC,AA,GG,TT,AG,AG,TC,CC,4G4G,AA,GG,CC,AA,AA,CC,GG,CC,,TT,,CC,GG,,,CC,GG,CT,AA,TT,TT,TT,GG,CC,CC,GG,GG,CC,AA,TT,CC,CC,,CT,GG,AA,CC,GG,CC,GG,CC,GA,CT,GG,AC,GT,CC,TT,AA,CC,TT,GA,,TT,TG,,,,,,,0.0,WV,03-3,Female,19.0,Caucasian,12.5,21.25,8.8,70.0,12.5,12.5,0.0,0.0,110.0,61.0,20.782,98.0,60.0,72.0,5.67,14.33,5.0,14.83,R,110.0,61.0,20.782,8.0,0.1987796689168984,-0.4675787434445843
WV-1286,CA,ID,CT,GA,TC,GA,CC,GA,CC,CC,TT,GG,TT,GG,GG,CC,CC,TT,TT,TT,GG,CC,TT,CT,CC,CC,GG,TT,GA,GG,TC,AT,GG,GA,GG,GA,,CC,GT,GG,,GG,CC,AA,CC,CC,GG,GG,GG,AA,,"+9, +9",AG,TT,TT,TT,AA,AA,TC,,,,,,,,,AG,CC,CC,AA,CG,GG,TT,CC,CT,TC,CC,GG,GG,AA,AA,TT,AC,GG,TT,CT,AA,CG,GG,AA,TT,GG,TT,CC,CG,CT,,,,,,AA,GG,CC,GG,AA,GG,AA,AA,CC,GG,GG,CC,TT,CC,CT,,CG,TT,GA,AA,CC,,,GG,AA,TA,CC,AA,GG,GG,CT,GA,AG,,GG,,GG,GG,,GG,CG,CT,,,CC,AG,GG,CC,GT,GT,GG,GG,TC,AC,AA,CC,TC,AG,AA,TC,TC,4G5G,AA,GG,CC,AA,GG,CC,GG,CC,,CT,AG,CC,CC,,,CC,GG,TT,AA,CT,CT,TC,GA,CC,CC,GG,CG,CC,AA,TT,CT,CC,,CC,GT,AG,CC,GT,TC,GT,CT,GG,CC,AA,AA,GG,CC,TT,AA,CC,CT,GG,,TC,TT,,,,,,,2.0,WV,03-3,Male,19.0,Caucasian,30.0,35.0,5.0,16.7,35.0,36.25,1.3,3.6,160.0,72.0,21.698,128.0,70.0,72.0,4.0,10.3,4.2,10.8,,160.0,72.0,21.698,3.7,-3.607433514341118,2.8708998433904247
WV-1287,CA,DD,CC,GG,CC,AA,CG,GG,CC,AA,TT,GG,TT,GG,GG,CC,CC,TT,TT,TT,GG,CC,TT,CC,CC,CC,GG,TT,GG,GG,TT,AA,GG,AA,GG,AA,GG,CC,GG,GA,,GG,CC,AA,CC,CC,GG,GG,GG,AA,,"-9, +9",AG,CT,CC,CT,AA,TA,CC,,,,,,,,,AG,TT,CG,AG,CG,GG,TT,CC,CC,CC,CC,AA,GG,GG,AG,TC,AA,AA,TT,CC,AA,CG,GA,AT,AT,GG,TC,CC,CG,CT,,,,,,AA,GG,CC,GG,AA,GG,AA,AA,CC,GG,GG,CT,TT,TC,TT,,GG,TT,GG,AA,CC,,,GG,AA,AA,CT,AA,GC,GG,CT,GA,AG,GG,GG,TC,GG,GG,AG,GG,CG,CC,,,CT,GG,TT,CC,GG,GG,GG,GA,TC,AC,AG,GC,TC,AG,AA,TT,TT,5G5G,AA,GG,CC,AA,GG,CC,GG,CC,,CT,AA,CC,CC,,,CC,GA,TT,AA,CT,CT,TT,GG,CC,CT,GA,CC,GG,AC,CT,CC,CC,,,GG,AA,CT,GT,TC,GT,CT,GA,CC,AA,AA,GT,CC,GT,AG,CC,TT,GA,GG,TT,TT,,,,,,,0.0,WV,03-3,Male,20.0,Caucasian,22.5,30.0,7.5,33.3,23.25,26.25,3.0,12.9,184.0,74.0,23.622,110.0,60.0,64.0,7.0,22.83,10.67,21.0,R,184.0,74.0,23.622,8.0,-1.3058955883624086,4.239880757124648
WV-1288,CA,II,CC,GG,CC,AA,CC,GA,CC,CC,TT,GG,TC,AG,,CC,TC,TA,CC,TT,AG,,CC,,,,,GG,GG,GA,,,,GG,,,GA,CT,GT,GG,,GG,CC,AA,CT,CC,AG,GG,GG,AA,,"-9, -9",AG,CT,TC,TT,AC,TA,TT,,,,,,,,,AA,CC,CC,AG,CC,GG,TT,CC,CT,CC,GG,GA,GG,AA,AA,TC,AA,AA,,CT,AA,GG,GG,AA,AT,GT,TT,,CG,CT,,,,,,AA,GG,CC,GG,AA,GG,AA,AA,CC,GG,GG,CC,TT,CC,TT,,GG,TT,GG,AA,CA,,,AA,CC,TA,CT,CC,GG,GG,CT,GA,AA,GA,GG,TC,GA,GG,AG,GG,CC,CC,,,CC,GG,GG,CT,GG,GG,GA,GG,TC,AC,AA,GC,TT,AA,GG,TT,CC,5G5G,AA,GG,CT,AA,GG,CC,AG,CC,,CC,AA,CT,CC,,,CC,GA,CC,AA,CT,CT,TC,GA,CC,CC,GG,CG,CC,AA,CT,TT,CC,,CC,,,CC,GT,TC,GT,CT,GA,CC,AA,AA,GG,CC,TT,AA,CC,CC,GG,GA,CC,TG,,,,,,,0.0,WV,03-3,Male,24.0,Asian,21.25,32.5,11.3,52.9,20.0,22.5,2.5,12.5,157.0,67.0,24.587,122.0,88.0,68.0,8.17,24.5,8.67,22.0,R,159.0,67.0,24.9,7.67,1.2134389595096617,-2.358828610470696
WV-1289,CA,ID,CC,GG,CC,AA,CG,GA,CC,CA,TT,GG,TC,GG,,CC,TT,TT,CC,GT,AA,,CC,,,,,GG,GG,AA,,,,GG,,,GG,CC,GG,GA,,GG,CC,AA,CC,TT,GG,GG,GG,AA,,"-9, +9",GG,TT,TC,CC,AC,TT,TT,,,,,,,,,GG,CC,GG,GG,CC,GG,,CC,CC,TT,CG,GA,GG,AG,AG,TC,AA,GG,,CT,AA,GG,GG,AA,AA,GG,TT,,CG,CT,,,,,,AA,GG,CC,GG,AA,GG,AA,AA,CC,GG,GG,CC,TT,CC,TT,,GG,TT,GG,AT,CC,,,GG,AA,TT,CC,AA,GC,GG,CT,GG,AA,GA,GG,CC,GG,GG,AG,,CC,CC,,,CT,GG,GT,CT,GG,GT,GA,GG,TC,AC,AA,GG,TT,,GG,TT,CC,4G5G,AA,GG,CC,AA,GG,CC,GG,TT,,CC,AA,CC,CC,,,CC,GG,CC,GA,CC,CC,TT,GG,CC,TT,AA,CC,GG,AA,CT,TT,CC,,CC,,,CC,GT,TC,GT,CT,GG,CC,GG,CC,TT,CC,TT,AA,CC,CT,GG,GG,TC,TT,,,,,,,0.0,WV,03-3,Male,24.0,Asian,20.0,32.5,12.5,62.5,17.5,22.5,5.0,28.6,163.0,71.5,22.415,118.0,76.0,64.0,5.5,15.5,4.33,16.83,R,161.0,71.5,22.14,3.83,5.313104401883852,-2.009371308204339
WV-1290,,II,CT,GA,TC,GA,CC,GG,CG,CC,TC,GG,TT,GG,GG,CC,TC,TT,CT,GT,AG,CT,CT,CT,CG,CC,GG,GT,GG,GA,TT,AA,GG,GA,GG,AA,GA,CT,GT,GG,,GG,CC,AA,CT,CC,AG,GG,GG,AA,,"-9, +9",GG,CT,TC,CT,AA,TT,TC,,,,,,,,,GG,CC,CG,AG,CG,GG,TT,CC,CT,TC,CC,GA,GG,AG,AA,TC,AC,GA,TT,CT,AA,GG,GG,AA,AT,GG,TT,CT,CG,CT,,,,,,AA,GG,CT,GG,AA,GG,AA,AA,CC,GG,GG,CC,TT,CC,TT,,GG,TT,GG,AT,CC,,,AG,AC,TA,CT,CA,CC,GG,CT,GA,AA,GA,GC,TC,GG,GA,AG,GA,CC,CC,,,CC,GG,GG,CC,GT,GG,GA,GG,TC,AC,AA,GG,TC,AG,AG,TT,TC,5G5G,AA,GG,CT,AA,GG,CC,AG,CC,,CT,AA,CT,CC,,,CC,GG,TT,GG,CC,CC,CC,AA,CC,CC,GA,CG,CG,AA,CT,CC,CC,,CC,GT,AG,CC,GG,CC,GG,CC,GG,CC,GA,AA,GT,CC,GT,AG,CC,CC,GA,GG,CC,TG,,,,,,,0.0,WV,03-3,Female,22.0,Caucasian,10.0,18.75,8.8,87.5,10.0,11.25,1.3,12.5,136.0,65.5,22.285,108.0,70.0,68.0,15.0,32.67,15.0,32.0,R,139.0,65.5,22.777,14.67,2.545328862976337,-0.055468579649116334
WV-1291,CA,DD,CT,GA,TC,GA,CG,AA,CC,CC,TT,GG,TC,AG,,CC,TC,TA,CC,GT,AG,,CC,,,,,GG,GG,GA,,,,GG,,,GA,CC,GT,GA,,GG,CC,AA,CC,CC,GG,GA,GG,AA,,"-9, -9",GG,CT,TT,CT,AC,TT,TT,,,,,,,,,GG,CC,GG,GG,CC,GG,TC,CC,CT,TT,CG,GG,GG,AG,AA,TT,AA,GG,,CT,GG,GG,GG,AA,AA,TT,TT,,CG,TT,,,,,,AA,GG,TT,GG,TA,GA,AA,AA,CC,GA,GG,CT,TA,TC,CC,,CG,TT,GA,AA,CA,,,AG,AC,AA,CC,AA,GG,GG,CC,GA,GG,GG,GG,TT,GG,GG,AA,AA,CC,CC,,,CC,GG,GG,CC,GT,GG,GG,GG,TC,AC,AA,GG,TT,AA,GG,TT,TC,4G5G,AA,GG,CC,AA,GA,CC,GG,CC,,CC,AA,CT,CC,,,CC,GA,CT,GA,TT,TT,TT,GG,CC,CC,GA,CG,CC,AA,CT,TT,CC,,CT,,,CC,GG,CC,GG,CC,GG,CT,GG,AC,GT,CC,TT,AA,CC,TT,GG,,TT,TT,,,,,,,0.0,WV,03-3,Female,21.0,Asian,8.75,17.5,8.8,100.0,10.0,11.25,1.3,12.5,99.5,59.0,20.094,102.0,72.0,72.0,6.67,15.17,5.83,11.0,R,96.5,59.0,19.489,7.33,5.686210567280111,-3.440042448979846
WV-1292,CA,DD,CT,GA,TC,GA,CC,AA,CC,CC,TT,GG,TT,AA,TT,CC,CC,AA,CC,TT,GG,CC,CC,TT,CC,GG,GG,GG,GG,GG,CC,AT,GG,GA,AG,GA,GG,CC,,AA,,GG,CC,AA,CT,CC,AG,GG,GG,AA,,"-9, +9",AG,TT,TC,TT,AC,TT,CC,,,,,,,,,AA,CT,CG,AG,CG,GG,CC,CG,CT,TC,CC,GG,GA,GG,AG,CC,AA,GG,AT,CT,AA,CG,GA,AT,AT,GG,CC,CC,CG,CC,,,,,,AA,GG,CT,GG,TA,GG,AA,AA,CC,GA,GG,CT,TT,TC,CC,,CG,TT,GG,AA,CC,,,AG,AC,AA,TT,AA,GG,GG,CT,GG,AA,GA,GG,CC,GG,GG,AA,GA,CC,CC,,,CC,GG,GG,CC,GT,GG,GG,GG,TT,AA,AA,GG,TT,AA,AG,TT,TC,5G5G,AA,GG,CT,AA,GG,CC,AG,CC,,,AA,CT,CC,,,CC,GA,CT,GA,CT,CT,TC,GA,CC,CC,GG,CC,CC,AA,CT,CC,CC,,CC,GG,AA,CC,GG,CC,GG,CC,GA,CC,GA,AC,GT,CC,TT,AA,CC,TT,GG,GA,TT,TT,,,,,,,0.0,WV,03-3,Female,31.0,Caucasian,20.0,28.75,8.8,43.8,17.5,20.0,2.5,14.3,134.0,64.0,22.999,106.0,60.0,68.0,12.33,25.67,12.0,22.33,R,136.0,64.0,23.342,11.0,0.026931123646851404,0.21779821485414153
WV-1293,CC,DD,CC,GG,CC,AA,CG,GA,CG,CC,TT,GG,TT,AG,GT,CC,TC,TT,CC,GT,AG,CT,CC,TT,CC,CG,GG,GT,GA,GA,CC,TT,GG,GG,AG,GG,GG,CC,GG,GA,,GG,CC,AA,CC,TT,GG,GG,GG,AA,,"-9, +9",GG,CT,TT,CC,AA,AA,TT,,,,,,,,,AA,CT,GG,GG,CC,GG,TT,CC,CC,TT,CG,GG,GG,AG,AG,TC,AC,GA,AT,CC,AA,CG,GG,AA,TT,GG,TC,CT,CG,CT,,,,,,AA,GG,CC,GG,TA,GG,AA,AT,CA,GA,GG,CC,TT,CC,CC,,CG,TC,GG,AA,CC,,,AG,AC,TA,CT,CA,GG,GG,CT,GA,AA,AA,GG,CC,GG,GG,AG,GG,CC,CC,,,CC,GG,GG,CC,GG,GG,GG,GG,CC,CC,AA,CC,TC,AG,AA,TC,TC,5G5G,AA,GG,CC,AA,GG,CC,GG,TT,,CC,AG,CC,CC,,,CC,,CT,AA,TT,TT,TT,GG,CC,CC,GG,GG,CC,AA,CT,CT,CC,,CT,GT,AG,CC,GT,TC,GT,CT,GA,CC,GG,AC,GT,CC,TT,AA,CC,CC,GG,,TC,TT,,,,,,,0.0,WV,03-3,Female,30.0,Caucasian,20.0,28.75,8.8,43.8,17.5,20.0,2.5,14.3,134.0,64.0,22.999,106.0,60.0,68.0,12.33,25.67,12.0,22.33,R,136.0,64.0,23.342,11.0,4.922080952319978,2.0098290679295094
WV-1294,CA,II,,GA,TC,GA,,,,CC,,,TT,GG,GG,CC,CC,TT,TT,TT,GG,CC,TT,CT,CC,CC,GG,TT,GA,GG,TC,AT,GG,GA,GG,GA,,CC,GT,GA,,,CC,AA,CC,CC,GG,GA,GG,AA,,"+9, +9",AG,TT,TT,TT,AA,,TC,,,,,,,,,AG,CC,GG,GG,CC,GG,,,CT,TC,CG,GG,GG,AG,AG,TC,,,AA,CC,AA,CG,GG,AA,,,TT,CT,,,,,,,,AA,GG,CT,GG,AA,GG,AA,AA,CC,GG,GG,CC,,,CC,,,,,,,,,GG,AA,TA,CT,AA,GG,GG,TT,,,,,,,,,,,,,,,GG,GG,CC,,GT,GG,GG,CC,CC,AA,,,,,,CC,,,,,,,,,,,,,CT,CC,,,CG,GA,,,,,,,,,,,,,,CC,CT,,,GG,AA,,GG,CC,GG,CC,,,,AC,GT,CC,TT,AA,CC,CT,,GA,TC,,,,,,,,0.0,WV,04-1,Male,19.0,Caucasian,20.0,32.5,12.5,62.5,22.5,30.0,7.5,33.3,130.0,71.0,18.129,130.0,50.0,84.0,5.0,10.17,3.33,8.33,R,131.0,71.0,18.269,4.67,-2.26970185238366,2.3041918727807253
WV-1295,CC,II,,GA,TC,GA,,,,CC,,,TT,AG,GT,CC,CC,TA,CT,TT,GG,CC,CT,CT,CC,CG,GG,GT,GG,GG,TC,AT,GG,GG,AG,GA,,,GT,GG,,,CC,AA,CC,CC,GG,,GG,AA,,"-9, +9",AG,TT,TT,TT,AC,,TC,,,,,,,,,GG,CC,CG,AG,CC,GA,,,CT,TC,CC,GG,GG,AG,AA,TT,,,AT,CC,AA,GG,GG,AA,,,TT,TT,,,,,,,,AA,GG,CT,GG,TT,GG,AA,AA,CC,GG,GG,CT,,,CT,,,,,,,,,AA,CC,TA,CC,CC,GG,GG,CT,,,,,,,,,,,,,,,GG,GG,CC,,GG,GA,GG,TT,AA,AA,,,,,,TC,,,,,,,,,,,,,CT,CC,,,CC,GA,,,,,,,,,,,,,,CT,CC,,,GT,AG,,GG,CC,GG,CC,,,,AC,GT,CC,TT,AA,CC,TT,GA,GG,TT,,,,,,,,0.0,WV,04-1,Male,19.0,Caucasian,18.75,30.0,11.3,60.0,20.0,22.5,2.5,12.5,138.0,69.0,20.377,110.0,72.0,64.0,3.33,8.5,4.0,7.67,R,139.0,69.0,20.524,4.33,-1.4721368278347193,0.5442640811442154
WV-1296,,,,AA,TT,,,,,,,,,,,,,,,,,,,,,,,,,,,,,,,,,,,,,,,,,,,,,,,,,,,,,,,,,,,,,,,,,,,,,,,,,,,,,,,,,,,,,,,,,,,,,,,,,,,,,,,,,,,,,,,,,,,,,,,,,,,,,,,,,,,,,,,,,,,,,,,,,,,,,,,,,,,,,,,,,,,,,,,,,,,,,,,,,,,,,,,,,,,,,,,,,,,,,,,,,,,,,,,,,,,,,,,,,,,,,,,,,,,,,,,,,,,,,,,,,,,,,,,,,,0.12775565362047267,-0.12821217968200047
WV-1297,CC,ID,,GG,CC,GG,,,,CC,,,TT,AG,,CC,TC,TA,CT,TT,GG,,CT,,,,,GG,GG,GG,,,,GA,,,,CC,GT,GA,,,CC,AA,CT,CC,AG,GA,GG,AA,,"-9, -9",AG,TT,TC,CT,AA,,CC,,,,,,,,,GG,CC,CG,AG,CC,GG,,,TT,TC,CG,GG,GG,AG,AA,TC,,,,TT,AA,GG,GG,AA,,,TT,,,,,,,,,AA,GG,CT,GG,AA,GG,AA,AA,CC,GG,GG,CC,,,CT,,,,,,,,,GG,AA,AA,CT,CA,GG,GG,TT,,,,,,,,,,,,,,,GG,GG,CC,,GG,GG,GG,TC,AC,AA,,,,,,CC,,,,,,,,,,,,,CT,CC,,,CC,AA,,,,,,,,,,,,,,CT,CT,,,,,,GG,CC,GG,CC,,,,AC,TT,CC,GT,AG,CT,TT,GG,GG,TT,,,,,,,,,,,,,,,,,,,,,,,,,,,,,,,,,,,,,-0.4459629101118161,-1.5071712452198953
WV-1298,CA,ID,,GG,CC,AA,,,,CC,,,TT,AG,GT,CC,TC,AA,CC,TT,GG,CC,CC,TT,CC,GG,GG,GG,GG,GG,CC,TT,GA,GG,AA,GG,,CC,TT,GG,,,CC,AA,CC,CC,GG,GA,GG,AA,,"-9, +9",AG,TT,TC,TT,AC,,TC,,,,,,,,,GG,CC,GG,GG,CC,GA,,,CC,CC,CG,GG,GA,GG,AG,TC,,,AT,CT,AA,GG,GA,AT,,,CC,CT,,,,,,,,AA,GG,CC,GG,TA,GG,AA,AA,CC,GA,GG,CC,,,CC,,,,,,,,,GG,AA,TA,CC,AA,CC,GG,CT,,,,,,,,,,,,,,,GG,GG,CC,,TT,GG,GG,TC,AC,AA,,,,,,TC,,,,,,,,,,,,,CC,CC,,,CC,GG,,,,,,,,,,,,,,CT,CC,,,GT,AG,,GG,CC,GG,CC,,,,AA,GG,CC,TT,AA,CC,CT,GG,GA,TC,,,,,,,,2.0,WV,04-1,Male,24.0,Caucasian,,35.0,,,21.25,25.0,3.8,17.6,172.0,72.0,23.325,106.0,60.0,64.0,6.83,14.67,7.17,16.33,R,173.0,72.0,23.46,7.67,-0.19212032162755388,-1.1389417684741427
WV-1299,CA,II,,GA,TC,AA,,,,CC,,,TT,AG,GT,CC,TC,AA,CC,GT,AG,CT,CC,TT,CG,CG,GG,GG,GG,GA,CC,AT,GG,GA,AG,GA,,CT,GG,GA,,,CC,AA,CC,CC,GG,,GG,AA,,"-9, +9",AG,CT,TT,CT,AA,,TC,,,,,,,,,GG,CC,CC,AG,CG,GG,,,CC,CC,,GG,AA,AG,AG,TC,,,TT,CT,AA,CG,GG,AA,,,TC,CT,,,,,,,,AA,GG,CC,GA,TA,GA,AA,AA,CC,GA,GG,CT,,,CC,,,,,,,,,AA,CC,TA,CT,CC,GC,GG,CT,,,,,,,,,,,,,,,AA,GG,CT,,GG,GG,AA,CC,CC,AA,,,,,,TT,,,,,,,,,,,,,CT,CC,,,CC,GG,,,,,,,,,,,,,,CC,,,,GG,AA,,GT,CC,GT,CC,,,,AA,GG,CC,TT,AA,CT,CC,GA,AA,CC,,,,,,,,0.0,WV,04-1,Male,20.0,Caucasian,27.5,35.0,7.5,27.3,32.5,32.5,0.0,0.0,170.0,70.0,24.39,138.0,78.0,80.0,6.5,12.33,6.83,10.83,R,169.0,70.0,24.246,5.83,1.8979298726669616,-2.558353186559333
WV-1300,CC,DD,,GG,CC,GA,,,,CA,,,TC,AG,GT,CC,CC,TA,CT,TT,GG,CC,CT,TT,CC,CG,GG,GG,GA,GG,TC,AT,GG,GA,AG,GA,,CC,GG,AA,,,CC,AA,CC,CC,GG,GA,GG,AA,,"-9, +9",GG,CT,TC,CT,AA,,TT,,,,,,,,,AA,CT,GG,GG,CC,AA,,,CT,CC,CC,GA,GG,AG,AG,TC,,,TT,CT,AA,,GG,AA,,,TC,CC,,,,,,,,AA,GG,CT,GG,AA,GG,AA,AA,CC,GG,GG,CC,,,CT,,,,,,,,,AG,AC,TA,CT,CA,GG,GC,CT,,,,,,,,,,,,,,,GG,GG,CC,,GG,GA,GG,TC,AC,AA,,,,,,TC,,,,,,,,,,,,,CT,CC,,,CC,GA,,,,,,,,,,,,,,CC,CC,,,GT,AG,,GT,TC,GT,CT,,,,AC,GT,CC,TT,AA,TT,TT,GG,GG,TT,,,,,,,,0.0,WV,04-1,Female,27.0,Caucasian,16.25,27.5,11.3,69.2,15.0,12.5,-2.5,-16.7,157.0,68.0,23.869,128.0,68.0,88.0,16.67,27.33,15.67,24.67,R,156.0,68.0,23.717,16.67,-2.321126081600583,0.1038680325662956
WV-1301,CA,II,,GA,TC,AA,,,,CC,,,TT,AG,TT,CC,CC,TA,CT,TT,GG,CC,CT,TT,CC,CG,GG,GT,GA,GG,TC,AT,GG,GA,AG,GA,,CC,TT,GG,,,CC,AA,CC,CC,GG,GG,,AA,,"-9, +9",GG,TT,TT,TT,AA,,TC,,,,,,,,,GG,CC,CG,AG,CC,GG,,,CC,TC,CC,GG,GG,AG,AG,CC,,,AT,CC,,CG,GG,AA,,,TT,CC,,,,,,,,AA,GG,CC,GA,AA,GG,AA,AA,CC,GG,GG,CC,,,CT,,,,,,,,,AA,CC,TA,CC,CC,GG,GC,CT,,,,,,,,,,,,,,,GG,GG,CC,,GT,GG,GA,TC,AC,AA,,,,,,TT,,,,,,,,,,,,,CC,CC,,,CC,AA,,,,,,,,,,,,,,CC,CC,,,GT,AG,,GG,CC,GG,CC,,,,AC,GT,CC,TT,AA,CC,TT,GA,GG,TT,,,,,,,,0.0,WV,04-1,Male,30.0,Caucasian,22.5,31.25,8.8,38.9,22.5,22.5,0.0,0.0,166.0,70.0,23.816,110.0,50.0,68.0,5.83,16.33,5.83,15.33,R,160.0,70.0,22.955,5.83,-2.660019815563475,0.8392601191981541
WV-1302,CC,DD,,AA,TT,GA,,,,CC,,,TT,GG,,CC,TT,TT,CC,GG,AA,,CC,,,,,GG,GG,AA,,,,GA,,,,CC,GT,GG,,,CC,AA,CC,CC,GG,,,AA,,"-9, -9",AG,TT,TT,TT,AA,,TT,,,,,,,,,AG,CC,GG,GG,CC,GG,,,CT,TC,CG,GG,GG,AG,AA,TT,,,,CC,AG,GG,GA,AT,,,TT,,,,,,,,,AA,GG,TT,GG,AA,GG,AA,AA,CC,GG,GG,CC,,,CC,,,,,,,,,AG,AC,TA,CC,AA,GG,GG,CC,,,,,,,,,,,,,,,GG,GT,CT,,GG,GG,GG,TC,AC,AA,,,,,,TT,,,,,,,,,,,,,CC,CC,,,CC,GA,,,,,,,,,,,,,,TT,CC,,,,,,GG,CC,GG,CC,,,,AC,TT,CT,GT,AG,CC,TT,GA,GG,TT,,,,,,,,0.0,WV,04-1,Male,23.0,Asian,20.0,27.5,7.5,37.5,20.0,21.25,1.3,6.3,124.0,64.0,21.282,112.0,70.0,94.0,7.0,12.0,6.0,11.67,R,124.0,64.0,21.282,6.5,5.087235262954699,-3.4672795739781432
WV-1303,CA,ID,,GA,TC,GG,,,,CA,,,TT,AA,TT,CC,CC,AA,CC,TT,GG,CC,CC,TT,CC,GG,GG,GG,GG,GG,CC,AA,GG,GG,GG,AA,,CC,GG,GA,,,CC,AA,CT,CC,AG,,GG,AA,,"-9, +9",AG,TT,TT,TT,AA,,TT,,,,,,,,,GG,CC,CC,AA,CC,GG,,,TT,TC,CC,GA,GG,GG,AG,CC,,,AT,CT,AA,GG,GA,AT,,,TC,CC,,,,,,,,AA,GG,CT,GA,AA,GG,AA,AA,CC,GG,GG,CC,,,CC,,,,,,,,,AG,AC,TA,CC,CA,GG,GG,CT,,,,,,,,,,,,,,,GG,GG,CT,,GT,GG,GG,TC,AC,AA,,,,,,CC,,,,,,,,,,,,,CC,CC,,,CG,GA,,,,,,,,,,,,,,CT,CC,,,GG,AA,,GT,TC,GT,CT,,,,AA,GT,CC,TT,AA,CT,TT,,GG,TT,,,,,,,,0.0,WV,04-1,Female,19.0,Caucasian,12.5,20.0,7.5,60.0,12.5,13.75,1.3,10.0,120.0,63.0,21.255,110.0,50.0,96.0,10.0,23.0,10.5,21.83,R,120.0,63.0,21.255,11.0,-1.5524929719571698,0.09831614285497772
WV-1304,CC,ID,,GA,TC,GA,,,,CA,,,TT,GG,GG,CC,CC,TT,TT,TT,GG,CC,TT,CC,CC,CC,GG,TT,GG,GG,TT,AA,GG,AA,GG,AA,,CC,GG,AA,,,CC,AA,CC,CC,GG,GA,GG,AA,,"-9, +9",GG,TT,TC,CT,AC,,TC,,,,,,,,,AG,CT,GG,GG,CC,GA,,,CT,TC,CG,GA,GG,AA,AA,TT,,,TT,CT,AG,GG,GG,AA,,,TC,CT,,,,,,,,AA,GG,CT,GG,AA,GG,AA,AA,CC,GG,GG,CC,,,CC,,,,,,,,,AG,AC,TA,TT,CC,GG,GG,CT,,,,,,,,,,,,,,,GG,GG,CC,,GT,GG,GG,CC,CC,AA,,,,,,TC,,,,,,,,,,,,,CC,,,,CC,GA,,,,,,,,,,,,,,CT,CC,,,TT,GG,,GT,CC,GT,CC,,,,AC,TT,CC,TT,AA,CT,TT,GG,GG,TT,,,,,,,,0.0,WV,04-1,Female,39.0,Caucasian,15.0,20.0,5.0,33.3,17.5,17.5,0.0,0.0,199.0,70.0,28.55,120.0,82.0,84.0,19.67,38.0,22.0,38.33,R,197.0,70.0,28.263,19.67,-1.8634531834651216,2.6990756226364025
WV-1305,CC,DD,,GA,TC,GA,,,,AA,,,TT,AA,,CC,CC,AA,CC,TT,GG,,CC,,,,,GG,GG,GG,,,,GG,,,,CC,GT,GG,,,CC,AA,CC,CC,GG,GA,GG,AA,,"-9, +9",GG,CC,TC,CT,AA,,CC,,,,,,,,,AG,CT,GG,GG,CG,GG,,,CT,TC,CG,AA,GG,AA,AA,TT,,,,TT,AA,GG,AA,TT,,,TT,,,,,,,,,AG,GG,CT,GG,AA,GG,AA,AA,CC,GG,GG,CT,,,CT,,,,,,,,,AA,CC,TA,CC,CC,GG,GG,CC,,,,,,,,,,,,,,,AG,GG,CC,,GG,GG,GG,TT,AA,AA,,,,,,CC,,,,,,,,,,,,,CC,CC,,,CC,GG,,,,,,,,,,,,,,TT,CC,,,,,,GG,CC,GG,CC,,,,CC,TT,CC,TT,AA,TT,CT,AA,GA,TC,,,,,,,,0.0,WV,04-1,Male,38.0,Hispanic,22.5,35.0,12.5,55.6,25.0,26.25,1.3,5.0,153.0,67.0,23.961,102.0,62.0,80.0,10.33,18.0,9.33,18.0,R,152.0,67.0,23.804,8.67,0.1680103991424644,-0.11182211801451532
WV-1306,CC,II,,GA,TC,GA,,,,CC,,,TT,AA,,CC,TC,TA,CC,GT,AG,,CC,,,,,GG,GG,GA,,,,GG,,,,CT,GT,GG,,,CC,AA,CT,CT,AG,,GG,AA,,"-9, +9",AG,TT,CC,TT,AC,,TC,,,,,,,,,AG,CC,GG,GG,CC,GA,,,CT,CC,CG,GG,GG,AG,AG,TC,,,,CT,AA,CG,GG,AA,,,TT,,,,,,,,,AA,GG,CC,GG,AA,GG,AA,AA,CC,GG,GG,TT,,,CC,,,,,,,,,GG,AA,TA,CC,AA,GG,GG,CC,,,,,,,,,,,,,,,GG,GG,CT,,GG,GG,GA,TC,AC,AA,,,,,,TC,,,,,,,,,,,,,CT,CC,,,CC,GG,,,,,,,,,,,,,,CT,CC,,,,,,GG,CC,GG,CC,,,,AC,GT,CC,GT,AG,CT,CT,GA,GA,TC,,,,,,,,0.0,WV,04-1,Female,36.0,Hispanic,12.5,21.25,8.8,70.0,12.5,12.5,0.0,0.0,146.0,67.0,22.864,130.0,62.0,74.0,12.0,26.5,11.33,28.67,R,142.0,67.0,22.238,13.0,1.4309380381594128,-1.9475136678893472
WV-1307,CC,ID,,GG,CC,GA,,,,CA,,,TT,AG,TT,CC,CC,TA,CT,TT,GG,CC,CT,CT,CC,CG,GG,GT,GG,GG,TC,AT,GG,AA,GG,AA,,CC,GT,GA,,,CC,AA,CC,CC,GG,,GG,AA,,"-9, +9",AA,CT,TT,CT,AC,,CC,,,,,,,,,AA,TT,GG,GG,CC,GG,,,CT,TC,CC,GA,GG,GG,GG,CC,,,AA,CT,AA,GG,GG,AA,,,CC,CT,,,,,,,,AA,GG,CC,GG,TA,GA,AA,AA,CC,GA,GG,CC,,,CT,,,,,,,,,GG,AA,TA,CC,AA,GG,GG,CT,,,,,,,,,,,,,,,GG,GG,CC,,GT,GG,GA,CC,CC,AA,,,,,,TC,,,,,,,,,,,,,CT,CG,,,CC,GG,,,,,,,,,,,,,,TT,CC,,,GG,AA,,GT,TC,GT,CT,,,,AC,GT,CC,TT,AA,CC,CT,GG,GA,TC,,,,,,,,0.0,WV,04-1,Male,19.0,Caucasian,27.5,50.0,22.5,81.8,27.5,30.0,2.5,9.1,189.0,72.0,25.63,122.0,78.0,88.0,10.33,20.5,10.33,19.0,R,196.0,72.0,26.579,10.5,-1.329945044109741,1.299118911468128
WV-1308,AA,,,GA,TC,AA,,,,CA,,,TT,AG,GG,CC,CC,TA,CT,TT,GG,TT,CT,TT,CG,CC,GG,GT,GA,GG,CC,AT,GG,GG,AG,GA,,CC,GT,GA,,,CC,AA,CT,CC,AG,GG,GG,AA,,"+9, +9",GG,TT,TT,TT,AC,,TC,,,,,,,,,AG,CC,CG,GG,,GA,,,CC,TC,CC,GA,GG,AG,,,,,AT,TT,AA,GG,,,,,TT,CT,,,,,,,,,,CC,,,,,,,,,CC,,,CC,,,,,,,,,AG,AC,TA,CT,CA,GC,GC,TT,,,,,,,,,,,,,,,GG,GG,CC,,GT,,,,,,,,,,,TC,,,,,,,,,,,,,CT,CC,,,CC,GG,,,,,,,,,,,,,,CT,,,,GG,AA,,GG,CC,GG,CC,,,,AC,GT,CC,TT,AA,,,,,TC,,,,,,,,0.0,WV,04-2,Male,28.0,Caucasian,23.75,40.0,16.3,68.4,28.75,28.75,0.0,0.0,213.0,72.0,28.885,108.0,70.0,88.0,8.83,18.83,10.17,20.33,R,215.0,72.0,29.156,11.67,-0.4585098834879081,-0.506740334206564
WV-1309,CC,,,GG,CC,AA,,,,CA,,,TC,AG,,CC,TC,TA,CC,GT,AG,,CC,,,,,GG,GG,GA,,,,GA,,,,CT,GG,GA,,,CC,AA,CC,CC,GG,GA,GA,AA,,"+9, +9",GG,TT,TC,TT,AA,,CC,,,,,,,,,AG,CT,CG,GG,,GA,,,TT,TC,CG,GA,GG,GG,,,,,,CC,AA,GG,,,,,TC,,,,,,,,,,,CC,,,,,,,,,CC,,,CT,,,,,,,,,GG,AA,TA,CT,AA,GG,GG,CT,,,,,,,,,,,,,,,GG,GG,CT,,GG,,,,,,,,,,,TT,,,,,,,,,,,,,CT,CC,,,CG,GG,,,,,,,,,,,,,,CC,,,,,,,GT,TT,GT,TT,,,,AC,TT,CC,TT,AA,,,,,TC,,,,,,,,0.0,WV,04-2,Male,26.0,Asian,12.5,27.5,15.0,120.0,12.5,17.5,5.0,40.0,126.0,67.0,19.732,136.0,82.0,72.0,3.17,12.33,4.17,11.67,R,127.0,67.0,19.889,4.5,1.679778926092969,-2.0448347256763806
WV-1310,CA,,,GA,TC,AA,,,,CC,,,TT,AA,,CC,CC,AA,CC,TT,GG,,CC,,,,,GG,GG,GG,,,,GG,,,,CC,GT,GA,,,CC,AA,CC,CC,AG,GG,GG,AA,,"-9, +9",AG,TT,TT,TT,AA,,CC,,,,,,,,,GG,CC,CG,AG,,GA,,,CC,CC,CC,GG,GG,AA,,,,,,CC,AA,GG,,,,,TT,,,,,,,,,,,CT,,,,,,,,,CT,,,CC,,,,,,,,,AA,CC,AA,CT,CC,GC,GC,CC,,,,,,,,,,,,,,,GG,TT,TT,,GT,,,,,,,,,,,TT,,,,,,,,,,,,,CT,CC,,,CC,AA,,,,,,,,,,,,,,CC,,,,,,,GG,CC,GG,CC,,,,AA,GT,CC,GT,AG,,,,,TT,,,,,,,,0.0,WV,04-2,Female,25.0,Asian,7.5,12.5,5.0,66.7,7.5,7.5,0.0,0.0,112.0,61.0,21.16,96.0,72.0,68.0,10.33,22.17,12.17,22.5,R,106.0,61.0,20.026,11.83,0.21146451722970605,0.6054889589373139
WV-1311,CC,,,GG,CC,GA,,,,CC,,,TT,GG,,CC,TC,TT,CT,GT,AG,,CT,,,,,GT,GA,GA,,,,AA,,,,CC,TT,GG,,,CC,AA,CT,CT,AG,GA,GG,AA,,"-9, -9",GG,CT,TC,TT,AC,,TC,,,,,,,,,AA,TT,CC,AA,,GG,,,CT,TT,CG,GG,GG,AG,,,,,,CT,AA,GG,,,,,CC,,,,,,,,,,,CC,,,,,,,,,CT,,,CT,,,,,,,,,AA,CC,AA,CT,CC,CC,GG,CT,,,,,,,,,,,,,,,GG,GG,TT,,GG,,,,,,,,,,,TT,,,,,,,,,,,,,CC,CC,,,CC,GA,,,,,,,,,,,,,,CC,,,,,,,GG,CC,GG,CC,,,,AA,GT,CT,GT,AG,,,,,TC,,,,,,,,0.0,WV,04-2,Male,24.0,Asian,18.75,31.25,12.5,66.7,20.0,22.5,2.5,12.5,137.0,71.0,19.106,98.0,60.0,80.0,4.0,14.5,4.17,15.33,R,137.0,71.0,19.106,3.5,2.7703023281274946,-0.013131567387361537
WV-1312,CA,,,AA,TT,AA,,,,CA,,,TT,AG,,CC,CC,TA,CT,TT,GG,,CT,,,,,GT,GG,GG,,,,GA,,,,CT,GG,GG,,,CC,AA,CC,CC,GG,GA,GG,AA,,"-9, +9",AG,CT,TT,TT,AA,,TT,,,,,,,,,AG,CC,CG,AG,,GA,,,CC,TC,CC,GA,GA,AG,,,,,,TT,AA,GG,,,,,CC,,,,,,,,,,,CT,,,,,,,,,CT,,,CT,,,,,,,,,GG,AA,TA,CC,CA,GC,GG,CC,,,,,,,,,,,,,,,GG,GG,CC,,GG,,,,,,,,,,,TC,,,,,,,,,,,,,CT,CC,,,CC,GG,,,,,,,,,,,,,,CT,,,,,,,GG,CC,GG,CC,,,,AC,GT,CC,TT,AA,,,,,TC,,,,,,,,,,,,,,,,,,,,,,,,,,,,,,,,,,,,,-0.6122318729912176,0.614533601444321
WV-1313,CC,,,GG,CC,GG,,,,CC,,,TT,AA,,CC,CC,AA,CC,TT,GG,,CC,,,,,GG,GG,GG,,,,AA,,,,CC,GT,GG,,,CG,AA,CT,CC,AA,GG,GG,AA,,"-9, +9",AG,TT,TT,TT,AA,,TC,,,,,,,,,AA,CT,GG,GG,,GG,,,TT,TC,CG,GG,GG,GG,,,,,,CC,AA,CC,,,,,TC,,,,,,,,,,,CT,,,,,,,,,CC,,,CC,,,,,,,,,AG,AC,TT,CC,CA,GG,GG,CT,,,,,,,,,,,,,,,AA,TT,CC,,GT,,,,,,,,,,,TC,,,,,,,,,,,,,CC,CG,,,CC,GA,,,,,,,,,,,,,,CT,,,,,,,GT,TC,GT,CT,,,,CC,TT,CC,GT,AG,,,,,CC,,,,,,,,0.0,WV,04-3,Male,28.0,Asian,15.0,22.5,7.5,50.0,15.0,15.0,0.0,0.0,143.0,65.0,23.794,130.0,76.0,76.0,8.33,21.67,8.0,15.33,R,138.0,65.0,22.962,8.67,0.0830612699531042,0.42685260516510404
WV-1314,CC,,,AA,TT,AA,,,,CC,,,TT,GG,GG,CC,TC,TT,CT,GT,AG,CT,CT,CT,CC,CC,GG,TT,GA,GG,TC,AA,GG,GA,GG,AA,,CC,TT,GG,,,CC,AA,CC,CC,GG,GG,GG,AA,,"-9, -9",GG,CT,TT,CT,AC,,TC,,,,,,,,,AG,CT,GG,GG,,GA,,,CC,TT,CG,GG,GA,AG,,,,,TT,CT,AA,GG,,,,,TT,CC,,,,,,,,,,CT,,,,,,,,,CT,,,CT,,,,,,,,,AA,CC,TA,CT,CC,GC,GG,CC,,,,,,,,,,,,,,,AG,GG,CC,,GG,,,,,,,,,,,TC,,,,,,,,,,,,,TT,CC,,,CG,AA,,,,,,,,,,,,,,CT,,,,GT,AG,,GT,TC,GT,CT,,,,AA,GG,CC,TT,AA,,,,,TC,,,,,,,,0.0,WV,04-3,Female,21.0,Caucasian,10.0,16.25,6.3,62.5,11.25,12.5,1.3,11.1,97.5,62.0,17.831,102.0,58.0,80.0,5.5,12.33,5.67,11.0,R,99.0,62.0,18.105,5.17,0.8665970098018975,0.7000729161684724
WV-1315,CC,,,AA,TT,GG,,,,CA,,,TT,AG,GT,CC,TC,TA,CC,GT,AG,CT,CC,TT,CG,CG,GG,GG,GG,GA,CC,AT,GG,GA,AG,GA,,CC,GT,GA,,,CC,AA,CC,CC,GG,GG,,AA,,"-9, +9",AA,CC,TT,CC,AC,,TC,,,,,,,,,AG,CT,CG,AG,,GA,,,TT,CC,CC,GA,GG,AG,,,,,AT,TT,AA,CG,,,,,TC,CT,,,,,,,,,,CT,,,,,,,,,CT,,,CT,,,,,,,,,GG,AA,TA,CT,AA,GC,GG,CT,,,,,,,,,,,,,,,GG,GG,CT,,GG,,,,,,,,,,,TT,,,,,,,,,,,,,CC,CC,,,CC,GA,,,,,,,,,,,,,,TT,,,,TT,GG,,GG,CC,GG,CC,,,,AC,GT,CC,TT,AA,,,,,TC,,,,,,,,0.0,WV,04-3,Female,19.0,Caucasian,10.0,20.0,10.0,100.0,10.0,10.0,0.0,0.0,99.0,61.0,18.704,120.0,60.0,80.0,6.17,16.83,7.0,15.67,R,99.0,61.0,18.704,6.0,2.5475670204284206,-3.258244616044722
WV-1316,,,,,,,,,,,,,TT,AG,,CC,TC,TA,CC,GT,AG,,CC,,,,,GG,GG,GG,,,,AA,,,,,,,,,,,,,,,,,,,,,,,,,,,,,,,,,,,,,,,,,,,,,,,,,,,,,,,,,,,,,,,,,,,,,,,,,,,,,,,,,,,,,,,,,,,,,,,,,,,,,,,,,,,,,,,,,,,,,,,,,,,,,,,,,,,,,,,,,,,,,,,,,,,,,,,,,,,,,,,,,,,,,,,,,,,,,,,,,,,,,,,,,,,,,,,,,,,,,,,,,,,,,,,,,,,,,,,,,,,,,0.9973272030650325,-1.5122405987268022
WV-1317,CC,,,AA,TT,GG,,,,CA,,,TT,AG,GT,CT,CC,TT,CT,TT,GG,CT,CT,CT,CC,CC,GA,GT,GG,GA,TC,AT,GG,GA,AG,GA,,CT,GT,GG,,,CC,AA,CT,CC,AG,GG,GG,AA,,"-9, +9",AG,CT,TC,CT,AC,,TT,,,,,,,,,AG,CT,CG,AG,,GG,,,TT,CC,CG,GA,GA,GG,,,,,TT,CC,AA,CG,,,,,TC,TT,,,,,,,,,,CC,,,,,,,,,CT,,,CC,,,,,,,,,AA,CC,AA,CC,CC,GC,GG,CT,,,,,,,,,,,,,,,GG,GG,CT,,GG,,,,,,,,,,,TC,,,,,,,,,,,,,CT,CC,,,CC,GA,,,,,,,,,,,,,,CT,,,,TT,GG,,TT,TC,TT,CT,,,,AC,TT,CC,TT,AA,,,,,TT,,,,,,,,0.0,WV,04-3,Female,33.0,Caucasian,11.25,18.75,7.5,66.7,15.0,16.25,1.3,8.3,133.0,62.0,24.323,110.0,68.0,72.0,14.33,29.67,17.0,26.33,R,132.0,62.0,24.14,16.33,0.2899435120890395,1.3682566797014344
WV-1318,CA,,,GA,TC,GG,,,,CA,,,TT,AG,GT,CT,CC,TA,CC,TT,GG,CT,CC,TT,CC,CG,GA,GG,GG,GA,TC,AT,GG,GA,AG,GA,,CT,GG,GA,,,CC,AA,CC,CC,GG,GG,GG,AA,,"-9, -9",AG,CT,TC,TT,AA,,TC,,,,,,,,,AG,CT,GG,GG,,GG,,,TT,CC,CC,AA,GG,AG,,,,,AT,TT,AA,GG,,,,,TC,TT,,,,,,,,,,CT,,,,,,,,,CC,,,CT,,,,,,,,,GG,AA,AA,CC,AA,GG,GG,CT,,,,,,,,,,,,,,,GG,GG,CC,,TT,,,,,,,,,,,CC,,,,,,,,,,,,,CC,CG,,,CC,GG,,,,,,,,,,,,,,CT,,,,GT,AG,,GG,CC,GG,CC,,,,CC,TT,CC,TT,AA,,,,,TT,,,,,,,,0.0,WV,04-3,Female,21.0,Caucasian,12.5,20.0,7.5,60.0,16.25,15.0,-1.3,-7.7,129.0,61.0,24.372,106.0,76.0,88.0,11.83,21.83,13.67,22.33,R,132.0,61.0,24.938,13.0,0.9450479902354764,-1.444109383049732
WV-1319,CC,,,GG,CC,GA,,,,CA,,,TC,GG,GG,CC,CC,TT,TT,TT,GG,CC,TT,TT,CC,CC,GG,TT,GA,GG,TC,AT,GA,GA,AG,GG,,CC,GT,GA,,,CC,AA,CC,CC,GG,GG,GG,AA,,"-9, -9",AG,TT,TC,CT,AC,,TC,,,,,,,,,AG,CT,GG,GG,,GA,,,CT,CC,CG,GA,GA,AG,,,,,TT,CT,AA,GG,,,,,TT,CT,,,,,,,,,,TT,,,,,,,,,CC,,,CC,,,,,,,,,AG,CC,TA,CC,CA,GG,GC,CT,,,,,,,,,,,,,,,AG,GT,CC,,GT,,,,,,,,,,,TC,,,,,,,,,,,,,CT,CC,,,CC,GA,,,,,,,,,,,,,,CT,,,,GT,AG,,GT,TC,GT,CT,,,,AC,GT,CC,TT,AA,,,,,CC,,,,,,,,0.0,WV,04-3,Female,19.0,Caucasian,13.75,18.75,5.0,36.4,13.75,8.75,-5.0,-36.4,128.0,61.0,24.183,110.0,58.0,68.0,6.33,18.67,10.17,20.33,R,130.0,61.0,24.561,8.33,-1.3580760124872084,2.8407124555767216
WV-1320,CA,,,AA,TT,AA,,,,CC,,,TC,AG,,CT,TC,TT,CC,TT,AG,,CC,,,,,GG,GG,GA,,,,GG,,,,CC,GT,GA,,,CG,AA,CC,CC,AG,GG,GG,AA,,"+9, +9",GG,TT,TC,TT,AC,,TT,,,,,,,,,GG,CC,GG,GG,,GG,,,CC,TC,CG,GG,GG,AG,,,,,,CT,AA,GG,,,,,TT,,,,,,,,,,,CC,,,,,,,,,CC,,,TT,,,,,,,,,AG,AA,TA,CT,CC,GC,GG,CC,,,,,,,,,,,,,,,AG,GG,CT,,GG,,,,,,,,,,,TC,,,,,,,,,,,,,CC,CC,,,CG,GA,,,,,,,,,,,,,,TT,,,,,,,GG,CC,GG,CC,,,,AA,GG,CC,TT,AA,,,,,TC,,,,,,,,,,,,,,,,,,,,,,,,,,,,,,,,,,,,,1.8926563691022944,-2.214104220039167
WV-1321,CC,,,GG,CC,GG,,,,CC,,,TT,AA,TT,CC,CC,AA,CC,TT,GG,CC,CC,TT,CC,GG,GG,GG,GG,GG,CC,AT,GG,GG,AG,GA,,CT,GG,GA,,,CC,AA,CC,CC,GG,GG,GG,AA,,"-9, +9",AG,TT,CC,TT,AC,,TC,,,,,,,,,AG,CC,CG,AG,,GG,,,TT,CC,CC,GG,GG,AG,,,,,AA,CT,AA,GG,,,,,TT,CT,,,,,,,,,,CT,,,,,,,,,CC,,,CC,,,,,,,,,AG,AC,TA,CT,CA,GG,GG,CC,,,,,,,,,,,,,,,GG,GG,CC,,GT,,,,,,,,,,,TT,,,,,,,,,,,,,CC,CC,,,CC,GA,,,,,,,,,,,,,,CC,,,,GG,AA,,GG,CC,GG,CC,,,,CC,TT,CC,TT,AA,,,,,TT,,,,,,,,0.0,WV,04-3,Male,25.0,Caucasian,23.75,37.5,13.8,57.9,25.0,25.0,0.0,0.0,185.0,75.0,23.121,116.0,52.0,64.0,8.17,17.33,7.67,14.67,L,187.0,75.0,23.371,7.67,-0.7833184058962863,-1.0674372665245386
WV-1322,,,,,,AA,,,,,,,,,,,,,,,,,,,,,,,,,,,,,,,,,,,,,,,,,,,,,,"-9, +9",,,,,,,,,,,,,,,,AA,CT,,,,,,,CC,TT,,,,,,,,,,,,,,,,,,,,,,,,,,,,,,,,,,,,,,,,,,,,,,,,,GG,AA,,,,,,,,,,,,,,,,,,,,,,,,,GG,,,,,,,,,,,,,,,,,,,,,,,,,CC,,,CC,GG,,,,,,,,,,,,,,,,,,,,,GG,CC,,,,,,,,,,,,,,,,,,,,,,,0.0,WV,04-3,Female,26.0,Caucasian,10.0,18.75,8.8,87.5,10.0,10.0,0.0,0.0,125.0,66.0,20.173,116.0,64.0,64.0,8.17,20.33,9.17,18.17,R,126.0,66.0,20.335,9.33,0.28244052370783357,-0.1563585520416685
WV-1323,CA,,,GG,CC,AA,,,,CC,,,TT,AG,GT,CC,CC,TA,CT,TT,GG,CC,CT,TT,CC,CG,GG,GT,GA,GG,CC,TT,GG,GG,AG,GG,,CC,GG,GA,,,CC,AA,CT,CC,GG,GG,GG,AA,,"-9, +9",AG,CC,TC,CC,AC,,TT,,,,,,,,,AA,CC,GG,,,GG,,,CC,TT,CG,GG,GA,AG,,,,,AT,CT,AA,GG,,,,,TT,CT,,,,,,,,,,CC,,,,,,,,,CC,,,CT,,,,,,,,,AG,AA,TA,CC,AA,GC,,CC,,,,,,,,,,,,,,,GG,GG,CT,,GG,,,,,,,,,,,CC,,,,,,,,,,,,,,CC,,,CC,GA,,,,,,,,,,,,,,CC,CC,,,GG,AA,,GT,TC,GG,CC,,,,AC,GT,CC,TT,AA,,,,,TC,,,,,,,,0.0,WV,05-1,Male,20.0,Caucasian,37.5,45.0,7.5,20.0,42.5,42.5,0.0,0.0,222.0,69.0,32.78,130.0,68.0,52.0,15.33,22.83,12.67,21.67,R,226.0,69.0,33.371,14.17,-1.7274054224498954,0.6672740519187611
WV-1324,CC,,,GG,CC,AA,,,,,,,,,,,,,,,,,,,,,,,,,,,,,,,,,,,,,,,,,,,,,,"-9, +9",GG,CC,TT,CC,AC,,,,,,,,,,,GG,CC,,,,GG,,,CC,TC,,,,,,,,,,,,,,,,,CC,,,,,,,,,,,CT,,,,,,,,,CC,,,CC,,,,,,,,,AA,AC,TT,CC,AA,GC,,,,,,,,,,,,,,,,,,,,,,,,,,,,,,,,,,,,,,,,,,,,,,CC,,,CC,GA,,,,,,,,,,,,,,,,,,,,,GG,CC,,,,,,AC,TT,CT,TT,AA,,,,,,,,,,,,,0.0,WV,05-1,Female,27.0,African Am,21.25,32.5,11.3,52.9,21.25,17.5,-3.8,-17.6,111.0,60.0,21.676,128.0,82.0,84.0,3.0,10.0,3.0,9.33,R,105.0,60.0,20.504,2.67,0.9604059772918246,0.08880540679240186
WV-1325,CC,,,GG,CC,AA,,,,CA,,,TC,AG,,CC,TC,TA,CC,GT,AG,,CC,,,,,GG,GG,GA,,,,GG,,,,CC,GT,GA,,,CG,AA,CT,CC,AA,GG,GG,AA,,"+9, +9",AG,CT,TC,CT,AA,,TC,,,,,,,,,AG,CC,CG,GG,,GG,,,CC,TT,CG,GA,GA,AA,,,,,,CC,AA,GG,,,,,TC,,,,,,,,,,,TT,,,,,,,,,CT,,,CT,,,,,,,,,AA,CC,TA,CT,CC,GC,GG,CT,,,,,,,,,,,,,,,AG,TT,CC,,GG,,,,,,,,,,,TC,,,,,,,,,,,,,CC,CC,,,CC,GA,,,,,,,,,,,,,,TT,CC,,,,,,GG,CC,GG,CC,,,,AC,TT,CC,TT,AA,,,,,CC,,,,,,,,0.0,WV,05-1,Male,21.0,Asian,20.0,35.0,15.0,75.0,21.25,21.25,0.0,0.0,195.0,76.0,23.734,112.0,72.0,84.0,8.0,19.5,7.83,19.33,R,195.0,76.0,23.734,8.0,2.919989743346528,-2.0688109034310362
WV-1326,CA,,,GA,TC,GA,,,,CC,,,TT,AG,GT,CC,TC,TA,CT,TT,GG,CC,CT,TT,CC,CG,GG,GG,GA,GG,CC,TT,GA,GG,AA,GG,,CC,TT,GA,,,CC,AA,CC,CC,GG,GG,GG,AA,,"+9, +9",GG,CT,TT,CT,AA,,TT,,,,,,,,,AA,CT,CG,GG,,GG,,,CT,TT,CC,GG,GG,AA,,,,,AT,CC,AA,GG,,,,,TT,CC,,,,,,,,,,CC,,,,,,,,,CC,,,CT,,,,,,,,,AG,AC,TA,CT,CC,GG,GG,CC,,,,,,,,,,,,,,,GG,GG,CC,,GG,,,,,,,,,,,CC,,,,,,,,,,,,,CC,CC,,,CC,GG,,,,,,,,,,,,,,CC,TT,,,TT,GG,,GG,CC,GG,CC,,,,AC,GT,CC,TT,AA,,,,,CC,,,,,,,,0.0,WV,05-1,Male,20.0,Caucasian,28.75,37.5,8.8,30.4,31.25,32.5,1.3,4.0,160.0,73.0,21.107,112.0,60.0,74.0,4.0,10.5,3.83,11.83,R,165.0,73.0,21.767,4.33,-1.3858987191415086,-0.24410986402999474
WV-1327,CC,,,GG,CC,AA,,,,CC,,,TT,GG,GG,CC,TT,TT,CC,GG,AA,TT,CC,TT,GG,CC,GG,GG,GG,AA,CC,AA,GG,AA,GG,AA,,CC,GT,GA,,,CC,AA,CC,CC,GG,GG,GG,AA,,"-9, +9",GG,TT,TC,CT,AA,,TC,,,,,,,,,AG,CC,CG,AG,,GA,,,CC,TT,CG,GG,GG,AG,,,,,AA,CT,AA,CG,,,,,TT,CT,,,,,,,,,,CT,,,,,,,,,CC,,,CC,,,,,,,,,GG,AA,TT,CC,CA,GC,GG,CT,,,,,,,,,,,,,,,GG,GG,CC,,GG,,,,,,,,,,,TC,,,,,,,,,,,,,CT,CC,,,CC,GG,,,,,,,,,,,,,,CT,,,,GT,AG,,GG,CC,GG,CC,,,,AC,TT,CC,GT,AG,,,,,TC,,,,,,,,0.0,WV,05-1,Male,19.0,Caucasian,31.25,40.0,8.8,28.0,33.25,37.5,4.3,12.8,244.0,72.0,33.089,132.0,82.0,84.0,14.0,22.33,14.0,25.33,R,250.0,72.0,33.902,16.0,6.098212768407718,-5.28493436770341
WV-1328,CC,,,GA,TC,GA,,,,CA,,,TT,AG,GT,CC,TC,TA,CC,GT,AG,CT,CC,TT,CG,CG,GG,GG,GG,GA,CC,AT,GG,GA,AG,GA,,CC,GT,GA,,,CC,AA,CT,CC,AG,GA,GG,AA,,"+9, +9",AG,TT,TC,TT,AC,,TC,,,,,,,,,GG,CC,CG,AG,,GA,,,CT,TC,CC,GA,GG,AA,,,,,TT,TT,AA,CG,,,,,TT,CC,,,,,,,,,,TT,,,,,,,,,CT,,,CC,,,,,,,,,AG,AC,AA,CT,AA,GC,GG,CT,,,,,,,,,,,,,,,GG,GG,TT,,GT,,,,,,,,,,,TC,,,,,,,,,,,,,CC,CC,,,CC,GA,,,,,,,,,,,,,,TT,CC,,,TT,GG,,GT,TC,GG,CC,,,,AC,GT,CC,TT,AA,,,,,TC,,,,,,,,0.0,WV,05-1,Female,26.0,Caucasian,12.5,23.75,11.3,90.0,13.75,13.75,0.0,0.0,109.0,59.0,22.013,124.0,80.0,76.0,13.33,34.33,13.33,29.33,R,109.0,59.0,22.013,12.67,1.733210490339351,-2.792111560223259
WV-1329,CC,,,GG,CC,AA,,,,CA,,,TT,AG,GT,CC,CC,TA,CT,TT,GG,CC,CT,TT,CC,CG,GG,GT,GA,GG,CC,TT,GG,GG,AG,GG,,TT,GG,GG,,,CC,AA,CT,CC,AG,GA,GG,AA,,xx,AG,TT,TC,TT,AA,,CC,,,,,,,,,GG,CC,GG,GG,,GG,,,CC,TC,CG,GA,GG,AG,,,,,AT,CT,AA,CC,,,,,TT,CT,,,,,,,,,,CC,,,,,,,,,CT,,,CT,,,,,,,,,AG,AC,TT,CC,CC,GG,GG,CT,,,,,,,,,,,,,,,AG,GG,CT,,GG,,,,,,,,,,,CC,,,,,,,,,,,,,CC,CC,,,CC,GA,,,,,,,,,,,,,,CT,CT,,,GT,AG,,GT,TC,GT,CT,,,,AA,GG,CC,TT,AA,,,,,TC,,,,,,,,0.0,WV,05-1,Male,20.0,Caucasian,20.0,32.5,12.5,62.5,22.5,22.5,0.0,0.0,135.0,67.0,21.142,128.0,60.0,84.0,3.33,6.83,3.83,7.0,R,136.0,67.0,21.298,2.33,-1.8125041917008877,1.6168284968093336
WV-1330,CA,,,GG,CC,AA,,,,CC,,,TT,AG,GT,CC,CC,AA,CC,TT,GG,CC,CC,TT,CC,GG,GG,GG,GG,GG,CC,AT,GG,GA,AG,GA,,CC,GG,AA,,,CC,AA,CT,CC,AG,GG,,AA,,,AA,TT,TC,TT,AA,,TT,,,,,,,,,GG,CC,GG,GG,,GA,,,CC,CC,CC,GG,GG,GG,,,,,AT,TT,AA,GG,,,,,TC,CT,,,,,,,,,,CC,,,,,,,,,CC,,,CT,,,,,,,,,,,TA,CC,CA,GC,GG,CT,,,,,,,,,,,,,,,AG,GG,CC,,GG,,,,,,,,,,,TC,,,,,,,,,,,,,CC,CC,,,CC,GG,,,,,,,,,,,,,,TT,CC,,,GG,AA,,GT,TC,GT,CT,,,,AA,GG,CC,TT,AA,,,,,CC,,,,,,,,0.0,WV,05-1,Male,24.0,Caucasian,21.25,40.0,18.8,88.2,22.5,26.25,3.8,16.7,191.0,68.0,29.038,120.0,70.0,72.0,15.17,22.67,14.5,25.67,R,197.0,68.0,29.95,15.17,-1.0434340601394978,-0.3385964411906747
WV-1331,,,,,,,,,,,,,,,,,,,CC,,,,CC,,,,,GG,GG,,,,,,,,,,,,,,,,,,,,,,,,,,,,,,,,,,,,,,,,,,,,,,,,,,,,,,,,,,,,,,,,,,,,,,,,,,,,,,,,,,,,,,,,,,,,,,,,,,,,,,,,,,,,,,,,,,,,,,,,,,,,,,,,,,,,,,,,,,,,,,,,,,,,,,,,,,,,,,,,,,,,,,,,,,,,,,,,,,,,,,,,,,,,,,,,,,,,,,,,,,,,,,,,,,,,,,,,,,,,,,,,,,0.3188321996852899,-0.7339695286702855
WV-1332,,,,,,,,,,,,,TT,AA,,CT,CC,TA,CC,TT,GG,,CC,,,,,GG,GG,GA,,,,GG,,,,,,,,,,,,,,,,,,,,,,,,,,,,,,,,,,,,,,,,,,,,,,,,,,,,,,,,,,,,,,,,,,,,,,,,,,,,,,,,,,,,,,,,,,,,,,,,,,,,,,,,,,,,,,,,,,,,,,,,,,,,,,,,,,,,,,,,,,,,,,,,,,,,,,,,,,,,,,,,,,,,,,,,,,,,,,,,,,,,,,,,,,,,,,,,,,,,,,,,,,,,,,,,,,,,,,,,,,,,,0.21077320372408215,-0.4283288779982492
WV-1332,,,,,,,,,,,,,,,,,,,CC,,,,CC,,,,,GG,GG,,,,,,,,,,,,,,,,,,,,,,,,,,,,,,,,,,,,,,,,,,,,,,,,,,,,,,,,,,,,,,,,,,,,,,,,,,,,,,,,,,,,,,,,,,,,,,,,,,,,,,,,,,,,,,,,,,,,,,,,,,,,,,,,,,,,,,,,,,,,,,,,,,,,,,,,,,,,,,,,,,,,,,,,,,,,,,,,,,,,,,,,,,,,,,,,,,,,,,,,,,,,,,,,,,,,,,,,,,,,,,,,,,0.3188321996852899,-0.7339695286702855
WV-1333,,,,,,,,,,,,,,,,,,,CC,,,,CC,,,,,GG,GG,,,,,,,,,,,,,,,,,,,,,,,,,,,,,,,,,,,,,,,,,,,,,,,,,,,,,,,,,,,,,,,,,,,,,,,,,,,,,,,,,,,,,,,,,,,,,,,,,,,,,,,,,,,,,,,,,,,,,,,,,,,,,,,,,,,,,,,,,,,,,,,,,,,,,,,,,,,,,,,,,,,,,,,,,,,,,,,,,,,,,,,,,,,,,,,,,,,,,,,,,,,,,,,,,,,,,,,,,,,,,,,,,,0.3188321996852899,-0.7339695286702855
WV-1335,,,,,,,,,,,,,,,,,,,CC,,,,CC,,,,,GG,GG,,,,,,,,,,,,,,,,,,,,,,,,,,,,,,,,,,,,,,,,,,,,,,,,,,,,,,,,,,,,,,,,,,,,,,,,,,,,,,,,,,,,,,,,,,,,,,,,,,,,,,,,,,,,,,,,,,,,,,,,,,,,,,,,,,,,,,,,,,,,,,,,,,,,,,,,,,,,,,,,,,,,,,,,,,,,,,,,,,,,,,,,,,,,,,,,,,,,,,,,,,,,,,,,,,,,,,,,,,,,,,,,,,0.3188321996852899,-0.7339695286702855
WV-1336,,,,,,,,,,,,,,,,,,,CT,,,,CT,,,,,GT,Und,,,,,,,,,,,,,,,,,,,,,,,,,,,,,,,,,,,,,,,,,,,,,,,,,,,,,,,,,,,,,,,,,,,,,,,,,,,,,,,,,,,,,,,,,,,,,,,,,,,,,,,,,,,,,,,,,,,,,,,,,,,,,,,,,,,,,,,,,,,,,,,,,,,,,,,,,,,,,,,,,,,,,,,,,,,,,,,,,,,,,,,,,,,,,,,,,,,,,,,,,,,,,,,,,,,,,,,,,,,,,,,,,,-0.5645500675114564,1.370029615959021
WV-1337,,,,,,,,,,,,,,,,CC,TT,TT,CC,,,,CC,,,,,GG,GG,,,,,,,,,,,,,,,,,,,,,,,,,,,,,,,,,,,,,,,,,,,,,,,,,,,,,,,,,,,,,,,,,,,,,,,,,,,,,,,,,,,,,,,,,,,,,,,,,,,,,,,,,,,,,,,,,,,,,,,,,,,,,,,,,,,,,,,,,,,,,,,,,,,,,,,,,,,,,,,,,,,,,,,,,,,,,,,,,,,,,,,,,,,,,,,,,,,,,,,,,,,,,,,,,,,,,,,,,,,,,,,,,,1.2596536625331833,-1.2465327763925798
WV-1338,,,,,,,,,,,,,,,,,,,CT,,,,CT,,,,,GT,GG,,,,,,,,,,,,,,,,,,,,,,,,,,,,,,,,,,,,,,,,,,,,,,,,,,,,,,,,,,,,,,,,,,,,,,,,,,,,,,,,,,,,,,,,,,,,,,,,,,,,,,,,,,,,,,,,,,,,,,,,,,,,,,,,,,,,,,,,,,,,,,,,,,,,,,,,,,,,,,,,,,,,,,,,,,,,,,,,,,,,,,,,,,,,,,,,,,,,,,,,,,,,,,,,,,,,,,,,,,,,,,,,,,-0.19594376418432116,0.4365382805578987
WV-1339,,,,,,,,,,,,,,,,,,,CT,,,,CT,,,,,GT,GA,,,,,,,,,,,,,,,,,,,,,,,,,,,,,,,,,,,,,,,,,,,,,,,,,,,,,,,,,,,,,,,,,,,,,,,,,,,,,,,,,,,,,,,,,,,,,,,,,,,,,,,,,,,,,,,,,,,,,,,,,,,,,,,,,,,,,,,,,,,,,,,,,,,,,,,,,,,,,,,,,,,,,,,,,,,,,,,,,,,,,,,,,,,,,,,,,,,,,,,,,,,,,,,,,,,,,,,,,,,,,,,,,,-0.31881253196003295,0.7477020590249399
WV-1340,,,,,,,,,,,,,,,,,,,CC,,,,CC,,,,,GG,GG,,,,,,,,,,,,,,,,,,,,,,,,,,,,,,,,,,,,,,,,,,,,,,,,,,,,,,,,,,,,,,,,,,,,,,,,,,,,,,,,,,,,,,,,,,,,,,,,,,,,,,,,,,,,,,,,,,,,,,,,,,,,,,,,,,,,,,,,,,,,,,,,,,,,,,,,,,,,,,,,,,,,,,,,,,,,,,,,,,,,,,,,,,,,,,,,,,,,,,,,,,,,,,,,,,,,,,,,,,,,,,,,,,0.3188321996852899,-0.7339695286702855
WV-1341,,,,,,,,,,,,,,,,,,,CC,,,,CC,,,,,GG,GG,,,,,,,,,,,,,,,,,,,,,,,,,,,,,,,,,,,,,,,,,,,,,,,,,,,,,,,,,,,,,,,,,,,,,,,,,,,,,,,,,,,,,,,,,,,,,,,,,,,,,,,,,,,,,,,,,,,,,,,,,,,,,,,,,,,,,,,,,,,,,,,,,,,,,,,,,,,,,,,,,,,,,,,,,,,,,,,,,,,,,,,,,,,,,,,,,,,,,,,,,,,,,,,,,,,,,,,,,,,,,,,,,,0.3188321996852899,-0.7339695286702855
WV-1342,,,,,,,,,,,,,,,,,,,CT,,,,CT,,,,,GT,GA,,,,,,,,,,,,,,,,,,,,,,,,,,,,,,,,,,,,,,,,,,,,,,,,,,,,,,,,,,,,,,,,,,,,,,,,,,,,,,,,,,,,,,,,,,,,,,,,,,,,,,,,,,,,,,,,,,,,,,,,,,,,,,,,,,,,,,,,,,,,,,,,,,,,,,,,,,,,,,,,,,,,,,,,,,,,,,,,,,,,,,,,,,,,,,,,,,,,,,,,,,,,,,,,,,,,,,,,,,,,,,,,,,-0.31881253196003295,0.7477020590249399
